FILE_TYPE = CONNECTIVITY;
{Allegro Design Entry HDL 16.6-p007 (v16-6-112F) 10/10/2012}
"PAGE_NUMBER" = 69;
0"NC";
1"Z7_7511_CEC";
2"Z7_7511_HP";
3"Z7_7511_SCL";
4"Z7_7511_SDA";
5"GND_SIGNAL\g";
6"GND_SIGNAL\g";
7"GND_SIGNAL\g";
8"Z7_7511_DATA2_N";
9"Z7_7511_DATA1_P";
10"Z7_7511_DATA0_N";
11"Z7_7511_DATA0_P";
12"Z7_7511_DATA0_P";
13"Z7_7511_DATA0_N";
14"Z7_7511_DATA1_P";
15"Z7_7511_DATA1_N";
16"Z7_7511_DATA1_N";
17"Z7_7511_CLK_P";
18"Z7_7511_DATA2_N";
19"Z7_7511_DATA2_P";
20"Z7_7511_CLK_P";
21"Z7_7511_CLK_N";
22"Z7_7511_DATA2_P";
23"Z7_7511_CLK_N";
24"Z7_7511_HP";
25"Z7_7511_CEC";
26"Z7_7511_SCL";
27"Z7_7511_SDA";
28"Z7_7511_HP";
29"V_Z7_7511_5V0";
30"Z7_7511_SDA";
31"Z7_7511_HEAC_P_C";
32"Z7_7511_CEC";
33"Z7_7511_CLK_P";
34"Z7_7511_DATA0_N";
35"Z7_7511_DATA0_P";
36"Z7_7511_DATA1_N";
37"Z7_7511_DATA1_P";
38"Z7_7511_DATA2_N";
39"Z7_7511_DATA2_P";
40"V_Z7_5V0_IN";
41"V_Z7_7511_5V0";
42"Z7_7511_HEAC_P_C";
43"V_Z7_3V3_7511_MVDD";
44"Z7_7511_HP";
45"V_Z7_1V8_7511_DVDD";
46"UN$69$R$I17$B";
47"Z7_7511_SCL";
48"Z7_7511_SDA";
49"V_Z7_7511_5V0";
50"Z7_7511_SCL";
51"Z7_7511_HEAC_N";
52"Z7_7511_HEAC_P";
53"Z7_7511_CLK_N";
54"Z7_7511_CEC";
55"UN$69$DIODE$I24$A";
56"GND_SIGNAL\g";
57"GND_SIGNAL\g";
58"GND_SIGNAL\g";
59"GND_SIGNAL\g";
60"GND_SIGNAL\g";
61"GND_SIGNAL\g";
%"R"
"1","(-2350,1250)","0","resistor","I10";
;
VALUE"1.8K-1%"
CDS_LMAN_SYM_OUTLINE"-100,25,100,-25"
CDS_LIB"resistor"
CODE"97090132"
$LOCATION"R311"
CDS_LOCATION"R311"
$SEC"1"
CDS_SEC"1";
"A"
$PN"1"48;
"B"
$PN"2"49;
%"R"
"1","(-2350,1400)","0","resistor","I11";
;
VALUE"1.8K-1%"
CDS_LMAN_SYM_OUTLINE"-100,25,100,-25"
CDS_LIB"resistor"
CODE"97090132"
$LOCATION"R310"
CDS_LOCATION"R310"
$SEC"1"
CDS_SEC"1";
"A"
$PN"1"47;
"B"
$PN"2"49;
%"GND_SIGNAL"
"1","(-2200,2100)","0","standard","I12";
;
BODY_TYPE"PLUMBING"
HDL_POWER"GND_SIGNAL"
CDS_LIB"standard";
"GND"61;
%"GND_SIGNAL"
"1","(-3300,2750)","0","standard","I13";
;
BODY_TYPE"PLUMBING"
HDL_POWER"GND_SIGNAL"
CDS_LIB"standard";
"GND"57;
%"PESD0402-140"
"1","(-3250,3100)","0","protection","I14";
;
CDS_LMAN_SYM_OUTLINE"-75,125,75,-175"
CDS_LIB"protection"
$LOCATION"Q8"
CDS_LOCATION"Q8"
$SEC"1"
CDS_SEC"1";
"2"
$PN"2"57;
"1"
$PN"1"42;
%"GND_SIGNAL"
"1","(-3050,2750)","0","standard","I15";
;
BODY_TYPE"PLUMBING"
HDL_POWER"GND_SIGNAL"
CDS_LIB"standard";
"GND"56;
%"R"
"1","(-3000,3150)","1","resistor","I16";
;
VALUE"10K"
CDS_LMAN_SYM_OUTLINE"-100,25,100,-25"
CDS_LIB"resistor"
CODE"07090247"
$LOCATION"R309"
CDS_LOCATION"R309"
$SEC"1"
CDS_SEC"1";
"A"
$PN"1"56;
"B"
$PN"2"44;
%"R"
"1","(-2150,2500)","1","resistor","I17";
;
VALUE"4.7"
CDS_LMAN_SYM_OUTLINE"-100,25,100,-25"
CDS_LIB"resistor"
CODE"07098624"
$LOCATION"R314"
CDS_LOCATION"R314"
$SEC"1"
CDS_SEC"1";
"A"
$PN"1"61;
"B"
$PN"2"46;
%"R"
"1","(-2150,3150)","1","resistor","I18";
;
VALUE"49.9"
CDS_LMAN_SYM_OUTLINE"-100,25,100,-25"
CDS_LIB"resistor"
CODE"07090198"
$LOCATION"R313"
CDS_LOCATION"R313"
$SEC"1"
CDS_SEC"1";
"A"
$PN"1"46;
"B"
$PN"2"52;
%"C"
"1","(-2800,3500)","1","capcitor","I19";
;
VALUE"1U-10V"
CDS_LMAN_SYM_OUTLINE"-50,0,50,-50"
CDS_LIB"capcitor"
CODE"08070403"
$LOCATION"C349"
CDS_LOCATION"C349"
$SEC"1"
CDS_SEC"1";
"1"
$PN"1"44;
"2"
$PN"2"51;
%"GND_SIGNAL"
"1","(-8725,2675)","0","standard","I2";
;
BODY_TYPE"PLUMBING"
HDL_POWER"GND_SIGNAL"
CDS_LIB"standard";
"GND"5;
%"C"
"1","(-2800,3700)","1","capcitor","I20";
;
VALUE"1U-10V"
CDS_LMAN_SYM_OUTLINE"-50,0,50,-50"
CDS_LIB"capcitor"
CODE"08070403"
$LOCATION"C348"
CDS_LOCATION"C348"
$SEC"1"
CDS_SEC"1";
"1"
$PN"1"42;
"2"
$PN"2"52;
%"R"
"1","(-2150,4100)","1","resistor","I21";
;
VALUE"49.9"
CDS_LMAN_SYM_OUTLINE"-100,25,100,-25"
CDS_LIB"resistor"
CODE"07090198"
$LOCATION"R312"
CDS_LOCATION"R312"
$SEC"1"
CDS_SEC"1";
"A"
$PN"1"52;
"B"
$PN"2"45;
%"R"
"1","(-1850,3150)","1","resistor","I22";
;
VALUE"49.9"
CDS_LMAN_SYM_OUTLINE"-100,25,100,-25"
CDS_LIB"resistor"
CODE"07090198"
$LOCATION"R317"
CDS_LOCATION"R317"
$SEC"1"
CDS_SEC"1";
"A"
$PN"1"46;
"B"
$PN"2"51;
%"R"
"1","(-1850,4100)","1","resistor","I23";
;
VALUE"49.9"
CDS_LMAN_SYM_OUTLINE"-100,25,100,-25"
CDS_LIB"resistor"
CODE"07090198"
$LOCATION"R316"
CDS_LOCATION"R316"
$SEC"1"
CDS_SEC"1";
"A"
$PN"1"51;
"B"
$PN"2"45;
%"DIODE"
"1","(-2350,5750)","0","diode1","I24";
;
VALUE"1N4148"
CDS_LMAN_SYM_OUTLINE"-50,50,50,-50"
CDS_LIB"diode1"
CODE"95010058"
$LOCATION"D14"
CDS_LOCATION"D14"
$SEC"1"
CDS_SEC"1";
"K"
$PN"2"54;
"A"
$PN"1"55;
%"R"
"1","(-1850,5750)","0","resistor","I25";
;
VALUE"27.4K-1%"
CDS_LMAN_SYM_OUTLINE"-100,25,100,-25"
CDS_LIB"resistor"
CODE"97090164"
$LOCATION"R315"
CDS_LOCATION"R315"
$SEC"1"
CDS_SEC"1";
"A"
$PN"1"55;
"B"
$PN"2"43;
%"GND_SIGNAL"
"1","(-2500,6550)","0","standard","I26";
;
BODY_TYPE"PLUMBING"
HDL_POWER"GND_SIGNAL"
CDS_LIB"standard";
"GND"60;
%"C"
"1","(-2450,6900)","2","capcitor","I27";
;
VALUE"10UF"
CDS_LMAN_SYM_OUTLINE"-50,0,50,-50"
CDS_LIB"capcitor"
CODE"08070898"
$LOCATION"C350"
CDS_LOCATION"C350"
$SEC"1"
CDS_SEC"1";
"1"
$PN"1"41;
"2"
$PN"2"60;
%"LB"
"1","(-2150,7100)","0","inductor","I28";
;
VALUE"100MOHM"
CDS_LMAN_SYM_OUTLINE"-125,50,125,0"
CDS_LIB"inductor"
CODE"10070008"
$LOCATION"LB30"
CDS_LOCATION"LB30"
$SEC"1"
CDS_SEC"1";
"B"
$PN"2"40;
"A"
$PN"1"41;
%"RCLAMP0524P"
"1","(-8700,5625)","0","protection","I29";
;
CDS_LIB"protection"
CDS_LMAN_SYM_OUTLINE"-125,275,200,-250";
"10"12;
"9"13;
"7"14;
"6"15;
"5"16;
"4"9;
"3"7;
"2"10;
"1"11;
%"GND_SIGNAL"
"1","(-8700,3900)","0","standard","I3";
;
BODY_TYPE"PLUMBING"
HDL_POWER"GND_SIGNAL"
CDS_LIB"standard";
"GND"6;
%"RCLAMP0524P"
"1","(-8700,4375)","0","protection","I30";
;
CDS_LIB"protection"
CDS_LMAN_SYM_OUTLINE"-125,275,200,-250";
"10"19;
"9"8;
"7"20;
"6"21;
"5"23;
"4"17;
"3"6;
"2"18;
"1"22;
%"RCLAMP0524P"
"1","(-8700,3125)","0","protection","I31";
;
CDS_LIB"protection"
CDS_LMAN_SYM_OUTLINE"-125,275,200,-250";
"10"25;
"9"24;
"7"26;
"6"27;
"5"4;
"4"3;
"3"5;
"2"2;
"1"1;
%"GND_SIGNAL"
"1","(-8700,5150)","0","standard","I5";
;
CDS_LIB"standard"
BODY_TYPE"PLUMBING"
HDL_POWER"GND_SIGNAL";
"GND"7;
%"GND_SIGNAL"
"1","(-6000,3550)","0","standard","I7";
;
HDL_POWER"GND_SIGNAL"
BODY_TYPE"PLUMBING"
CDS_LIB"standard";
"GND"59;
%"HDMI-A"
"1","(-5650,5100)","0","connector","I8";
;
CDS_LMAN_SYM_OUTLINE"-125,500,325,-1150"
CDS_LIB"connector"
$LOCATION"J14"
CDS_LOCATION"J14"
$SEC"1"
CDS_SEC"1";
"23"
$PN"23"59;
"22"
$PN"22"59;
"21"
$PN"21"59;
"20"
$PN"20"59;
"19"
$PN"19"28;
"18"
$PN"18"29;
"17"
$PN"17"58;
"16"
$PN"16"30;
"15"
$PN"15"50;
"14"
$PN"14"31;
"13"
$PN"13"32;
"12"
$PN"12"53;
"11"
$PN"11"59;
"10"
$PN"10"33;
"9"
$PN"9"34;
"8"
$PN"8"59;
"7"
$PN"7"35;
"6"
$PN"6"36;
"5"
$PN"5"59;
"4"
$PN"4"37;
"3"
$PN"3"38;
"2"
$PN"2"59;
"1"
$PN"1"39;
%"GND_SIGNAL"
"1","(-5200,3550)","0","standard","I9";
;
BODY_TYPE"PLUMBING"
HDL_POWER"GND_SIGNAL"
CDS_LIB"standard";
"GND"58;
END.
