FILE_TYPE = CONNECTIVITY;
{Allegro Design Entry HDL 16.6-p007 (v16-6-112F) 10/10/2012}
"PAGE_NUMBER" = 7;
0"NC";
1"GND_SIGNAL\g";
2"GND_SIGNAL\g";
3"GND_SIGNAL\g";
4"GND_SIGNAL\g";
5"GND_SIGNAL\g";
6"GND_SIGNAL\g";
7"GND_SIGNAL\g";
8"GND_SIGNAL\g";
9"GND_SIGNAL\g";
10"GND_SIGNAL\g";
11"GND_SIGNAL\g";
12"GND_SIGNAL\g";
13"V_S7_7612_B_5V0";
14"S7_7612_B_SDA";
15"S7_7612_B_SCL";
16"S7_7612_A_CEC";
17"UN$7$DIODE$I39$A";
18"V_S7_3V3_7612_DVDDIO";
19"V_S7_7612_A_5V0";
20"S7_7612_B_SCL";
21"S7_7612_B_SDA";
22"V_S7_7612_B_5V0";
23"S7_7612_CEC";
24"V_S7_5V0_IN";
25"UN$7$BSS123LT1$I25$3";
26"S7_7612_A_HP";
27"S7_7612_A_SDA";
28"S7_7612_A_SCL";
29"S7_7612_A_DATA0_P";
30"S7_7612_A_DATA0_N";
31"S7_7612_A_CEC";
32"S7_7612_B_CEC";
33"V_S7_7612_B_5V0";
34"S7_7612_B_CLK_N";
35"S7_7612_B_CLK_P";
36"S7_7612_B_DATA2_N";
37"S7_7612_B_DATA2_P";
38"S7_7612_B_DATA1_N";
39"S7_7612_B_DATA1_P";
40"S7_7612_B_DATA0_N";
41"S7_7612_A_HP";
42"V_S7_7612_A_5V0";
43"S7_7612_A_CLK_N";
44"S7_7612_A_CLK_P";
45"S7_7612_A_DATA1_N";
46"S7_7612_A_DATA1_P";
47"S7_7612_A_DATA2_N";
48"S7_7612_A_DATA2_P";
49"S7_7612_B_HP";
50"S7_7612_B_CEC";
51"S7_7612_B_DATA0_P";
52"S7_7612_A_SDA";
53"S7_7612_A_SCL";
54"S7_7612_A_HP";
55"S7_7612_A_SCL";
56"S7_7612_A_DATA2_P";
57"S7_7612_A_DATA2_N";
58"S7_7612_A_CLK_N";
59"S7_7612_A_DATA0_N";
60"S7_7612_A_DATA0_P";
61"S7_7612_A_DATA1_N";
62"S7_7612_A_DATA1_P";
63"V_S7_7612_A_5V0";
64"V_S7_5V0_IN";
65"S7_7612_B_CEC";
66"S7_7612_B_HP";
67"S7_7612_B_SCL";
68"S7_7612_B_SDA";
69"UN$7$BSS123LT1$I33$3";
70"S7_7612_B_CEC";
71"S7_7612_B_HP";
72"S7_7612_B_SCL";
73"S7_7612_B_SDA";
74"S7_7612_B_HP";
75"S7_7612_A_SDA";
76"S7_7612_B_DATA2_P";
77"S7_7612_B_DATA2_N";
78"S7_7612_B_CLK_P";
79"S7_7612_B_CLK_N";
80"S7_7612_B_CLK_N";
81"S7_7612_B_CLK_P";
82"S7_7612_B_DATA2_N";
83"S7_7612_B_DATA2_P";
84"S7_7612_B_DATA0_P";
85"S7_7612_B_DATA0_N";
86"S7_7612_B_DATA1_P";
87"S7_7612_B_DATA1_N";
88"S7_7612_B_DATA1_N";
89"S7_7612_B_DATA1_P";
90"S7_7612_B_DATA0_N";
91"S7_7612_B_DATA0_P";
92"S7_7612_A_SDA";
93"S7_7612_A_CEC";
94"S7_7612_A_SCL";
95"S7_7612_A_HP";
96"S7_7612_A_CEC";
97"S7_7612_A_DATA0_P";
98"S7_7612_A_DATA0_N";
99"S7_7612_A_DATA1_P";
100"S7_7612_A_DATA1_N";
101"S7_7612_A_DATA2_P";
102"S7_7612_A_DATA2_N";
103"S7_7612_A_CLK_P";
104"S7_7612_A_CLK_N";
105"S7_7612_A_CLK_P";
%"HDMI-A"
"1","(-6050,6400)","0","kvm_matrix_lib","I1";
;
CDS_LMAN_SYM_OUTLINE"-125,500,325,-1150"
CDS_LIB"kvm_matrix_lib";
"23"11;
"22"11;
"21"11;
"20"11;
"19"41;
"18"42;
"17"12;
"16"52;
"15"53;
"14"0;
"13"31;
"12"43;
"11"11;
"10"44;
"9"30;
"8"11;
"7"29;
"6"45;
"5"11;
"4"46;
"3"47;
"2"11;
"1"48;
%"GND_SIGNAL"
"1","(-5650,1150)","0","standard","I10";
;
HDL_POWER"GND_SIGNAL"
BODY_TYPE"PLUMBING"
CDS_LIB"standard";
"GND"1;
%"RCLAMP0524P"
"1","(-8800,2100)","2","kvm_matrix_lib","I13";
;
CDS_LIB"kvm_matrix_lib"
CDS_LMAN_SYM_OUTLINE"-125,275,200,-250";
"10"76;
"9"77;
"8"2;
"7"78;
"6"79;
"5"80;
"4"81;
"3"2;
"2"82;
"1"83;
%"RCLAMP0524P"
"1","(-8800,3100)","2","kvm_matrix_lib","I14";
;
CDS_LMAN_SYM_OUTLINE"-125,275,200,-250"
CDS_LIB"kvm_matrix_lib";
"10"84;
"9"85;
"8"5;
"7"86;
"6"87;
"5"88;
"4"89;
"3"5;
"2"90;
"1"91;
%"RCLAMP0524P"
"1","(-8900,4700)","0","kvm_matrix_lib","I15";
;
CDS_LMAN_SYM_OUTLINE"-125,275,200,-250"
CDS_LIB"kvm_matrix_lib";
"10"93;
"9"54;
"8"6;
"7"55;
"6"75;
"5"92;
"4"94;
"3"6;
"2"95;
"1"96;
%"RCLAMP0524P"
"1","(-8900,1050)","0","kvm_matrix_lib","I16";
;
CDS_LMAN_SYM_OUTLINE"-125,275,200,-250"
CDS_LIB"kvm_matrix_lib";
"10"65;
"9"66;
"8"7;
"7"67;
"6"68;
"5"73;
"4"72;
"3"7;
"2"71;
"1"70;
%"GND_SIGNAL"
"1","(-8950,1650)","0","standard","I17";
;
CDS_LIB"standard"
HDL_POWER"GND_SIGNAL"
BODY_TYPE"PLUMBING";
"GND"2;
%"RCLAMP0524P"
"1","(-8800,6800)","2","kvm_matrix_lib","I18";
;
CDS_LMAN_SYM_OUTLINE"-125,275,200,-250"
CDS_LIB"kvm_matrix_lib";
"10"97;
"9"98;
"8"4;
"7"99;
"6"100;
"5"61;
"4"62;
"3"4;
"2"59;
"1"60;
%"RCLAMP0524P"
"1","(-8800,5800)","2","kvm_matrix_lib","I19";
;
CDS_LMAN_SYM_OUTLINE"-125,275,200,-250"
CDS_LIB"kvm_matrix_lib";
"10"101;
"9"102;
"8"3;
"7"103;
"6"104;
"5"58;
"4"105;
"3"3;
"2"57;
"1"56;
%"HDMI-A"
"1","(-6050,2700)","0","kvm_matrix_lib","I2";
;
CDS_LIB"kvm_matrix_lib"
CDS_LMAN_SYM_OUTLINE"-125,500,325,-1150";
"23"10;
"22"10;
"21"10;
"20"10;
"19"49;
"18"33;
"17"1;
"16"21;
"15"20;
"14"0;
"13"50;
"12"34;
"11"10;
"10"35;
"9"40;
"8"10;
"7"51;
"6"38;
"5"10;
"4"39;
"3"36;
"2"10;
"1"37;
%"GND_SIGNAL"
"1","(-8950,5350)","0","standard","I20";
;
CDS_LIB"standard"
HDL_POWER"GND_SIGNAL"
BODY_TYPE"PLUMBING";
"GND"3;
%"GND_SIGNAL"
"1","(-8950,6350)","0","standard","I21";
;
CDS_LIB"standard"
HDL_POWER"GND_SIGNAL"
BODY_TYPE"PLUMBING";
"GND"4;
%"GND_SIGNAL"
"1","(-8950,2650)","0","standard","I22";
;
HDL_POWER"GND_SIGNAL"
BODY_TYPE"PLUMBING"
CDS_LIB"standard";
"GND"5;
%"GND_SIGNAL"
"1","(-8950,4250)","0","standard","I23";
;
CDS_LIB"standard"
HDL_POWER"GND_SIGNAL"
BODY_TYPE"PLUMBING";
"GND"6;
%"GND_SIGNAL"
"1","(-8950,600)","0","standard","I24";
;
CDS_LIB"standard"
HDL_POWER"GND_SIGNAL"
BODY_TYPE"PLUMBING";
"GND"7;
%"BSS123LT1"
"1","(-1850,5750)","0","kvm_matrix_lib","I25";
;
CDS_LMAN_SYM_OUTLINE"-125,125,125,-125"
CDS_LIB"kvm_matrix_lib";
"3"25;
"2"8;
"1"24;
%"R"
"1","(-1350,6600)","1","kvm_matrix_lib","I26";
;
$LOCATION"?"
VALUE"1K"
CDS_LIB"kvm_matrix_lib"
CDS_LMAN_SYM_OUTLINE"-100,25,100,-25"
CODE"07090277";
"A"26;
"B"19;
%"R"
"1","(-1850,6600)","1","kvm_matrix_lib","I27";
;
VALUE"100K-1%"
$LOCATION"?"
CDS_LMAN_SYM_OUTLINE"-100,25,100,-25"
CDS_LIB"kvm_matrix_lib"
CODE"07090514";
"A"25;
"B"19;
%"BSS123LT1"
"1","(-1350,6050)","0","kvm_matrix_lib","I28";
;
CDS_LIB"kvm_matrix_lib"
CDS_LMAN_SYM_OUTLINE"-125,125,125,-125";
"3"26;
"2"8;
"1"25;
%"GND_SIGNAL"
"1","(-1900,5300)","0","standard","I29";
;
CDS_LIB"standard"
HDL_POWER"GND_SIGNAL"
BODY_TYPE"PLUMBING";
"GND"8;
%"R"
"1","(-3500,6150)","1","kvm_matrix_lib","I30";
;
VALUE"47K-1%"
$LOCATION"?"
CDS_LMAN_SYM_OUTLINE"-100,25,100,-25"
CDS_LIB"kvm_matrix_lib"
CODE"07090449";
"A"28;
"B"63;
%"R"
"1","(-3300,6150)","1","kvm_matrix_lib","I31";
;
VALUE"47K-1%"
$LOCATION"?"
CODE"07090449"
CDS_LMAN_SYM_OUTLINE"-100,25,100,-25"
CDS_LIB"kvm_matrix_lib";
"A"27;
"B"63;
%"R"
"1","(-3250,2450)","1","kvm_matrix_lib","I32";
;
$LOCATION"?"
VALUE"47K-1%"
CODE"07090449"
CDS_LMAN_SYM_OUTLINE"-100,25,100,-25"
CDS_LIB"kvm_matrix_lib";
"A"14;
"B"13;
%"BSS123LT1"
"1","(-1800,2050)","0","kvm_matrix_lib","I33";
;
CDS_LMAN_SYM_OUTLINE"-125,125,125,-125"
CDS_LIB"kvm_matrix_lib";
"3"69;
"2"9;
"1"64;
%"R"
"1","(-1300,2900)","1","kvm_matrix_lib","I34";
;
VALUE"1K"
$LOCATION"?"
CODE"07090277"
CDS_LMAN_SYM_OUTLINE"-100,25,100,-25"
CDS_LIB"kvm_matrix_lib";
"A"74;
"B"22;
%"R"
"1","(-1800,2900)","1","kvm_matrix_lib","I35";
;
$LOCATION"?"
VALUE"100K-1%"
CODE"07090514"
CDS_LMAN_SYM_OUTLINE"-100,25,100,-25"
CDS_LIB"kvm_matrix_lib";
"A"69;
"B"22;
%"BSS123LT1"
"1","(-1300,2350)","0","kvm_matrix_lib","I36";
;
CDS_LMAN_SYM_OUTLINE"-125,125,125,-125"
CDS_LIB"kvm_matrix_lib";
"3"74;
"2"9;
"1"69;
%"GND_SIGNAL"
"1","(-1850,1600)","0","standard","I37";
;
BODY_TYPE"PLUMBING"
HDL_POWER"GND_SIGNAL"
CDS_LIB"standard";
"GND"9;
%"R"
"1","(-3450,2450)","1","kvm_matrix_lib","I38";
;
VALUE"47K-1%"
$LOCATION"?"
CODE"07090449"
CDS_LMAN_SYM_OUTLINE"-100,25,100,-25"
CDS_LIB"kvm_matrix_lib";
"A"15;
"B"13;
%"DIODE"
"1","(-2750,4200)","1","kvm_matrix_lib","I39";
;
$LOCATION"?"
VALUE"1N4148"
CDS_LMAN_SYM_OUTLINE"-50,50,50,-50"
CDS_LIB"kvm_matrix_lib"
CODE"95010058";
"K"23;
"A"17;
%"R"
"1","(-3400,4050)","0","kvm_matrix_lib","I40";
;
VALUE"0"
$LOCATION"?"
CODE"07090522"
CDS_LIB"kvm_matrix_lib"
CDS_LMAN_SYM_OUTLINE"-100,25,100,-25";
"A"16;
"B"23;
%"R"
"1","(-3400,3750)","0","kvm_matrix_lib","I41";
;
VALUE"0"
$LOCATION"?"
CDS_LMAN_SYM_OUTLINE"-100,25,100,-25"
CDS_LIB"kvm_matrix_lib"
CODE"07090522";
"A"32;
"B"23;
%"R"
"1","(-2750,4700)","1","kvm_matrix_lib","I43";
;
$LOCATION"?"
VALUE"27.4K"
CDS_LIB"kvm_matrix_lib"
CDS_LMAN_SYM_OUTLINE"-100,25,100,-25"
CODE"07090320";
"A"17;
"B"18;
%"GND_SIGNAL"
"1","(-6350,1150)","0","standard","I7";
;
CDS_LIB"standard"
HDL_POWER"GND_SIGNAL"
BODY_TYPE"PLUMBING";
"GND"10;
%"GND_SIGNAL"
"1","(-6350,4850)","0","standard","I8";
;
BODY_TYPE"PLUMBING"
HDL_POWER"GND_SIGNAL"
CDS_LIB"standard";
"GND"11;
%"GND_SIGNAL"
"1","(-5650,4850)","0","standard","I9";
;
CDS_LIB"standard"
HDL_POWER"GND_SIGNAL"
BODY_TYPE"PLUMBING";
"GND"12;
END.
