FILE_TYPE = CONNECTIVITY;
{Allegro Design Entry HDL 16.6-p007 (v16-6-112F) 10/10/2012}
"PAGE_NUMBER" = 24;
0"NC";
1"GND_SIGNAL\g";
2"S7_DDR_DQ9";
3"S7_DDR_DQ13";
4"S7_DDR_DQ12";
5"S7_DDR_DQ7";
6"S7_DDR_A6";
7"S7_DDR_DQ5";
8"S7_DDR_DQ0";
9"S7_DDR_DM1";
10"S7_DDR_DM0";
11"S7_DDR_DQ14";
12"S7_DDR_A0";
13"S7_DDR_DQ15";
14"S7_DDR_DQ11";
15"S7_DDR_DQ10";
16"S7_DDR_WE_N";
17"S7_DDR_CKE";
18"S7_DDR_DQ8";
19"S7_DDR_ODT";
20"S7_DDR_DQ6";
21"S7_DDR_DQ4";
22"S7_DDR_DQ3";
23"S7_DDR_DQ2";
24"S7_DDR_DQ1";
25"S7_DDR_BA0";
26"S7_DDR_BA1";
27"S7_DDR_BA2";
28"S7_DDR_CAS_N";
29"S7_DDR_CLK_N";
30"S7_DDR_CLK_P";
31"S7_DDR_RAS_N";
32"S7_DDR_CS_N";
33"S7_DDR_A1";
34"S7_DDR_A2";
35"S7_DDR_DQS1_N";
36"S7_DDR_DQS1_P";
37"S7_DDR_A3";
38"S7_DDR_A4";
39"S7_DDR_A5";
40"S7_DDR_VREF";
41"S7_DDR_A7";
42"S7_DDR_A8";
43"S7_DDR_A9";
44"S7_DDR_A10";
45"S7_DDR_A11";
46"S7_DDR_DQS0_N";
47"S7_DDR_DQS0_P";
48"S7_DDR_A12";
49"S7_DDR_A13";
50"S7_DDR_A14";
51"S7_DDR_A15";
52"S7_DDR_VREF";
53"V_S7_1V35_VCCO";
%"XC7S50FGGA484"
"6","(-6700,4650)","0","kvm_matrix_lib","I1";
;
VALUE"XC7S50FGGA484"
CDS_LMAN_SYM_OUTLINE"-125,1250,575,-100"
CDS_LIB"kvm_matrix_lib";
"R2"12;
"T1"13;
"AB9"11;
"AA9"3;
"AB7"4;
"AA7"14;
"AB10"15;
"AA10"2;
"Y7"16;
"W7"17;
"AA8"18;
"Y8"5;
"W8"19;
"V8"20;
"AB4"7;
"AB5"21;
"AA1"22;
"AA2"23;
"AB2"24;
"AB3"8;
"AA3"9;
"Y4"10;
"Y5"25;
"Y6"26;
"AB6"27;
"AA6"28;
"T2"29;
"T3"30;
"U3"31;
"U4"32;
"Y3"33;
"W3"34;
"U1"35;
"U2"36;
"Y1"37;
"W2"38;
"W1"39;
"V1"6;
"U8"40;
"T8"41;
"V6"42;
"V7"43;
"U5"44;
"T5"45;
"V4"46;
"V5"47;
"T6"48;
"T7"49;
"W4"50;
"W5"51;
%"GND_SIGNAL"
"1","(-6550,2350)","0","standard","I2";
;
BODY_TYPE"PLUMBING"
HDL_POWER"GND_SIGNAL"
CDS_LIB"standard";
"GND"1;
%"C"
"1","(-6950,2800)","2","kvm_matrix_lib","I3";
;
VALUE"1U"
$LOCATION"?"
CODE"98070403"
CDS_LMAN_SYM_OUTLINE"-50,0,50,-50"
CDS_LIB"kvm_matrix_lib";
"1"52;
"2"1;
%"C"
"1","(-6750,2800)","0","kvm_matrix_lib","I4";
;
VALUE"0.01U"
$LOCATION"?"
CODE"08070247"
CDS_LMAN_SYM_OUTLINE"-50,0,50,-50"
CDS_LIB"kvm_matrix_lib";
"1"52;
"2"1;
%"R"
"1","(-6500,3350)","1","kvm_matrix_lib","I5";
;
VALUE"1K-1%"
$LOCATION"?"
CODE"07090549"
CDS_LMAN_SYM_OUTLINE"-100,25,100,-25"
CDS_LIB"kvm_matrix_lib";
"A"52;
"B"53;
%"C"
"1","(-6750,3400)","0","kvm_matrix_lib","I6";
;
VALUE"0.01U"
$LOCATION"?"
CODE"08070247"
CDS_LMAN_SYM_OUTLINE"-50,0,50,-50"
CDS_LIB"kvm_matrix_lib";
"1"53;
"2"52;
%"R"
"1","(-6500,2750)","1","kvm_matrix_lib","I7";
;
VALUE"1K-1%"
$LOCATION"?"
CODE"07090549"
CDS_LMAN_SYM_OUTLINE"-100,25,100,-25"
CDS_LIB"kvm_matrix_lib";
"A"1;
"B"52;
END.
