FILE_TYPE = CONNECTIVITY;
{Allegro Design Entry HDL 16.6-p007 (v16-6-112F) 10/10/2012}
"PAGE_NUMBER" = 36;
0"NC";
1"GND_SIGNAL\g";
2"GND_SIGNAL\g";
3"GND_SIGNAL\g";
4"GND_SIGNAL\g";
5"GND_SIGNAL\g";
6"GND_SIGNAL\g";
7"GND_SIGNAL\g";
8"GND_SIGNAL\g";
9"GND_SIGNAL\g";
10"A7_7511_CEC_CLK";
11"A7_7511_SCLK";
12"A7_7511_LRCLK";
13"A7_7511_D3";
14"A7_7511_D4";
15"A7_7511_D5";
16"A7_7511_D6";
17"A7_7511_R_EXT";
18"A7_7511_DE";
19"A7_7511_HEAC_N";
20"V_A7_1V8";
21"V_A7_1V8";
22"V_A7_1V8";
23"V_A7_1V8_7511_DVDD";
24"A7_FPGA_7511_PD";
25"V_A7_1V8_7511_AVDD";
26"A7_7511_DSD_CLK";
27"A7_7511_DSD0";
28"A7_FPGA_7511_ISO2";
29"A7_FPGA_7511_ISO3";
30"V_A7_3V3_7511_MVDD";
31"V_A7_3V3_7511_MVDD";
32"A7_7511_CEC_CLK_R";
33"A7_7511_CEC_CLK";
34"A7_7511_D31";
35"A7_7511_D35";
36"A7_7511_D34";
37"A7_7511_D32";
38"A7_7511_D33";
39"A7_7511_D23";
40"A7_7511_D14";
41"A7_7511_D13";
42"A7_7511_D12";
43"A7_7511_D15";
44"A7_7511_D11";
45"A7_7511_D27";
46"A7_7511_D19";
47"A7_7511_D26";
48"A7_7511_D16";
49"A7_7511_D17";
50"A7_7511_D18";
51"A7_7511_D1";
52"A7_7511_D7";
53"A7_7511_D2";
54"A7_7511_D0";
55"A7_7511_D10";
56"A7_7511_D9";
57"A7_7511_D8";
58"A7_7511_DSD0";
59"A7_7511_DSD1";
60"V_A7_1V8_7511_PVDD";
61"A7_7511_DSD2";
62"A7_7511_D28";
63"A7_7511_D29";
64"V_A7_3V3_7511_MVDD";
65"V_A7_1V8_7511_DVDD";
66"V_A7_1V8_7511_PVDD";
67"V_A7_1V8_7511_AVDD";
68"V_A7_3V3_7511_MVDD";
69"A7_7511_CEC_CLK_R";
70"A7_FPGA_7511_CEC_CLK";
71"A7_7511_LRCLK";
72"A7_7511_MCLK";
73"A7_FPGA_7511_ISO1";
74"A7_FPGA_7511_ISO0";
75"A7_7511_SCLK";
76"V_A7_1V8_7511_PVDD";
77"A7_FPGA_7511_SDA";
78"A7_FPGA_7511_SCL";
79"A7_FPGA_7511_INT";
80"A7_7511_D22";
81"A7_7511_SPDIF_OUT";
82"A7_7511_DSD2";
83"A7_7511_DSD1";
84"V_A7_3V3_7511_MVDD";
85"A7_7511_D20";
86"A7_7511_D21";
87"A7_7511_HEAC_P";
88"A7_7511_SDA";
89"A7_7511_CEC";
90"A7_7511_CLK";
91"A7_7511_DSD5";
92"A7_7511_DSD4";
93"A7_7511_DSD3";
94"A7_7511_PD";
95"A7_7511_VSYNC";
96"A7_7511_SPDIF";
97"A7_7511_PD";
98"A7_FPGA_7511_ISO2";
99"A7_FPGA_7511_SDA";
100"A7_7511_D25";
101"A7_7511_D24";
102"V_A7_3V3";
103"A7_7511_DATA0_N";
104"A7_7511_DATA0_P";
105"A7_7511_DATA1_N";
106"A7_7511_DATA1_P";
107"A7_7511_DATA2_N";
108"A7_7511_DATA2_P";
109"A7_7511_CLK_N";
110"A7_7511_CLK_P";
111"A7_7511_DSD_CLK";
112"A7_7511_DSD5";
113"A7_7511_DSD4";
114"A7_7511_DSD3";
115"A7_7511_D30";
116"A7_7511_SCL";
117"A7_7511_MCLK";
118"A7_FPGA_7511_INT";
119"A7_FPGA_7511_ISO3";
120"A7_FPGA_7511_ISO1";
121"A7_FPGA_7511_ISO0";
122"A7_FPGA_7511_SCL";
123"A7_7511_HSYNC";
124"A7_7511_HP";
%"GND_SIGNAL"
"1","(-3450,1100)","0","standard","I1";
;
HDL_POWER"GND_SIGNAL"
BODY_TYPE"PLUMBING"
CDS_LIB"standard";
"GND"1;
%"C"
"1","(-2750,2200)","0","kvm_matrix_lib","I10";
;
$LOCATION"?"
VALUE"0.01U"
CODE"08070247"
CDS_LMAN_SYM_OUTLINE"-50,0,50,-50"
CDS_LIB"kvm_matrix_lib";
"1"60;
"2"6;
%"C"
"1","(-2600,2200)","0","kvm_matrix_lib","I11";
;
VALUE"0.01U"
$LOCATION"?"
CODE"08070247"
CDS_LMAN_SYM_OUTLINE"-50,0,50,-50"
CDS_LIB"kvm_matrix_lib";
"1"60;
"2"6;
%"LB"
"1","(-3700,2400)","0","kvm_matrix_lib","I12";
;
$LOCATION"?"
VALUE"100MOHM"
CODE"10070008"
CDS_LMAN_SYM_OUTLINE"-125,50,125,0"
CDS_LIB"kvm_matrix_lib";
"B"60;
"A"20;
%"GND_SIGNAL"
"1","(-1450,1100)","0","standard","I13";
;
HDL_POWER"GND_SIGNAL"
BODY_TYPE"PLUMBING"
CDS_LIB"standard";
"GND"2;
%"LB"
"1","(-1700,1650)","0","kvm_matrix_lib","I14";
;
VALUE"100MOHM"
$LOCATION"?"
CODE"10070008"
CDS_LMAN_SYM_OUTLINE"-125,50,125,0"
CDS_LIB"kvm_matrix_lib";
"B"23;
"A"21;
%"C"
"1","(-1400,1450)","0","kvm_matrix_lib","I15";
;
VALUE"0.1U"
$LOCATION"?"
CODE"08070262"
CDS_LMAN_SYM_OUTLINE"-50,0,50,-50"
CDS_LIB"kvm_matrix_lib";
"1"23;
"2"2;
%"C"
"1","(-1250,1450)","0","kvm_matrix_lib","I16";
;
VALUE"0.1U"
$LOCATION"?"
CODE"08070262"
CDS_LMAN_SYM_OUTLINE"-50,0,50,-50"
CDS_LIB"kvm_matrix_lib";
"1"23;
"2"2;
%"C"
"1","(-1100,1450)","0","kvm_matrix_lib","I17";
;
VALUE"0.1U"
$LOCATION"?"
CODE"08070262"
CDS_LMAN_SYM_OUTLINE"-50,0,50,-50"
CDS_LIB"kvm_matrix_lib";
"1"23;
"2"2;
%"GND_SIGNAL"
"1","(-1500,1850)","0","standard","I18";
;
BODY_TYPE"PLUMBING"
HDL_POWER"GND_SIGNAL"
CDS_LIB"standard";
"GND"3;
%"C"
"1","(-1450,2200)","0","kvm_matrix_lib","I19";
;
VALUE"0.1U"
$LOCATION"?"
CODE"08070262"
CDS_LMAN_SYM_OUTLINE"-50,0,50,-50"
CDS_LIB"kvm_matrix_lib";
"1"25;
"2"3;
%"LB"
"1","(-3700,1650)","0","kvm_matrix_lib","I2";
;
$LOCATION"?"
VALUE"100MOHM"
CODE"10070008"
CDS_LMAN_SYM_OUTLINE"-125,50,125,0"
CDS_LIB"kvm_matrix_lib";
"B"64;
"A"102;
%"C"
"1","(-1300,2200)","0","kvm_matrix_lib","I20";
;
VALUE"0.1U"
$LOCATION"?"
CODE"08070262"
CDS_LMAN_SYM_OUTLINE"-50,0,50,-50"
CDS_LIB"kvm_matrix_lib";
"1"25;
"2"3;
%"C"
"1","(-1150,2200)","0","kvm_matrix_lib","I21";
;
VALUE"0.1U"
$LOCATION"?"
CODE"08070262"
CDS_LMAN_SYM_OUTLINE"-50,0,50,-50"
CDS_LIB"kvm_matrix_lib";
"1"25;
"2"3;
%"C"
"1","(-950,1450)","0","kvm_matrix_lib","I22";
;
VALUE"0.1U"
$LOCATION"?"
CODE"08070262"
CDS_LMAN_SYM_OUTLINE"-50,0,50,-50"
CDS_LIB"kvm_matrix_lib";
"1"23;
"2"2;
%"C"
"1","(-750,1450)","0","kvm_matrix_lib","I23";
;
VALUE"0.01U"
$LOCATION"?"
CODE"08070247"
CDS_LMAN_SYM_OUTLINE"-50,0,50,-50"
CDS_LIB"kvm_matrix_lib";
"1"23;
"2"2;
%"C"
"1","(-600,1450)","0","kvm_matrix_lib","I24";
;
VALUE"0.01U"
$LOCATION"?"
CODE"08070247"
CDS_LMAN_SYM_OUTLINE"-50,0,50,-50"
CDS_LIB"kvm_matrix_lib";
"1"23;
"2"2;
%"C"
"1","(-950,2200)","0","kvm_matrix_lib","I25";
;
VALUE"0.01U"
$LOCATION"?"
CODE"08070247"
CDS_LMAN_SYM_OUTLINE"-50,0,50,-50"
CDS_LIB"kvm_matrix_lib";
"1"25;
"2"3;
%"C"
"1","(-800,2200)","0","kvm_matrix_lib","I26";
;
VALUE"0.01U"
$LOCATION"?"
CODE"08070247"
CDS_LMAN_SYM_OUTLINE"-50,0,50,-50"
CDS_LIB"kvm_matrix_lib";
"1"25;
"2"3;
%"C"
"1","(-650,2200)","0","kvm_matrix_lib","I27";
;
VALUE"0.01U"
$LOCATION"?"
CODE"08070247"
CDS_LMAN_SYM_OUTLINE"-50,0,50,-50"
CDS_LIB"kvm_matrix_lib";
"1"25;
"2"3;
%"LB"
"1","(-1750,2400)","0","kvm_matrix_lib","I28";
;
$LOCATION"?"
VALUE"100MOHM"
CODE"10070008"
CDS_LMAN_SYM_OUTLINE"-125,50,125,0"
CDS_LIB"kvm_matrix_lib";
"B"25;
"A"22;
%"GND_SIGNAL"
"1","(-1950,2900)","0","standard","I29";
;
HDL_POWER"GND_SIGNAL"
BODY_TYPE"PLUMBING"
CDS_LIB"standard";
"GND"4;
%"C"
"1","(-3400,1450)","0","kvm_matrix_lib","I3";
;
VALUE"0.1U"
$LOCATION"?"
CODE"08070262"
CDS_LMAN_SYM_OUTLINE"-50,0,50,-50"
CDS_LIB"kvm_matrix_lib";
"1"64;
"2"1;
%"R"
"1","(-1900,3250)","1","kvm_matrix_lib","I30";
;
$LOCATION"?"
VALUE"1K-1%"
CODE"07090549"
CDS_LMAN_SYM_OUTLINE"-100,25,100,-25"
CDS_LIB"kvm_matrix_lib";
"A"4;
"B"94;
%"R"
"1","(-1550,3600)","0","kvm_matrix_lib","I31";
;
$LOCATION"?"
VALUE"0"
CODE"07090522"
CDS_LMAN_SYM_OUTLINE"-100,25,100,-25"
CDS_LIB"kvm_matrix_lib";
"A"94;
"B"24;
%"R"
"1","(-1900,3950)","1","kvm_matrix_lib","I32";
;
$LOCATION"?"
VALUE"4.7K"
CODE"07090246"
CDS_LMAN_SYM_OUTLINE"-100,25,100,-25"
CDS_LIB"kvm_matrix_lib";
"A"94;
"B"84;
%"R"
"1","(-2550,4650)","0","kvm_matrix_lib","I33";
;
$LOCATION"?"
VALUE"0"
CODE"07090522"
CDS_LMAN_SYM_OUTLINE"-100,25,100,-25"
CDS_LIB"kvm_matrix_lib";
"A"92;
"B"5;
%"R"
"1","(-2550,4550)","0","kvm_matrix_lib","I34";
;
$LOCATION"?"
VALUE"0"
CODE"07090522"
CDS_LMAN_SYM_OUTLINE"-100,25,100,-25"
CDS_LIB"kvm_matrix_lib";
"A"91;
"B"5;
%"R"
"1","(-2550,4850)","0","kvm_matrix_lib","I35";
;
$LOCATION"?"
VALUE"0"
CODE"07090522"
CDS_LMAN_SYM_OUTLINE"-100,25,100,-25"
CDS_LIB"kvm_matrix_lib";
"A"82;
"B"5;
%"R"
"1","(-2550,4750)","0","kvm_matrix_lib","I36";
;
VALUE"0"
$LOCATION"?"
CODE"07090522"
CDS_LMAN_SYM_OUTLINE"-100,25,100,-25"
CDS_LIB"kvm_matrix_lib";
"A"93;
"B"5;
%"R"
"1","(-2550,5150)","0","kvm_matrix_lib","I37";
;
$LOCATION"?"
VALUE"0"
CODE"07090522"
CDS_LMAN_SYM_OUTLINE"-100,25,100,-25"
CDS_LIB"kvm_matrix_lib";
"A"26;
"B"5;
%"R"
"1","(-2550,5050)","0","kvm_matrix_lib","I38";
;
$LOCATION"?"
VALUE"0"
CODE"07090522"
CDS_LMAN_SYM_OUTLINE"-100,25,100,-25"
CDS_LIB"kvm_matrix_lib";
"A"27;
"B"5;
%"R"
"1","(-2550,4950)","0","kvm_matrix_lib","I39";
;
$LOCATION"?"
VALUE"0"
CODE"07090522"
CDS_LMAN_SYM_OUTLINE"-100,25,100,-25"
CDS_LIB"kvm_matrix_lib";
"A"83;
"B"5;
%"C"
"1","(-3200,1450)","0","kvm_matrix_lib","I4";
;
VALUE"0.01U"
$LOCATION"?"
CODE"08070247"
CDS_LMAN_SYM_OUTLINE"-50,0,50,-50"
CDS_LIB"kvm_matrix_lib";
"1"64;
"2"1;
%"R"
"1","(-2550,5250)","0","kvm_matrix_lib","I40";
;
$LOCATION"?"
VALUE"0"
CODE"07090522"
CDS_LMAN_SYM_OUTLINE"-100,25,100,-25"
CDS_LIB"kvm_matrix_lib";
"A"29;
"B"5;
%"R"
"1","(-2550,5350)","0","kvm_matrix_lib","I41";
;
$LOCATION"?"
VALUE"0"
CODE"07090522"
CDS_LMAN_SYM_OUTLINE"-100,25,100,-25"
CDS_LIB"kvm_matrix_lib";
"A"28;
"B"5;
%"R"
"1","(-2550,5550)","0","kvm_matrix_lib","I42";
;
$LOCATION"?"
VALUE"0"
CODE"07090522"
CDS_LMAN_SYM_OUTLINE"-100,25,100,-25"
CDS_LIB"kvm_matrix_lib";
"A"74;
"B"5;
%"R"
"1","(-2550,5450)","0","kvm_matrix_lib","I43";
;
$LOCATION"?"
VALUE"0"
CODE"07090522"
CDS_LMAN_SYM_OUTLINE"-100,25,100,-25"
CDS_LIB"kvm_matrix_lib";
"A"73;
"B"5;
%"R"
"1","(-2550,5650)","0","kvm_matrix_lib","I44";
;
$LOCATION"?"
VALUE"0"
CODE"07090522"
CDS_LMAN_SYM_OUTLINE"-100,25,100,-25"
CDS_LIB"kvm_matrix_lib";
"A"72;
"B"5;
%"R"
"1","(-2550,5850)","0","kvm_matrix_lib","I45";
;
$LOCATION"?"
VALUE"0"
CODE"07090522"
CDS_LMAN_SYM_OUTLINE"-100,25,100,-25"
CDS_LIB"kvm_matrix_lib";
"A"75;
"B"5;
%"R"
"1","(-2550,5750)","0","kvm_matrix_lib","I46";
;
$LOCATION"?"
VALUE"0"
CODE"07090522"
CDS_LMAN_SYM_OUTLINE"-100,25,100,-25"
CDS_LIB"kvm_matrix_lib";
"A"71;
"B"5;
%"GND_SIGNAL"
"1","(-1850,4500)","1","standard","I47";
;
BODY_TYPE"PLUMBING"
HDL_POWER"GND_SIGNAL"
CDS_LIB"standard";
"GND"5;
%"R"
"1","(-700,5250)","1","kvm_matrix_lib","I48";
;
$LOCATION"?"
VALUE"4.7K"
CODE"07090246"
CDS_LMAN_SYM_OUTLINE"-100,25,100,-25"
CDS_LIB"kvm_matrix_lib";
"A"79;
"B"30;
%"R"
"1","(-550,5250)","1","kvm_matrix_lib","I49";
;
$LOCATION"?"
VALUE"4.7K"
CODE"07090246"
CDS_LMAN_SYM_OUTLINE"-100,25,100,-25"
CDS_LIB"kvm_matrix_lib";
"A"78;
"B"30;
%"GND_SIGNAL"
"1","(-3450,1850)","0","standard","I5";
;
HDL_POWER"GND_SIGNAL"
BODY_TYPE"PLUMBING"
CDS_LIB"standard";
"GND"6;
%"R"
"1","(-400,5250)","1","kvm_matrix_lib","I50";
;
$LOCATION"?"
VALUE"4.7K"
CODE"07090246"
CDS_LMAN_SYM_OUTLINE"-100,25,100,-25"
CDS_LIB"kvm_matrix_lib";
"A"77;
"B"30;
%"R"
"1","(-1600,6300)","0","kvm_matrix_lib","I51";
;
$LOCATION"?"
VALUE"49.9"
CODE"07090198"
CDS_LMAN_SYM_OUTLINE"-100,25,100,-25"
CDS_LIB"kvm_matrix_lib";
"A"70;
"B"33;
%"R"
"1","(-1600,6450)","0","kvm_matrix_lib","I52";
;
$LOCATION"?"
VALUE"49.9"
CODE"07090198"
CDS_LMAN_SYM_OUTLINE"-100,25,100,-25"
CDS_LIB"kvm_matrix_lib";
"A"69;
"B"33;
%"GND_SIGNAL"
"1","(-2000,6750)","0","standard","I53";
;
BODY_TYPE"PLUMBING"
HDL_POWER"GND_SIGNAL"
CDS_LIB"standard";
"GND"7;
%"C"
"1","(-1950,7100)","0","kvm_matrix_lib","I54";
;
VALUE"0.1U"
$LOCATION"?"
CODE"08070262"
CDS_LMAN_SYM_OUTLINE"-50,0,50,-50"
CDS_LIB"kvm_matrix_lib";
"1"31;
"2"7;
%"OSC-12MHZ"
"1","(-1600,7200)","0","kvm_matrix_lib","I55";
;
CDS_LMAN_SYM_OUTLINE"-125,125,125,-125"
CDS_LIB"kvm_matrix_lib";
"VDD"31;
"OUT"32;
"GND"7;
"NNC"0;
%"C"
"1","(-300,1450)","0","kvm_matrix_lib","I56";
;
VALUE"0.01U"
$LOCATION"?"
CODE"08070247"
CDS_LMAN_SYM_OUTLINE"-50,0,50,-50"
CDS_LIB"kvm_matrix_lib";
"1"23;
"2"2;
%"C"
"1","(-450,1450)","0","kvm_matrix_lib","I57";
;
VALUE"0.01U"
$LOCATION"?"
CODE"08070247"
CDS_LMAN_SYM_OUTLINE"-50,0,50,-50"
CDS_LIB"kvm_matrix_lib";
"1"23;
"2"2;
%"GND_SIGNAL"
"1","(-9250,600)","0","standard","I58";
;
CDS_LIB"standard"
BODY_TYPE"PLUMBING"
HDL_POWER"GND_SIGNAL";
"GND"8;
%"R"
"1","(-9200,1000)","1","kvm_matrix_lib","I59";
;
$LOCATION"?"
VALUE"887-1%"
CDS_LIB"kvm_matrix_lib"
CDS_LMAN_SYM_OUTLINE"-100,25,100,-25"
CODE"";
"A"8;
"B"17;
%"C"
"1","(-3400,2200)","0","kvm_matrix_lib","I6";
;
VALUE"0.1U"
$LOCATION"?"
CODE"08070262"
CDS_LMAN_SYM_OUTLINE"-50,0,50,-50"
CDS_LIB"kvm_matrix_lib";
"1"60;
"2"6;
%"GND_SIGNAL"
"1","(-5800,500)","0","standard","I60";
;
CDS_LIB"standard"
HDL_POWER"GND_SIGNAL"
BODY_TYPE"PLUMBING";
"GND"9;
%"ADV7511KSTZ"
"1","(-7450,4000)","0","kvm_matrix_lib","I61";
;
$LOCATION"?"
CDS_LIB"kvm_matrix_lib"
CDS_LMAN_SYM_OUTLINE"-1200,3500,1200,-3500"
PACK_TYPE"PACK_TYPE"
VALUE"VALUE";
"AVDD_3"67;
"GND_11"9;
"GND_8"9;
"GND_10"9;
"GND_7"9;
"GND_9"9;
"GND_6"9;
"GND_5"9;
"GND_4"9;
"GND_3"9;
"GND_2"9;
"GND"9;
"TXC+"110;
"TXC-"109;
"TX2+"108;
"TX2-"107;
"TX1+"106;
"TX1-"105;
"TX0+"104;
"TX0-"103;
"DSD5"112;
"DSD4"113;
"DSD3"114;
"DSD2"61;
"DSD1"59;
"DSD0"58;
"DSD_CLK"111;
"D35"35;
"D34"36;
"D33"38;
"D32"37;
"D31"34;
"D30"115;
"D29"63;
"D28"62;
"D27"45;
"D26"47;
"D25"100;
"D24"101;
"D23"39;
"D22"80;
"D21"86;
"D20"85;
"D19"46;
"D18"50;
"D17"49;
"D16"48;
"D15"43;
"D14"40;
"D13"41;
"D12"42;
"D11"44;
"D10"55;
"D9"56;
"D8"57;
"D7"52;
"D6"16;
"D5"15;
"D4"14;
"D3"13;
"D2"53;
"D1"51;
"D0"54;
"R_EXT"17;
"SYNC"95;
"SPDIF_OUT"81;
"SPDIF"96;
"PD"97;
"INT"118;
"ISO3"119;
"ISO2"98;
"ISO1"120;
"ISO0"121;
"SDA"99;
"SCL"122;
"HSYNC"123;
"HPD"124;
"HEAC-"19;
"HEAC+"87;
"DE"18;
"DDCSDA"88;
"DDCSCL"116;
"MCLK"117;
"LRCLK"12;
"SCLK"11;
"CEC_CLK"10;
"CEC"89;
"CLK"90;
"PVDD_2"76;
"PVDD"76;
"PLVDD"76;
"MVDD"68;
"DVDD_5"65;
"DVDD_4"65;
"DVDD_3"65;
"DVDD_2"65;
"DVDD"65;
"BGVDD"66;
"AVDD_2"67;
"AVDD"67;
%"C"
"1","(-3250,2200)","0","kvm_matrix_lib","I7";
;
VALUE"0.1U"
$LOCATION"?"
CODE"08070262"
CDS_LMAN_SYM_OUTLINE"-50,0,50,-50"
CDS_LIB"kvm_matrix_lib";
"1"60;
"2"6;
%"C"
"1","(-3100,2200)","0","kvm_matrix_lib","I8";
;
VALUE"0.1U"
$LOCATION"?"
CODE"08070262"
CDS_LMAN_SYM_OUTLINE"-50,0,50,-50"
CDS_LIB"kvm_matrix_lib";
"1"60;
"2"6;
%"C"
"1","(-2900,2200)","0","kvm_matrix_lib","I9";
;
$LOCATION"?"
VALUE"0.01U"
CODE"08070247"
CDS_LMAN_SYM_OUTLINE"-50,0,50,-50"
CDS_LIB"kvm_matrix_lib";
"1"60;
"2"6;
END.
