FILE_TYPE = CONNECTIVITY;
{Allegro Design Entry HDL 16.6-p007 (v16-6-112F) 10/10/2012}
"PAGE_NUMBER" = 74;
0"NC";
1"GND_SIGNAL\g";
2"GND_SIGNAL\g";
3"GND_SIGNAL\g";
4"GND_SIGNAL\g";
5"GND_SIGNAL\g";
6"GND_SIGNAL\g";
7"GND_SIGNAL\g";
8"GND_SIGNAL\g";
9"GND_SIGNAL\g";
10"GND_SIGNAL\g";
11"GND_SIGNAL\g";
12"GND_SIGNAL\g";
13"GND_SIGNAL\g";
14"GND_SIGNAL\g";
15"GND_SIGNAL\g";
16"GND_SIGNAL\g";
17"GND_SIGNAL\g";
18"GND_SIGNAL\g";
19"GND_SIGNAL\g";
20"GND_SIGNAL\g";
21"GND_SIGNAL\g";
22"GND_SIGNAL\g";
23"GND_SIGNAL\g";
24"Z7_USBHUB_PAMBER1";
25"Z7_USBHUB_PAMBER2";
26"Z7_USBHUB_PAMBER3";
27"Z7_USBHUB_PAMBER4";
28"Z7_USBHUB_RESET_N";
29"Z7_USBHUB_PGREEN2";
30"Z7_USBHUB_PAMBER2";
31"Z7_USBHUB_DATA2_N";
32"Z7_USBHUB_DATA2_P";
33"Z7_USBHUB_PWREN1_R_N";
34"Z7_USBHUB_PWREN4_R_N";
35"Z7_USBHUB_PGREEN4";
36"Z7_USBHUB_PAMBER4";
37"Z7_USBHUB_OVCUR4_R_N";
38"Z7_USBHUB_DATA4_N";
39"Z7_USBHUB_OVCUR2_R_N";
40"Z7_USBHUB_PWREN2_R_N";
41"Z7_USBHUB_DATA3_P";
42"Z7_USBHUB_DATA3_N";
43"Z7_USBHUB_OVCUR3_R_N";
44"Z7_USBHUB_PAMBER3";
45"Z7_USBHUB_PWREN3_N";
46"Z7_USBHUB_OVCUR3_N";
47"Z7_USBHUB_PWREN4_N";
48"V_Z7_3V3_USBHUB_DVDD";
49"Z7_USBHUB_DATA4_P";
50"Z7_USBHUB_PWREN3_R_N";
51"Z7_USBHUB_OVCUR4_N";
52"V_Z7_3V3_USBHUB_DVDD";
53"Z7_USBHUB_PGREEN3";
54"V_Z7_5V0_USBHUB_VBUS1";
55"Z7_USBHUB_DATA1_N";
56"Z7_USBHUB_DATA1_P";
57"V_Z7_5V0_USBHUB_VBUS3";
58"V_Z7_5V0_USBHUB_VBUS4";
59"Z7_USBHUB_DATA4_N";
60"Z7_USBHUB_DATA3_P";
61"Z7_USBHUB_DATA3_N";
62"Z7_USBHUB_DATA4_P";
63"V_Z7_5V0_USBHUB_VBUS1";
64"V_Z7_5V0_USBHUB_VBUS2";
65"Z7_USBHUB_DATA2_P";
66"Z7_USBHUB_DATA2_N";
67"V_Z7_5V0_USBHUB_VBUS4";
68"V_Z7_5V0_USBHUB_VBUS3";
69"V_Z7_5V0_USBHUB_VBUS2";
70"Z7_USBHUB_PAMBER1";
71"V_Z7_5V0_IN";
72"Z7_USBHUB_XTAL2";
73"Z7_USBHUB_RREF";
74"Z7_USBHUB_PGANG";
75"Z7_USBHUB_TEST";
76"V_Z7_5V0_USBHUB3";
77"V_Z7_5V0_USBHUB_VBUS4";
78"Z7_USBHUB_PGREEN4";
79"Z7_USBHUB_PGREEN3";
80"V_Z7_5V0_USBHUB_VBUS3";
81"V_Z7_3V3_USBHUB_AVDD";
82"V_Z7_5V0_USBHUB_VBUS1";
83"Z7_USBHUB_DATA1_P";
84"V_Z7_5V0_USBHUB2";
85"Z7_USBHUB_PGREEN1";
86"Z7_USBHUB_PGREEN2";
87"V_Z7_3V3";
88"V_Z7_5V0_USBHUB_VBUS2";
89"UN$74$LEDS$I71$A";
90"UN$74$LEDS$I73$A";
91"UN$74$LEDS$I76$A";
92"UN$74$LEDS$I78$A";
93"Z7_USBHUB_XTAL1";
94"V_Z7_5V0_USBHUB1";
95"Z7_USBHUB_PSELF";
96"V_Z7_3V3";
97"Z7_USBHUB_PWREN2_N";
98"V_Z7_3V3_USBHUB_LDOOUT";
99"V_Z7_5V0_USBHUB2";
100"V_Z7_5V0_USBHUB1";
101"V_Z7_3V3_USBHUB_LDOOUT";
102"Z7_USBPHY_DATA_N";
103"Z7_USBHUB_TEST";
104"Z7_USBHUB_RREF";
105"Z7_USBPHY_DATA_P";
106"Z7_USBHUB_PGANG";
107"Z7_USBHUB_PSELF";
108"V_Z7_5V0_IN";
109"V_Z7_5V0_IN";
110"V_Z7_3V3_USBHUB_LDOOUT";
111"V_Z7_3V3_USBHUB_LDOOUT";
112"Z7_USBHUB_PWREN1_N";
113"Z7_USBHUB_OVCUR1_R_N";
114"Z7_USBHUB_PGREEN1";
115"Z7_USBHUB_DATA1_N";
116"Z7_USBHUB_RESET_N";
117"Z7_USBHUB_XTAL2";
118"Z7_USBHUB_XTAL1";
119"V_Z7_3V3_USBHUB_DVDD";
120"V_Z7_3V3_USBHUB_AVDD";
121"V_Z7_3V3_USBHUB_DVDD";
122"Z7_USBHUB_OVCUR2_N";
123"Z7_USBHUB_OVCUR1_N";
124"V_Z7_5V0_USBHUB3";
%"GL850G"
"1","(-8600,7400)","0","kvm_matrix_lib","I1";
;
$LOCATION"?"
VALUE"GL850G"
CDS_LIB"kvm_matrix_lib"
CDS_LMAN_SYM_OUTLINE"-250,125,250,-1525";
"PWREN4#"34;
"PGREEN4"35;
"PAMBER4"36;
"OVCUR4#"37;
"DM4"38;
"PWREN3#"50;
"PGREEN3"53;
"PAMBER3"44;
"OVCUR3#"43;
"DP4"49;
"DM3"42;
"DP3"41;
"PWREN2#"40;
"PGREEN2"29;
"PAMBER2"30;
"OVCUR2#"39;
"DM2"31;
"DP2"32;
"PWREN1#"33;
"PGREEN1"114;
"PAMBER1"70;
"OVCUR1#"113;
"DM1"115;
"DP1"83;
"AGND4"14;
"AGND3"14;
"AGND2"14;
"AGND1"14;
"AVDD5"81;
"AVDD4"81;
"AVDD3"81;
"AVDD2"81;
"AVDD1"81;
"DVDD4/SEL48"121;
"DVDD3/SEL27"121;
"DVDD2"121;
"DVDD1"121;
"V5"100;
"V33"101;
"DM0"102;
"DP0"105;
"TEST"103;
"RREF"104;
"PGANG"106;
"PSELF"107;
"RESET#"116;
"X2"117;
"X1"118;
%"CP"
"1","(-9350,4900)","0","kvm_matrix_lib","I10";
;
VALUE"22U-10V"
$LOCATION"?"
CDS_LMAN_SYM_OUTLINE"-50,0,50,-50"
CDS_LIB"kvm_matrix_lib"
CODE"08020082";
"2"15;
"1"87;
%"R"
"1","(-2000,2750)","1","kvm_matrix_lib","I100";
;
CODE"97090129"
VALUE"15K"
$LOCATION"?"
CDS_LMAN_SYM_OUTLINE"-100,25,100,-25"
CDS_LIB"kvm_matrix_lib";
"A"23;
"B"61;
%"GND_SIGNAL"
"1","(-2050,2350)","0","standard","I101";
;
HDL_POWER"GND_SIGNAL"
BODY_TYPE"PLUMBING"
CDS_LIB"standard";
"GND"23;
%"CP"
"1","(-1700,1850)","0","kvm_matrix_lib","I102";
;
CODE"08020065"
VALUE"100U-16V"
$LOCATION"?"
CDS_LMAN_SYM_OUTLINE"-50,0,50,-50"
CDS_LIB"kvm_matrix_lib";
"2"22;
"1"58;
%"GND_SIGNAL"
"1","(-1750,1500)","0","standard","I103";
;
HDL_POWER"GND_SIGNAL"
BODY_TYPE"PLUMBING"
CDS_LIB"standard";
"GND"22;
%"C"
"1","(-2800,1850)","0","kvm_matrix_lib","I104";
;
CODE"08070262"
VALUE"0.1U"
$LOCATION"?"
CDS_LMAN_SYM_OUTLINE"-50,0,50,-50"
CDS_LIB"kvm_matrix_lib";
"1"57;
"2"21;
%"CP"
"1","(-3000,1850)","0","kvm_matrix_lib","I105";
;
CODE"08020065"
VALUE"100U-16V"
$LOCATION"?"
CDS_LMAN_SYM_OUTLINE"-50,0,50,-50"
CDS_LIB"kvm_matrix_lib";
"2"21;
"1"57;
%"GND_SIGNAL"
"1","(-3050,1500)","0","standard","I106";
;
HDL_POWER"GND_SIGNAL"
BODY_TYPE"PLUMBING"
CDS_LIB"standard";
"GND"21;
%"C"
"1","(-8750,3700)","0","kvm_matrix_lib","I11";
;
VALUE"0.1U"
$LOCATION"?"
CODE"08070262"
CDS_LMAN_SYM_OUTLINE"-50,0,50,-50"
CDS_LIB"kvm_matrix_lib";
"1"119;
"2"20;
%"C"
"1","(-8600,3700)","0","kvm_matrix_lib","I12";
;
$LOCATION"?"
VALUE"0.1U"
CODE"08070262"
CDS_LMAN_SYM_OUTLINE"-50,0,50,-50"
CDS_LIB"kvm_matrix_lib";
"1"119;
"2"20;
%"GND_SIGNAL"
"1","(-8800,3300)","0","standard","I13";
;
CDS_LIB"standard"
BODY_TYPE"PLUMBING"
HDL_POWER"GND_SIGNAL";
"GND"20;
%"C"
"1","(-8450,3700)","0","kvm_matrix_lib","I14";
;
VALUE"0.1U"
$LOCATION"?"
CODE"08070262"
CDS_LMAN_SYM_OUTLINE"-50,0,50,-50"
CDS_LIB"kvm_matrix_lib";
"1"119;
"2"20;
%"C"
"1","(-8300,3700)","0","kvm_matrix_lib","I15";
;
VALUE"0.1U"
$LOCATION"?"
CODE"08070262"
CDS_LMAN_SYM_OUTLINE"-50,0,50,-50"
CDS_LIB"kvm_matrix_lib";
"1"119;
"2"20;
%"LB"
"1","(-9050,3900)","0","kvm_matrix_lib","I16";
;
$LOCATION"?"
VALUE"100MOHM"
CODE"10070008"
CDS_LMAN_SYM_OUTLINE"-125,50,125,0"
CDS_LIB"kvm_matrix_lib";
"B"119;
"A"96;
%"CP"
"1","(-10250,2750)","0","kvm_matrix_lib","I17";
;
VALUE"22U-10V"
$LOCATION"?"
CDS_LIB"kvm_matrix_lib"
CDS_LMAN_SYM_OUTLINE"-50,0,50,-50"
CODE"08020082";
"2"19;
"1"98;
%"C"
"1","(-10100,2750)","0","kvm_matrix_lib","I18";
;
VALUE"0.1U"
$LOCATION"?"
CODE"08070262"
CDS_LMAN_SYM_OUTLINE"-50,0,50,-50"
CDS_LIB"kvm_matrix_lib";
"1"98;
"2"19;
%"GND_SIGNAL"
"1","(-10300,2400)","0","standard","I19";
;
BODY_TYPE"PLUMBING"
HDL_POWER"GND_SIGNAL"
CDS_LIB"standard";
"GND"19;
%"C"
"1","(-8750,4900)","0","kvm_matrix_lib","I2";
;
$LOCATION"?"
VALUE"0.1U"
CDS_LIB"kvm_matrix_lib"
CDS_LMAN_SYM_OUTLINE"-50,0,50,-50"
CODE"08070262";
"1"120;
"2"15;
%"LB"
"1","(-9050,4100)","0","kvm_matrix_lib","I20";
;
$LOCATION"?"
VALUE"100MOHM"
CDS_LIB"kvm_matrix_lib"
CDS_LMAN_SYM_OUTLINE"-125,50,125,0"
CODE"10070008";
"B"119;
"A"110;
%"LB"
"1","(-9050,5350)","0","kvm_matrix_lib","I21";
;
VALUE"100MOHM"
$LOCATION"?"
CODE"10070008"
CDS_LMAN_SYM_OUTLINE"-125,50,125,0"
CDS_LIB"kvm_matrix_lib";
"B"120;
"A"111;
%"C"
"1","(-7800,2750)","0","kvm_matrix_lib","I22";
;
VALUE"0.1U"
$LOCATION"?"
CODE"08070262"
CDS_LMAN_SYM_OUTLINE"-50,0,50,-50"
CDS_LIB"kvm_matrix_lib";
"1"94;
"2"18;
%"LB"
"1","(-8300,2950)","0","kvm_matrix_lib","I23";
;
VALUE"100MOHM"
$LOCATION"?"
CODE"10070008"
CDS_LMAN_SYM_OUTLINE"-125,50,125,0"
CDS_LIB"kvm_matrix_lib";
"B"94;
"A"108;
%"CP"
"1","(-7950,2750)","0","kvm_matrix_lib","I24";
;
$LOCATION"?"
VALUE"22U-10V"
CDS_LIB"kvm_matrix_lib"
CDS_LMAN_SYM_OUTLINE"-50,0,50,-50"
CODE"08020082";
"2"18;
"1"94;
%"GND_SIGNAL"
"1","(-8000,2400)","0","standard","I25";
;
BODY_TYPE"PLUMBING"
HDL_POWER"GND_SIGNAL"
CDS_LIB"standard";
"GND"18;
%"CRYSTAL"
"1","(-5550,1350)","1","kvm_matrix_lib","I26";
;
$LOCATION"?"
VALUE"12.288MHZ"
CODE"12020007"
CDS_LIB"kvm_matrix_lib"
CDS_LMAN_SYM_OUTLINE"50,100,225,-100";
"A1"72;
"A2"93;
%"R"
"1","(-5200,1500)","1","kvm_matrix_lib","I27";
;
VALUE"1M"
$LOCATION"?"
CODE"97090121"
CDS_LMAN_SYM_OUTLINE"-100,25,100,-25"
CDS_LIB"kvm_matrix_lib";
"A"72;
"B"93;
%"GND_SIGNAL"
"1","(-4700,1450)","1","standard","I28";
;
HDL_POWER"GND_SIGNAL"
BODY_TYPE"PLUMBING"
CDS_LIB"standard";
"GND"17;
%"C"
"1","(-5050,1750)","1","kvm_matrix_lib","I29";
;
VALUE"22PF"
$LOCATION"?"
CDS_LMAN_SYM_OUTLINE"-50,0,50,-50"
CDS_LIB"kvm_matrix_lib"
CODE"98070510";
"1"93;
"2"17;
%"LB"
"1","(-9050,5100)","0","kvm_matrix_lib","I3";
;
VALUE"100MOHM"
$LOCATION"?"
CDS_LMAN_SYM_OUTLINE"-125,50,125,0"
CDS_LIB"kvm_matrix_lib"
CODE"10070008";
"B"120;
"A"87;
%"C"
"1","(-5050,1250)","1","kvm_matrix_lib","I30";
;
$LOCATION"?"
VALUE"22PF"
CDS_LMAN_SYM_OUTLINE"-50,0,50,-50"
CDS_LIB"kvm_matrix_lib"
CODE"98070510";
"1"72;
"2"17;
%"R"
"1","(-5600,3700)","0","kvm_matrix_lib","I31";
;
VALUE"4.7K"
$LOCATION"?"
CDS_LIB"kvm_matrix_lib"
CDS_LMAN_SYM_OUTLINE"-100,25,100,-25"
CODE"07090246";
"A"28;
"B"52;
%"R"
"1","(-5600,3350)","0","kvm_matrix_lib","I32";
;
VALUE"1K"
$LOCATION"?"
CODE"07090277"
CDS_LIB"kvm_matrix_lib"
CDS_LMAN_SYM_OUTLINE"-100,25,100,-25";
"A"95;
"B"16;
%"R"
"1","(-5600,3450)","0","kvm_matrix_lib","I33";
;
$LOCATION"?"
VALUE"4.7K"
CODE"07090246"
CDS_LMAN_SYM_OUTLINE"-100,25,100,-25"
CDS_LIB"kvm_matrix_lib";
"A"95;
"B"52;
%"R"
"1","(-5600,3150)","0","kvm_matrix_lib","I34";
;
$LOCATION"?"
VALUE"4.7K"
CODE"07090246"
CDS_LMAN_SYM_OUTLINE"-100,25,100,-25"
CDS_LIB"kvm_matrix_lib";
"A"75;
"B"52;
%"R"
"1","(-5600,3050)","0","kvm_matrix_lib","I35";
;
$LOCATION"?"
VALUE"1K"
CODE"07090277"
CDS_LMAN_SYM_OUTLINE"-100,25,100,-25"
CDS_LIB"kvm_matrix_lib";
"A"75;
"B"16;
%"GND_SIGNAL"
"1","(-5150,2350)","0","standard","I36";
;
CDS_LIB"standard"
BODY_TYPE"PLUMBING"
HDL_POWER"GND_SIGNAL";
"GND"16;
%"R"
"1","(-5600,2850)","0","kvm_matrix_lib","I37";
;
VALUE"100K"
$LOCATION"?"
CODE"97090114"
CDS_LIB"kvm_matrix_lib"
CDS_LMAN_SYM_OUTLINE"-100,25,100,-25";
"A"74;
"B"52;
%"R"
"1","(-5600,2750)","0","kvm_matrix_lib","I38";
;
VALUE"100K"
$LOCATION"?"
CODE"97090114"
CDS_LIB"kvm_matrix_lib"
CDS_LMAN_SYM_OUTLINE"-100,25,100,-25";
"A"74;
"B"16;
%"R"
"1","(-5600,2550)","0","kvm_matrix_lib","I39";
;
VALUE"680"
$LOCATION"?"
CDS_LMAN_SYM_OUTLINE"-100,25,100,-25"
CDS_LIB"kvm_matrix_lib"
CODE"07090483";
"A"73;
"B"16;
%"GND_SIGNAL"
"1","(-9400,4500)","0","standard","I4";
;
BODY_TYPE"PLUMBING"
HDL_POWER"GND_SIGNAL"
CDS_LIB"standard";
"GND"15;
%"R"
"1","(-6800,6800)","0","kvm_matrix_lib","I40";
;
VALUE"0"
$LOCATION"?"
CODE"07090522"
CDS_LIB"kvm_matrix_lib"
CDS_LMAN_SYM_OUTLINE"-100,25,100,-25";
"A"40;
"B"97;
%"R"
"1","(-6800,7300)","0","kvm_matrix_lib","I41";
;
$LOCATION"?"
VALUE"0"
CDS_LMAN_SYM_OUTLINE"-100,25,100,-25"
CDS_LIB"kvm_matrix_lib"
CODE"07090522";
"A"113;
"B"123;
%"R"
"1","(-6800,7150)","0","kvm_matrix_lib","I42";
;
$LOCATION"?"
VALUE"0"
CDS_LMAN_SYM_OUTLINE"-100,25,100,-25"
CDS_LIB"kvm_matrix_lib"
CODE"07090522";
"A"33;
"B"112;
%"R"
"1","(-6800,6950)","0","kvm_matrix_lib","I43";
;
$LOCATION"?"
VALUE"0"
CDS_LMAN_SYM_OUTLINE"-100,25,100,-25"
CDS_LIB"kvm_matrix_lib"
CODE"07090522";
"A"39;
"B"122;
%"R"
"1","(-6800,6600)","0","kvm_matrix_lib","I44";
;
$LOCATION"?"
VALUE"0"
CDS_LMAN_SYM_OUTLINE"-100,25,100,-25"
CDS_LIB"kvm_matrix_lib"
CODE"07090522";
"A"43;
"B"46;
%"R"
"1","(-6800,6450)","0","kvm_matrix_lib","I45";
;
$LOCATION"?"
VALUE"0"
CDS_LMAN_SYM_OUTLINE"-100,25,100,-25"
CDS_LIB"kvm_matrix_lib"
CODE"07090522";
"A"50;
"B"45;
%"R"
"1","(-6800,6250)","0","kvm_matrix_lib","I46";
;
$LOCATION"?"
VALUE"0"
CDS_LMAN_SYM_OUTLINE"-100,25,100,-25"
CDS_LIB"kvm_matrix_lib"
CODE"07090522";
"A"37;
"B"51;
%"R"
"1","(-6800,6100)","0","kvm_matrix_lib","I47";
;
$LOCATION"?"
VALUE"0"
CDS_LMAN_SYM_OUTLINE"-100,25,100,-25"
CDS_LIB"kvm_matrix_lib"
CODE"07090522";
"A"34;
"B"47;
%"LM3526"
"1","(-5200,7100)","0","kvm_matrix_lib","I48";
;
$LOCATION"?"
CDS_LIB"kvm_matrix_lib"
CDS_LMAN_SYM_OUTLINE"-200,200,200,-150";
"FLAGA"123;
"ENA* \B"112;
"OUTA"82;
"IN"84;
"GND"10;
"OUTB"88;
"ENB* \B"97;
"FLAGB"122;
%"LM3526"
"1","(-5150,6300)","0","kvm_matrix_lib","I49";
;
$LOCATION"?"
CDS_LIB"kvm_matrix_lib"
CDS_LMAN_SYM_OUTLINE"-200,200,200,-150";
"FLAGA"46;
"ENA* \B"45;
"OUTA"80;
"IN"76;
"GND"9;
"OUTB"77;
"ENB* \B"47;
"FLAGB"51;
%"GND_SIGNAL"
"1","(-9000,5750)","0","standard","I5";
;
CDS_LIB"standard"
HDL_POWER"GND_SIGNAL"
BODY_TYPE"PLUMBING";
"GND"14;
%"GND_SIGNAL"
"1","(-5050,4050)","0","standard","I50";
;
CDS_LIB"standard"
HDL_POWER"GND_SIGNAL"
BODY_TYPE"PLUMBING";
"GND"13;
%"R"
"1","(-5500,5200)","0","kvm_matrix_lib","I51";
;
VALUE"1K"
$LOCATION"?"
CODE"07090277"
CDS_LMAN_SYM_OUTLINE"-100,25,100,-25"
CDS_LIB"kvm_matrix_lib";
"A"24;
"B"13;
%"R"
"1","(-5500,5300)","0","kvm_matrix_lib","I52";
;
VALUE"4.7K"
$LOCATION"?"
CODE"07090246"
CDS_LMAN_SYM_OUTLINE"-100,25,100,-25"
CDS_LIB"kvm_matrix_lib";
"A"24;
"B"48;
%"R"
"1","(-5500,4900)","0","kvm_matrix_lib","I53";
;
VALUE"1K"
$LOCATION"?"
CODE"07090277"
CDS_LMAN_SYM_OUTLINE"-100,25,100,-25"
CDS_LIB"kvm_matrix_lib";
"A"25;
"B"13;
%"R"
"1","(-5500,5000)","0","kvm_matrix_lib","I54";
;
VALUE"4.7K"
$LOCATION"?"
CODE"07090246"
CDS_LMAN_SYM_OUTLINE"-100,25,100,-25"
CDS_LIB"kvm_matrix_lib";
"A"25;
"B"48;
%"R"
"1","(-5500,4400)","0","kvm_matrix_lib","I55";
;
VALUE"4.7K"
$LOCATION"?"
CODE"07090246"
CDS_LMAN_SYM_OUTLINE"-100,25,100,-25"
CDS_LIB"kvm_matrix_lib";
"A"27;
"B"48;
%"R"
"1","(-5500,4300)","0","kvm_matrix_lib","I56";
;
VALUE"1K"
$LOCATION"?"
CODE"07090277"
CDS_LMAN_SYM_OUTLINE"-100,25,100,-25"
CDS_LIB"kvm_matrix_lib";
"A"27;
"B"13;
%"R"
"1","(-5500,4700)","0","kvm_matrix_lib","I57";
;
VALUE"4.7K"
$LOCATION"?"
CODE"07090246"
CDS_LMAN_SYM_OUTLINE"-100,25,100,-25"
CDS_LIB"kvm_matrix_lib";
"A"26;
"B"48;
%"R"
"1","(-5500,4600)","0","kvm_matrix_lib","I58";
;
VALUE"1K"
$LOCATION"?"
CODE"07090277"
CDS_LMAN_SYM_OUTLINE"-100,25,100,-25"
CDS_LIB"kvm_matrix_lib";
"A"26;
"B"13;
%"LB"
"1","(-9450,1950)","0","kvm_matrix_lib","I59";
;
$LOCATION"?"
VALUE"100MOHM"
CDS_LIB"kvm_matrix_lib"
CDS_LMAN_SYM_OUTLINE"-125,50,125,0"
CODE"10070008";
"B"99;
"A"109;
%"C"
"1","(-8600,4900)","0","kvm_matrix_lib","I6";
;
VALUE"0.1U"
$LOCATION"?"
CODE"08070262"
CDS_LMAN_SYM_OUTLINE"-50,0,50,-50"
CDS_LIB"kvm_matrix_lib";
"1"120;
"2"15;
%"C"
"1","(-8950,1750)","0","kvm_matrix_lib","I61";
;
$LOCATION"?"
VALUE"0.1U"
CDS_LIB"kvm_matrix_lib"
CDS_LMAN_SYM_OUTLINE"-50,0,50,-50"
CODE"08070262";
"1"99;
"2"12;
%"GND_SIGNAL"
"1","(-9150,1400)","0","standard","I62";
;
CDS_LIB"standard"
BODY_TYPE"PLUMBING"
HDL_POWER"GND_SIGNAL";
"GND"12;
%"C"
"1","(-9100,1750)","0","kvm_matrix_lib","I63";
;
VALUE"10UF"
$LOCATION"?"
CODE"08070391"
CDS_LIB"kvm_matrix_lib"
CDS_LMAN_SYM_OUTLINE"-50,0,50,-50";
"1"99;
"2"12;
%"LB"
"1","(-9450,1100)","0","kvm_matrix_lib","I64";
;
$LOCATION"?"
VALUE"100MOHM"
CDS_LIB"kvm_matrix_lib"
CDS_LMAN_SYM_OUTLINE"-125,50,125,0"
CODE"10070008";
"B"124;
"A"71;
%"GND_SIGNAL"
"1","(-9150,550)","0","standard","I65";
;
CDS_LIB"standard"
HDL_POWER"GND_SIGNAL"
BODY_TYPE"PLUMBING";
"GND"11;
%"C"
"1","(-8950,900)","0","kvm_matrix_lib","I66";
;
$LOCATION"?"
VALUE"0.1U"
CDS_LIB"kvm_matrix_lib"
CDS_LMAN_SYM_OUTLINE"-50,0,50,-50"
CODE"08070262";
"1"124;
"2"11;
%"C"
"1","(-9100,900)","0","kvm_matrix_lib","I67";
;
$LOCATION"?"
VALUE"10UF"
CDS_LIB"kvm_matrix_lib"
CDS_LMAN_SYM_OUTLINE"-50,0,50,-50"
CODE"08070391";
"1"124;
"2"11;
%"GND_SIGNAL"
"1","(-4800,6850)","2","standard","I68";
;
BODY_TYPE"PLUMBING"
HDL_POWER"GND_SIGNAL"
CDS_LIB"standard";
"GND"10;
%"GND_SIGNAL"
"1","(-4800,6050)","2","standard","I69";
;
HDL_POWER"GND_SIGNAL"
BODY_TYPE"PLUMBING"
CDS_LIB"standard";
"GND"9;
%"C"
"1","(-8450,4900)","0","kvm_matrix_lib","I7";
;
VALUE"0.1U"
$LOCATION"?"
CODE"08070262"
CDS_LMAN_SYM_OUTLINE"-50,0,50,-50"
CDS_LIB"kvm_matrix_lib";
"1"120;
"2"15;
%"R"
"1","(-1850,7400)","0","kvm_matrix_lib","I70";
;
CDS_LMAN_SYM_OUTLINE"-100,25,100,-25"
$LOCATION"?"
CDS_LIB"kvm_matrix_lib"
CODE"07090387"
VALUE"330";
"A"85;
"B"89;
%"LED_S"
"1","(-1300,7400)","2","kvm_matrix_lib","I71";
;
VALUE"HSMG-C170-B"
$LOCATION"?"
CODE"15020063"
CDS_LIB"kvm_matrix_lib"
CDS_LMAN_SYM_OUTLINE"-150,50,50,-75";
"A"89;
"B"8;
%"GND_SIGNAL"
"1","(-750,7350)","1","standard","I72";
;
BODY_TYPE"PLUMBING"
HDL_POWER"GND_SIGNAL"
CDS_LIB"standard";
"GND"8;
%"LED_S"
"1","(-1300,7250)","2","kvm_matrix_lib","I73";
;
CODE"15020063"
VALUE"HSMG-C170-B"
$LOCATION"?"
CDS_LMAN_SYM_OUTLINE"-150,50,50,-75"
CDS_LIB"kvm_matrix_lib";
"A"90;
"B"8;
%"R"
"1","(-1850,7250)","0","kvm_matrix_lib","I74";
;
CODE"07090387"
VALUE"330"
$LOCATION"?"
CDS_LMAN_SYM_OUTLINE"-100,25,100,-25"
CDS_LIB"kvm_matrix_lib";
"A"86;
"B"90;
%"R"
"1","(-1850,7100)","0","kvm_matrix_lib","I75";
;
CODE"07090387"
VALUE"330"
$LOCATION"?"
CDS_LMAN_SYM_OUTLINE"-100,25,100,-25"
CDS_LIB"kvm_matrix_lib";
"A"79;
"B"91;
%"LED_S"
"1","(-1300,7100)","2","kvm_matrix_lib","I76";
;
CODE"15020063"
VALUE"HSMG-C170-B"
$LOCATION"?"
CDS_LMAN_SYM_OUTLINE"-150,50,50,-75"
CDS_LIB"kvm_matrix_lib";
"A"91;
"B"8;
%"R"
"1","(-1850,6950)","0","kvm_matrix_lib","I77";
;
CODE"07090387"
VALUE"330"
$LOCATION"?"
CDS_LMAN_SYM_OUTLINE"-100,25,100,-25"
CDS_LIB"kvm_matrix_lib";
"A"78;
"B"92;
%"LED_S"
"1","(-1300,6950)","2","kvm_matrix_lib","I78";
;
CODE"15020063"
VALUE"HSMG-C170-B"
$LOCATION"?"
CDS_LMAN_SYM_OUTLINE"-150,50,50,-75"
CDS_LIB"kvm_matrix_lib";
"A"92;
"B"8;
%"USB_DUL"
"1","(-1100,5650)","0","kvm_matrix_lib","I79";
;
NEEDS_NO_SIZE"TRUE"
CDS_LIB"kvm_matrix_lib"
VALUE"USB_DUL";
"VBUS <0>"54;
"GND <0>"7;
"D+ <0>"56;
"D- <0>"55;
"D+ <1>"65;
"D- <1>"66;
"VBUS <1>"69;
"GND <1>"6;
%"C"
"1","(-8300,4900)","0","kvm_matrix_lib","I8";
;
VALUE"0.1U"
$LOCATION"?"
CODE"08070262"
CDS_LMAN_SYM_OUTLINE"-50,0,50,-50"
CDS_LIB"kvm_matrix_lib";
"1"120;
"2"15;
%"GND_SIGNAL"
"1","(-1600,5700)","7","standard","I80";
;
CDS_LIB"standard"
BODY_TYPE"PLUMBING"
HDL_POWER"GND_SIGNAL";
"GND"7;
%"GND_SIGNAL"
"1","(-1600,5400)","7","standard","I81";
;
BODY_TYPE"PLUMBING"
HDL_POWER"GND_SIGNAL"
CDS_LIB"standard";
"GND"6;
%"CP"
"1","(-3000,4300)","0","kvm_matrix_lib","I82";
;
VALUE"100U-16V"
CODE"08020065"
CDS_LIB"kvm_matrix_lib"
$LOCATION"?"
CDS_LMAN_SYM_OUTLINE"-50,0,50,-50";
"2"5;
"1"63;
%"C"
"1","(-2800,4300)","0","kvm_matrix_lib","I83";
;
CDS_LIB"kvm_matrix_lib"
CDS_LMAN_SYM_OUTLINE"-50,0,50,-50"
$LOCATION"?"
VALUE"0.1U"
CODE"08070262";
"1"63;
"2"5;
%"GND_SIGNAL"
"1","(-3050,3950)","0","standard","I84";
;
CDS_LIB"standard"
HDL_POWER"GND_SIGNAL"
BODY_TYPE"PLUMBING";
"GND"5;
%"C"
"1","(-1500,4300)","0","kvm_matrix_lib","I85";
;
CODE"08070262"
VALUE"0.1U"
$LOCATION"?"
CDS_LMAN_SYM_OUTLINE"-50,0,50,-50"
CDS_LIB"kvm_matrix_lib";
"1"64;
"2"4;
%"GND_SIGNAL"
"1","(-1750,3950)","0","standard","I86";
;
HDL_POWER"GND_SIGNAL"
BODY_TYPE"PLUMBING"
CDS_LIB"standard";
"GND"4;
%"CP"
"1","(-1700,4300)","0","kvm_matrix_lib","I87";
;
CODE"08020065"
VALUE"100U-16V"
$LOCATION"?"
CDS_LMAN_SYM_OUTLINE"-50,0,50,-50"
CDS_LIB"kvm_matrix_lib";
"2"4;
"1"64;
%"R"
"1","(-1750,5200)","1","kvm_matrix_lib","I88";
;
VALUE"15K"
$LOCATION"?"
CODE"97090129"
CDS_LIB"kvm_matrix_lib"
CDS_LMAN_SYM_OUTLINE"-100,25,100,-25";
"A"3;
"B"65;
%"R"
"1","(-1800,5200)","1","kvm_matrix_lib","I89";
;
CODE"97090129"
VALUE"15K"
$LOCATION"?"
CDS_LMAN_SYM_OUTLINE"-100,25,100,-25"
CDS_LIB"kvm_matrix_lib";
"A"3;
"B"66;
%"C"
"1","(-8150,4900)","0","kvm_matrix_lib","I9";
;
$LOCATION"?"
VALUE"0.1U"
CODE"08070262"
CDS_LMAN_SYM_OUTLINE"-50,0,50,-50"
CDS_LIB"kvm_matrix_lib";
"1"120;
"2"15;
%"R"
"1","(-2000,5200)","1","kvm_matrix_lib","I90";
;
CODE"97090129"
VALUE"15K"
$LOCATION"?"
CDS_LMAN_SYM_OUTLINE"-100,25,100,-25"
CDS_LIB"kvm_matrix_lib";
"A"3;
"B"55;
%"R"
"1","(-1950,5200)","1","kvm_matrix_lib","I91";
;
CODE"97090129"
VALUE"15K"
$LOCATION"?"
CDS_LMAN_SYM_OUTLINE"-100,25,100,-25"
CDS_LIB"kvm_matrix_lib";
"A"3;
"B"56;
%"GND_SIGNAL"
"1","(-2050,4800)","0","standard","I92";
;
HDL_POWER"GND_SIGNAL"
BODY_TYPE"PLUMBING"
CDS_LIB"standard";
"GND"3;
%"USB_DUL"
"1","(-1100,3200)","0","kvm_matrix_lib","I93";
;
NEEDS_NO_SIZE"TRUE"
VALUE"USB_DUL"
CDS_LIB"kvm_matrix_lib";
"VBUS <0>"68;
"GND <0>"2;
"D+ <0>"60;
"D- <0>"61;
"D+ <1>"62;
"D- <1>"59;
"VBUS <1>"67;
"GND <1>"1;
%"C"
"1","(-1500,1850)","0","kvm_matrix_lib","I94";
;
CODE"08070262"
VALUE"0.1U"
$LOCATION"?"
CDS_LMAN_SYM_OUTLINE"-50,0,50,-50"
CDS_LIB"kvm_matrix_lib";
"1"58;
"2"22;
%"GND_SIGNAL"
"1","(-1600,3250)","7","standard","I95";
;
BODY_TYPE"PLUMBING"
HDL_POWER"GND_SIGNAL"
CDS_LIB"standard";
"GND"2;
%"GND_SIGNAL"
"1","(-1600,2950)","7","standard","I96";
;
BODY_TYPE"PLUMBING"
HDL_POWER"GND_SIGNAL"
CDS_LIB"standard";
"GND"1;
%"R"
"1","(-1750,2750)","1","kvm_matrix_lib","I97";
;
CODE"97090129"
VALUE"15K"
$LOCATION"?"
CDS_LMAN_SYM_OUTLINE"-100,25,100,-25"
CDS_LIB"kvm_matrix_lib";
"A"23;
"B"62;
%"R"
"1","(-1800,2750)","1","kvm_matrix_lib","I98";
;
CODE"97090129"
VALUE"15K"
$LOCATION"?"
CDS_LMAN_SYM_OUTLINE"-100,25,100,-25"
CDS_LIB"kvm_matrix_lib";
"A"23;
"B"59;
%"R"
"1","(-1950,2750)","1","kvm_matrix_lib","I99";
;
CODE"97090129"
VALUE"15K"
$LOCATION"?"
CDS_LMAN_SYM_OUTLINE"-100,25,100,-25"
CDS_LIB"kvm_matrix_lib";
"A"23;
"B"60;
END.
