FILE_TYPE = CONNECTIVITY;
{Allegro Design Entry HDL 16.6-p007 (v16-6-112F) 10/10/2012}
"PAGE_NUMBER" = 43;
0"NC";
1"GND_SIGNAL\g";
2"GND_SIGNAL\g";
3"GND_SIGNAL\g";
4"GND_SIGNAL\g";
5"GND_SIGNAL\g";
6"GND_SIGNAL\g";
7"A7_SFP3_SDA";
8"A7_SFP3_SCL";
9"V_A7_3V3";
10"V_A7_3V3_SFP3_VCCR";
11"V_A7_3V3_SFP3_VCCT";
12"V_A7_3V3";
13"A7_SFP3_RS1";
14"V_A7_3V3_SFP3_VCCR";
15"V_A7_3V3_SFP3_VCCT";
16"A7_SFP3_SOUT_P";
17"A7_SFP3_SOUT_N";
18"A7_SFP3_SIN_N";
19"A7_SFP3_SIN_P";
20"A7_SFP3_TX_FAULT";
21"A7_SFP3_RX_LOS";
22"V_A7_3V3_SFP3_VCCR";
23"V_A7_3V3_SFP3_VCCT";
24"A7_SFP3_RS1";
25"A7_SFP3_RS0";
26"A7_SFP3_MOD_ABS";
27"A7_SFP3_TX_DISABLE";
28"V_A7_3V3_SFP3_VCCT";
29"A7_SFP3_MOD_ABS";
30"A7_SFP3_TX_DISABLE";
31"A7_SFP3_TX_FAULT";
32"V_A7_3V3_SFP3_VCCR";
33"A7_SFP3_SDA";
34"A7_SFP3_SCL";
35"A7_SFP3_RX_LOS";
36"A7_SFP3_RS0";
%"R"
"1","(-8150,2050)","1","kvm_matrix_lib","I1";
;
VALUE"4.7K"
$LOCATION"?"
CODE"07090246"
CDS_LMAN_SYM_OUTLINE"-100,25,100,-25"
CDS_LIB"kvm_matrix_lib";
"A"34;
"B"32;
%"R"
"1","(-6000,3900)","1","kvm_matrix_lib","I10";
;
VALUE"0"
$LOCATION"?"
CODE"07090522"
CDS_LMAN_SYM_OUTLINE"-100,25,100,-25"
CDS_LIB"kvm_matrix_lib";
"A"5;
"B"13;
%"R"
"1","(-8000,4450)","1","kvm_matrix_lib","I11";
;
VALUE"4.7K"
$LOCATION"?"
CODE"07090246"
CDS_LMAN_SYM_OUTLINE"-100,25,100,-25"
CDS_LIB"kvm_matrix_lib";
"A"36;
"B"14;
%"SFP_CONN"
"1","(-7100,6200)","0","kvm_matrix_lib","I12";
;
CDS_LMAN_SYM_OUTLINE"-125,500,250,-775"
CDS_LIB"kvm_matrix_lib";
"20"1;
"19"17;
"18"16;
"17"1;
"16"23;
"15"22;
"14"1;
"13"19;
"12"18;
"11"1;
"10"1;
"9"24;
"8"21;
"7"25;
"6"26;
"5"8;
"4"7;
"3"27;
"2"20;
"1"1;
%"GND_SIGNAL"
"1","(-6750,5350)","0","standard","I13";
;
HDL_POWER"GND_SIGNAL"
BODY_TYPE"PLUMBING"
CDS_LIB"standard";
"GND"1;
%"R"
"1","(-6000,4450)","1","kvm_matrix_lib","I14";
;
$LOCATION"?"
VALUE"4.7K"
CODE"07090246"
CDS_LMAN_SYM_OUTLINE"-100,25,100,-25"
CDS_LIB"kvm_matrix_lib";
"A"13;
"B"15;
%"LB"
"1","(-2850,3800)","0","kvm_matrix_lib","I15";
;
VALUE"100MOHM"
$LOCATION"?"
CODE"10070008"
CDS_LMAN_SYM_OUTLINE"-125,50,125,0"
CDS_LIB"kvm_matrix_lib";
"B"10;
"A"12;
%"GND_SIGNAL"
"1","(-2600,3250)","0","standard","I16";
;
BODY_TYPE"PLUMBING"
HDL_POWER"GND_SIGNAL"
CDS_LIB"standard";
"GND"2;
%"C"
"1","(-2550,3600)","0","kvm_matrix_lib","I17";
;
VALUE"10UF"
$LOCATION"?"
CODE"08070391"
CDS_LMAN_SYM_OUTLINE"-50,0,50,-50"
CDS_LIB"kvm_matrix_lib";
"1"10;
"2"2;
%"C"
"1","(-2300,3600)","0","kvm_matrix_lib","I18";
;
VALUE"0.1U"
$LOCATION"?"
CODE"08070262"
CDS_LMAN_SYM_OUTLINE"-50,0,50,-50"
CDS_LIB"kvm_matrix_lib";
"1"10;
"2"2;
%"GND_SIGNAL"
"1","(-2600,4150)","0","standard","I19";
;
HDL_POWER"GND_SIGNAL"
BODY_TYPE"PLUMBING"
CDS_LIB"standard";
"GND"6;
%"R"
"1","(-7950,2050)","1","kvm_matrix_lib","I2";
;
VALUE"4.7K"
$LOCATION"?"
CODE"07090246"
CDS_LMAN_SYM_OUTLINE"-100,25,100,-25"
CDS_LIB"kvm_matrix_lib";
"A"33;
"B"32;
%"LB"
"1","(-2850,4700)","0","kvm_matrix_lib","I20";
;
VALUE"100MOHM"
$LOCATION"?"
CODE"10070008"
CDS_LMAN_SYM_OUTLINE"-125,50,125,0"
CDS_LIB"kvm_matrix_lib";
"B"11;
"A"9;
%"C"
"1","(-2550,4500)","0","kvm_matrix_lib","I21";
;
VALUE"10UF"
$LOCATION"?"
CODE"08070391"
CDS_LMAN_SYM_OUTLINE"-50,0,50,-50"
CDS_LIB"kvm_matrix_lib";
"1"11;
"2"6;
%"C"
"1","(-2300,4500)","0","kvm_matrix_lib","I22";
;
VALUE"0.1U"
$LOCATION"?"
CODE"08070262"
CDS_LMAN_SYM_OUTLINE"-50,0,50,-50"
CDS_LIB"kvm_matrix_lib";
"1"11;
"2"6;
%"GND_SIGNAL"
"1","(-2950,5500)","0","standard","I23";
;
BODY_TYPE"PLUMBING"
HDL_POWER"GND_SIGNAL"
CDS_LIB"standard";
"GND"3;
%"SFP_CAGE"
"1","(-2650,6200)","0","kvm_matrix_lib","I24";
;
CDS_LMAN_SYM_OUTLINE"-125,500,125,-550"
CDS_LIB"kvm_matrix_lib";
"20"3;
"19"3;
"18"3;
"17"3;
"16"3;
"15"3;
"14"3;
"13"3;
"12"3;
"11"3;
"10"3;
"9"3;
"8"3;
"7"3;
"6"3;
"5"3;
"4"3;
"3"3;
"2"3;
"1"3;
%"R"
"1","(-7750,2050)","1","kvm_matrix_lib","I3";
;
VALUE"4.7K"
$LOCATION"?"
CODE"07090246"
CDS_LMAN_SYM_OUTLINE"-100,25,100,-25"
CDS_LIB"kvm_matrix_lib";
"A"35;
"B"32;
%"GND_SIGNAL"
"1","(-8050,3550)","0","standard","I4";
;
HDL_POWER"GND_SIGNAL"
BODY_TYPE"PLUMBING"
CDS_LIB"standard";
"GND"4;
%"R"
"1","(-8000,3900)","1","kvm_matrix_lib","I5";
;
VALUE"0"
$LOCATION"?"
CODE"07090522"
CDS_LMAN_SYM_OUTLINE"-100,25,100,-25"
CDS_LIB"kvm_matrix_lib";
"A"4;
"B"36;
%"R"
"1","(-6000,2050)","1","kvm_matrix_lib","I6";
;
VALUE"4.7K"
$LOCATION"?"
CODE"07090246"
CDS_LMAN_SYM_OUTLINE"-100,25,100,-25"
CDS_LIB"kvm_matrix_lib";
"A"29;
"B"28;
%"R"
"1","(-5800,2050)","1","kvm_matrix_lib","I7";
;
VALUE"4.7K"
$LOCATION"?"
CODE"07090246"
CDS_LMAN_SYM_OUTLINE"-100,25,100,-25"
CDS_LIB"kvm_matrix_lib";
"A"30;
"B"28;
%"R"
"1","(-5600,2050)","1","kvm_matrix_lib","I8";
;
VALUE"4.7K"
$LOCATION"?"
CODE"07090246"
CDS_LMAN_SYM_OUTLINE"-100,25,100,-25"
CDS_LIB"kvm_matrix_lib";
"A"31;
"B"28;
%"GND_SIGNAL"
"1","(-6050,3550)","0","standard","I9";
;
HDL_POWER"GND_SIGNAL"
BODY_TYPE"PLUMBING"
CDS_LIB"standard";
"GND"5;
END.
