FILE_TYPE = CONNECTIVITY;
{Allegro Design Entry HDL 16.6-p007 (v16-6-112F) 10/10/2012}
"PAGE_NUMBER" = 69;
0"NC";
1"GND_SIGNAL\g";
2"GND_SIGNAL\g";
3"GND_SIGNAL\g";
4"GND_SIGNAL\g";
5"GND_SIGNAL\g";
6"GND_SIGNAL\g";
7"GND_SIGNAL\g";
8"GND_SIGNAL\g";
9"GND_SIGNAL\g";
10"V_Z7_7511_5V0";
11"V_Z7_3V3_7511_MVDD";
12"Z7_7511_DATA0_P";
13"Z7_7511_DATA1_P";
14"Z7_7511_DATA1_N";
15"Z7_7511_CLK_P";
16"Z7_7511_CLK_N";
17"Z7_7511_HEAC_P";
18"Z7_7511_HEAC_N";
19"V_Z7_5V0_IN";
20"V_Z7_1V8_7511_DVDD";
21"V_Z7_7511_5V0";
22"UN$69$DIODE$I24$A";
23"Z7_7511_CEC";
24"UN$69$R$I17$B";
25"Z7_7511_HP";
26"Z7_7511_HEAC_P_C";
27"V_Z7_7511_5V0";
28"Z7_7511_SDA";
29"Z7_7511_SCL";
30"Z7_7511_HP";
31"Z7_7511_CEC";
32"Z7_7511_HEAC_P_C";
33"Z7_7511_SDA";
34"Z7_7511_SCL";
35"Z7_7511_DATA2_N";
36"Z7_7511_DATA0_N";
37"Z7_7511_DATA0_P";
38"Z7_7511_DATA1_N";
39"Z7_7511_DATA2_N";
40"Z7_7511_CLK_P";
41"Z7_7511_CLK_P";
42"Z7_7511_DATA0_N";
43"Z7_7511_HP";
44"Z7_7511_SCL";
45"Z7_7511_SDA";
46"Z7_7511_CEC";
47"Z7_7511_CLK_N";
48"Z7_7511_DATA2_P";
49"Z7_7511_DATA1_N";
50"Z7_7511_HP";
51"Z7_7511_DATA1_P";
52"Z7_7511_DATA2_P";
53"Z7_7511_DATA2_N";
54"Z7_7511_SDA";
55"Z7_7511_SCL";
56"Z7_7511_CEC";
57"Z7_7511_CLK_N";
58"Z7_7511_DATA0_N";
59"Z7_7511_DATA1_P";
60"Z7_7511_DATA0_P";
61"Z7_7511_DATA2_P";
%"RCLAMP0524P"
"1","(-8700,3100)","0","kvm_matrix_lib","I1";
;
CDS_LMAN_SYM_OUTLINE"-125,275,200,-250"
CDS_LIB"kvm_matrix_lib";
"10"46;
"9"43;
"8"4;
"7"44;
"6"45;
"5"54;
"4"55;
"3"4;
"2"50;
"1"56;
%"R"
"1","(-2350,1250)","0","kvm_matrix_lib","I10";
;
VALUE"1.8K-1%"
$LOCATION"?"
CODE"97090132"
CDS_LMAN_SYM_OUTLINE"-100,25,100,-25"
CDS_LIB"kvm_matrix_lib";
"A"28;
"B"27;
%"R"
"1","(-2350,1400)","0","kvm_matrix_lib","I11";
;
VALUE"1.8K-1%"
$LOCATION"?"
CODE"97090132"
CDS_LMAN_SYM_OUTLINE"-100,25,100,-25"
CDS_LIB"kvm_matrix_lib";
"A"29;
"B"27;
%"GND_SIGNAL"
"1","(-2200,2100)","0","standard","I12";
;
BODY_TYPE"PLUMBING"
HDL_POWER"GND_SIGNAL"
CDS_LIB"standard";
"GND"1;
%"GND_SIGNAL"
"1","(-3300,2750)","0","standard","I13";
;
BODY_TYPE"PLUMBING"
HDL_POWER"GND_SIGNAL"
CDS_LIB"standard";
"GND"2;
%"PESD0402-140"
"1","(-3250,3100)","0","kvm_matrix_lib","I14";
;
CDS_LMAN_SYM_OUTLINE"-75,125,75,-175"
CDS_LIB"kvm_matrix_lib";
"2"2;
"1"26;
%"GND_SIGNAL"
"1","(-3050,2750)","0","standard","I15";
;
BODY_TYPE"PLUMBING"
HDL_POWER"GND_SIGNAL"
CDS_LIB"standard";
"GND"3;
%"R"
"1","(-3000,3150)","1","kvm_matrix_lib","I16";
;
VALUE"10K"
$LOCATION"?"
CODE"07090035"
CDS_LMAN_SYM_OUTLINE"-100,25,100,-25"
CDS_LIB"kvm_matrix_lib";
"A"3;
"B"25;
%"R"
"1","(-2150,2500)","1","kvm_matrix_lib","I17";
;
VALUE"4.7"
$LOCATION"?"
CODE"07098624"
CDS_LMAN_SYM_OUTLINE"-100,25,100,-25"
CDS_LIB"kvm_matrix_lib";
"A"1;
"B"24;
%"R"
"1","(-2150,3150)","1","kvm_matrix_lib","I18";
;
VALUE"49.9"
$LOCATION"?"
CODE"07090198"
CDS_LMAN_SYM_OUTLINE"-100,25,100,-25"
CDS_LIB"kvm_matrix_lib";
"A"24;
"B"17;
%"C"
"1","(-2800,3500)","1","kvm_matrix_lib","I19";
;
VALUE"1U-10V"
$LOCATION"?"
CODE"08070403"
CDS_LMAN_SYM_OUTLINE"-50,0,50,-50"
CDS_LIB"kvm_matrix_lib";
"1"25;
"2"18;
%"GND_SIGNAL"
"1","(-8750,2600)","0","standard","I2";
;
BODY_TYPE"PLUMBING"
HDL_POWER"GND_SIGNAL"
CDS_LIB"standard";
"GND"4;
%"C"
"1","(-2800,3700)","1","kvm_matrix_lib","I20";
;
VALUE"1U-10V"
$LOCATION"?"
CODE"08070403"
CDS_LMAN_SYM_OUTLINE"-50,0,50,-50"
CDS_LIB"kvm_matrix_lib";
"1"26;
"2"17;
%"R"
"1","(-2150,4100)","1","kvm_matrix_lib","I21";
;
VALUE"49.9"
$LOCATION"?"
CODE"07090198"
CDS_LMAN_SYM_OUTLINE"-100,25,100,-25"
CDS_LIB"kvm_matrix_lib";
"A"17;
"B"20;
%"R"
"1","(-1850,3150)","1","kvm_matrix_lib","I22";
;
VALUE"49.9"
$LOCATION"?"
CODE"07090198"
CDS_LMAN_SYM_OUTLINE"-100,25,100,-25"
CDS_LIB"kvm_matrix_lib";
"A"24;
"B"18;
%"R"
"1","(-1850,4100)","1","kvm_matrix_lib","I23";
;
VALUE"49.9"
$LOCATION"?"
CODE"07090198"
CDS_LMAN_SYM_OUTLINE"-100,25,100,-25"
CDS_LIB"kvm_matrix_lib";
"A"18;
"B"20;
%"DIODE"
"1","(-2350,5750)","0","kvm_matrix_lib","I24";
;
VALUE"1N4148"
$LOCATION"?"
CODE"95010058"
CDS_LMAN_SYM_OUTLINE"-50,50,50,-50"
CDS_LIB"kvm_matrix_lib";
"K"23;
"A"22;
%"R"
"1","(-1850,5750)","0","kvm_matrix_lib","I25";
;
VALUE"27.4K"
$LOCATION"?"
CODE"07090320"
CDS_LMAN_SYM_OUTLINE"-100,25,100,-25"
CDS_LIB"kvm_matrix_lib";
"A"22;
"B"11;
%"GND_SIGNAL"
"1","(-2500,6550)","0","standard","I26";
;
BODY_TYPE"PLUMBING"
HDL_POWER"GND_SIGNAL"
CDS_LIB"standard";
"GND"5;
%"C"
"1","(-2450,6900)","2","kvm_matrix_lib","I27";
;
VALUE"10UF"
$LOCATION"?"
CODE"08070391"
CDS_LMAN_SYM_OUTLINE"-50,0,50,-50"
CDS_LIB"kvm_matrix_lib";
"1"21;
"2"5;
%"LB"
"1","(-2150,7100)","0","kvm_matrix_lib","I28";
;
VALUE"100MOHM"
$LOCATION"?"
CODE"10070008"
CDS_LMAN_SYM_OUTLINE"-125,50,125,0"
CDS_LIB"kvm_matrix_lib";
"B"19;
"A"21;
%"GND_SIGNAL"
"1","(-8750,3850)","0","standard","I3";
;
BODY_TYPE"PLUMBING"
HDL_POWER"GND_SIGNAL"
CDS_LIB"standard";
"GND"6;
%"RCLAMP0524P"
"1","(-8700,4350)","0","kvm_matrix_lib","I4";
;
CDS_LMAN_SYM_OUTLINE"-125,275,200,-250"
CDS_LIB"kvm_matrix_lib";
"10"48;
"9"39;
"8"6;
"7"40;
"6"47;
"5"57;
"4"41;
"3"6;
"2"53;
"1"52;
%"GND_SIGNAL"
"1","(-8750,5100)","0","standard","I5";
;
HDL_POWER"GND_SIGNAL"
BODY_TYPE"PLUMBING"
CDS_LIB"standard";
"GND"7;
%"RCLAMP0524P"
"1","(-8700,5600)","0","kvm_matrix_lib","I6";
;
CDS_LMAN_SYM_OUTLINE"-125,275,200,-250"
CDS_LIB"kvm_matrix_lib";
"10"37;
"9"36;
"8"7;
"7"59;
"6"38;
"5"49;
"4"51;
"3"7;
"2"42;
"1"60;
%"GND_SIGNAL"
"1","(-6000,3550)","0","standard","I7";
;
HDL_POWER"GND_SIGNAL"
BODY_TYPE"PLUMBING"
CDS_LIB"standard";
"GND"8;
%"HDMI-A"
"1","(-5650,5100)","0","kvm_matrix_lib","I8";
;
CDS_LMAN_SYM_OUTLINE"-125,500,325,-1150"
CDS_LIB"kvm_matrix_lib";
"23"8;
"22"8;
"21"8;
"20"8;
"19"30;
"18"10;
"17"9;
"16"33;
"15"34;
"14"32;
"13"31;
"12"16;
"11"8;
"10"15;
"9"58;
"8"8;
"7"12;
"6"14;
"5"8;
"4"13;
"3"35;
"2"8;
"1"61;
%"GND_SIGNAL"
"1","(-5200,3550)","0","standard","I9";
;
BODY_TYPE"PLUMBING"
HDL_POWER"GND_SIGNAL"
CDS_LIB"standard";
"GND"9;
END.
