FILE_TYPE = CONNECTIVITY;
{Allegro Design Entry HDL 16.6-p007 (v16-6-112F) 10/10/2012}
"PAGE_NUMBER" = 9;
0"NC";
1"GND_SIGNAL\g";
2"GND_SIGNAL\g";
3"GND_SIGNAL\g";
4"GND_SIGNAL\g";
5"GND_SIGNAL\g";
6"GND_SIGNAL\g";
7"GND_SIGNAL\g";
8"GND_SIGNAL\g";
9"GND_SIGNAL\g";
10"S7_7511_HEAC_P_C";
11"S7_7511_HP";
12"S7_7511_DATA0_N";
13"S7_7511_DATA0_P";
14"S7_7511_DATA1_P";
15"S7_7511_DATA1_N";
16"S7_7511_DATA2_P";
17"S7_7511_CLK_P";
18"S7_7511_CLK_N";
19"S7_7511_DATA2_P";
20"S7_7511_DATA1_P";
21"S7_7511_DATA1_P";
22"S7_7511_SCL";
23"S7_7511_CLK_N";
24"S7_7511_DATA0_N";
25"S7_7511_DATA0_P";
26"S7_7511_HP";
27"S7_7511_CEC";
28"S7_7511_DATA1_N";
29"S7_7511_DATA2_N";
30"S7_7511_CLK_P";
31"S7_7511_DATA0_N";
32"V_S7_5V0_IN";
33"V_S7_7511_5V0";
34"S7_7511_SCL";
35"V_S7_1V8_7511_DVDD";
36"UN$9$R$I21$B";
37"S7_7511_SDA";
38"S7_7511_DATA1_N";
39"S7_7511_DATA0_P";
40"S7_7511_CLK_N";
41"S7_7511_SCL";
42"S7_7511_SDA";
43"V_S7_7511_5V0";
44"S7_7511_SDA";
45"S7_7511_CEC";
46"S7_7511_HEAC_N";
47"S7_7511_HEAC_P";
48"S7_7511_DATA2_P";
49"S7_7511_DATA2_N";
50"S7_7511_CLK_P";
51"S7_7511_CEC";
52"S7_7511_DATA2_N";
53"S7_7511_SDA";
54"S7_7511_SCL";
55"S7_7511_HP";
56"V_S7_7511_5V0";
57"S7_7511_HP";
58"S7_7511_HEAC_P_C";
59"S7_7511_CEC";
60"V_S7_3V3_7511_MVDD";
61"UN$9$DIODE$I15$A";
%"HDMI-A"
"1","(-5700,5100)","0","kvm_matrix_lib","I1";
;
CDS_LIB"kvm_matrix_lib"
CDS_LMAN_SYM_OUTLINE"-125,500,325,-1150";
"23"5;
"22"5;
"21"5;
"20"5;
"19"11;
"18"56;
"17"6;
"16"37;
"15"22;
"14"10;
"13"51;
"12"18;
"11"5;
"10"17;
"9"12;
"8"5;
"7"13;
"6"15;
"5"5;
"4"14;
"3"52;
"2"5;
"1"16;
%"LB"
"1","(-2200,7100)","0","kvm_matrix_lib","I10";
;
$LOCATION"?"
VALUE"100MOHM"
CODE"10070008"
CDS_LIB"kvm_matrix_lib"
CDS_LMAN_SYM_OUTLINE"-125,50,125,0";
"B"32;
"A"33;
%"C"
"1","(-2500,6900)","2","kvm_matrix_lib","I11";
;
$LOCATION"?"
VALUE"10UF"
CDS_LIB"kvm_matrix_lib"
CDS_LMAN_SYM_OUTLINE"-50,0,50,-50"
CODE"08070391";
"1"33;
"2"1;
%"GND_SIGNAL"
"1","(-2550,6550)","0","standard","I12";
;
BODY_TYPE"PLUMBING"
HDL_POWER"GND_SIGNAL"
CDS_LIB"standard";
"GND"1;
%"R"
"1","(-2400,1400)","0","kvm_matrix_lib","I13";
;
VALUE"1.8K-1%"
$LOCATION"?"
CDS_LIB"kvm_matrix_lib"
CDS_LMAN_SYM_OUTLINE"-100,25,100,-25"
CODE"97090132";
"A"34;
"B"43;
%"R"
"1","(-2400,1250)","0","kvm_matrix_lib","I14";
;
VALUE"1.8K-1%"
$LOCATION"?"
CODE"97090132"
CDS_LMAN_SYM_OUTLINE"-100,25,100,-25"
CDS_LIB"kvm_matrix_lib";
"A"44;
"B"43;
%"DIODE"
"1","(-2400,5750)","0","kvm_matrix_lib","I15";
;
VALUE"1N4148"
$LOCATION"?"
CODE"95010058"
CDS_LMAN_SYM_OUTLINE"-50,50,50,-50"
CDS_LIB"kvm_matrix_lib";
"K"59;
"A"61;
%"PESD0402-140"
"1","(-3300,3100)","0","kvm_matrix_lib","I16";
;
CDS_LIB"kvm_matrix_lib"
CDS_LMAN_SYM_OUTLINE"-75,125,75,-175";
"2"2;
"1"58;
%"GND_SIGNAL"
"1","(-3350,2750)","0","standard","I17";
;
BODY_TYPE"PLUMBING"
HDL_POWER"GND_SIGNAL"
CDS_LIB"standard";
"GND"2;
%"R"
"1","(-1900,5750)","0","kvm_matrix_lib","I18";
;
$LOCATION"?"
VALUE"27.4K"
CDS_LIB"kvm_matrix_lib"
CDS_LMAN_SYM_OUTLINE"-100,25,100,-25"
CODE"07090320";
"A"61;
"B"60;
%"C"
"1","(-2850,3700)","1","kvm_matrix_lib","I19";
;
$LOCATION"?"
VALUE"1U-10V"
CODE"08070403"
CDS_LIB"kvm_matrix_lib"
CDS_LMAN_SYM_OUTLINE"-50,0,50,-50";
"1"58;
"2"47;
%"RCLAMP0524P"
"1","(-8750,5600)","0","kvm_matrix_lib","I2";
;
CDS_LIB"kvm_matrix_lib"
CDS_LMAN_SYM_OUTLINE"-125,275,200,-250";
"10"25;
"9"24;
"8"7;
"7"21;
"6"38;
"5"28;
"4"20;
"3"7;
"2"31;
"1"39;
%"C"
"1","(-2850,3500)","1","kvm_matrix_lib","I20";
;
VALUE"1U-10V"
$LOCATION"?"
CDS_LMAN_SYM_OUTLINE"-50,0,50,-50"
CDS_LIB"kvm_matrix_lib"
CODE"08070403";
"1"57;
"2"46;
%"R"
"1","(-2200,2500)","1","kvm_matrix_lib","I21";
;
VALUE"4.7"
$LOCATION"?"
CODE"07098624"
CDS_LIB"kvm_matrix_lib"
CDS_LMAN_SYM_OUTLINE"-100,25,100,-25";
"A"3;
"B"36;
%"R"
"1","(-2200,4100)","1","kvm_matrix_lib","I22";
;
VALUE"49.9"
$LOCATION"?"
CODE"07090198"
CDS_LIB"kvm_matrix_lib"
CDS_LMAN_SYM_OUTLINE"-100,25,100,-25";
"A"47;
"B"35;
%"R"
"1","(-1900,4100)","1","kvm_matrix_lib","I23";
;
VALUE"49.9"
$LOCATION"?"
CODE"07090198"
CDS_LIB"kvm_matrix_lib"
CDS_LMAN_SYM_OUTLINE"-100,25,100,-25";
"A"46;
"B"35;
%"R"
"1","(-2200,3150)","1","kvm_matrix_lib","I24";
;
VALUE"49.9"
$LOCATION"?"
CODE"07090198"
CDS_LIB"kvm_matrix_lib"
CDS_LMAN_SYM_OUTLINE"-100,25,100,-25";
"A"36;
"B"47;
%"R"
"1","(-1900,3150)","1","kvm_matrix_lib","I25";
;
$LOCATION"?"
VALUE"49.9"
CDS_LMAN_SYM_OUTLINE"-100,25,100,-25"
CDS_LIB"kvm_matrix_lib"
CODE"07090198";
"A"36;
"B"46;
%"GND_SIGNAL"
"1","(-2250,2100)","0","standard","I26";
;
BODY_TYPE"PLUMBING"
HDL_POWER"GND_SIGNAL"
CDS_LIB"standard";
"GND"3;
%"R"
"1","(-3050,3150)","1","kvm_matrix_lib","I27";
;
VALUE"10K"
$LOCATION"?"
CODE"07090035"
CDS_LMAN_SYM_OUTLINE"-100,25,100,-25"
CDS_LIB"kvm_matrix_lib";
"A"4;
"B"57;
%"GND_SIGNAL"
"1","(-3100,2750)","0","standard","I28";
;
CDS_LIB"standard"
BODY_TYPE"PLUMBING"
HDL_POWER"GND_SIGNAL";
"GND"4;
%"RCLAMP0524P"
"1","(-8750,4350)","0","kvm_matrix_lib","I3";
;
CDS_LIB"kvm_matrix_lib"
CDS_LMAN_SYM_OUTLINE"-125,275,200,-250";
"10"19;
"9"49;
"8"9;
"7"50;
"6"23;
"5"40;
"4"30;
"3"9;
"2"29;
"1"48;
%"RCLAMP0524P"
"1","(-8750,3100)","0","kvm_matrix_lib","I4";
;
CDS_LIB"kvm_matrix_lib"
CDS_LMAN_SYM_OUTLINE"-125,275,200,-250";
"10"45;
"9"55;
"8"8;
"7"54;
"6"53;
"5"42;
"4"41;
"3"8;
"2"26;
"1"27;
%"GND_SIGNAL"
"1","(-6050,3550)","0","standard","I5";
;
CDS_LIB"standard"
HDL_POWER"GND_SIGNAL"
BODY_TYPE"PLUMBING";
"GND"5;
%"GND_SIGNAL"
"1","(-5250,3550)","0","standard","I6";
;
BODY_TYPE"PLUMBING"
HDL_POWER"GND_SIGNAL"
CDS_LIB"standard";
"GND"6;
%"GND_SIGNAL"
"1","(-8800,5100)","0","standard","I7";
;
CDS_LIB"standard"
HDL_POWER"GND_SIGNAL"
BODY_TYPE"PLUMBING";
"GND"7;
%"GND_SIGNAL"
"1","(-8800,3850)","0","standard","I8";
;
CDS_LIB"standard"
BODY_TYPE"PLUMBING"
HDL_POWER"GND_SIGNAL";
"GND"9;
%"GND_SIGNAL"
"1","(-8800,2600)","0","standard","I9";
;
BODY_TYPE"PLUMBING"
HDL_POWER"GND_SIGNAL"
CDS_LIB"standard";
"GND"8;
END.
