FILE_TYPE = CONNECTIVITY;
{Allegro Design Entry HDL 16.6-p007 (v16-6-112F) 10/10/2012}
"PAGE_NUMBER" = 38;
0"NC";
1"GND_SIGNAL\g";
2"GND_SIGNAL\g";
3"GND_SIGNAL\g";
4"GND_SIGNAL\g";
5"GND_SIGNAL\g";
6"GND_SIGNAL\g";
7"A7_HDMI1_SDA";
8"A7_HDMI1_SDA_Q";
9"V_A7_5V0_HDMI1";
10"A7_HDMI1_SCL_Q";
11"A7_HDMI1_SCL";
12"V_A7_5V0_HDMI1";
13"A7_HDMI1_CEC";
14"V_A7_3V3_VCCO";
15"V_A7_5V0_HDMI1";
16"A7_HDMI1_SDA";
17"A7_HDMI1_SCL";
18"A7_HDMI1_CEC";
19"A7_HDMI1_DATA1_P";
20"A7_HDMI1_DATA1_N";
21"A7_HDMI1_CLK_N";
22"A7_HDMI1_CLK_P";
23"A7_HDMI1_DATA2_N";
24"A7_HDMI1_DATA2_P";
25"A7_HDMI1_DATA0_N";
26"V_A7_5V0_HDMI1";
27"A7_HDMI1_DATA0_R_P";
28"A7_HDMI1_DATA2_R_P";
29"A7_HDMI1_DATA1_R_N";
30"A7_HDMI1_DATA1_R_P";
31"A7_HDMI1_CLK_R_N";
32"A7_HDMI1_CLK_R_P";
33"A7_HDMI1_DATA2_R_N";
34"A7_HDMI1_DATA0_R_N";
35"A7_HDMI1_CLK_P";
36"A7_HDMI1_CLK_N";
37"A7_HDMI1_DATA2_N";
38"A7_HDMI1_DATA2_P";
39"A7_HDMI1_DATA1_N";
40"A7_HDMI1_DATA1_P";
41"A7_HDMI1_DATA0_N";
42"A7_HDMI1_DATA0_P";
43"A7_HDMI1_SDA";
44"A7_HDMI1_SCL";
45"A7_HDMI1_HP";
46"A7_HDMI1_CEC";
47"A7_HDMI1_SDA";
48"A7_HDMI1_SCL";
49"A7_HDMI1_HP";
50"A7_HDMI1_CEC";
51"A7_HDMI1_CLK_N";
52"A7_HDMI1_CLK_P";
53"A7_HDMI1_DATA2_N";
54"A7_HDMI1_DATA2_P";
55"A7_HDMI1_CLK_N";
56"A7_HDMI1_CLK_P";
57"A7_HDMI1_DATA2_N";
58"A7_HDMI1_DATA2_P";
59"A7_HDMI1_DATA1_N";
60"A7_HDMI1_DATA1_P";
61"A7_HDMI1_DATA0_N";
62"A7_HDMI1_DATA0_P";
63"A7_HDMI1_DATA1_N";
64"A7_HDMI1_DATA1_P";
65"A7_HDMI1_DATA0_N";
66"V_A7_5V0_IN";
67"V_A7_3V3_VCCO";
68"V_A7_3V3_VCCO";
69"A7_HDMI1_DATA0_P";
70"UN$38$AO3400$I26$1";
71"V_A7_3V3_VCCO";
72"UN$38$AO3400$I28$1";
73"UN$38$DIODE$I31$A";
74"A7_HDMI1_HP";
75"A7_HDMI1_DATA0_P";
%"RCLAMP0524P"
"1","(-8700,3050)","0","kvm_matrix_lib","I1";
;
CDS_LMAN_SYM_OUTLINE"-125,275,200,-250"
CDS_LIB"kvm_matrix_lib";
"10"46;
"9"45;
"8"2;
"7"44;
"6"43;
"5"47;
"4"48;
"3"2;
"2"49;
"1"50;
%"DIODE"
"1","(-5050,4800)","0","kvm_matrix_lib","I10";
;
VALUE"MBRS120T3"
$LOCATION"?"
CODE"15010058"
CDS_LMAN_SYM_OUTLINE"-50,50,50,-50"
CDS_LIB"kvm_matrix_lib";
"K"26;
"A"66;
%"GND_SIGNAL"
"1","(-4800,4300)","0","standard","I11";
;
BODY_TYPE"PLUMBING"
HDL_POWER"GND_SIGNAL"
CDS_LIB"standard";
"GND"1;
%"C"
"1","(-4750,4600)","2","kvm_matrix_lib","I12";
;
$LOCATION"?"
VALUE"10UF"
CODE"08070391"
CDS_LMAN_SYM_OUTLINE"-50,0,50,-50"
CDS_LIB"kvm_matrix_lib";
"1"66;
"2"1;
%"R"
"1","(-4550,5550)","0","kvm_matrix_lib","I13";
;
VALUE"10"
$LOCATION"?"
CODE"07090459"
CDS_LMAN_SYM_OUTLINE"-100,25,100,-25"
CDS_LIB"kvm_matrix_lib";
"A"35;
"B"32;
%"R"
"1","(-4550,5450)","0","kvm_matrix_lib","I14";
;
VALUE"10"
$LOCATION"?"
CODE"07090459"
CDS_LMAN_SYM_OUTLINE"-100,25,100,-25"
CDS_LIB"kvm_matrix_lib";
"A"36;
"B"31;
%"R"
"1","(-4550,5700)","0","kvm_matrix_lib","I15";
;
VALUE"10"
$LOCATION"?"
CODE"07090459"
CDS_LMAN_SYM_OUTLINE"-100,25,100,-25"
CDS_LIB"kvm_matrix_lib";
"A"37;
"B"33;
%"R"
"1","(-4550,6050)","0","kvm_matrix_lib","I16";
;
VALUE"10"
$LOCATION"?"
CODE"07090459"
CDS_LMAN_SYM_OUTLINE"-100,25,100,-25"
CDS_LIB"kvm_matrix_lib";
"A"40;
"B"30;
%"R"
"1","(-5200,6600)","1","kvm_matrix_lib","I17";
;
VALUE"49.9"
$LOCATION"?"
CODE"07090198"
CDS_LMAN_SYM_OUTLINE"-100,25,100,-25"
CDS_LIB"kvm_matrix_lib";
"A"38;
"B"68;
%"R"
"1","(-5400,6600)","1","kvm_matrix_lib","I18";
;
VALUE"49.9"
$LOCATION"?"
CODE"07090198"
CDS_LMAN_SYM_OUTLINE"-100,25,100,-25"
CDS_LIB"kvm_matrix_lib";
"A"35;
"B"68;
%"R"
"1","(-5000,6600)","1","kvm_matrix_lib","I19";
;
VALUE"49.9"
$LOCATION"?"
CODE"07090198"
CDS_LMAN_SYM_OUTLINE"-100,25,100,-25"
CDS_LIB"kvm_matrix_lib";
"A"40;
"B"68;
%"GND_SIGNAL"
"1","(-8750,2550)","0","standard","I2";
;
HDL_POWER"GND_SIGNAL"
BODY_TYPE"PLUMBING"
CDS_LIB"standard";
"GND"2;
%"R"
"1","(-4900,6600)","1","kvm_matrix_lib","I20";
;
VALUE"49.9"
$LOCATION"?"
CODE"07090198"
CDS_LMAN_SYM_OUTLINE"-100,25,100,-25"
CDS_LIB"kvm_matrix_lib";
"A"41;
"B"68;
%"R"
"1","(-4550,6200)","0","kvm_matrix_lib","I21";
;
VALUE"10"
$LOCATION"?"
CODE"07090459"
CDS_LMAN_SYM_OUTLINE"-100,25,100,-25"
CDS_LIB"kvm_matrix_lib";
"A"41;
"B"34;
%"R"
"1","(-4550,6300)","0","kvm_matrix_lib","I22";
;
VALUE"10"
$LOCATION"?"
CODE"07090459"
CDS_LMAN_SYM_OUTLINE"-100,25,100,-25"
CDS_LIB"kvm_matrix_lib";
"A"42;
"B"27;
%"R"
"1","(-4800,6600)","1","kvm_matrix_lib","I23";
;
VALUE"49.9"
$LOCATION"?"
CODE"07090198"
CDS_LMAN_SYM_OUTLINE"-100,25,100,-25"
CDS_LIB"kvm_matrix_lib";
"A"42;
"B"68;
%"R"
"1","(-2100,2700)","1","kvm_matrix_lib","I24";
;
VALUE"1.8K-1%"
$LOCATION"?"
CODE"97090132"
CDS_LMAN_SYM_OUTLINE"-100,25,100,-25"
CDS_LIB"kvm_matrix_lib";
"A"7;
"B"9;
%"R"
"1","(-2100,4200)","1","kvm_matrix_lib","I25";
;
VALUE"1.8K-1%"
$LOCATION"?"
CODE"97090132"
CDS_LMAN_SYM_OUTLINE"-100,25,100,-25"
CDS_LIB"kvm_matrix_lib";
"A"11;
"B"12;
%"AO3400"
"1","(-1800,2250)","3","kvm_matrix_lib","I26";
;
CDS_LMAN_SYM_OUTLINE"-125,125,125,-125"
CDS_LIB"kvm_matrix_lib";
"3"7;
"2"8;
"1"70;
%"R"
"1","(-1800,2750)","1","kvm_matrix_lib","I27";
;
VALUE"10K"
$LOCATION"?"
CODE"07090035"
CDS_LMAN_SYM_OUTLINE"-100,25,100,-25"
CDS_LIB"kvm_matrix_lib";
"A"70;
"B"71;
%"AO3400"
"1","(-1800,3750)","3","kvm_matrix_lib","I28";
;
CDS_LMAN_SYM_OUTLINE"-125,125,125,-125"
CDS_LIB"kvm_matrix_lib";
"3"11;
"2"10;
"1"72;
%"R"
"1","(-1800,4250)","1","kvm_matrix_lib","I29";
;
VALUE"10K"
$LOCATION"?"
CODE"07090035"
CDS_LMAN_SYM_OUTLINE"-100,25,100,-25"
CDS_LIB"kvm_matrix_lib";
"A"72;
"B"14;
%"RCLAMP0524P"
"1","(-8700,4300)","0","kvm_matrix_lib","I3";
;
CDS_LMAN_SYM_OUTLINE"-125,275,200,-250"
CDS_LIB"kvm_matrix_lib";
"10"54;
"9"53;
"8"3;
"7"52;
"6"51;
"5"55;
"4"56;
"3"3;
"2"57;
"1"58;
%"R"
"1","(-1550,4250)","1","kvm_matrix_lib","I30";
;
VALUE"1.8K-1%"
$LOCATION"?"
CODE"97090132"
CDS_LMAN_SYM_OUTLINE"-100,25,100,-25"
CDS_LIB"kvm_matrix_lib";
"A"10;
"B"14;
%"DIODE"
"1","(-1500,6000)","1","kvm_matrix_lib","I31";
;
VALUE"1N4148"
$LOCATION"?"
CODE"95010058"
CDS_LMAN_SYM_OUTLINE"-50,50,50,-50"
CDS_LIB"kvm_matrix_lib";
"K"13;
"A"73;
%"R"
"1","(-1500,6500)","1","kvm_matrix_lib","I32";
;
VALUE"27.4K"
$LOCATION"?"
CODE"07090320"
CDS_LMAN_SYM_OUTLINE"-100,25,100,-25"
CDS_LIB"kvm_matrix_lib";
"A"73;
"B"67;
%"R"
"1","(-1550,2750)","1","kvm_matrix_lib","I33";
;
VALUE"1.8K-1%"
$LOCATION"?"
CODE"97090132"
CDS_LMAN_SYM_OUTLINE"-100,25,100,-25"
CDS_LIB"kvm_matrix_lib";
"A"8;
"B"71;
%"R"
"1","(-4550,5800)","0","kvm_matrix_lib","I34";
;
VALUE"10"
$LOCATION"?"
CODE"07090459"
CDS_LMAN_SYM_OUTLINE"-100,25,100,-25"
CDS_LIB"kvm_matrix_lib";
"A"38;
"B"28;
%"R"
"1","(-4550,5950)","0","kvm_matrix_lib","I35";
;
VALUE"10"
$LOCATION"?"
CODE"07090459"
CDS_LMAN_SYM_OUTLINE"-100,25,100,-25"
CDS_LIB"kvm_matrix_lib";
"A"39;
"B"29;
%"R"
"1","(-5100,6600)","1","kvm_matrix_lib","I36";
;
$LOCATION"?"
VALUE"49.9"
CODE"07090198"
CDS_LMAN_SYM_OUTLINE"-100,25,100,-25"
CDS_LIB"kvm_matrix_lib";
"A"39;
"B"68;
%"R"
"1","(-5300,6600)","1","kvm_matrix_lib","I37";
;
VALUE"49.9"
$LOCATION"?"
CODE"07090198"
CDS_LMAN_SYM_OUTLINE"-100,25,100,-25"
CDS_LIB"kvm_matrix_lib";
"A"37;
"B"68;
%"R"
"1","(-5500,6600)","1","kvm_matrix_lib","I38";
;
VALUE"49.9"
$LOCATION"?"
CODE"07090198"
CDS_LMAN_SYM_OUTLINE"-100,25,100,-25"
CDS_LIB"kvm_matrix_lib";
"A"36;
"B"68;
%"GND_SIGNAL"
"1","(-8750,3800)","0","standard","I4";
;
HDL_POWER"GND_SIGNAL"
BODY_TYPE"PLUMBING"
CDS_LIB"standard";
"GND"3;
%"GND_SIGNAL"
"1","(-8750,5050)","0","standard","I5";
;
BODY_TYPE"PLUMBING"
HDL_POWER"GND_SIGNAL"
CDS_LIB"standard";
"GND"4;
%"RCLAMP0524P"
"1","(-8700,5550)","0","kvm_matrix_lib","I6";
;
CDS_LMAN_SYM_OUTLINE"-125,275,200,-250"
CDS_LIB"kvm_matrix_lib";
"10"62;
"9"61;
"8"4;
"7"60;
"6"59;
"5"63;
"4"64;
"3"4;
"2"65;
"1"69;
%"GND_SIGNAL"
"1","(-5350,1950)","0","standard","I7";
;
HDL_POWER"GND_SIGNAL"
BODY_TYPE"PLUMBING"
CDS_LIB"standard";
"GND"5;
%"GND_SIGNAL"
"1","(-4550,1950)","0","standard","I8";
;
HDL_POWER"GND_SIGNAL"
BODY_TYPE"PLUMBING"
CDS_LIB"standard";
"GND"6;
%"HDMI-A"
"1","(-5000,3500)","0","kvm_matrix_lib","I9";
;
CDS_LMAN_SYM_OUTLINE"-125,500,325,-1150"
CDS_LIB"kvm_matrix_lib";
"23"5;
"22"5;
"21"5;
"20"5;
"19"74;
"18"15;
"17"6;
"16"16;
"15"17;
"14"0;
"13"18;
"12"21;
"11"5;
"10"22;
"9"25;
"8"5;
"7"75;
"6"20;
"5"5;
"4"19;
"3"23;
"2"5;
"1"24;
END.
