FILE_TYPE = CONNECTIVITY;
{Allegro Design Entry HDL 16.6-p007 (v16-6-112F) 10/10/2012}
"PAGE_NUMBER" = 33;
0"NC";
1"GND_SIGNAL\g";
2"GND_SIGNAL\g";
3"GND_SIGNAL\g";
4"GND_SIGNAL\g";
5"GND_SIGNAL\g";
6"GND_SIGNAL\g";
7"GND_SIGNAL\g";
8"A7_7612_A_DATA0_N";
9"A7_7612_A_DATA1_N";
10"A7_7612_A_DATA2_N";
11"A7_7612_A_CLK_N";
12"A7_7612_A_CLK_P";
13"A7_7612_B_DATA0_P";
14"A7_7612_B_DATA1_P";
15"A7_7612_B_DATA2_P";
16"A7_7612_B_DATA0_N";
17"A7_7612_B_DATA1_N";
18"A7_7612_B_DATA2_N";
19"A7_7612_B_CLK_N";
20"A7_7612_B_CLK_P";
21"A7_7612_A_HP";
22"A7_7612_B_HP";
23"A7_7612_INT1";
24"A7_7612_MCLK";
25"A7_7612_SCL";
26"V_A7_7612_B_5V0";
27"V_A7_7612_A_5V0";
28"V_A7_1V8_7612_DVDD";
29"A7_7612_AP0";
30"A7_7612_AP1";
31"A7_7612_AP2";
32"A7_7612_AP3";
33"A7_7612_AP4";
34"A7_7612_AP5";
35"A7_7612_CS_N";
36"A7_7612_RESET_N";
37"V_A7_1V8_7612_PVDD";
38"A7_7612_CS_N";
39"A7_7612_SDA";
40"A7_7612_INT2";
41"A7_7612_XTAL_N";
42"A7_7612_XTAL_P";
43"A7_7612_DE";
44"A7_7612_MCLK";
45"A7_7612_AP4";
46"A7_7612_AP3";
47"A7_7612_AP2";
48"A7_7612_AP1";
49"A7_7612_AP0";
50"A7_7612_B_SDA";
51"A7_7612_A_SCL";
52"A7_7612_A_SDA";
53"A7_7612_B_SCL";
54"A7_7612_A_DATA0_P";
55"A7_7612_SCL";
56"A7_7612_A_DATA2_P";
57"A7_7612_A_DATA1_P";
58"V_A7_3V3_7612_TVDD";
59"V_A7_1V8_7612_CVDD";
60"V_A7_3V3_7612_DVDDIO";
61"A7_7612_XTAL_P";
62"A7_7612_XTAL_N";
63"V_A7_3V3";
64"V_A7_1V8_7612_PVDD";
65"V_A7_3V3_7612_TVDD";
66"V_A7_3V3_7612_DVDDIO";
67"V_A7_3V3";
68"V_A7_3V3_7612_DVDDIO";
69"A7_7612_SDA";
70"V_A7_1V8";
71"A7_7612_AP5";
72"V_A7_1V8";
73"V_A7_1V8_7612_CVDD";
74"V_A7_1V8";
75"V_A7_1V8_7612_DVDD";
%"C"
"1","(-8750,3000)","0","kvm_matrix_lib","I10";
;
$LOCATION"?"
VALUE"0.1U"
CDS_LIB"kvm_matrix_lib"
CDS_LMAN_SYM_OUTLINE"-50,0,50,-50"
CODE"08070262";
"1"64;
"2"6;
%"C"
"1","(-8600,3000)","0","kvm_matrix_lib","I11";
;
$LOCATION"?"
VALUE"0.01U"
CDS_LIB"kvm_matrix_lib"
CDS_LMAN_SYM_OUTLINE"-50,0,50,-50"
CODE"08070247";
"1"64;
"2"6;
%"R"
"1","(-9150,4350)","0","kvm_matrix_lib","I12";
;
$LOCATION"?"
VALUE"0"
CDS_LIB"kvm_matrix_lib"
CDS_LMAN_SYM_OUTLINE"-100,25,100,-25"
CODE"07090522";
"A"46;
"B"7;
%"R"
"1","(-9150,4250)","0","kvm_matrix_lib","I13";
;
$LOCATION"?"
VALUE"0"
CDS_LIB"kvm_matrix_lib"
CDS_LMAN_SYM_OUTLINE"-100,25,100,-25"
CODE"07090522";
"A"45;
"B"7;
%"R"
"1","(-9150,4150)","0","kvm_matrix_lib","I14";
;
$LOCATION"?"
VALUE"0"
CDS_LIB"kvm_matrix_lib"
CDS_LMAN_SYM_OUTLINE"-100,25,100,-25"
CODE"07090522";
"A"71;
"B"7;
%"R"
"1","(-9150,4550)","0","kvm_matrix_lib","I15";
;
$LOCATION"?"
VALUE"0"
CDS_LIB"kvm_matrix_lib"
CDS_LMAN_SYM_OUTLINE"-100,25,100,-25"
CODE"07090522";
"A"48;
"B"7;
%"R"
"1","(-9150,4450)","0","kvm_matrix_lib","I16";
;
$LOCATION"?"
VALUE"0"
CDS_LIB"kvm_matrix_lib"
CDS_LMAN_SYM_OUTLINE"-100,25,100,-25"
CODE"07090522";
"A"47;
"B"7;
%"R"
"1","(-9150,4750)","0","kvm_matrix_lib","I17";
;
VALUE"0"
$LOCATION"?"
CDS_LIB"kvm_matrix_lib"
CDS_LMAN_SYM_OUTLINE"-100,25,100,-25"
CODE"07090522";
"A"44;
"B"7;
%"R"
"1","(-9150,4650)","0","kvm_matrix_lib","I18";
;
$LOCATION"?"
VALUE"0"
CDS_LIB"kvm_matrix_lib"
CDS_LMAN_SYM_OUTLINE"-100,25,100,-25"
CODE"07090522";
"A"49;
"B"7;
%"R"
"1","(-9150,5000)","0","kvm_matrix_lib","I19";
;
$LOCATION"?"
VALUE"47K"
CDS_LIB"kvm_matrix_lib"
CDS_LMAN_SYM_OUTLINE"-100,25,100,-25"
CODE"07090253";
"A"38;
"B"7;
%"GND_SIGNAL"
"1","(-8800,1500)","0","standard","I2";
;
CDS_LIB"standard"
HDL_POWER"GND_SIGNAL"
BODY_TYPE"PLUMBING";
"GND"1;
%"GND_SIGNAL"
"1","(-8550,4100)","1","standard","I20";
;
CDS_LIB"standard"
HDL_POWER"GND_SIGNAL"
BODY_TYPE"PLUMBING";
"GND"7;
%"C"
"1","(-8050,1900)","0","kvm_matrix_lib","I21";
;
$LOCATION"?"
VALUE"0.01U"
CDS_LIB"kvm_matrix_lib"
CDS_LMAN_SYM_OUTLINE"-50,0,50,-50"
CODE"08070247";
"1"73;
"2"1;
%"C"
"1","(-7900,1900)","0","kvm_matrix_lib","I22";
;
$LOCATION"?"
VALUE"0.01U"
CDS_LIB"kvm_matrix_lib"
CDS_LMAN_SYM_OUTLINE"-50,0,50,-50"
CODE"08070247";
"1"73;
"2"1;
%"C"
"1","(-7750,1900)","0","kvm_matrix_lib","I23";
;
$LOCATION"?"
VALUE"0.01U"
CDS_LIB"kvm_matrix_lib"
CDS_LMAN_SYM_OUTLINE"-50,0,50,-50"
CODE"08070247";
"1"73;
"2"1;
%"C"
"1","(-5300,1850)","0","kvm_matrix_lib","I24";
;
$LOCATION"?"
VALUE"0.1U"
CDS_LIB"kvm_matrix_lib"
CDS_LMAN_SYM_OUTLINE"-50,0,50,-50"
CODE"08070262";
"1"60;
"2"4;
%"C"
"1","(-5150,1850)","0","kvm_matrix_lib","I25";
;
$LOCATION"?"
VALUE"0.1U"
CDS_LIB"kvm_matrix_lib"
CDS_LMAN_SYM_OUTLINE"-50,0,50,-50"
CODE"08070262";
"1"60;
"2"4;
%"C"
"1","(-5000,1850)","0","kvm_matrix_lib","I26";
;
$LOCATION"?"
VALUE"0.1U"
CDS_LIB"kvm_matrix_lib"
CDS_LMAN_SYM_OUTLINE"-50,0,50,-50"
CODE"08070262";
"1"60;
"2"4;
%"C"
"1","(-4850,1850)","0","kvm_matrix_lib","I27";
;
VALUE"0.1U"
$LOCATION"?"
CDS_LIB"kvm_matrix_lib"
CDS_LMAN_SYM_OUTLINE"-50,0,50,-50"
CODE"08070262";
"1"60;
"2"4;
%"C"
"1","(-4350,1850)","0","kvm_matrix_lib","I28";
;
$LOCATION"?"
VALUE"0.01U"
CDS_LIB"kvm_matrix_lib"
CDS_LMAN_SYM_OUTLINE"-50,0,50,-50"
CODE"08070247";
"1"60;
"2"4;
%"C"
"1","(-4200,1850)","0","kvm_matrix_lib","I29";
;
$LOCATION"?"
VALUE"0.01U"
CDS_LIB"kvm_matrix_lib"
CDS_LMAN_SYM_OUTLINE"-50,0,50,-50"
CODE"08070247";
"1"60;
"2"4;
%"C"
"1","(-8750,1900)","0","kvm_matrix_lib","I3";
;
$LOCATION"?"
VALUE"1U"
CDS_LIB"kvm_matrix_lib"
CDS_LMAN_SYM_OUTLINE"-50,0,50,-50"
CODE"98070403";
"1"73;
"2"1;
%"LB"
"1","(-5700,2100)","0","kvm_matrix_lib","I30";
;
$LOCATION"?"
VALUE"100MOHM"
CDS_LIB"kvm_matrix_lib"
CDS_LMAN_SYM_OUTLINE"-125,50,125,0"
CODE"10070008";
"B"60;
"A"63;
%"GND_SIGNAL"
"1","(-5350,2550)","0","standard","I31";
;
CDS_LIB"standard"
HDL_POWER"GND_SIGNAL"
BODY_TYPE"PLUMBING";
"GND"2;
%"C"
"1","(-5300,3000)","0","kvm_matrix_lib","I32";
;
$LOCATION"?"
VALUE"0.1U"
CDS_LIB"kvm_matrix_lib"
CDS_LMAN_SYM_OUTLINE"-50,0,50,-50"
CODE"08070262";
"1"65;
"2"2;
%"C"
"1","(-5150,3000)","0","kvm_matrix_lib","I33";
;
$LOCATION"?"
VALUE"0.1U"
CDS_LIB"kvm_matrix_lib"
CDS_LMAN_SYM_OUTLINE"-50,0,50,-50"
CODE"08070262";
"1"65;
"2"2;
%"LB"
"1","(-5700,3200)","0","kvm_matrix_lib","I34";
;
$LOCATION"?"
VALUE"100MOHM"
CDS_LIB"kvm_matrix_lib"
CDS_LMAN_SYM_OUTLINE"-125,50,125,0"
CODE"10070008";
"B"65;
"A"67;
%"C"
"1","(-5000,3000)","0","kvm_matrix_lib","I35";
;
$LOCATION"?"
VALUE"0.1U"
CDS_LIB"kvm_matrix_lib"
CDS_LMAN_SYM_OUTLINE"-50,0,50,-50"
CODE"08070262";
"1"65;
"2"2;
%"C"
"1","(-4850,3000)","0","kvm_matrix_lib","I36";
;
$LOCATION"?"
VALUE"0.1U"
CDS_LIB"kvm_matrix_lib"
CDS_LMAN_SYM_OUTLINE"-50,0,50,-50"
CODE"08070262";
"1"65;
"2"2;
%"C"
"1","(-4700,3000)","0","kvm_matrix_lib","I37";
;
$LOCATION"?"
VALUE"0.1U"
CDS_LIB"kvm_matrix_lib"
CDS_LMAN_SYM_OUTLINE"-50,0,50,-50"
CODE"08070262";
"1"65;
"2"2;
%"C"
"1","(-4550,3000)","0","kvm_matrix_lib","I38";
;
$LOCATION"?"
VALUE"0.1U"
CDS_LIB"kvm_matrix_lib"
CDS_LMAN_SYM_OUTLINE"-50,0,50,-50"
CODE"08070262";
"1"65;
"2"2;
%"C"
"1","(-4350,3000)","0","kvm_matrix_lib","I39";
;
$LOCATION"?"
VALUE"0.01U"
CDS_LIB"kvm_matrix_lib"
CDS_LMAN_SYM_OUTLINE"-50,0,50,-50"
CODE"08070247";
"1"65;
"2"2;
%"C"
"1","(-8550,1900)","0","kvm_matrix_lib","I4";
;
$LOCATION"?"
VALUE"0.1U"
CDS_LIB"kvm_matrix_lib"
CDS_LMAN_SYM_OUTLINE"-50,0,50,-50"
CODE"08070262";
"1"73;
"2"1;
%"C"
"1","(-4200,3000)","0","kvm_matrix_lib","I40";
;
$LOCATION"?"
VALUE"0.01U"
CDS_LIB"kvm_matrix_lib"
CDS_LMAN_SYM_OUTLINE"-50,0,50,-50"
CODE"08070247";
"1"65;
"2"2;
%"C"
"1","(-4050,3000)","0","kvm_matrix_lib","I41";
;
$LOCATION"?"
VALUE"0.01U"
CDS_LIB"kvm_matrix_lib"
CDS_LMAN_SYM_OUTLINE"-50,0,50,-50"
CODE"08070247";
"1"65;
"2"2;
%"ADV7612BSWZ"
"1","(-3950,5600)","0","kvm_matrix_lib","I42";
;
$LOCATION"?"
CDS_LIB"kvm_matrix_lib"
CDS_LMAN_SYM_OUTLINE"-1400,1800,1400,-1700"
PACK_TYPE"PACK_TYPE"
VALUE"VALUE";
"DE"43;
"XTALP"42;
"XTALN"41;
"SDA"39;
"SCLK/INT2"40;
"SCL"25;
"RXB_5V"26;
"RXA_5V"27;
"MCLK/INT2"24;
"INT1"23;
"HPA_B"22;
"HPA_A/INT2"21;
"RXB_C+"20;
"RXB_C-"19;
"RXB_2-"18;
"RXB_1-"17;
"RXB_0-"16;
"RXB_2+"15;
"RXB_1+"14;
"RXB_0+"13;
"RXA_C+"12;
"RXA_C-"11;
"RXA_2-"10;
"RXA_1-"9;
"RXA_0-"8;
"RXA_2+"56;
"RXA_1+"57;
"RXA_0+"54;
"DDCB_SDA"50;
"DDCB_SCL"53;
"DDCA_SDA"52;
"DDCA_SCL"51;
"RESET"36;
"CS"35;
"AP5"34;
"AP4"33;
"AP3"32;
"AP2"31;
"AP1/I2S_TDM"30;
"AP0"29;
"TVDD_6"58;
"TVDD_5"58;
"TVDD_4"58;
"TVDD_3"58;
"TVDD_2"58;
"TVDD"58;
"PVDD"37;
"DVDD_4"28;
"DVDD_3"28;
"DVDD"28;
"DVDDIO_4"66;
"DVDDIO_3"66;
"DVDDIO_2"66;
"DVDDIO"66;
"CVDD_3"59;
"CVDD_2"59;
"DVDD_2"28;
"CVDD"59;
%"GND_SIGNAL"
"1","(-3250,1400)","7","standard","I43";
;
CDS_LIB"standard"
HDL_POWER"GND_SIGNAL"
BODY_TYPE"PLUMBING";
"GND"3;
%"C"
"1","(-2750,1450)","1","kvm_matrix_lib","I44";
;
$LOCATION"?"
VALUE"47PF"
CDS_LIB"kvm_matrix_lib"
CDS_LMAN_SYM_OUTLINE"-50,0,50,-50"
CODE"98070500";
"1"3;
"2"62;
%"CRYSTAL"
"1","(-2450,1650)","1","kvm_matrix_lib","I45";
;
$LOCATION"?"
VALUE"28.636MHZ"
CDS_LIB"kvm_matrix_lib"
CDS_LMAN_SYM_OUTLINE"50,100,225,-100"
CODE"12020113";
"A1"62;
"A2"61;
%"R"
"1","(-2100,1750)","1","kvm_matrix_lib","I46";
;
$LOCATION"?"
VALUE"392K"
CDS_LIB"kvm_matrix_lib"
CDS_LMAN_SYM_OUTLINE"-100,25,100,-25"
CODE"07090584";
"A"62;
"B"61;
%"C"
"1","(-3900,3000)","0","kvm_matrix_lib","I47";
;
$LOCATION"?"
VALUE"0.01U"
CDS_LIB"kvm_matrix_lib"
CDS_LMAN_SYM_OUTLINE"-50,0,50,-50"
CODE"08070247";
"1"65;
"2"2;
%"C"
"1","(-3750,3000)","0","kvm_matrix_lib","I48";
;
$LOCATION"?"
VALUE"0.01U"
CDS_LIB"kvm_matrix_lib"
CDS_LMAN_SYM_OUTLINE"-50,0,50,-50"
CODE"08070247";
"1"65;
"2"2;
%"C"
"1","(-3600,3000)","0","kvm_matrix_lib","I49";
;
$LOCATION"?"
VALUE"0.01U"
CDS_LIB"kvm_matrix_lib"
CDS_LMAN_SYM_OUTLINE"-50,0,50,-50"
CODE"08070247";
"1"65;
"2"2;
%"C"
"1","(-8400,1900)","0","kvm_matrix_lib","I5";
;
$LOCATION"?"
VALUE"0.1U"
CDS_LIB"kvm_matrix_lib"
CDS_LMAN_SYM_OUTLINE"-50,0,50,-50"
CODE"08070262";
"1"73;
"2"1;
%"C"
"1","(-2750,2100)","1","kvm_matrix_lib","I50";
;
$LOCATION"?"
VALUE"47PF"
CDS_LIB"kvm_matrix_lib"
CDS_LMAN_SYM_OUTLINE"-50,0,50,-50"
CODE"98070500";
"1"3;
"2"61;
%"C"
"1","(-4500,1850)","0","kvm_matrix_lib","I51";
;
$LOCATION"?"
VALUE"0.01U"
CDS_LIB"kvm_matrix_lib"
CDS_LMAN_SYM_OUTLINE"-50,0,50,-50"
CODE"08070247";
"1"60;
"2"4;
%"C"
"1","(-4650,1850)","0","kvm_matrix_lib","I52";
;
VALUE"0.01U"
$LOCATION"?"
CDS_LIB"kvm_matrix_lib"
CDS_LMAN_SYM_OUTLINE"-50,0,50,-50"
CODE"08070247";
"1"60;
"2"4;
%"GND_SIGNAL"
"1","(-5350,1450)","0","standard","I53";
;
CDS_LIB"standard"
BODY_TYPE"PLUMBING"
HDL_POWER"GND_SIGNAL";
"GND"4;
%"R"
"1","(-8750,6650)","1","kvm_matrix_lib","I54";
;
$LOCATION"?"
VALUE"4.7K"
CDS_LIB"kvm_matrix_lib"
CDS_LMAN_SYM_OUTLINE"-100,25,100,-25"
CODE"07090246";
"A"69;
"B"68;
%"R"
"1","(-8950,6650)","1","kvm_matrix_lib","I55";
;
$LOCATION"?"
VALUE"4.7K"
CDS_LIB"kvm_matrix_lib"
CDS_LMAN_SYM_OUTLINE"-100,25,100,-25"
CODE"07090246";
"A"55;
"B"68;
%"LB"
"1","(-9100,950)","0","kvm_matrix_lib","I56";
;
VALUE"100MOHM"
$LOCATION"?"
CODE"10070008"
CDS_LMAN_SYM_OUTLINE"-125,50,125,0"
CDS_LIB"kvm_matrix_lib";
"B"75;
"A"74;
%"GND_SIGNAL"
"1","(-8800,350)","0","standard","I57";
;
HDL_POWER"GND_SIGNAL"
BODY_TYPE"PLUMBING"
CDS_LIB"standard";
"GND"5;
%"C"
"1","(-8750,750)","0","kvm_matrix_lib","I58";
;
VALUE"0.1U"
$LOCATION"?"
CODE"08070262"
CDS_LMAN_SYM_OUTLINE"-50,0,50,-50"
CDS_LIB"kvm_matrix_lib";
"1"75;
"2"5;
%"C"
"1","(-8600,750)","0","kvm_matrix_lib","I59";
;
VALUE"0.1U"
$LOCATION"?"
CODE"08070262"
CDS_LMAN_SYM_OUTLINE"-50,0,50,-50"
CDS_LIB"kvm_matrix_lib";
"1"75;
"2"5;
%"C"
"1","(-8250,1900)","0","kvm_matrix_lib","I6";
;
$LOCATION"?"
VALUE"0.1U"
CDS_LIB"kvm_matrix_lib"
CDS_LMAN_SYM_OUTLINE"-50,0,50,-50"
CODE"08070262";
"1"73;
"2"1;
%"C"
"1","(-7950,750)","0","kvm_matrix_lib","I60";
;
VALUE"0.01U"
$LOCATION"?"
CODE"08070247"
CDS_LMAN_SYM_OUTLINE"-50,0,50,-50"
CDS_LIB"kvm_matrix_lib";
"1"75;
"2"5;
%"C"
"1","(-8100,750)","0","kvm_matrix_lib","I61";
;
VALUE"0.01U"
$LOCATION"?"
CODE"08070247"
CDS_LMAN_SYM_OUTLINE"-50,0,50,-50"
CDS_LIB"kvm_matrix_lib";
"1"75;
"2"5;
%"C"
"1","(-8250,750)","0","kvm_matrix_lib","I62";
;
VALUE"0.01U"
$LOCATION"?"
CODE"08070247"
CDS_LMAN_SYM_OUTLINE"-50,0,50,-50"
CDS_LIB"kvm_matrix_lib";
"1"75;
"2"5;
%"C"
"1","(-8450,750)","0","kvm_matrix_lib","I63";
;
VALUE"0.1U"
$LOCATION"?"
CODE"08070262"
CDS_LMAN_SYM_OUTLINE"-50,0,50,-50"
CDS_LIB"kvm_matrix_lib";
"1"75;
"2"5;
%"LB"
"1","(-9100,2100)","0","kvm_matrix_lib","I7";
;
$LOCATION"?"
VALUE"100MOHM"
CDS_LIB"kvm_matrix_lib"
CDS_LMAN_SYM_OUTLINE"-125,50,125,0"
CODE"10070008";
"B"73;
"A"72;
%"LB"
"1","(-9100,3200)","0","kvm_matrix_lib","I8";
;
$LOCATION"?"
VALUE"100MOHM"
CDS_LIB"kvm_matrix_lib"
CDS_LMAN_SYM_OUTLINE"-125,50,125,0"
CODE"10070008";
"B"64;
"A"70;
%"GND_SIGNAL"
"1","(-8800,2550)","0","standard","I9";
;
CDS_LIB"standard"
HDL_POWER"GND_SIGNAL"
BODY_TYPE"PLUMBING";
"GND"6;
END.
