FILE_TYPE = CONNECTIVITY;
{Allegro Design Entry HDL 16.6-p007 (v16-6-112F) 10/10/2012}
"PAGE_NUMBER" = 35;
0"NC";
1"GND_SIGNAL\g";
2"GND_SIGNAL\g";
3"GND_SIGNAL\g";
4"GND_SIGNAL\g";
5"GND_SIGNAL\g";
6"GND_SIGNAL\g";
7"GND_SIGNAL\g";
8"GND_SIGNAL\g";
9"GND_SIGNAL\g";
10"GND_SIGNAL\g";
11"GND_SIGNAL\g";
12"GND_SIGNAL\g";
13"A7_7612_B_HP";
14"UN$35$BSS123LT1$I12$3";
15"A7_7612_A_HP";
16"V_A7_7612_B_5V0";
17"A7_7612_CEC";
18"V_A7_3V3_7612_DVDDIO";
19"A7_7612_B_DATA0_P";
20"V_A7_7612_B_5V0";
21"V_A7_7612_A_5V0";
22"A7_7612_A_SCL";
23"A7_7612_A_SDA";
24"A7_7612_A_HP";
25"A7_7612_A_CEC";
26"A7_7612_A_HP";
27"A7_7612_A_SDA";
28"A7_7612_A_DATA1_N";
29"A7_7612_B_DATA2_P";
30"A7_7612_B_DATA0_P";
31"A7_7612_B_DATA0_N";
32"A7_7612_B_CLK_P";
33"A7_7612_B_DATA2_N";
34"A7_7612_B_DATA1_P";
35"A7_7612_B_DATA0_N";
36"A7_7612_B_DATA2_N";
37"A7_7612_A_DATA1_P";
38"A7_7612_A_DATA2_N";
39"A7_7612_A_CLK_N";
40"A7_7612_A_CLK_N";
41"A7_7612_A_CLK_P";
42"A7_7612_A_DATA2_N";
43"A7_7612_A_DATA0_P";
44"A7_7612_A_DATA0_N";
45"A7_7612_A_DATA0_P";
46"A7_7612_A_DATA0_N";
47"A7_7612_A_DATA2_P";
48"A7_7612_A_DATA1_P";
49"A7_7612_A_HP";
50"A7_7612_A_DATA1_N";
51"A7_7612_B_DATA1_N";
52"A7_7612_A_CLK_P";
53"A7_7612_B_CLK_P";
54"A7_7612_B_CLK_N";
55"A7_7612_B_SDA";
56"A7_7612_B_SCL";
57"A7_7612_B_HP";
58"A7_7612_B_CEC";
59"A7_7612_A_DATA1_P";
60"A7_7612_A_DATA2_N";
61"A7_7612_A_DATA2_P";
62"A7_7612_A_DATA1_N";
63"A7_7612_A_DATA0_N";
64"A7_7612_A_DATA0_P";
65"A7_7612_A_CEC";
66"A7_7612_A_SDA";
67"A7_7612_A_SCL";
68"A7_7612_A_CLK_N";
69"A7_7612_A_CLK_P";
70"A7_7612_A_DATA2_P";
71"A7_7612_A_SCL";
72"A7_7612_A_SDA";
73"A7_7612_B_DATA1_N";
74"A7_7612_B_DATA1_P";
75"A7_7612_B_DATA0_N";
76"A7_7612_B_DATA0_P";
77"A7_7612_B_DATA2_P";
78"A7_7612_B_CLK_N";
79"A7_7612_B_SDA";
80"A7_7612_B_SCL";
81"A7_7612_B_HP";
82"A7_7612_B_CEC";
83"UN$35$BSS123LT1$I20$3";
84"V_A7_5V0_IN";
85"V_A7_7612_A_5V0";
86"UN$35$DIODE$I10$A";
87"V_A7_5V0_IN";
88"V_A7_7612_B_5V0";
89"A7_7612_B_CEC";
90"A7_7612_A_CEC";
91"A7_7612_B_SCL";
92"A7_7612_B_SDA";
93"A7_7612_A_CEC";
94"V_A7_7612_A_5V0";
95"A7_7612_A_SCL";
96"A7_7612_B_CEC";
97"A7_7612_B_HP";
98"A7_7612_B_SCL";
99"A7_7612_B_SDA";
100"A7_7612_B_DATA1_P";
101"A7_7612_B_DATA1_N";
102"A7_7612_B_DATA2_P";
103"A7_7612_B_DATA2_N";
104"A7_7612_B_CLK_P";
105"A7_7612_B_CLK_N";
%"GND_SIGNAL"
"1","(-6300,1150)","0","standard","I1";
;
BODY_TYPE"PLUMBING"
HDL_POWER"GND_SIGNAL"
CDS_LIB"standard";
"GND"12;
%"DIODE"
"1","(-2700,4200)","1","kvm_matrix_lib","I10";
;
$LOCATION"?"
VALUE"1N4148"
CODE"95010058"
CDS_LMAN_SYM_OUTLINE"-50,50,50,-50"
CDS_LIB"kvm_matrix_lib";
"K"17;
"A"86;
%"GND_SIGNAL"
"1","(-1800,1600)","0","standard","I11";
;
HDL_POWER"GND_SIGNAL"
BODY_TYPE"PLUMBING"
CDS_LIB"standard";
"GND"11;
%"BSS123LT1"
"1","(-1750,2050)","0","kvm_matrix_lib","I12";
;
CDS_LMAN_SYM_OUTLINE"-125,125,125,-125"
CDS_LIB"kvm_matrix_lib";
"3"14;
"2"11;
"1"87;
%"R"
"1","(-1750,2900)","1","kvm_matrix_lib","I13";
;
VALUE"100K-1%"
$LOCATION"?"
CODE"07090514"
CDS_LMAN_SYM_OUTLINE"-100,25,100,-25"
CDS_LIB"kvm_matrix_lib";
"A"14;
"B"16;
%"BSS123LT1"
"1","(-1250,2350)","0","kvm_matrix_lib","I14";
;
CDS_LMAN_SYM_OUTLINE"-125,125,125,-125"
CDS_LIB"kvm_matrix_lib";
"3"13;
"2"11;
"1"14;
%"R"
"1","(-1250,2900)","1","kvm_matrix_lib","I15";
;
VALUE"1K"
$LOCATION"?"
CODE"07090277"
CDS_LMAN_SYM_OUTLINE"-100,25,100,-25"
CDS_LIB"kvm_matrix_lib";
"A"13;
"B"16;
%"R"
"1","(-3450,6150)","1","kvm_matrix_lib","I16";
;
VALUE"47K-1%"
$LOCATION"?"
CODE"07090449"
CDS_LMAN_SYM_OUTLINE"-100,25,100,-25"
CDS_LIB"kvm_matrix_lib";
"A"22;
"B"85;
%"R"
"1","(-3250,6150)","1","kvm_matrix_lib","I17";
;
VALUE"47K-1%"
$LOCATION"?"
CODE"07090449"
CDS_LMAN_SYM_OUTLINE"-100,25,100,-25"
CDS_LIB"kvm_matrix_lib";
"A"27;
"B"85;
%"R"
"1","(-2700,4700)","1","kvm_matrix_lib","I18";
;
VALUE"27.4K"
$LOCATION"?"
CODE"07090320"
CDS_LMAN_SYM_OUTLINE"-100,25,100,-25"
CDS_LIB"kvm_matrix_lib";
"A"86;
"B"18;
%"GND_SIGNAL"
"1","(-1850,5300)","0","standard","I19";
;
BODY_TYPE"PLUMBING"
HDL_POWER"GND_SIGNAL"
CDS_LIB"standard";
"GND"10;
%"HDMI-A"
"1","(-6000,2700)","0","kvm_matrix_lib","I2";
;
CDS_LMAN_SYM_OUTLINE"-125,500,325,-1150"
CDS_LIB"kvm_matrix_lib";
"23"12;
"22"12;
"21"12;
"20"12;
"19"97;
"18"20;
"17"7;
"16"99;
"15"98;
"14"0;
"13"96;
"12"105;
"11"12;
"10"104;
"9"35;
"8"12;
"7"19;
"6"101;
"5"12;
"4"100;
"3"103;
"2"12;
"1"102;
%"BSS123LT1"
"1","(-1800,5750)","0","kvm_matrix_lib","I20";
;
CDS_LMAN_SYM_OUTLINE"-125,125,125,-125"
CDS_LIB"kvm_matrix_lib";
"3"83;
"2"10;
"1"84;
%"BSS123LT1"
"1","(-1300,6050)","0","kvm_matrix_lib","I21";
;
CDS_LMAN_SYM_OUTLINE"-125,125,125,-125"
CDS_LIB"kvm_matrix_lib";
"3"15;
"2"10;
"1"83;
%"R"
"1","(-1800,6600)","1","kvm_matrix_lib","I22";
;
VALUE"100K-1%"
$LOCATION"?"
CODE"07090514"
CDS_LMAN_SYM_OUTLINE"-100,25,100,-25"
CDS_LIB"kvm_matrix_lib";
"A"83;
"B"21;
%"R"
"1","(-1300,6600)","1","kvm_matrix_lib","I23";
;
VALUE"1K"
$LOCATION"?"
CODE"07090277"
CDS_LMAN_SYM_OUTLINE"-100,25,100,-25"
CDS_LIB"kvm_matrix_lib";
"A"15;
"B"21;
%"HDMI-A"
"1","(-6000,6400)","0","kvm_matrix_lib","I24";
;
CDS_LMAN_SYM_OUTLINE"-125,500,325,-1150"
CDS_LIB"kvm_matrix_lib";
"23"2;
"22"2;
"21"2;
"20"2;
"19"26;
"18"94;
"17"1;
"16"23;
"15"95;
"14"0;
"13"93;
"12"40;
"11"2;
"10"41;
"9"46;
"8"2;
"7"45;
"6"28;
"5"2;
"4"48;
"3"42;
"2"2;
"1"47;
%"RCLAMP0524P"
"1","(-8900,1100)","0","kvm_matrix_lib","I25";
;
CDS_LMAN_SYM_OUTLINE"-125,275,200,-250"
CDS_LIB"kvm_matrix_lib";
"10"58;
"9"57;
"8"9;
"7"56;
"6"55;
"5"79;
"4"80;
"3"9;
"2"81;
"1"82;
%"GND_SIGNAL"
"1","(-8950,650)","0","standard","I26";
;
BODY_TYPE"PLUMBING"
HDL_POWER"GND_SIGNAL"
CDS_LIB"standard";
"GND"9;
%"RCLAMP0524P"
"1","(-8800,2150)","2","kvm_matrix_lib","I27";
;
CDS_LMAN_SYM_OUTLINE"-125,275,200,-250"
CDS_LIB"kvm_matrix_lib";
"10"77;
"9"33;
"8"8;
"7"32;
"6"78;
"5"54;
"4"53;
"3"8;
"2"36;
"1"29;
%"GND_SIGNAL"
"1","(-8950,1700)","0","standard","I28";
;
BODY_TYPE"PLUMBING"
HDL_POWER"GND_SIGNAL"
CDS_LIB"standard";
"GND"8;
%"RCLAMP0524P"
"1","(-8800,3150)","2","kvm_matrix_lib","I29";
;
CDS_LMAN_SYM_OUTLINE"-125,275,200,-250"
CDS_LIB"kvm_matrix_lib";
"10"76;
"9"75;
"8"6;
"7"74;
"6"73;
"5"51;
"4"34;
"3"6;
"2"31;
"1"30;
%"GND_SIGNAL"
"1","(-5600,1150)","0","standard","I3";
;
BODY_TYPE"PLUMBING"
HDL_POWER"GND_SIGNAL"
CDS_LIB"standard";
"GND"7;
%"GND_SIGNAL"
"1","(-8950,2700)","0","standard","I30";
;
BODY_TYPE"PLUMBING"
HDL_POWER"GND_SIGNAL"
CDS_LIB"standard";
"GND"6;
%"GND_SIGNAL"
"1","(-8950,4300)","0","standard","I31";
;
BODY_TYPE"PLUMBING"
HDL_POWER"GND_SIGNAL"
CDS_LIB"standard";
"GND"5;
%"GND_SIGNAL"
"1","(-8950,5400)","0","standard","I32";
;
BODY_TYPE"PLUMBING"
HDL_POWER"GND_SIGNAL"
CDS_LIB"standard";
"GND"4;
%"RCLAMP0524P"
"1","(-8800,5850)","2","kvm_matrix_lib","I33";
;
CDS_LMAN_SYM_OUTLINE"-125,275,200,-250"
CDS_LIB"kvm_matrix_lib";
"10"70;
"9"38;
"8"4;
"7"69;
"6"68;
"5"39;
"4"52;
"3"4;
"2"60;
"1"61;
%"GND_SIGNAL"
"1","(-8950,6400)","0","standard","I34";
;
BODY_TYPE"PLUMBING"
HDL_POWER"GND_SIGNAL"
CDS_LIB"standard";
"GND"3;
%"RCLAMP0524P"
"1","(-8800,6850)","2","kvm_matrix_lib","I35";
;
CDS_LMAN_SYM_OUTLINE"-125,275,200,-250"
CDS_LIB"kvm_matrix_lib";
"10"64;
"9"63;
"8"3;
"7"37;
"6"62;
"5"50;
"4"59;
"3"3;
"2"44;
"1"43;
%"RCLAMP0524P"
"1","(-8900,4750)","0","kvm_matrix_lib","I36";
;
CDS_LMAN_SYM_OUTLINE"-125,275,200,-250"
CDS_LIB"kvm_matrix_lib";
"10"65;
"9"49;
"8"5;
"7"67;
"6"66;
"5"72;
"4"71;
"3"5;
"2"24;
"1"25;
%"GND_SIGNAL"
"1","(-6300,4850)","0","standard","I4";
;
HDL_POWER"GND_SIGNAL"
BODY_TYPE"PLUMBING"
CDS_LIB"standard";
"GND"2;
%"GND_SIGNAL"
"1","(-5600,4850)","0","standard","I5";
;
BODY_TYPE"PLUMBING"
HDL_POWER"GND_SIGNAL"
CDS_LIB"standard";
"GND"1;
%"R"
"1","(-3400,2450)","1","kvm_matrix_lib","I6";
;
VALUE"47K-1%"
$LOCATION"?"
CODE"07090449"
CDS_LMAN_SYM_OUTLINE"-100,25,100,-25"
CDS_LIB"kvm_matrix_lib";
"A"91;
"B"88;
%"R"
"1","(-3200,2450)","1","kvm_matrix_lib","I7";
;
VALUE"47K-1%"
$LOCATION"?"
CODE"07090449"
CDS_LMAN_SYM_OUTLINE"-100,25,100,-25"
CDS_LIB"kvm_matrix_lib";
"A"92;
"B"88;
%"R"
"1","(-3350,3750)","0","kvm_matrix_lib","I8";
;
VALUE"0"
$LOCATION"?"
CODE"07090522"
CDS_LMAN_SYM_OUTLINE"-100,25,100,-25"
CDS_LIB"kvm_matrix_lib";
"A"89;
"B"17;
%"R"
"1","(-3350,4050)","0","kvm_matrix_lib","I9";
;
VALUE"0"
$LOCATION"?"
CODE"07090522"
CDS_LMAN_SYM_OUTLINE"-100,25,100,-25"
CDS_LIB"kvm_matrix_lib";
"A"90;
"B"17;
END.
