FILE_TYPE = CONNECTIVITY;
{Allegro Design Entry HDL 16.6-p007 (v16-6-112F) 10/10/2012}
"PAGE_NUMBER" = 1;
0"NC";
1"GND_SIGNAL\g";
2"GND_SIGNAL\g";
3"GND_SIGNAL\g";
4"GND_SIGNAL\g";
5"V_A7_5V0_IN";
6"V_S7_5V0_IN";
7"V_5V_IN";
8"V_5V_IN";
9"V_5V_IN";
10"V_Z7_5V0_IN";
11"V_5V_IN";
12"V_5V_IN_1";
13"V_5V_IN_2";
%"6PIN"
"1","(-250,6500)","0","kvm_matrix_lib","I1";
;
VALUE"6PIN"
$LOCATION"?"
CDS_LMAN_SYM_OUTLINE"-125,175,125,-175"
CDS_LIB"kvm_matrix_lib";
"PIN3"1;
"PIN4"1;
"PIN6"12;
"PIN5"1;
"PIN2"12;
"PIN1"12;
%"MBRD835L"
"1","(-2300,5700)","0","kvm_matrix_lib","I10";
;
CDS_LMAN_SYM_OUTLINE"-125,125,125,-125"
$LOCATION"?"
CDS_LIB"kvm_matrix_lib";
"A2"13;
"K"8;
"A1"13;
%"GND_SIGNAL"
"1","(-5750,4500)","0","standard","I11";
;
BODY_TYPE"PLUMBING"
HDL_POWER"GND_SIGNAL"
CDS_LIB"standard";
"GND"4;
%"WIPER-SW"
"1","(-6000,5850)","0","kvm_matrix_lib","I12";
;
CDS_LIB"kvm_matrix_lib"
CDS_LMAN_SYM_OUTLINE"-125,125,125,-75";
"5"3;
"4"3;
"3"5;
"2"9;
"1"0;
%"GND_SIGNAL"
"1","(-5750,5550)","0","standard","I13";
;
CDS_LIB"standard"
BODY_TYPE"PLUMBING"
HDL_POWER"GND_SIGNAL";
"GND"3;
%"WIPER-SW"
"1","(-6000,7150)","0","kvm_matrix_lib","I14";
;
CDS_LIB"kvm_matrix_lib"
CDS_LMAN_SYM_OUTLINE"-125,125,125,-75";
"5"2;
"4"2;
"3"6;
"2"7;
"1"0;
%"GND_SIGNAL"
"1","(-5750,6850)","0","standard","I15";
;
CDS_LIB"standard"
BODY_TYPE"PLUMBING"
HDL_POWER"GND_SIGNAL";
"GND"2;
%"WIPER-SW"
"1","(-6000,4800)","0","kvm_matrix_lib","I4";
;
CDS_LIB"kvm_matrix_lib"
CDS_LMAN_SYM_OUTLINE"-125,125,125,-75";
"5"4;
"4"4;
"3"10;
"2"11;
"1"0;
%"6PIN"
"1","(-250,5450)","0","kvm_matrix_lib","I5";
;
VALUE"6PIN"
$LOCATION"?"
CDS_LIB"kvm_matrix_lib"
CDS_LMAN_SYM_OUTLINE"-125,175,125,-175";
"PIN3"1;
"PIN4"1;
"PIN6"13;
"PIN5"1;
"PIN2"13;
"PIN1"13;
%"GND_SIGNAL"
"1","(-600,4750)","0","standard","I6";
;
CDS_LIB"standard"
HDL_POWER"GND_SIGNAL"
BODY_TYPE"PLUMBING";
"GND"1;
%"MBRD835L"
"1","(-2300,6800)","0","kvm_matrix_lib","I7";
;
CDS_LIB"kvm_matrix_lib"
CDS_LMAN_SYM_OUTLINE"-125,125,125,-125"
$LOCATION"?";
"A2"12;
"K"8;
"A1"12;
%"MBRD835L"
"1","(-2300,6500)","0","kvm_matrix_lib","I8";
;
CDS_LIB"kvm_matrix_lib"
$LOCATION"?"
CDS_LMAN_SYM_OUTLINE"-125,125,125,-125";
"A2"12;
"K"8;
"A1"12;
%"MBRD835L"
"1","(-2300,5400)","0","kvm_matrix_lib","I9";
;
CDS_LMAN_SYM_OUTLINE"-125,125,125,-125"
$LOCATION"?"
CDS_LIB"kvm_matrix_lib";
"A2"13;
"K"8;
"A1"13;
END.
