FILE_TYPE = CONNECTIVITY;
{Allegro Design Entry HDL 16.6-p007 (v16-6-112F) 10/10/2012}
"PAGE_NUMBER" = 32;
0"NC";
1"GND_SIGNAL\g";
2"GND_SIGNAL\g";
3"GND_SIGNAL\g";
4"GND_SIGNAL\g";
5"V_A7_5V0_IN";
6"V_A7_3V3";
7"UN$32$C$I12$2";
8"V_A7_1V35_SW";
9"V_A7_1V35_R";
10"UN$32$R$I7$B";
11"V_A7_1V35";
%"GND_SIGNAL"
"1","(-5000,3400)","0","standard","I1";
;
HDL_POWER"GND_SIGNAL"
BODY_TYPE"PLUMBING"
CDS_LIB"standard";
"GND"1;
%"R"
"1","(-3000,4800)","1","kvm_matrix_lib","I10";
;
$LOCATION"?"
VALUE"392K"
CODE"07090584"
CDS_LMAN_SYM_OUTLINE"-100,25,100,-25"
CDS_LIB"kvm_matrix_lib";
"A"7;
"B"9;
%"L"
"1","(-3350,5150)","0","kvm_matrix_lib","I11";
;
VALUE"2.2UH"
$LOCATION"?"
CODE"10090946"
CDS_LMAN_SYM_OUTLINE"-125,50,125,0"
CDS_LIB"kvm_matrix_lib";
"A"8;
"B"9;
%"C"
"1","(-2750,4850)","0","kvm_matrix_lib","I12";
;
VALUE"18PF"
$LOCATION"?"
CODE"98070523"
CDS_LMAN_SYM_OUTLINE"-50,0,50,-50"
CDS_LIB"kvm_matrix_lib";
"1"9;
"2"7;
%"C"
"1","(-2450,4450)","0","kvm_matrix_lib","I13";
;
VALUE"10UF"
$LOCATION"?"
CODE"08070898"
CDS_LMAN_SYM_OUTLINE"-50,0,50,-50"
CDS_LIB"kvm_matrix_lib";
"1"9;
"2"4;
%"C"
"1","(-2250,4450)","0","kvm_matrix_lib","I14";
;
VALUE"0.1U"
$LOCATION"?"
CODE"08070262"
CDS_LMAN_SYM_OUTLINE"-50,0,50,-50"
CDS_LIB"kvm_matrix_lib";
"1"9;
"2"4;
%"R"
"1","(-1850,5150)","0","kvm_matrix_lib","I15";
;
VALUE"0.27"
$LOCATION"?"
CODE"07090922"
CDS_LMAN_SYM_OUTLINE"-100,25,100,-25"
CDS_LIB"kvm_matrix_lib";
"A"9;
"B"11;
%"R"
"1","(-1850,5200)","0","kvm_matrix_lib","I16";
;
VALUE"0.27"
$LOCATION"?"
CODE"07090922"
CDS_LMAN_SYM_OUTLINE"-100,25,100,-25"
CDS_LIB"kvm_matrix_lib";
"A"9;
"B"11;
%"NCP1529"
"1","(-4300,4600)","0","kvm_matrix_lib","I17";
;
CDS_LMAN_SYM_OUTLINE"-200,150,175,-375"
CDS_LIB"kvm_matrix_lib";
"5"7;
"4"5;
"3"8;
"2"3;
"1"6;
%"R"
"1","(-4950,3950)","1","kvm_matrix_lib","I2";
;
VALUE"1M"
$LOCATION"?"
CODE"97090121"
CDS_LMAN_SYM_OUTLINE"-100,25,100,-25"
CDS_LIB"kvm_matrix_lib";
"A"1;
"B"6;
%"GND_SIGNAL"
"1","(-5600,4400)","7","standard","I3";
;
BODY_TYPE"PLUMBING"
HDL_POWER"GND_SIGNAL"
CDS_LIB"standard";
"GND"2;
%"C"
"1","(-5200,4450)","1","kvm_matrix_lib","I4";
;
VALUE"0.1U"
$LOCATION"?"
CODE"08070262"
CDS_LMAN_SYM_OUTLINE"-50,0,50,-50"
CDS_LIB"kvm_matrix_lib";
"1"2;
"2"5;
%"C"
"1","(-5200,4550)","1","kvm_matrix_lib","I5";
;
VALUE"10UF"
$LOCATION"?"
CODE"08070898"
CDS_LMAN_SYM_OUTLINE"-50,0,50,-50"
CDS_LIB"kvm_matrix_lib";
"1"2;
"2"5;
%"GND_SIGNAL"
"1","(-3950,3400)","0","standard","I6";
;
HDL_POWER"GND_SIGNAL"
BODY_TYPE"PLUMBING"
CDS_LIB"standard";
"GND"3;
%"R"
"1","(-3350,3700)","0","kvm_matrix_lib","I7";
;
VALUE"100K-1%"
$LOCATION"?"
CODE"07092148"
CDS_LMAN_SYM_OUTLINE"-100,25,100,-25"
CDS_LIB"kvm_matrix_lib";
"A"3;
"B"10;
%"R"
"1","(-3000,4050)","1","kvm_matrix_lib","I8";
;
VALUE"392K"
$LOCATION"?"
CODE"07090584"
CDS_LMAN_SYM_OUTLINE"-100,25,100,-25"
CDS_LIB"kvm_matrix_lib";
"A"10;
"B"7;
%"GND_SIGNAL"
"1","(-2300,3350)","0","standard","I9";
;
BODY_TYPE"PLUMBING"
HDL_POWER"GND_SIGNAL"
CDS_LIB"standard";
"GND"4;
END.
