FILE_TYPE = CONNECTIVITY;
{Allegro Design Entry HDL 16.6-p007 (v16-6-112F) 10/10/2012}
"PAGE_NUMBER" = 95;
0"NC";
1"GND_SIGNAL\g";
2"GND_SIGNAL\g";
3"GND_SIGNAL\g";
4"GND_SIGNAL\g";
5"GND_SIGNAL\g";
6"GND_SIGNAL\g";
7"Z7_PS_MIO5_MODE0_QSPI_DQ3";
8"Z7_PS_MIO4_MODE2_QSPI_DQ2";
9"Z7_PS_MIO3_MODE1_QSPI_DQ1";
10"Z7_PS_MIO2_MODE3_QSPI_DQ0";
11"Z7_PS_MIO1_QSPI_CS";
12"Z7_S6_PS_DATA13_R";
13"V_Z7_PS_2V5_VCCO";
14"Z7_PS_EMMC_DATA3";
15"Z7_PS_EMMC_DATA2";
16"Z7_PS_EMMC_DATA1";
17"Z7_PS_EMMC_CLK";
18"Z7_PS_EMMC_CMD";
19"Z7_PS_EMMC_DATA0";
20"Z7_S6_PS_DATA12_R";
21"Z7_PS_MIO8_VCFG1";
22"Z7_PS_MIO6_MODE4_QSPI_SCK";
23"Z7_USBPHY_DATA1";
24"Z7_PS_MIO3_MODE1_QSPI_DQ1_R";
25"Z7_USBPHY_NXT";
26"Z7_USBPHY_STP";
27"Z7_USBPHY_DIR";
28"Z7_USBPHY_DATA0";
29"Z7_S6_PS_DATA11";
30"Z7_PS_MIO2_MODE3_QSPI_DQ0_R";
31"Z7_USBPHY_DATA2";
32"Z7_USBPHY_DATA3";
33"Z7_USBPHY_DATA4";
34"Z7_USBPHY_CLK";
35"Z7_USBPHY_DATA5";
36"Z7_USBPHY_DATA6";
37"Z7_USBPHY_DATA7";
38"Z7_PS_88E_MDC";
39"Z7_PS_88E_MDIO";
40"Z7_PS_MIO_VREF";
41"Z7_PS_SRST_B";
42"Z7_PS_MIO5_MODE0_QSPI_DQ3";
43"Z7_PS_MIO4_MODE2_QSPI_DQ2";
44"Z7_S6_PS_DATA10";
45"Z7_S6_PS_DATA9";
46"Z7_S6_PS_DATA7";
47"Z7_S6_PS_DATA6";
48"Z7_S6_PS_DATA4";
49"Z7_S6_PS_DATA3";
50"Z7_S6_PS_DATA1";
51"Z7_S6_PS_DATA0";
52"Z7_PS_MIO5_MODE0_QSPI_DQ3";
53"Z7_PS_POR_B";
54"CLK_Z7_PS_50M_MAIN";
55"Z7_PS_MIO7_VCFG0";
56"Z7_S6_PS_DATA12";
57"Z7_S6_PS_DATA13";
58"Z7_PG_LED";
59"Z7_PS_SRST_B";
60"Z7_PS_MIO5_MODE0_QSPI_DQ3_R";
61"V_Z7_PS_3V3_VCCO";
62"Z7_PS_MIO4_MODE2_QSPI_DQ2";
63"Z7_PS_MIO3_MODE1_QSPI_DQ1";
64"Z7_PS_MIO2_MODE3_QSPI_DQ0";
65"Z7_PS_MIO4_MODE2_QSPI_DQ2_R";
66"V_Z7_PS_2V5_VCCO";
67"Z7_PS_MIO1_QSPI_CS";
68"V_Z7_PS_2V5_VCCO";
69"Z7_PS_MIO1_QSPI_CS_R";
70"Z7_PS_MIO6_MODE4_QSPI_SCK";
71"Z7_PS_MIO1_QSPI_CS";
72"Z7_PS_MIO6_MODE4_QSPI_SCK_R";
73"V_Z7_PS_3V3_VCCO";
74"Z7_PS_MIO_VREF";
75"Z7_PS_MIO8_VCFG1";
76"Z7_PS_MIO7_VCFG0";
77"Z7_PS_MIO6_MODE4_QSPI_SCK";
78"Z7_PS_MIO2_MODE3_QSPI_DQ0";
79"Z7_PS_MIO3_MODE1_QSPI_DQ1";
80"V_Z7_PS_3V3_VCCO";
81"Z7_S6_PS_DATA8";
82"Z7_S6_PS_DATA2";
83"Z7_PS_88E_RXD3";
84"Z7_PS_88E_RXD1";
85"Z7_PS_88E_RX_CLK";
86"Z7_PS_88E_TXD3";
87"Z7_PS_88E_TXD1";
88"Z7_PS_88E_GTX_CLK";
89"Z7_S6_PS_DATA5";
90"Z7_PS_88E_DV";
91"Z7_PS_88E_RXD2";
92"Z7_PS_88E_RXD0";
93"Z7_PS_88E_TX_EN";
94"Z7_PS_88E_TXD2";
95"Z7_PS_88E_TXD0";
%"XC7Z015_1CLG485C"
"6","(-6000,5900)","0","kvm_matrix_lib","I1";
;
VALUE"XC7Z015_1CLG485C"
CDS_LIB"kvm_matrix_lib"
CDS_LMAN_SYM_OUTLINE"-125,1450,1025,-100";
"G17"12;
"A22"11;
"A21"10;
"F17"9;
"E19"8;
"A20"7;
"A19"22;
"D18"55;
"E18"21;
"C19"20;
"G16"19;
"B19"18;
"C18"17;
"A17"16;
"C11"39;
"C13"37;
"C9"35;
"B13"33;
"B14"31;
"B12"25;
"C15"27;
"C10"29;
"B9"45;
"A14"81;
"B11"47;
"C16"48;
"A12"82;
"A11"51;
"A10"83;
"B16"84;
"A9"85;
"A15"86;
"A16"87;
"D17"88;
"B17"15;
"C14"41;
"D13"38;
"D10"36;
"D12"34;
"D11"32;
"E10"23;
"D15"26;
"E9"28;
"F10"44;
"F9"46;
"G11"89;
"F14"49;
"E15"50;
"D16"90;
"F11"91;
"E12"92;
"F12"93;
"E13"94;
"E14"95;
"E17"14;
"B18"53;
"F15"40;
"F16"54;
%"GND_SIGNAL"
"1","(-7450,5500)","1","standard","I10";
;
HDL_POWER"GND_SIGNAL"
BODY_TYPE"PLUMBING"
CDS_LIB"standard";
"GND"6;
%"RESETKEY"
"1","(-8150,5600)","0","kvm_matrix_lib","I11";
;
$LOCATION"?"
VALUE"RESET-SMT"
CODE"16100017"
CDS_LMAN_SYM_OUTLINE"200,50,450,-100"
CDS_LIB"kvm_matrix_lib";
"B2"0;
"B1"6;
"A1"0;
"A2"59;
%"R"
"1","(-5050,1400)","1","kvm_matrix_lib","I12";
;
VALUE"20K"
$LOCATION"?"
CODE"97090138"
CDS_LIB"kvm_matrix_lib"
CDS_LMAN_SYM_OUTLINE"-100,25,100,-25";
"A"5;
"B"75;
%"R"
"1","(-5050,2050)","1","kvm_matrix_lib","I13";
;
VALUE"20K"
$LOCATION"?"
CODE"97090138"
CDS_LMAN_SYM_OUTLINE"-100,25,100,-25"
CDS_LIB"kvm_matrix_lib";
"A"75;
"B"68;
%"GND_SIGNAL"
"1","(-5100,1000)","0","standard","I14";
;
HDL_POWER"GND_SIGNAL"
BODY_TYPE"PLUMBING"
CDS_LIB"standard";
"GND"5;
%"R"
"1","(-4900,2050)","1","kvm_matrix_lib","I15";
;
$LOCATION"?"
VALUE"20K"
CODE"97090138"
CDS_LMAN_SYM_OUTLINE"-100,25,100,-25"
CDS_LIB"kvm_matrix_lib";
"A"76;
"B"68;
%"R"
"1","(-4900,1400)","1","kvm_matrix_lib","I16";
;
VALUE"20K"
$LOCATION"?"
CODE"97090138"
CDS_LMAN_SYM_OUTLINE"-100,25,100,-25"
CDS_LIB"kvm_matrix_lib";
"A"5;
"B"76;
%"R"
"1","(-8350,7200)","0","kvm_matrix_lib","I2";
;
$LOCATION"?"
VALUE"0"
CODE"07090522"
CDS_LIB"kvm_matrix_lib"
CDS_LMAN_SYM_OUTLINE"-100,25,100,-25";
"A"58;
"B"53;
%"R"
"1","(-9900,3400)","1","kvm_matrix_lib","I23";
;
$LOCATION"?"
VALUE"20K"
CDS_LIB"kvm_matrix_lib"
CDS_LMAN_SYM_OUTLINE"-100,25,100,-25"
CODE"97090138";
"A"43;
"B"80;
%"R"
"1","(-9800,3400)","1","kvm_matrix_lib","I24";
;
$LOCATION"?"
VALUE"20K"
CDS_LIB"kvm_matrix_lib"
CDS_LMAN_SYM_OUTLINE"-100,25,100,-25"
CODE"97090138";
"A"79;
"B"80;
%"R"
"1","(-9700,3400)","1","kvm_matrix_lib","I25";
;
$LOCATION"?"
VALUE"20K"
CDS_LIB"kvm_matrix_lib"
CDS_LMAN_SYM_OUTLINE"-100,25,100,-25"
CODE"97090138";
"A"78;
"B"80;
%"R"
"1","(-10100,3400)","1","kvm_matrix_lib","I26";
;
$LOCATION"?"
VALUE"20K"
CDS_LIB"kvm_matrix_lib"
CDS_LMAN_SYM_OUTLINE"-100,25,100,-25"
CODE"97090138";
"A"77;
"B"80;
%"R"
"1","(-10000,3400)","1","kvm_matrix_lib","I27";
;
$LOCATION"?"
VALUE"20K"
CDS_LIB"kvm_matrix_lib"
CDS_LMAN_SYM_OUTLINE"-100,25,100,-25"
CODE"97090138";
"A"42;
"B"80;
%"C"
"1","(-6650,1450)","2","kvm_matrix_lib","I3";
;
VALUE"1U"
$LOCATION"?"
CODE"98070403"
CDS_LMAN_SYM_OUTLINE"-50,0,50,-50"
CDS_LIB"kvm_matrix_lib";
"1"74;
"2"1;
%"HEAD2X5"
"1","(-8100,2950)","0","kvm_matrix_lib","I33";
;
$LOCATION"?"
VALUE"HEAD2X5"
CODE"14050183"
CDS_LIB"kvm_matrix_lib"
CDS_LMAN_SYM_OUTLINE"-150,300,150,-300";
"P2"4;
"P4"4;
"P6"4;
"P10"4;
"P8"4;
"P1"77;
"P3"42;
"P5"43;
"P9"78;
"P7"79;
%"GND_SIGNAL"
"1","(-7850,2500)","0","standard","I34";
;
CDS_LIB"standard"
HDL_POWER"GND_SIGNAL"
BODY_TYPE"PLUMBING";
"GND"4;
%"R"
"1","(-3750,3250)","2","kvm_matrix_lib","I35";
;
VALUE"4.7K"
$LOCATION"?"
CDS_LIB"kvm_matrix_lib"
CDS_LMAN_SYM_OUTLINE"-100,25,100,-25"
CODE"07090246";
"A"73;
"B"67;
%"R"
"1","(-5650,4150)","0","kvm_matrix_lib","I36";
;
$LOCATION"?"
VALUE"0"
CODE"07090522"
CDS_LMAN_SYM_OUTLINE"-100,25,100,-25"
CDS_LIB"kvm_matrix_lib";
"A"64;
"B"30;
%"R"
"1","(-5650,4250)","0","kvm_matrix_lib","I37";
;
$LOCATION"?"
VALUE"0"
CODE"07090522"
CDS_LMAN_SYM_OUTLINE"-100,25,100,-25"
CDS_LIB"kvm_matrix_lib";
"A"63;
"B"24;
%"R"
"1","(-5650,4350)","0","kvm_matrix_lib","I38";
;
$LOCATION"?"
VALUE"0"
CODE"07090522"
CDS_LMAN_SYM_OUTLINE"-100,25,100,-25"
CDS_LIB"kvm_matrix_lib";
"A"62;
"B"65;
%"R"
"1","(-5650,4450)","0","kvm_matrix_lib","I39";
;
$LOCATION"?"
VALUE"0"
CDS_LIB"kvm_matrix_lib"
CDS_LMAN_SYM_OUTLINE"-100,25,100,-25"
CODE"07090522";
"A"52;
"B"60;
%"C"
"1","(-6450,1450)","0","kvm_matrix_lib","I4";
;
VALUE"0.01U"
$LOCATION"?"
CODE"08070247"
CDS_LMAN_SYM_OUTLINE"-50,0,50,-50"
CDS_LIB"kvm_matrix_lib";
"1"74;
"2"1;
%"C"
"1","(-3250,4600)","1","kvm_matrix_lib","I40";
;
$LOCATION"?"
VALUE"0.1U"
CDS_LIB"kvm_matrix_lib"
CDS_LMAN_SYM_OUTLINE"-50,0,50,-50"
CODE"08070262";
"1"61;
"2"3;
%"R"
"1","(-2050,4050)","0","kvm_matrix_lib","I41";
;
VALUE"0"
$LOCATION"?"
CODE"07090522"
CDS_LMAN_SYM_OUTLINE"-100,25,100,-25"
CDS_LIB"kvm_matrix_lib";
"A"69;
"B"71;
%"R"
"1","(-2050,4150)","0","kvm_matrix_lib","I42";
;
VALUE"0"
$LOCATION"?"
CODE"07090522"
CDS_LMAN_SYM_OUTLINE"-100,25,100,-25"
CDS_LIB"kvm_matrix_lib";
"A"72;
"B"70;
%"GND_SIGNAL"
"1","(-2900,4550)","1","standard","I43";
;
CDS_LIB"standard"
BODY_TYPE"PLUMBING"
HDL_POWER"GND_SIGNAL";
"GND"3;
%"GND_SIGNAL"
"1","(-3200,3800)","1","standard","I44";
;
CDS_LIB"standard"
HDL_POWER"GND_SIGNAL"
BODY_TYPE"PLUMBING";
"GND"2;
%"S25FL128SAGMF"
"1","(-3850,4100)","0","kvm_matrix_lib","I45";
;
CDS_LIB"kvm_matrix_lib"
CDS_LMAN_SYM_OUTLINE"-125,400,275,-575";
"16"72;
"15"30;
"14"61;
"13"0;
"12"0;
"11"0;
"10"2;
"9"65;
"8"24;
"7"69;
"6"0;
"5"0;
"4"0;
"3"0;
"2"61;
"1"60;
%"R"
"1","(-8350,6800)","0","kvm_matrix_lib","I46";
;
VALUE"0"
$LOCATION"?"
CDS_LMAN_SYM_OUTLINE"-100,25,100,-25"
CDS_LIB"kvm_matrix_lib"
CODE"07090522";
"A"56;
"B"20;
%"R"
"1","(-8350,6350)","0","kvm_matrix_lib","I47";
;
VALUE"0"
$LOCATION"?"
CODE"07090522"
CDS_LMAN_SYM_OUTLINE"-100,25,100,-25"
CDS_LIB"kvm_matrix_lib";
"A"57;
"B"12;
%"GND_SIGNAL"
"1","(-6250,1000)","0","standard","I5";
;
HDL_POWER"GND_SIGNAL"
BODY_TYPE"PLUMBING"
CDS_LIB"standard";
"GND"1;
%"R"
"1","(-6200,1400)","1","kvm_matrix_lib","I6";
;
VALUE"10K-1%"
$LOCATION"?"
CODE"97090157"
CDS_LIB"kvm_matrix_lib"
CDS_LMAN_SYM_OUTLINE"-100,25,100,-25";
"A"1;
"B"74;
%"C"
"1","(-6450,2050)","0","kvm_matrix_lib","I7";
;
VALUE"0.01U"
$LOCATION"?"
CODE"08070247"
CDS_LMAN_SYM_OUTLINE"-50,0,50,-50"
CDS_LIB"kvm_matrix_lib";
"1"66;
"2"74;
%"R"
"1","(-6200,2000)","1","kvm_matrix_lib","I8";
;
VALUE"10K-1%"
$LOCATION"?"
CODE"97090157"
CDS_LIB"kvm_matrix_lib"
CDS_LMAN_SYM_OUTLINE"-100,25,100,-25";
"A"74;
"B"66;
%"R"
"1","(-7850,5850)","2","kvm_matrix_lib","I9";
;
$LOCATION"?"
VALUE"4.7K"
CODE"07090246"
CDS_LMAN_SYM_OUTLINE"-100,25,100,-25"
CDS_LIB"kvm_matrix_lib";
"A"13;
"B"59;
END.
