FILE_TYPE = CONNECTIVITY;
{Allegro Design Entry HDL 16.6-p007 (v16-6-112F) 10/10/2012}
"PAGE_NUMBER" = 40;
0"NC";
1"GND_SIGNAL\g";
2"GND_SIGNAL\g";
3"GND_SIGNAL\g";
4"GND_SIGNAL\g";
5"GND_SIGNAL\g";
6"GND_SIGNAL\g";
7"V_A7_5V0_USB1";
8"A7_USB2_DATA_N";
9"A7_USB2_DATA_P";
10"V_A7_5V0_USB2";
11"V_A7_5V0_IN";
12"V_A7_5V0_USB2_J";
13"A7_USB1_DATA_N";
14"A7_USB1_DATA_P";
15"A7_USB2_DATA_N";
16"A7_USB2_DATA_P";
17"V_A7_5V0_USB1";
18"V_A7_5V0_IN";
19"V_A7_5V0_USB1_J";
20"V_A7_5V0_USB2";
21"A7_USB1_DATA_P";
22"A7_USB1_DATA_N";
23"V_A7_5V0_USB1";
24"V_A7_5V0_USB2";
%"GND_SIGNAL"
"1","(-9300,4050)","0","standard","I1";
;
BODY_TYPE"PLUMBING"
HDL_POWER"GND_SIGNAL"
CDS_LIB"standard";
"GND"6;
%"CP"
"1","(-1900,5450)","0","kvm_matrix_lib","I10";
;
VALUE"100U-16V"
$LOCATION"?"
CODE"08020065"
CDS_LMAN_SYM_OUTLINE"-50,0,50,-50"
CDS_LIB"kvm_matrix_lib";
"2"4;
"1"18;
%"GND_SIGNAL"
"1","(-1950,5200)","0","standard","I11";
;
BODY_TYPE"PLUMBING"
HDL_POWER"GND_SIGNAL"
CDS_LIB"standard";
"GND"4;
%"HEAD1X2_S"
"1","(-3550,3800)","0","kvm_matrix_lib","I12";
;
VALUE"HEAD1X2"
$LOCATION"?"
CODE"14050028"
CDS_LMAN_SYM_OUTLINE"-50,100,0,-50"
CDS_LIB"kvm_matrix_lib";
"P1"12;
"P2"10;
%"LB"
"1","(-2150,3850)","0","kvm_matrix_lib","I13";
;
VALUE"100MOHM"
$LOCATION"?"
CODE"10070008"
CDS_LMAN_SYM_OUTLINE"-125,50,125,0"
CDS_LIB"kvm_matrix_lib";
"B"11;
"A"12;
%"CP"
"1","(-1850,3700)","0","kvm_matrix_lib","I14";
;
VALUE"100U-16V"
$LOCATION"?"
CODE"08020065"
CDS_LMAN_SYM_OUTLINE"-50,0,50,-50"
CDS_LIB"kvm_matrix_lib";
"2"3;
"1"11;
%"GND_SIGNAL"
"1","(-1900,3450)","0","standard","I15";
;
BODY_TYPE"PLUMBING"
HDL_POWER"GND_SIGNAL"
CDS_LIB"standard";
"GND"3;
%"GND_SIGNAL"
"1","(-8700,4050)","0","standard","I2";
;
HDL_POWER"GND_SIGNAL"
BODY_TYPE"PLUMBING"
CDS_LIB"standard";
"GND"2;
%"USB_A_X2"
"1","(-9000,4650)","0","kvm_matrix_lib","I3";
;
CDS_LMAN_SYM_OUTLINE"-125,325,225,-425"
CDS_LIB"kvm_matrix_lib";
"12"2;
"11"2;
"10"6;
"9"6;
"8"2;
"7"16;
"6"15;
"5"20;
"4"2;
"3"14;
"2"13;
"1"7;
%"GND_SIGNAL"
"1","(-5750,3300)","0","standard","I4";
;
BODY_TYPE"PLUMBING"
HDL_POWER"GND_SIGNAL"
CDS_LIB"standard";
"GND"1;
%"TPD4S012"
"1","(-5450,3800)","0","kvm_matrix_lib","I5";
;
CDS_LMAN_SYM_OUTLINE"-125,175,125,-375"
CDS_LIB"kvm_matrix_lib";
"6"24;
"5"0;
"4"1;
"3"0;
"2"8;
"1"9;
%"GND_SIGNAL"
"1","(-5800,5000)","0","standard","I6";
;
BODY_TYPE"PLUMBING"
HDL_POWER"GND_SIGNAL"
CDS_LIB"standard";
"GND"5;
%"TPD4S012"
"1","(-5500,5500)","0","kvm_matrix_lib","I7";
;
CDS_LMAN_SYM_OUTLINE"-125,175,125,-375"
CDS_LIB"kvm_matrix_lib";
"6"23;
"5"0;
"4"5;
"3"0;
"2"22;
"1"21;
%"HEAD1X2_S"
"1","(-3600,5550)","0","kvm_matrix_lib","I8";
;
VALUE"HEAD1X2"
$LOCATION"?"
CODE"14050028"
CDS_LMAN_SYM_OUTLINE"-50,100,0,-50"
CDS_LIB"kvm_matrix_lib";
"P1"19;
"P2"17;
%"LB"
"1","(-2200,5600)","0","kvm_matrix_lib","I9";
;
VALUE"100MOHM"
$LOCATION"?"
CODE"10070008"
CDS_LMAN_SYM_OUTLINE"-125,50,125,0"
CDS_LIB"kvm_matrix_lib";
"B"18;
"A"19;
END.
