FILE_TYPE = CONNECTIVITY;
{Allegro Design Entry HDL 16.6-p007 (v16-6-112F) 10/10/2012}
"PAGE_NUMBER" = 12;
0"NC";
1"GND_SIGNAL\g";
2"GND_SIGNAL\g";
3"GND_SIGNAL\g";
4"GND_SIGNAL\g";
5"GND_SIGNAL\g";
6"GND_SIGNAL\g";
7"S7_88E_SFP_SCL";
8"S7_88E_SFP_SDA";
9"S7_88E_SFP_MOD_ABS";
10"S7_88E_SFP_RX_LOS";
11"S7_88E_SFP_TX_DISABLE";
12"S7_88E_SFP_TX_FAULT";
13"V_S7_3V3_88E_SFP_VCCR";
14"S7_88E_SFP_SDA";
15"S7_88E_SFP_RX_LOS";
16"V_S7_3V3_88E_SFP_VCCR";
17"S7_88E_SFP_SCL";
18"S7_88E_SFP_MOD_ABS";
19"V_S7_3V3_88E_SFP_VCCT";
20"S7_88E_SFP_TX_FAULT";
21"S7_88E_SFP_TX_DISABLE";
22"S7_88E_SFP_RS1";
23"S7_88E_SFP_RS0";
24"S7_88E_SIN_N";
25"S7_88E_SIN_P";
26"S7_88E_SOUT_N";
27"S7_88E_SOUT_P";
28"S7_88E_SOUT_C_P";
29"S7_88E_SOUT_C_N";
30"S7_88E_SIN_C_N";
31"V_S7_3V3_88E_SFP_VCCT";
32"S7_88E_SIN_C_P";
33"V_S7_3V3_88E_SFP_VCCT";
34"V_S7_3V3_88E_SFP_VCCR";
35"S7_88E_SFP_RS1";
36"S7_88E_SFP_RS0";
37"V_S7_3V3";
38"V_S7_3V3";
39"V_S7_3V3_88E_SFP_VCCR";
40"V_S7_3V3_88E_SFP_VCCT";
%"SFP_CAGE"
"1","(-2650,5550)","0","kvm_matrix_lib","I1";
;
CDS_LIB"kvm_matrix_lib"
CDS_LMAN_SYM_OUTLINE"-125,500,125,-550";
"20"2;
"19"2;
"18"2;
"17"2;
"16"2;
"15"2;
"14"2;
"13"2;
"12"2;
"11"2;
"10"2;
"9"2;
"8"2;
"7"2;
"6"2;
"5"2;
"4"2;
"3"2;
"2"2;
"1"2;
%"C"
"1","(-2300,2950)","0","kvm_matrix_lib","I10";
;
$LOCATION"?"
VALUE"0.1U"
CDS_LIB"kvm_matrix_lib"
CDS_LMAN_SYM_OUTLINE"-50,0,50,-50"
CODE"08070262";
"1"39;
"2"6;
%"GND_SIGNAL"
"1","(-2600,2600)","0","standard","I11";
;
CDS_LIB"standard"
BODY_TYPE"PLUMBING"
HDL_POWER"GND_SIGNAL";
"GND"6;
%"C"
"1","(-8350,5900)","1","kvm_matrix_lib","I13";
;
$LOCATION"?"
VALUE"0.01U"
CDS_LMAN_SYM_OUTLINE"-50,0,50,-50"
CDS_LIB"kvm_matrix_lib"
CODE"08070247";
"1"25;
"2"32;
%"C"
"1","(-8350,5700)","1","kvm_matrix_lib","I14";
;
VALUE"0.01U"
$LOCATION"?"
CODE"08070247"
CDS_LIB"kvm_matrix_lib"
CDS_LMAN_SYM_OUTLINE"-50,0,50,-50";
"1"26;
"2"29;
%"C"
"1","(-8350,5600)","1","kvm_matrix_lib","I15";
;
VALUE"0.01U"
$LOCATION"?"
CDS_LIB"kvm_matrix_lib"
CDS_LMAN_SYM_OUTLINE"-50,0,50,-50"
CODE"08070247";
"1"27;
"2"28;
%"GND_SIGNAL"
"1","(-6750,4700)","0","standard","I16";
;
HDL_POWER"GND_SIGNAL"
BODY_TYPE"PLUMBING"
CDS_LIB"standard";
"GND"5;
%"R"
"1","(-8000,3800)","1","kvm_matrix_lib","I18";
;
$LOCATION"?"
VALUE"4.7K"
CDS_LMAN_SYM_OUTLINE"-100,25,100,-25"
CDS_LIB"kvm_matrix_lib"
CODE"07090246";
"A"23;
"B"13;
%"GND_SIGNAL"
"1","(-8050,2900)","0","standard","I19";
;
CDS_LIB"standard"
HDL_POWER"GND_SIGNAL"
BODY_TYPE"PLUMBING";
"GND"4;
%"SFP_CONN"
"1","(-7100,5550)","0","kvm_matrix_lib","I2";
;
CDS_LIB"kvm_matrix_lib"
CDS_LMAN_SYM_OUTLINE"-125,500,250,-775";
"20"5;
"19"29;
"18"28;
"17"5;
"16"33;
"15"34;
"14"5;
"13"32;
"12"30;
"11"5;
"10"5;
"9"35;
"8"10;
"7"36;
"6"9;
"5"7;
"4"8;
"3"11;
"2"12;
"1"5;
%"R"
"1","(-6000,3800)","1","kvm_matrix_lib","I22";
;
VALUE"4.7K"
$LOCATION"?"
CODE"07090246"
CDS_LMAN_SYM_OUTLINE"-100,25,100,-25"
CDS_LIB"kvm_matrix_lib";
"A"22;
"B"31;
%"GND_SIGNAL"
"1","(-6050,2900)","0","standard","I23";
;
HDL_POWER"GND_SIGNAL"
BODY_TYPE"PLUMBING"
CDS_LIB"standard";
"GND"3;
%"R"
"1","(-8000,3250)","1","kvm_matrix_lib","I24";
;
VALUE"0"
$LOCATION"?"
CODE"07090522"
CDS_LIB"kvm_matrix_lib"
CDS_LMAN_SYM_OUTLINE"-100,25,100,-25";
"A"4;
"B"23;
%"R"
"1","(-6000,3250)","1","kvm_matrix_lib","I25";
;
$LOCATION"?"
VALUE"0"
CDS_LIB"kvm_matrix_lib"
CDS_LMAN_SYM_OUTLINE"-100,25,100,-25"
CODE"07090522";
"A"3;
"B"22;
%"C"
"1","(-8350,6000)","1","kvm_matrix_lib","I26";
;
VALUE"0.01U"
$LOCATION"?"
CODE"08070247"
CDS_LMAN_SYM_OUTLINE"-50,0,50,-50"
CDS_LIB"kvm_matrix_lib";
"1"24;
"2"30;
%"R"
"1","(-8000,1750)","1","kvm_matrix_lib","I27";
;
CDS_LIB"kvm_matrix_lib"
CDS_LMAN_SYM_OUTLINE"-100,25,100,-25"
$LOCATION"?"
VALUE"4.7K"
CODE"07090246";
"A"17;
"B"16;
%"R"
"1","(-7800,1750)","1","kvm_matrix_lib","I28";
;
CDS_LIB"kvm_matrix_lib"
CDS_LMAN_SYM_OUTLINE"-100,25,100,-25"
$LOCATION"?"
VALUE"4.7K"
CODE"07090246";
"A"14;
"B"16;
%"R"
"1","(-7600,1750)","1","kvm_matrix_lib","I29";
;
CDS_LIB"kvm_matrix_lib"
CDS_LMAN_SYM_OUTLINE"-100,25,100,-25"
$LOCATION"?"
VALUE"4.7K"
CODE"07090246";
"A"15;
"B"16;
%"GND_SIGNAL"
"1","(-2950,4850)","0","standard","I3";
;
BODY_TYPE"PLUMBING"
HDL_POWER"GND_SIGNAL"
CDS_LIB"standard";
"GND"2;
%"R"
"1","(-5650,1750)","1","kvm_matrix_lib","I30";
;
CDS_LIB"kvm_matrix_lib"
CDS_LMAN_SYM_OUTLINE"-100,25,100,-25"
$LOCATION"?"
VALUE"4.7K"
CODE"07090246";
"A"21;
"B"19;
%"R"
"1","(-5450,1750)","1","kvm_matrix_lib","I31";
;
CDS_LIB"kvm_matrix_lib"
CDS_LMAN_SYM_OUTLINE"-100,25,100,-25"
$LOCATION"?"
VALUE"4.7K"
CODE"07090246";
"A"20;
"B"19;
%"R"
"1","(-5850,1750)","1","kvm_matrix_lib","I32";
;
CDS_LIB"kvm_matrix_lib"
CDS_LMAN_SYM_OUTLINE"-100,25,100,-25"
$LOCATION"?"
VALUE"4.7K"
CODE"07090246";
"A"18;
"B"19;
%"LB"
"1","(-2850,4050)","0","kvm_matrix_lib","I4";
;
VALUE"100MOHM"
$LOCATION"?"
CODE"10070008"
CDS_LMAN_SYM_OUTLINE"-125,50,125,0"
CDS_LIB"kvm_matrix_lib";
"B"40;
"A"38;
%"C"
"1","(-2550,3850)","0","kvm_matrix_lib","I5";
;
VALUE"10UF"
$LOCATION"?"
CODE"08070391"
CDS_LMAN_SYM_OUTLINE"-50,0,50,-50"
CDS_LIB"kvm_matrix_lib";
"1"40;
"2"1;
%"C"
"1","(-2300,3850)","0","kvm_matrix_lib","I6";
;
VALUE"0.1U"
$LOCATION"?"
CODE"08070262"
CDS_LMAN_SYM_OUTLINE"-50,0,50,-50"
CDS_LIB"kvm_matrix_lib";
"1"40;
"2"1;
%"GND_SIGNAL"
"1","(-2600,3500)","0","standard","I7";
;
HDL_POWER"GND_SIGNAL"
BODY_TYPE"PLUMBING"
CDS_LIB"standard";
"GND"1;
%"LB"
"1","(-2850,3150)","0","kvm_matrix_lib","I8";
;
$LOCATION"?"
VALUE"100MOHM"
CDS_LIB"kvm_matrix_lib"
CDS_LMAN_SYM_OUTLINE"-125,50,125,0"
CODE"10070008";
"B"39;
"A"37;
%"C"
"1","(-2550,2950)","0","kvm_matrix_lib","I9";
;
$LOCATION"?"
VALUE"10UF"
CDS_LIB"kvm_matrix_lib"
CDS_LMAN_SYM_OUTLINE"-50,0,50,-50"
CODE"08070391";
"1"39;
"2"6;
END.
