FILE_TYPE = CONNECTIVITY;
{Allegro Design Entry HDL 16.6-p007 (v16-6-112F) 10/10/2012}
"PAGE_NUMBER" = 96;
0"NC";
1"GND_SIGNAL\g";
2"GND_SIGNAL\g";
3"GND_SIGNAL\g";
4"Z7_PS_DDR_VREF";
5"Z7_PS_DDR_DQ31";
6"V_Z7_PS_1V8_VCCPLL";
7"Z7_PS_DDR_VREF";
8"Z7_PS_DDR_DQ30";
9"Z7_PS_DDR_DQ29";
10"Z7_PS_DDR_DQ22";
11"Z7_PS_DDR_DQ23";
12"Z7_PS_DDR_DQ24";
13"Z7_PS_DDR_DQ25";
14"Z7_PS_DDR_DQ26";
15"Z7_PS_DDR_DQ27";
16"Z7_PS_DDR_DM3";
17"Z7_PS_DDR_DQS3_P";
18"Z7_PS_DDR_DQS3_N";
19"Z7_PS_DDR_DQ28";
20"Z7_PL_DDR_VREF";
21"V_Z7_PS_1V35_DDR";
22"V_Z7_PS_1V35_DDR";
23"Z7_PS_DDR_VRP";
24"Z7_PS_DDR_VRN";
25"Z7_PS_DDR_CLK_P";
26"Z7_PS_DDR_VRP";
27"Z7_PS_DDR_VRN";
28"Z7_PS_DDR_A3";
29"V_Z7_1V8_VCCPAUX";
30"Z7_PS_DDR_A10";
31"Z7_PS_DDR_A9";
32"Z7_PS_DDR_A8";
33"Z7_PS_DDR_DQ21";
34"Z7_PS_DDR_DQ20";
35"Z7_PS_DDR_DQS2_N";
36"Z7_PS_DDR_DQS2_P";
37"Z7_PS_DDR_DM2";
38"Z7_PS_DDR_DQ19";
39"Z7_PS_DDR_DQ18";
40"Z7_PS_DDR_DQ17";
41"Z7_PS_DDR_DQ16";
42"Z7_PS_DDR_RAS_N";
43"Z7_PS_DDR_CAS_N";
44"Z7_PS_DDR_WE_N";
45"Z7_PS_DDR_CKE";
46"Z7_PS_DDR_CS_N";
47"Z7_PS_DDR_ODT";
48"Z7_PS_DDR_BA0";
49"Z7_PS_DDR_BA1";
50"Z7_PS_DDR_BA2";
51"Z7_PS_DDR_A0";
52"Z7_PS_DDR_A1";
53"Z7_PS_DDR_A2";
54"Z7_PS_DDR_CLK_N";
55"Z7_PS_DDR_A4";
56"Z7_PS_DDR_A5";
57"Z7_PS_DDR_A6";
58"Z7_PS_DDR_A7";
59"Z7_PS_DDR_A11";
60"Z7_PS_DDR_A12";
61"Z7_PS_DDR_A13";
62"Z7_PS_DDR_A14";
63"Z7_PS_DDR_DQ15";
64"Z7_PS_DDR_DQ14";
65"Z7_PS_DDR_DQ13";
66"Z7_PS_DDR_DQ12";
67"Z7_PS_DDR_DQS1_N";
68"Z7_PS_DDR_DQS1_P";
69"Z7_PS_DDR_DM1";
70"Z7_PS_DDR_DQ11";
71"Z7_PS_DDR_DQ10";
72"Z7_PS_DDR_DQ9";
73"Z7_PS_DDR_DQ8";
74"Z7_PS_DDR_DQ7";
75"Z7_PS_DDR_DQ6";
76"Z7_PS_DDR_DQ5";
77"Z7_PS_DDR_DQ4";
78"Z7_PS_DDR_DQS0_N";
79"Z7_PS_DDR_DQS0_P";
80"Z7_PS_DDR_DM0";
81"Z7_PS_DDR_DQ3";
82"Z7_PS_DDR_DQ2";
83"Z7_PS_DDR_DQ1";
84"Z7_PS_DDR_DQ0";
85"Z7_PS_DDR_RESET_N";
86"V_Z7_PS_1V8_VCCPLL";
%"XC7Z015_1CLG485C"
"7","(-5850,4500)","0","kvm_matrix_lib","I1";
;
VALUE"XC7Z015_1CLG485C"
CDS_LMAN_SYM_OUTLINE"-125,1900,1150,-100"
CDS_LIB"kvm_matrix_lib";
"P16"4;
"H16"7;
"G13"6;
"Y22"5;
"V20"8;
"W20"9;
"W22"19;
"W21"18;
"V21"17;
"AA21"16;
"U21"15;
"AA22"14;
"U22"13;
"Y20"12;
"R22"11;
"M21"10;
"T21"33;
"R20"34;
"P21"35;
"N21"36;
"P22"37;
"T22"38;
"N20"39;
"T20"40;
"M22"41;
"R18"42;
"P20"43;
"R19"44;
"T19"45;
"P17"46;
"P18"47;
"L16"48;
"L17"49;
"M17"50;
"M19"51;
"M18"52;
"K19"53;
"N18"54;
"N19"25;
"N16"26;
"M16"27;
"L19"28;
"K17"55;
"K18"56;
"J16"57;
"J17"58;
"J18"32;
"H18"31;
"J20"30;
"G18"59;
"H19"60;
"F19"61;
"G19"62;
"K20"63;
"J22"64;
"K22"65;
"L20"66;
"J21"67;
"H21"68;
"H20"69;
"L21"70;
"L22"71;
"G22"72;
"G21"73;
"F22"74;
"F21"75;
"E22"76;
"E20"77;
"D21"78;
"C21"79;
"B22"80;
"D20"81;
"B21"82;
"C20"83;
"D22"84;
"F20"85;
%"C"
"1","(-3250,1650)","0","kvm_matrix_lib","I10";
;
CODE"08070247"
VALUE"0.01U"
$LOCATION"?"
CDS_LMAN_SYM_OUTLINE"-50,0,50,-50"
CDS_LIB"kvm_matrix_lib";
"1"20;
"2"3;
%"C"
"1","(-3250,2250)","0","kvm_matrix_lib","I11";
;
CODE"08070247"
VALUE"0.01U"
$LOCATION"?"
CDS_LMAN_SYM_OUTLINE"-50,0,50,-50"
CDS_LIB"kvm_matrix_lib";
"1"21;
"2"20;
%"GND_SIGNAL"
"1","(-3050,1200)","0","standard","I12";
;
HDL_POWER"GND_SIGNAL"
BODY_TYPE"PLUMBING"
CDS_LIB"standard";
"GND"3;
%"R"
"1","(-3000,1600)","1","kvm_matrix_lib","I13";
;
CODE"07090549"
VALUE"1K-1%"
$LOCATION"?"
CDS_LMAN_SYM_OUTLINE"-100,25,100,-25"
CDS_LIB"kvm_matrix_lib";
"A"3;
"B"20;
%"R"
"1","(-3000,2200)","1","kvm_matrix_lib","I14";
;
CODE"07090549"
VALUE"1K-1%"
$LOCATION"?"
CDS_LMAN_SYM_OUTLINE"-100,25,100,-25"
CDS_LIB"kvm_matrix_lib";
"A"20;
"B"21;
%"LB"
"1","(-5350,3900)","0","kvm_matrix_lib","I2";
;
VALUE"120OHM"
$LOCATION"?"
CDS_LMAN_SYM_OUTLINE"-125,50,125,0"
CDS_LIB"kvm_matrix_lib"
CODE"90070011";
"B"86;
"A"29;
%"C"
"1","(-4950,3700)","0","kvm_matrix_lib","I3";
;
VALUE"10UF"
$LOCATION"?"
CDS_LMAN_SYM_OUTLINE"-50,0,50,-50"
CDS_LIB"kvm_matrix_lib"
CODE"08070391";
"1"86;
"2"2;
%"C"
"1","(-4700,3700)","0","kvm_matrix_lib","I4";
;
$LOCATION"?"
VALUE"470NF"
CODE"08070401"
CDS_LMAN_SYM_OUTLINE"-50,0,50,-50"
CDS_LIB"kvm_matrix_lib";
"1"86;
"2"2;
%"GND_SIGNAL"
"1","(-5000,3300)","0","standard","I5";
;
CDS_LIB"standard"
BODY_TYPE"PLUMBING"
HDL_POWER"GND_SIGNAL";
"GND"2;
%"R"
"1","(-6400,2450)","0","kvm_matrix_lib","I6";
;
$LOCATION"?"
VALUE"80-1%"
CODE""
CDS_LIB"kvm_matrix_lib"
CDS_LMAN_SYM_OUTLINE"-100,25,100,-25";
"A"24;
"B"22;
%"R"
"1","(-6400,2300)","0","kvm_matrix_lib","I7";
;
$LOCATION"?"
VALUE"80-1%"
CDS_LIB"kvm_matrix_lib"
CDS_LMAN_SYM_OUTLINE"-100,25,100,-25"
CODE"";
"A"23;
"B"1;
%"GND_SIGNAL"
"1","(-5800,2250)","1","standard","I8";
;
BODY_TYPE"PLUMBING"
HDL_POWER"GND_SIGNAL"
CDS_LIB"standard";
"GND"1;
%"C"
"1","(-3450,1650)","2","kvm_matrix_lib","I9";
;
CODE"98070403"
VALUE"1U"
$LOCATION"?"
CDS_LMAN_SYM_OUTLINE"-50,0,50,-50"
CDS_LIB"kvm_matrix_lib";
"1"20;
"2"3;
END.
