FILE_TYPE = CONNECTIVITY;
{Allegro Design Entry HDL 16.6-p007 (v16-6-112F) 10/10/2012}
"PAGE_NUMBER" = 88;
0"NC";
1"GND_SIGNAL\g";
2"GND_SIGNAL\g";
3"GND_SIGNAL\g";
4"GND_SIGNAL\g";
5"GND_SIGNAL\g";
6"GND_SIGNAL\g";
7"GND_SIGNAL\g";
8"GND_SIGNAL\g";
9"GND_SIGNAL\g";
10"GND_SIGNAL\g";
11"GND_SIGNAL\g";
12"GND_SIGNAL\g";
13"GND_SIGNAL\g";
14"GND_SIGNAL\g";
15"GND_SIGNAL\g";
16"GND_SIGNAL\g";
17"V_Z7_1V0_VCCPINT";
18"V_Z7_PS_1V35_DDR";
19"V_Z7_PS_2V5_VCCO";
20"V_Z7_PS_3V3_VCCO";
21"V_Z7_PS_BANK501_VCCO";
22"V_Z7_PS_2V5_VCCO";
23"V_Z7_PS_3V3_VCCO";
24"V_Z7_PS_1V35_DDR";
25"V_Z7_1V8_VCCPAUX";
26"V_Z7_PS_3V3_VCCO";
27"V_Z7_PS_3V3_VCCO";
28"V_Z7_2V5";
29"V_Z7_PS_BANK501_VCCO";
30"V_Z7_1V0_VCCPINT";
31"V_Z7_1V8";
32"V_Z7_3V3";
33"V_Z7_PL_3V3_VCCO";
34"V_Z7_3V3";
35"V_Z7_PL_3V3_VCCO";
36"V_Z7_PL_3V3_VCCO";
37"V_Z7_PL_1V35_DDR";
38"V_Z7_1V8_VCCPAUX";
39"V_Z7_PL_1V35_DDR";
40"V_Z7_PL_3V3_VCCO";
41"V_Z7_PL_3V3_VCCO";
42"V_Z7_PL_3V3_VCCO";
43"V_Z7_1V0_VCCINT";
44"V_Z7_1V0_VCCBRAM";
45"V_Z7_1V8_VCCAUX";
46"V_Z7_1V0_VCCINT";
47"V_Z7_PL_1V35_PL_DDR";
48"V_Z7_PL_3V3_VCCO";
49"V_Z7_1V0";
50"V_Z7_1V2";
51"V_Z7_1V2_MGTAVTT";
52"V_Z7_1V0";
53"V_Z7_1V0";
54"V_Z7_1V0";
55"V_Z7_1V8";
56"V_Z7_1V0_MGTAVCC";
57"V_Z7_1V0_VCCBRAM";
58"V_Z7_1V8_VCCAUX";
59"V_Z7_1V2_MGTAVTT";
60"V_Z7_1V0_MGTAVCC";
%"XC7Z015_1CLG485C"
"9","(-7100,5800)","0","kvm_matrix_lib","I1";
;
VALUE"XC7Z015_1CLG485C"
CDS_LIB"kvm_matrix_lib"
CDS_LMAN_SYM_OUTLINE"-125,1750,900,-100";
"R15"30;
"N15"30;
"L15"30;
"J15"30;
"H14"30;
"G15"30;
"P14"25;
"M14"25;
"L13"25;
"K14"25;
"E11"21;
"D14"21;
"B10"21;
"A13"21;
"C17"23;
"B20"23;
"V22"24;
"R21"24;
"N17"24;
"M20"24;
"K16"24;
"J19"24;
"H22"24;
"F18"24;
"E21"24;
"G5"36;
"F8"36;
"E1"36;
"D4"36;
"C7"36;
"A3"36;
"R1"37;
"P4"37;
"N7"37;
"L3"37;
"K6"47;
"H2"47;
"Y16"41;
"W19"41;
"V12"41;
"U15"41;
"T18"41;
"AB20"41;
"AA13"41;
"R11"42;
"R9"43;
"P10"43;
"N9"43;
"M10"43;
"L9"43;
"K10"43;
"J11"43;
"J9"43;
"J13"57;
"H12"57;
"T12"58;
"R13"58;
"P12"58;
"N13"58;
"Y7"59;
"AB6"59;
"AB1"59;
"AA8"59;
"AA4"59;
"AA2"59;
"W9"60;
"W5"60;
"U8"60;
"U6"60;
"U4"60;
%"C"
"1","(-7700,5100)","0","kvm_matrix_lib","I10";
;
VALUE"470NF"
$LOCATION"?"
CODE"08070401"
CDS_LMAN_SYM_OUTLINE"-50,0,50,-50"
CDS_LIB"kvm_matrix_lib";
"1"46;
"2"14;
%"C"
"1","(-5150,2600)","0","kvm_matrix_lib","I100";
;
$LOCATION"?"
VALUE"470NF"
CDS_LMAN_SYM_OUTLINE"-50,0,50,-50"
CDS_LIB"kvm_matrix_lib"
CODE"08070401";
"1"18;
"2"1;
%"C"
"1","(-5000,2600)","0","kvm_matrix_lib","I101";
;
$LOCATION"?"
VALUE"470NF"
CODE"08070401"
CDS_LMAN_SYM_OUTLINE"-50,0,50,-50"
CDS_LIB"kvm_matrix_lib";
"1"18;
"2"1;
%"C"
"1","(-5450,1700)","0","kvm_matrix_lib","I102";
;
VALUE"470NF"
$LOCATION"?"
CODE"08070401"
CDS_LIB"kvm_matrix_lib"
CDS_LMAN_SYM_OUTLINE"-50,0,50,-50";
"1"29;
"2"16;
%"C"
"1","(-5750,1700)","0","kvm_matrix_lib","I103";
;
VALUE"4.7UF"
$LOCATION"?"
CODE"98070506"
CDS_LIB"kvm_matrix_lib"
CDS_LMAN_SYM_OUTLINE"-50,0,50,-50";
"1"29;
"2"16;
%"CP"
"1","(-6100,1700)","0","kvm_matrix_lib","I104";
;
VALUE"100U-6.3V"
$LOCATION"?"
CODE"98010240"
CDS_LIB"kvm_matrix_lib"
CDS_LMAN_SYM_OUTLINE"-50,0,50,-50";
"2"16;
"1"29;
%"GND_SIGNAL"
"1","(-6150,1300)","0","standard","I105";
;
BODY_TYPE"PLUMBING"
HDL_POWER"GND_SIGNAL"
CDS_LIB"standard";
"GND"16;
%"C"
"1","(-4700,1700)","0","kvm_matrix_lib","I106";
;
$LOCATION"?"
VALUE"4.7UF"
CDS_LIB"kvm_matrix_lib"
CDS_LMAN_SYM_OUTLINE"-50,0,50,-50"
CODE"98070506";
"1"26;
"2"15;
%"C"
"1","(-4400,1700)","0","kvm_matrix_lib","I107";
;
VALUE"470NF"
$LOCATION"?"
CDS_LIB"kvm_matrix_lib"
CDS_LMAN_SYM_OUTLINE"-50,0,50,-50"
CODE"08070401";
"1"26;
"2"15;
%"CP"
"1","(-5050,1700)","0","kvm_matrix_lib","I108";
;
$LOCATION"?"
VALUE"100U-6.3V"
CDS_LIB"kvm_matrix_lib"
CDS_LMAN_SYM_OUTLINE"-50,0,50,-50"
CODE"98010240";
"2"15;
"1"26;
%"GND_SIGNAL"
"1","(-5100,1300)","0","standard","I109";
;
CDS_LIB"standard"
HDL_POWER"GND_SIGNAL"
BODY_TYPE"PLUMBING";
"GND"15;
%"C"
"1","(-7550,5100)","0","kvm_matrix_lib","I11";
;
VALUE"470NF"
$LOCATION"?"
CODE"08070401"
CDS_LMAN_SYM_OUTLINE"-50,0,50,-50"
CDS_LIB"kvm_matrix_lib";
"1"46;
"2"14;
%"LB"
"1","(-5450,3500)","0","kvm_matrix_lib","I110";
;
VALUE"100MOHM"
$LOCATION"?"
CODE"10070008"
CDS_LMAN_SYM_OUTLINE"-125,50,125,0"
CDS_LIB"kvm_matrix_lib";
"B"22;
"A"28;
%"HEAD1X3_S"
"1","(-3850,6400)","0","kvm_matrix_lib","I111";
;
CDS_LMAN_SYM_OUTLINE"-100,150,125,-150"
$LOCATION"?"
CDS_LIB"kvm_matrix_lib"
CODE""
VALUE"HEAD1X3";
"A3"19;
"A2"21;
"A1"20;
%"C"
"1","(-7400,5100)","0","kvm_matrix_lib","I12";
;
VALUE"470NF"
$LOCATION"?"
CODE"08070401"
CDS_LMAN_SYM_OUTLINE"-50,0,50,-50"
CDS_LIB"kvm_matrix_lib";
"1"46;
"2"14;
%"GND_SIGNAL"
"1","(-8700,4750)","0","standard","I13";
;
CDS_LIB"standard"
BODY_TYPE"PLUMBING"
HDL_POWER"GND_SIGNAL";
"GND"14;
%"LB"
"1","(-9000,4350)","0","kvm_matrix_lib","I14";
;
VALUE"100MOHM"
$LOCATION"?"
CODE"10070008"
CDS_LIB"kvm_matrix_lib"
CDS_LMAN_SYM_OUTLINE"-125,50,125,0";
"B"44;
"A"53;
%"C"
"1","(-8000,4100)","0","kvm_matrix_lib","I15";
;
$LOCATION"?"
VALUE"470NF"
CODE"08070401"
CDS_LIB"kvm_matrix_lib"
CDS_LMAN_SYM_OUTLINE"-50,0,50,-50";
"1"44;
"2"13;
%"C"
"1","(-8300,4100)","0","kvm_matrix_lib","I16";
;
VALUE"4.7UF"
$LOCATION"?"
CODE"98070506"
CDS_LIB"kvm_matrix_lib"
CDS_LMAN_SYM_OUTLINE"-50,0,50,-50";
"1"44;
"2"13;
%"CP"
"1","(-8650,4100)","0","kvm_matrix_lib","I18";
;
$LOCATION"?"
VALUE"100U-6.3V"
CDS_LMAN_SYM_OUTLINE"-50,0,50,-50"
CDS_LIB"kvm_matrix_lib"
CODE"98010240";
"2"13;
"1"44;
%"GND_SIGNAL"
"1","(-8700,3700)","0","standard","I19";
;
HDL_POWER"GND_SIGNAL"
BODY_TYPE"PLUMBING"
CDS_LIB"standard";
"GND"13;
%"XC7Z015_1CLG485C"
"8","(-1550,5300)","0","kvm_matrix_lib","I2";
;
VALUE"XC7Z015_1CLG485C"
CDS_LIB"kvm_matrix_lib"
CDS_LMAN_SYM_OUTLINE"-125,2150,525,-100";
"Y21"9;
"Y11"9;
"Y10"9;
"Y9"9;
"Y5"9;
"Y3"9;
"Y1"9;
"W14"9;
"W10"9;
"W7"9;
"W1"9;
"V17"9;
"V8"9;
"V6"9;
"V4"9;
"V3"9;
"V2"9;
"V1"9;
"U20"9;
"U10"9;
"U3"9;
"T13"9;
"T7"9;
"T6"9;
"T5"9;
"T4"9;
"T3"9;
"R16"9;
"R14"9;
"R12"9;
"R10"9;
"R6"9;
"P19"9;
"P15"9;
"P13"9;
"P11"9;
"P9"9;
"N22"9;
"N14"9;
"N10"9;
"N2"9;
"M15"9;
"M13"9;
"M9"11;
"M5"11;
"L18"11;
"L14"11;
"L10"11;
"L8"11;
"K21"11;
"K15"11;
"K13"11;
"K9"11;
"K1"11;
"J14"11;
"J12"11;
"J10"11;
"J4"11;
"H17"11;
"H15"11;
"H13"11;
"H7"11;
"G20"11;
"G10"11;
"F13"11;
"F3"11;
"E16"11;
"E6"11;
"D19"11;
"D9"11;
"C22"11;
"C12"11;
"C2"11;
"B15"11;
"B5"11;
"AB15"11;
"AB10"11;
"AB8"11;
"AB4"11;
"AB2"11;
"AA18"11;
"AA10"11;
"AA6"11;
"AA1"11;
"A18"11;
"A8"11;
%"CP"
"1","(-8650,3000)","0","kvm_matrix_lib","I20";
;
VALUE"47U-6.3V"
$LOCATION"?"
CODE"98010241"
CDS_LIB"kvm_matrix_lib"
CDS_LMAN_SYM_OUTLINE"-50,0,50,-50";
"2"12;
"1"45;
%"LB"
"1","(-9000,3400)","0","kvm_matrix_lib","I21";
;
$LOCATION"?"
VALUE"100MOHM"
CDS_LIB"kvm_matrix_lib"
CDS_LMAN_SYM_OUTLINE"-125,50,125,0"
CODE"10070008";
"B"45;
"A"55;
%"LB"
"1","(-9000,3250)","0","kvm_matrix_lib","I22";
;
$LOCATION"?"
VALUE"100MOHM"
CDS_LIB"kvm_matrix_lib"
CDS_LMAN_SYM_OUTLINE"-125,50,125,0"
CODE"10070008";
"B"45;
"A"55;
%"C"
"1","(-8050,3000)","0","kvm_matrix_lib","I23";
;
VALUE"470NF"
$LOCATION"?"
CDS_LMAN_SYM_OUTLINE"-50,0,50,-50"
CDS_LIB"kvm_matrix_lib"
CODE"08070401";
"1"45;
"2"12;
%"C"
"1","(-8350,3000)","0","kvm_matrix_lib","I24";
;
$LOCATION"?"
VALUE"4.7UF"
CODE"98070506"
CDS_LMAN_SYM_OUTLINE"-50,0,50,-50"
CDS_LIB"kvm_matrix_lib";
"1"45;
"2"12;
%"C"
"1","(-7900,3000)","0","kvm_matrix_lib","I25";
;
VALUE"470NF"
$LOCATION"?"
CODE"08070401"
CDS_LMAN_SYM_OUTLINE"-50,0,50,-50"
CDS_LIB"kvm_matrix_lib";
"1"45;
"2"12;
%"GND_SIGNAL"
"1","(-8700,2550)","0","standard","I26";
;
CDS_LIB"standard"
BODY_TYPE"PLUMBING"
HDL_POWER"GND_SIGNAL";
"GND"12;
%"C"
"1","(-8650,2000)","0","kvm_matrix_lib","I27";
;
VALUE"4.7UF"
$LOCATION"?"
CODE"98070506"
CDS_LMAN_SYM_OUTLINE"-50,0,50,-50"
CDS_LIB"kvm_matrix_lib";
"1"56;
"2"10;
%"C"
"1","(-8400,2000)","0","kvm_matrix_lib","I28";
;
VALUE"0.1U"
$LOCATION"?"
CODE"08070262"
CDS_LMAN_SYM_OUTLINE"-50,0,50,-50"
CDS_LIB"kvm_matrix_lib";
"1"56;
"2"10;
%"C"
"1","(-8250,2000)","0","kvm_matrix_lib","I29";
;
VALUE"0.1U"
$LOCATION"?"
CODE"08070262"
CDS_LMAN_SYM_OUTLINE"-50,0,50,-50"
CDS_LIB"kvm_matrix_lib";
"1"56;
"2"10;
%"GND_SIGNAL"
"1","(-1850,4950)","0","standard","I3";
;
BODY_TYPE"PLUMBING"
HDL_POWER"GND_SIGNAL"
CDS_LIB"standard";
"GND"11;
%"C"
"1","(-7950,2000)","0","kvm_matrix_lib","I30";
;
VALUE"0.1U"
$LOCATION"?"
CODE"08070262"
CDS_LIB"kvm_matrix_lib"
CDS_LMAN_SYM_OUTLINE"-50,0,50,-50";
"1"56;
"2"10;
%"C"
"1","(-8100,2000)","0","kvm_matrix_lib","I31";
;
VALUE"0.1U"
$LOCATION"?"
CODE"08070262"
CDS_LIB"kvm_matrix_lib"
CDS_LMAN_SYM_OUTLINE"-50,0,50,-50";
"1"56;
"2"10;
%"C"
"1","(-7500,2000)","0","kvm_matrix_lib","I32";
;
$LOCATION"?"
VALUE"0.1U"
CODE"08070262"
CDS_LIB"kvm_matrix_lib"
CDS_LMAN_SYM_OUTLINE"-50,0,50,-50";
"1"56;
"2"10;
%"C"
"1","(-7350,2000)","0","kvm_matrix_lib","I33";
;
$LOCATION"?"
VALUE"0.1U"
CODE"08070262"
CDS_LIB"kvm_matrix_lib"
CDS_LMAN_SYM_OUTLINE"-50,0,50,-50";
"1"56;
"2"10;
%"C"
"1","(-7650,2000)","0","kvm_matrix_lib","I34";
;
VALUE"0.1U"
$LOCATION"?"
CODE"08070262"
CDS_LIB"kvm_matrix_lib"
CDS_LMAN_SYM_OUTLINE"-50,0,50,-50";
"1"56;
"2"10;
%"C"
"1","(-7800,2000)","0","kvm_matrix_lib","I35";
;
VALUE"0.1U"
$LOCATION"?"
CODE"08070262"
CDS_LIB"kvm_matrix_lib"
CDS_LMAN_SYM_OUTLINE"-50,0,50,-50";
"1"56;
"2"10;
%"C"
"1","(-7200,2000)","0","kvm_matrix_lib","I36";
;
$LOCATION"?"
VALUE"0.1U"
CODE"08070262"
CDS_LIB"kvm_matrix_lib"
CDS_LMAN_SYM_OUTLINE"-50,0,50,-50";
"1"56;
"2"10;
%"C"
"1","(-7050,2000)","0","kvm_matrix_lib","I37";
;
$LOCATION"?"
VALUE"0.1U"
CODE"08070262"
CDS_LIB"kvm_matrix_lib"
CDS_LMAN_SYM_OUTLINE"-50,0,50,-50";
"1"56;
"2"10;
%"GND_SIGNAL"
"1","(-8700,1600)","0","standard","I38";
;
HDL_POWER"GND_SIGNAL"
BODY_TYPE"PLUMBING"
CDS_LIB"standard";
"GND"10;
%"LB"
"1","(-9000,2200)","0","kvm_matrix_lib","I39";
;
VALUE"100MOHM"
$LOCATION"?"
CODE"10070008"
CDS_LIB"kvm_matrix_lib"
CDS_LMAN_SYM_OUTLINE"-125,50,125,0";
"B"56;
"A"52;
%"GND_SIGNAL"
"1","(-950,4950)","0","standard","I4";
;
CDS_LIB"standard"
BODY_TYPE"PLUMBING"
HDL_POWER"GND_SIGNAL";
"GND"9;
%"C"
"1","(-8100,950)","0","kvm_matrix_lib","I40";
;
$LOCATION"?"
VALUE"0.1U"
CDS_LIB"kvm_matrix_lib"
CDS_LMAN_SYM_OUTLINE"-50,0,50,-50"
CODE"08070262";
"1"51;
"2"8;
%"C"
"1","(-7950,950)","0","kvm_matrix_lib","I41";
;
$LOCATION"?"
VALUE"0.1U"
CDS_LIB"kvm_matrix_lib"
CDS_LMAN_SYM_OUTLINE"-50,0,50,-50"
CODE"08070262";
"1"51;
"2"8;
%"C"
"1","(-7050,950)","0","kvm_matrix_lib","I42";
;
VALUE"0.1U"
$LOCATION"?"
CODE"08070262"
CDS_LIB"kvm_matrix_lib"
CDS_LMAN_SYM_OUTLINE"-50,0,50,-50";
"1"51;
"2"8;
%"C"
"1","(-7350,950)","0","kvm_matrix_lib","I43";
;
VALUE"0.1U"
$LOCATION"?"
CDS_LIB"kvm_matrix_lib"
CDS_LMAN_SYM_OUTLINE"-50,0,50,-50"
CODE"08070262";
"1"51;
"2"8;
%"C"
"1","(-7200,950)","0","kvm_matrix_lib","I44";
;
VALUE"0.1U"
$LOCATION"?"
CODE"08070262"
CDS_LIB"kvm_matrix_lib"
CDS_LMAN_SYM_OUTLINE"-50,0,50,-50";
"1"51;
"2"8;
%"C"
"1","(-7500,950)","0","kvm_matrix_lib","I45";
;
VALUE"0.1U"
$LOCATION"?"
CDS_LIB"kvm_matrix_lib"
CDS_LMAN_SYM_OUTLINE"-50,0,50,-50"
CODE"08070262";
"1"51;
"2"8;
%"C"
"1","(-7650,950)","0","kvm_matrix_lib","I46";
;
VALUE"0.1U"
$LOCATION"?"
CDS_LIB"kvm_matrix_lib"
CDS_LMAN_SYM_OUTLINE"-50,0,50,-50"
CODE"08070262";
"1"51;
"2"8;
%"C"
"1","(-7800,950)","0","kvm_matrix_lib","I47";
;
$LOCATION"?"
VALUE"0.1U"
CDS_LIB"kvm_matrix_lib"
CDS_LMAN_SYM_OUTLINE"-50,0,50,-50"
CODE"08070262";
"1"51;
"2"8;
%"LB"
"1","(-9000,1150)","0","kvm_matrix_lib","I48";
;
$LOCATION"?"
VALUE"100MOHM"
CDS_LIB"kvm_matrix_lib"
CDS_LMAN_SYM_OUTLINE"-125,50,125,0"
CODE"10070008";
"B"51;
"A"50;
%"C"
"1","(-8250,950)","0","kvm_matrix_lib","I49";
;
$LOCATION"?"
VALUE"0.1U"
CDS_LIB"kvm_matrix_lib"
CDS_LMAN_SYM_OUTLINE"-50,0,50,-50"
CODE"08070262";
"1"51;
"2"8;
%"LB"
"1","(-9000,5350)","0","kvm_matrix_lib","I5";
;
$LOCATION"?"
VALUE"3A"
CODE"10070007"
CDS_LIB"kvm_matrix_lib"
CDS_LMAN_SYM_OUTLINE"-125,50,125,0";
"B"46;
"A"54;
%"C"
"1","(-8400,950)","0","kvm_matrix_lib","I50";
;
$LOCATION"?"
VALUE"0.1U"
CDS_LIB"kvm_matrix_lib"
CDS_LMAN_SYM_OUTLINE"-50,0,50,-50"
CODE"08070262";
"1"51;
"2"8;
%"C"
"1","(-8650,950)","0","kvm_matrix_lib","I51";
;
$LOCATION"?"
VALUE"4.7UF"
CDS_LIB"kvm_matrix_lib"
CDS_LMAN_SYM_OUTLINE"-50,0,50,-50"
CODE"98070506";
"1"51;
"2"8;
%"GND_SIGNAL"
"1","(-8700,550)","0","standard","I52";
;
CDS_LIB"standard"
HDL_POWER"GND_SIGNAL"
BODY_TYPE"PLUMBING";
"GND"8;
%"C"
"1","(-6750,950)","0","kvm_matrix_lib","I53";
;
VALUE"0.1U"
$LOCATION"?"
CDS_LIB"kvm_matrix_lib"
CDS_LMAN_SYM_OUTLINE"-50,0,50,-50"
CODE"08070262";
"1"51;
"2"8;
%"C"
"1","(-6900,950)","0","kvm_matrix_lib","I54";
;
$LOCATION"?"
VALUE"0.1U"
CDS_LIB"kvm_matrix_lib"
CDS_LMAN_SYM_OUTLINE"-50,0,50,-50"
CODE"08070262";
"1"51;
"2"8;
%"CP"
"1","(-5100,5050)","0","kvm_matrix_lib","I55";
;
$LOCATION"?"
VALUE"100U-6.3V"
CDS_LIB"kvm_matrix_lib"
CDS_LMAN_SYM_OUTLINE"-50,0,50,-50"
CODE"98010240";
"2"7;
"1"17;
%"C"
"1","(-4450,5050)","0","kvm_matrix_lib","I56";
;
$LOCATION"?"
VALUE"470NF"
CODE"08070401"
CDS_LMAN_SYM_OUTLINE"-50,0,50,-50"
CDS_LIB"kvm_matrix_lib";
"1"17;
"2"7;
%"C"
"1","(-4750,5050)","0","kvm_matrix_lib","I57";
;
$LOCATION"?"
VALUE"4.7UF"
CODE"98070506"
CDS_LMAN_SYM_OUTLINE"-50,0,50,-50"
CDS_LIB"kvm_matrix_lib";
"1"17;
"2"7;
%"LB"
"1","(-5450,5300)","0","kvm_matrix_lib","I58";
;
$LOCATION"?"
VALUE"3A"
CDS_LMAN_SYM_OUTLINE"-125,50,125,0"
CDS_LIB"kvm_matrix_lib"
CODE"10070007";
"B"17;
"A"49;
%"GND_SIGNAL"
"1","(-5150,4650)","0","standard","I59";
;
BODY_TYPE"PLUMBING"
HDL_POWER"GND_SIGNAL"
CDS_LIB"standard";
"GND"7;
%"CP"
"1","(-8650,5100)","0","kvm_matrix_lib","I6";
;
$LOCATION"?"
VALUE"330U-10V"
CODE"10081111"
CDS_LMAN_SYM_OUTLINE"-50,0,50,-50"
CDS_LIB"kvm_matrix_lib";
"2"14;
"1"46;
%"C"
"1","(-4300,5050)","0","kvm_matrix_lib","I60";
;
VALUE"470NF"
$LOCATION"?"
CODE"08070401"
CDS_LMAN_SYM_OUTLINE"-50,0,50,-50"
CDS_LIB"kvm_matrix_lib";
"1"17;
"2"7;
%"C"
"1","(-4150,5050)","0","kvm_matrix_lib","I61";
;
VALUE"470NF"
$LOCATION"?"
CODE"08070401"
CDS_LMAN_SYM_OUTLINE"-50,0,50,-50"
CDS_LIB"kvm_matrix_lib";
"1"17;
"2"7;
%"CP"
"1","(-5100,4100)","0","kvm_matrix_lib","I62";
;
VALUE"100U-6.3V"
$LOCATION"?"
CODE"98010240"
CDS_LMAN_SYM_OUTLINE"-50,0,50,-50"
CDS_LIB"kvm_matrix_lib";
"2"6;
"1"38;
%"C"
"1","(-4450,4100)","0","kvm_matrix_lib","I63";
;
VALUE"470NF"
$LOCATION"?"
CODE"08070401"
CDS_LMAN_SYM_OUTLINE"-50,0,50,-50"
CDS_LIB"kvm_matrix_lib";
"1"38;
"2"6;
%"C"
"1","(-4750,4100)","0","kvm_matrix_lib","I64";
;
VALUE"4.7UF"
$LOCATION"?"
CODE"98070506"
CDS_LMAN_SYM_OUTLINE"-50,0,50,-50"
CDS_LIB"kvm_matrix_lib";
"1"38;
"2"6;
%"LB"
"1","(-5450,4350)","0","kvm_matrix_lib","I65";
;
VALUE"100MOHM"
$LOCATION"?"
CDS_LIB"kvm_matrix_lib"
CDS_LMAN_SYM_OUTLINE"-125,50,125,0"
CODE"10070008";
"B"38;
"A"31;
%"GND_SIGNAL"
"1","(-5150,3700)","0","standard","I66";
;
BODY_TYPE"PLUMBING"
HDL_POWER"GND_SIGNAL"
CDS_LIB"standard";
"GND"6;
%"LB"
"1","(-1500,4400)","0","kvm_matrix_lib","I67";
;
VALUE"100MOHM"
$LOCATION"?"
CDS_LMAN_SYM_OUTLINE"-125,50,125,0"
CDS_LIB"kvm_matrix_lib"
CODE"10070008";
"B"33;
"A"34;
%"CP"
"1","(-2700,3750)","0","kvm_matrix_lib","I68";
;
$LOCATION"?"
VALUE"47U-6.3V"
CODE"98010241"
CDS_LMAN_SYM_OUTLINE"-50,0,50,-50"
CDS_LIB"kvm_matrix_lib";
"2"5;
"1"40;
%"GND_SIGNAL"
"1","(-2750,3350)","0","standard","I69";
;
CDS_LIB"standard"
BODY_TYPE"PLUMBING"
HDL_POWER"GND_SIGNAL";
"GND"5;
%"C"
"1","(-8300,5100)","0","kvm_matrix_lib","I7";
;
VALUE"4.7UF"
$LOCATION"?"
CDS_LIB"kvm_matrix_lib"
CDS_LMAN_SYM_OUTLINE"-50,0,50,-50"
CODE"98070506";
"1"46;
"2"14;
%"C"
"1","(-2250,2550)","0","kvm_matrix_lib","I70";
;
$LOCATION"?"
VALUE"470NF"
CDS_LMAN_SYM_OUTLINE"-50,0,50,-50"
CDS_LIB"kvm_matrix_lib"
CODE"08070401";
"1"39;
"2"4;
%"C"
"1","(-2700,2550)","0","kvm_matrix_lib","I71";
;
$LOCATION"?"
VALUE"4.7UF"
CDS_LMAN_SYM_OUTLINE"-50,0,50,-50"
CDS_LIB"kvm_matrix_lib"
CODE"98070506";
"1"39;
"2"4;
%"CP"
"1","(-3000,2550)","0","kvm_matrix_lib","I72";
;
VALUE"47U-6.3V"
$LOCATION"?"
CDS_LMAN_SYM_OUTLINE"-50,0,50,-50"
CDS_LIB"kvm_matrix_lib"
CODE"98010241";
"2"4;
"1"39;
%"C"
"1","(-2550,2550)","0","kvm_matrix_lib","I73";
;
VALUE"4.7UF"
$LOCATION"?"
CDS_LMAN_SYM_OUTLINE"-50,0,50,-50"
CDS_LIB"kvm_matrix_lib"
CODE"98070506";
"1"39;
"2"4;
%"C"
"1","(-2100,2550)","0","kvm_matrix_lib","I74";
;
$LOCATION"?"
VALUE"470NF"
CDS_LMAN_SYM_OUTLINE"-50,0,50,-50"
CDS_LIB"kvm_matrix_lib"
CODE"08070401";
"1"39;
"2"4;
%"C"
"1","(-1800,2550)","0","kvm_matrix_lib","I75";
;
$LOCATION"?"
VALUE"470NF"
CDS_LMAN_SYM_OUTLINE"-50,0,50,-50"
CDS_LIB"kvm_matrix_lib"
CODE"08070401";
"1"39;
"2"4;
%"C"
"1","(-1950,2550)","0","kvm_matrix_lib","I76";
;
$LOCATION"?"
VALUE"470NF"
CDS_LMAN_SYM_OUTLINE"-50,0,50,-50"
CDS_LIB"kvm_matrix_lib"
CODE"08070401";
"1"39;
"2"4;
%"GND_SIGNAL"
"1","(-3050,2150)","0","standard","I77";
;
CDS_LIB"standard"
BODY_TYPE"PLUMBING"
HDL_POWER"GND_SIGNAL";
"GND"4;
%"C"
"1","(-1050,3750)","0","kvm_matrix_lib","I78";
;
VALUE"4.7UF"
$LOCATION"?"
CODE"98070506"
CDS_LMAN_SYM_OUTLINE"-50,0,50,-50"
CDS_LIB"kvm_matrix_lib";
"1"35;
"2"3;
%"C"
"1","(-300,3750)","0","kvm_matrix_lib","I79";
;
$LOCATION"?"
VALUE"470NF"
CODE"08070401"
CDS_LMAN_SYM_OUTLINE"-50,0,50,-50"
CDS_LIB"kvm_matrix_lib";
"1"35;
"2"3;
%"C"
"1","(-7850,5100)","0","kvm_matrix_lib","I8";
;
$LOCATION"?"
VALUE"470NF"
CDS_LIB"kvm_matrix_lib"
CDS_LMAN_SYM_OUTLINE"-50,0,50,-50"
CODE"08070401";
"1"46;
"2"14;
%"C"
"1","(-450,3750)","0","kvm_matrix_lib","I80";
;
$LOCATION"?"
VALUE"470NF"
CODE"08070401"
CDS_LMAN_SYM_OUTLINE"-50,0,50,-50"
CDS_LIB"kvm_matrix_lib";
"1"35;
"2"3;
%"C"
"1","(-600,3750)","0","kvm_matrix_lib","I81";
;
$LOCATION"?"
VALUE"470NF"
CODE"08070401"
CDS_LMAN_SYM_OUTLINE"-50,0,50,-50"
CDS_LIB"kvm_matrix_lib";
"1"35;
"2"3;
%"C"
"1","(-750,3750)","0","kvm_matrix_lib","I82";
;
$LOCATION"?"
VALUE"470NF"
CODE"08070401"
CDS_LMAN_SYM_OUTLINE"-50,0,50,-50"
CDS_LIB"kvm_matrix_lib";
"1"35;
"2"3;
%"C"
"1","(-1200,3750)","0","kvm_matrix_lib","I83";
;
VALUE"4.7UF"
$LOCATION"?"
CODE"98070506"
CDS_LMAN_SYM_OUTLINE"-50,0,50,-50"
CDS_LIB"kvm_matrix_lib";
"1"35;
"2"3;
%"CP"
"1","(-1500,3750)","0","kvm_matrix_lib","I84";
;
VALUE"47U-6.3V"
$LOCATION"?"
CODE"98010241"
CDS_LMAN_SYM_OUTLINE"-50,0,50,-50"
CDS_LIB"kvm_matrix_lib";
"2"3;
"1"35;
%"GND_SIGNAL"
"1","(-1550,3350)","0","standard","I85";
;
BODY_TYPE"PLUMBING"
HDL_POWER"GND_SIGNAL"
CDS_LIB"standard";
"GND"3;
%"C"
"1","(-750,2550)","0","kvm_matrix_lib","I86";
;
VALUE"470NF"
$LOCATION"?"
CODE"08070401"
CDS_LMAN_SYM_OUTLINE"-50,0,50,-50"
CDS_LIB"kvm_matrix_lib";
"1"48;
"2"2;
%"C"
"1","(-450,2550)","0","kvm_matrix_lib","I87";
;
VALUE"470NF"
$LOCATION"?"
CODE"08070401"
CDS_LMAN_SYM_OUTLINE"-50,0,50,-50"
CDS_LIB"kvm_matrix_lib";
"1"48;
"2"2;
%"C"
"1","(-300,2550)","0","kvm_matrix_lib","I88";
;
VALUE"470NF"
$LOCATION"?"
CODE"08070401"
CDS_LMAN_SYM_OUTLINE"-50,0,50,-50"
CDS_LIB"kvm_matrix_lib";
"1"48;
"2"2;
%"C"
"1","(-600,2550)","0","kvm_matrix_lib","I89";
;
VALUE"470NF"
$LOCATION"?"
CODE"08070401"
CDS_LMAN_SYM_OUTLINE"-50,0,50,-50"
CDS_LIB"kvm_matrix_lib";
"1"48;
"2"2;
%"C"
"1","(-8150,5100)","0","kvm_matrix_lib","I9";
;
$LOCATION"?"
VALUE"4.7UF"
CDS_LMAN_SYM_OUTLINE"-50,0,50,-50"
CDS_LIB"kvm_matrix_lib"
CODE"98070506";
"1"46;
"2"14;
%"C"
"1","(-1050,2550)","0","kvm_matrix_lib","I90";
;
$LOCATION"?"
VALUE"4.7UF"
CODE"98070506"
CDS_LMAN_SYM_OUTLINE"-50,0,50,-50"
CDS_LIB"kvm_matrix_lib";
"1"48;
"2"2;
%"C"
"1","(-1200,2550)","0","kvm_matrix_lib","I91";
;
VALUE"4.7UF"
$LOCATION"?"
CODE"98070506"
CDS_LMAN_SYM_OUTLINE"-50,0,50,-50"
CDS_LIB"kvm_matrix_lib";
"1"48;
"2"2;
%"CP"
"1","(-1500,2550)","0","kvm_matrix_lib","I92";
;
VALUE"47U-6.3V"
$LOCATION"?"
CODE"98010241"
CDS_LMAN_SYM_OUTLINE"-50,0,50,-50"
CDS_LIB"kvm_matrix_lib";
"2"2;
"1"48;
%"GND_SIGNAL"
"1","(-1550,2150)","0","standard","I93";
;
BODY_TYPE"PLUMBING"
HDL_POWER"GND_SIGNAL"
CDS_LIB"standard";
"GND"2;
%"LB"
"1","(-5450,3200)","0","kvm_matrix_lib","I94";
;
$LOCATION"?"
VALUE"100MOHM"
CDS_LIB"kvm_matrix_lib"
CDS_LMAN_SYM_OUTLINE"-125,50,125,0"
CODE"10070008";
"B"27;
"A"32;
%"C"
"1","(-5450,2600)","0","kvm_matrix_lib","I95";
;
VALUE"470NF"
$LOCATION"?"
CDS_LMAN_SYM_OUTLINE"-50,0,50,-50"
CDS_LIB"kvm_matrix_lib"
CODE"08070401";
"1"18;
"2"1;
%"C"
"1","(-5750,2600)","0","kvm_matrix_lib","I96";
;
$LOCATION"?"
VALUE"4.7UF"
CODE"98070506"
CDS_LMAN_SYM_OUTLINE"-50,0,50,-50"
CDS_LIB"kvm_matrix_lib";
"1"18;
"2"1;
%"CP"
"1","(-6100,2600)","0","kvm_matrix_lib","I97";
;
$LOCATION"?"
VALUE"100U-6.3V"
CODE"98010240"
CDS_LMAN_SYM_OUTLINE"-50,0,50,-50"
CDS_LIB"kvm_matrix_lib";
"2"1;
"1"18;
%"GND_SIGNAL"
"1","(-6150,2200)","0","standard","I98";
;
BODY_TYPE"PLUMBING"
HDL_POWER"GND_SIGNAL"
CDS_LIB"standard";
"GND"1;
%"C"
"1","(-5300,2600)","0","kvm_matrix_lib","I99";
;
$LOCATION"?"
VALUE"470NF"
CDS_LMAN_SYM_OUTLINE"-50,0,50,-50"
CDS_LIB"kvm_matrix_lib"
CODE"08070401";
"1"18;
"2"1;
END.
