FILE_TYPE = CONNECTIVITY;
{Allegro Design Entry HDL 16.6-p007 (v16-6-112F) 10/10/2012}
"PAGE_NUMBER" = 73;
0"NC";
1"GND_SIGNAL\g";
2"GND_SIGNAL\g";
3"GND_SIGNAL\g";
4"GND_SIGNAL\g";
5"GND_SIGNAL\g";
6"Z7_USBPHY_DATA7";
7"Z7_USBPHY_EXTVBUS";
8"Z7_USBPHY_NXT";
9"Z7_USBPHY_DIR";
10"Z7_USBPHY_STP";
11"Z7_USBPHY_CLK";
12"V_Z7_1V8_USBPHY_VDDA";
13"Z7_USBPHY_RESET";
14"Z7_USBPHY_ID";
15"Z7_USBPHY_CPEN";
16"V_Z7_5V0_USBHUB_VBUS1";
17"V_Z7_5V0_USBHUB_VBUS4";
18"Z7_USBHUB_OVCUR1_N";
19"V_Z7_5V0_USBPHY_VBUS";
20"V_Z7_PS_3V3_USBPHY";
21"V_Z7_5V0_IN";
22"V_Z7_5V0_USBHUB_VBUS2";
23"V_Z7_5V0_USBHUB_VBUS3";
24"Z7_USBHUB_OVCUR4_N";
25"Z7_USBHUB_OVCUR3_N";
26"Z7_USBHUB_OVCUR2_N";
27"Z7_USBPHY_RESET";
28"V_Z7_PS_3V3_USBPHY";
29"Z7_USBPHY_DATA0";
30"Z7_USBPHY_DATA1";
31"Z7_USBPHY_DATA2";
32"Z7_USBPHY_DATA3";
33"Z7_USBPHY_DATA4";
34"Z7_USBPHY_DATA5";
35"Z7_USBPHY_DATA6";
36"Z7_USBPHY_CPEN";
37"Z7_USBPHY_RBIAS";
38"Z7_USBPHY_DATA_P";
39"V_Z7_5V0_USBPHY_VBUS";
40"Z7_USBPHY_ID";
41"Z7_USBPHY_DATA_N";
42"Z7_USBPHY_XTALIN";
43"Z7_USBPHY_XTALOUT";
44"V_Z7_1V8_USBPHY_VDD";
45"V_Z7_PS_3V3_USBPHY";
46"V_Z7_PS_3V3_USBPHY";
47"V_Z7_3V3";
48"Z7_USBPHY_EXTVBUS";
49"V_Z7_PS_3V3_USBPHY";
%"USB3300"
"1","(-5800,5650)","0","kvm_matrix_lib","I1";
;
$LOCATION"?"
VALUE"USB3300"
CDS_LIB"kvm_matrix_lib"
CDS_LMAN_SYM_OUTLINE"-150,375,150,-375";
"XI"42;
"RBIAS"37;
"VDD1.8<2>"44;
"VDD1.8<1>"44;
"XO"43;
"DP"38;
"DM"41;
"VBUS"39;
"ID"40;
"CLKOUT"11;
"STP"10;
"DIR"9;
"NXT"8;
"EXTVBUS"7;
"CPEN"36;
"VDDA1.8"12;
"VDD3.3<1>"28;
"VDD3.3<2>"28;
"VDD3.3<3>"28;
"PAD"2;
"GND<2>"2;
"GND<1>"2;
"VDD3.3<4>"28;
"REG_EN"28;
"RESET"27;
"DATA<7>"6;
"DATA<6>"35;
"DATA<5>"34;
"DATA<4>"33;
"DATA<3>"32;
"DATA<2>"31;
"DATA<1>"30;
"DATA<0>"29;
%"C"
"1","(-6550,3500)","0","kvm_matrix_lib","I10";
;
$LOCATION"?"
VALUE"0.1U"
CDS_LMAN_SYM_OUTLINE"-50,0,50,-50"
CDS_LIB"kvm_matrix_lib"
CODE"08070262";
"1"20;
"2"1;
%"C"
"1","(-6400,3500)","0","kvm_matrix_lib","I11";
;
$LOCATION"?"
VALUE"0.1U"
CDS_LMAN_SYM_OUTLINE"-50,0,50,-50"
CDS_LIB"kvm_matrix_lib"
CODE"08070262";
"1"20;
"2"1;
%"C"
"1","(-6250,3500)","0","kvm_matrix_lib","I12";
;
$LOCATION"?"
VALUE"0.1U"
CODE"08070262"
CDS_LMAN_SYM_OUTLINE"-50,0,50,-50"
CDS_LIB"kvm_matrix_lib";
"1"20;
"2"1;
%"C"
"1","(-6050,3500)","0","kvm_matrix_lib","I13";
;
$LOCATION"?"
VALUE"100PF"
CODE"98070501"
CDS_LMAN_SYM_OUTLINE"-50,0,50,-50"
CDS_LIB"kvm_matrix_lib";
"1"20;
"2"1;
%"GND_SIGNAL"
"1","(-7750,3100)","0","standard","I14";
;
CDS_LIB"standard"
BODY_TYPE"PLUMBING"
HDL_POWER"GND_SIGNAL";
"GND"1;
%"C"
"1","(-5350,4900)","0","kvm_matrix_lib","I15";
;
VALUE"100PF"
$LOCATION"?"
CDS_LIB"kvm_matrix_lib"
CDS_LMAN_SYM_OUTLINE"-50,0,50,-50"
CODE"98070501";
"1"44;
"2"2;
%"C"
"1","(-5200,4900)","0","kvm_matrix_lib","I16";
;
$LOCATION"?"
VALUE"10UF"
CODE"08070391"
CDS_LIB"kvm_matrix_lib"
CDS_LMAN_SYM_OUTLINE"-50,0,50,-50";
"1"44;
"2"2;
%"C"
"1","(-5050,4900)","0","kvm_matrix_lib","I17";
;
$LOCATION"?"
VALUE"10UF"
CDS_LIB"kvm_matrix_lib"
CDS_LMAN_SYM_OUTLINE"-50,0,50,-50"
CODE"08070391";
"1"44;
"2"2;
%"CRYSTAL"
"1","(-3900,5350)","1","kvm_matrix_lib","I18";
;
$LOCATION"?"
VALUE"24MHZ"
CODE"12020008"
CDS_LIB"kvm_matrix_lib"
CDS_LMAN_SYM_OUTLINE"50,100,225,-100";
"A1"42;
"A2"43;
%"R"
"1","(-3700,5500)","1","kvm_matrix_lib","I19";
;
$LOCATION"?"
VALUE"1M"
CDS_LMAN_SYM_OUTLINE"-100,25,100,-25"
CDS_LIB"kvm_matrix_lib"
CODE"97090121";
"A"42;
"B"43;
%"GND_SIGNAL"
"1","(-6500,4500)","0","standard","I2";
;
CDS_LIB"standard"
BODY_TYPE"PLUMBING"
HDL_POWER"GND_SIGNAL";
"GND"2;
%"C"
"1","(-3550,5750)","1","kvm_matrix_lib","I20";
;
VALUE"33PF"
$LOCATION"?"
CODE"98070530"
CDS_LIB"kvm_matrix_lib"
CDS_LMAN_SYM_OUTLINE"-50,0,50,-50";
"1"43;
"2"3;
%"C"
"1","(-3550,5250)","1","kvm_matrix_lib","I21";
;
VALUE"33PF"
$LOCATION"?"
CODE"98070530"
CDS_LIB"kvm_matrix_lib"
CDS_LMAN_SYM_OUTLINE"-50,0,50,-50";
"1"42;
"2"3;
%"GND_SIGNAL"
"1","(-3200,5450)","1","standard","I22";
;
CDS_LIB"standard"
HDL_POWER"GND_SIGNAL"
BODY_TYPE"PLUMBING";
"GND"3;
%"R"
"1","(-4350,4950)","1","kvm_matrix_lib","I23";
;
$LOCATION"?"
VALUE"12K-1%"
CDS_LMAN_SYM_OUTLINE"-100,25,100,-25"
CDS_LIB"kvm_matrix_lib"
CODE"97090163";
"A"2;
"B"37;
%"R"
"1","(-3700,3200)","0","kvm_matrix_lib","I24";
;
VALUE"1K"
$LOCATION"?"
CODE"07090277"
CDS_LIB"kvm_matrix_lib"
CDS_LMAN_SYM_OUTLINE"-100,25,100,-25";
"A"13;
"B"4;
%"GND_SIGNAL"
"1","(-3250,3150)","1","standard","I25";
;
HDL_POWER"GND_SIGNAL"
BODY_TYPE"PLUMBING"
CDS_LIB"standard";
"GND"4;
%"R"
"1","(-3700,2700)","0","kvm_matrix_lib","I26";
;
VALUE"4.7K"
$LOCATION"?"
CODE"07090246"
CDS_LIB"kvm_matrix_lib"
CDS_LMAN_SYM_OUTLINE"-100,25,100,-25";
"A"14;
"B"45;
%"R"
"1","(-3700,2500)","0","kvm_matrix_lib","I27";
;
$LOCATION"?"
VALUE"1K"
CODE"07090277"
CDS_LMAN_SYM_OUTLINE"-100,25,100,-25"
CDS_LIB"kvm_matrix_lib";
"A"14;
"B"5;
%"GND_SIGNAL"
"1","(-3250,2450)","1","standard","I28";
;
BODY_TYPE"PLUMBING"
HDL_POWER"GND_SIGNAL"
CDS_LIB"standard";
"GND"5;
%"R"
"1","(-3700,2150)","0","kvm_matrix_lib","I29";
;
VALUE"4.7K"
$LOCATION"?"
CDS_LIB"kvm_matrix_lib"
CDS_LMAN_SYM_OUTLINE"-100,25,100,-25"
CODE"07090246";
"A"15;
"B"46;
%"C"
"1","(-6450,4900)","0","kvm_matrix_lib","I3";
;
VALUE"10UF"
$LOCATION"?"
CODE"08070391"
CDS_LIB"kvm_matrix_lib"
CDS_LMAN_SYM_OUTLINE"-50,0,50,-50";
"1"12;
"2"2;
%"DIODE"
"1","(-7350,2050)","0","kvm_matrix_lib","I30";
;
VALUE"MBRS120T3"
$LOCATION"?"
CDS_LMAN_SYM_OUTLINE"-50,50,50,-50"
CDS_LIB"kvm_matrix_lib"
CODE"15010058";
"K"19;
"A"16;
%"DIODE"
"1","(-7350,1900)","0","kvm_matrix_lib","I31";
;
VALUE"MBRS120T3"
$LOCATION"?"
CDS_LMAN_SYM_OUTLINE"-50,50,50,-50"
CDS_LIB"kvm_matrix_lib"
CODE"15010058";
"K"19;
"A"22;
%"DIODE"
"1","(-7350,1600)","0","kvm_matrix_lib","I32";
;
$LOCATION"?"
VALUE"MBRS120T3"
CDS_LIB"kvm_matrix_lib"
CDS_LMAN_SYM_OUTLINE"-50,50,50,-50"
CODE"15010058";
"K"19;
"A"17;
%"DIODE"
"1","(-7350,1750)","0","kvm_matrix_lib","I33";
;
VALUE"MBRS120T3"
$LOCATION"?"
CDS_LIB"kvm_matrix_lib"
CDS_LMAN_SYM_OUTLINE"-50,50,50,-50"
CODE"15010058";
"K"19;
"A"23;
%"R"
"1","(-7250,2300)","0","kvm_matrix_lib","I34";
;
VALUE"10K"
$LOCATION"?"
CODE"07090247"
CDS_LMAN_SYM_OUTLINE"-100,25,100,-25"
CDS_LIB"kvm_matrix_lib";
"A"19;
"B"21;
%"DIODE"
"1","(-7350,1000)","0","kvm_matrix_lib","I35";
;
$LOCATION"?"
VALUE"MBRS120T3"
CDS_LIB"kvm_matrix_lib"
CDS_LMAN_SYM_OUTLINE"-50,50,50,-50"
CODE"15010058";
"K"48;
"A"18;
%"DIODE"
"1","(-7350,850)","0","kvm_matrix_lib","I36";
;
VALUE"MBRS120T3"
$LOCATION"?"
CDS_LIB"kvm_matrix_lib"
CDS_LMAN_SYM_OUTLINE"-50,50,50,-50"
CODE"15010058";
"K"48;
"A"26;
%"DIODE"
"1","(-7350,550)","0","kvm_matrix_lib","I37";
;
$LOCATION"?"
VALUE"MBRS120T3"
CDS_LIB"kvm_matrix_lib"
CDS_LMAN_SYM_OUTLINE"-50,50,50,-50"
CODE"15010058";
"K"48;
"A"24;
%"DIODE"
"1","(-7350,700)","0","kvm_matrix_lib","I38";
;
$LOCATION"?"
VALUE"MBRS120T3"
CDS_LIB"kvm_matrix_lib"
CDS_LMAN_SYM_OUTLINE"-50,50,50,-50"
CODE"15010058";
"K"48;
"A"25;
%"R"
"1","(-7250,1250)","0","kvm_matrix_lib","I39";
;
$LOCATION"?"
VALUE"4.7K"
CDS_LIB"kvm_matrix_lib"
CDS_LMAN_SYM_OUTLINE"-100,25,100,-25"
CODE"07090246";
"A"48;
"B"49;
%"C"
"1","(-6300,4900)","0","kvm_matrix_lib","I4";
;
VALUE"100PF"
$LOCATION"?"
CODE"98070501"
CDS_LIB"kvm_matrix_lib"
CDS_LMAN_SYM_OUTLINE"-50,0,50,-50";
"1"12;
"2"2;
%"LB"
"1","(-7200,3700)","0","kvm_matrix_lib","I5";
;
$LOCATION"?"
VALUE"100MOHM"
CDS_LIB"kvm_matrix_lib"
CDS_LMAN_SYM_OUTLINE"-125,50,125,0"
CODE"10070008";
"B"20;
"A"47;
%"C"
"1","(-7500,3500)","0","kvm_matrix_lib","I6";
;
$LOCATION"?"
VALUE"0.1U"
CDS_LIB"kvm_matrix_lib"
CDS_LMAN_SYM_OUTLINE"-50,0,50,-50"
CODE"08070262";
"1"47;
"2"1;
%"C"
"1","(-7700,3500)","0","kvm_matrix_lib","I7";
;
$LOCATION"?"
VALUE"10UF"
CODE"08070391"
CDS_LMAN_SYM_OUTLINE"-50,0,50,-50"
CDS_LIB"kvm_matrix_lib";
"1"47;
"2"1;
%"C"
"1","(-6900,3500)","0","kvm_matrix_lib","I8";
;
VALUE"10UF"
$LOCATION"?"
CODE"08070391"
CDS_LMAN_SYM_OUTLINE"-50,0,50,-50"
CDS_LIB"kvm_matrix_lib";
"1"20;
"2"1;
%"C"
"1","(-6700,3500)","0","kvm_matrix_lib","I9";
;
VALUE"0.1U"
$LOCATION"?"
CDS_LMAN_SYM_OUTLINE"-50,0,50,-50"
CDS_LIB"kvm_matrix_lib"
CODE"08070262";
"1"20;
"2"1;
END.
