FILE_TYPE = CONNECTIVITY;
{Allegro Design Entry HDL 16.6-p007 (v16-6-112F) 10/10/2012}
"PAGE_NUMBER" = 42;
0"NC";
1"GND_SIGNAL\g";
2"GND_SIGNAL\g";
3"GND_SIGNAL\g";
4"GND_SIGNAL\g";
5"GND_SIGNAL\g";
6"GND_SIGNAL\g";
7"V_A7_3V3_SFP2_VCCR";
8"A7_SFP2_RS0";
9"A7_SFP2_RX_LOS";
10"V_A7_3V3_SFP2_VCCR";
11"A7_SFP2_TX_DISABLE";
12"A7_SFP2_MOD_ABS";
13"A7_SFP2_RS1";
14"A7_SFP2_MOD_ABS";
15"V_A7_3V3_SFP2_VCCT";
16"V_A7_3V3";
17"V_A7_3V3_SFP2_VCCR";
18"V_A7_3V3";
19"V_A7_3V3_SFP2_VCCR";
20"A7_SFP2_RX_LOS";
21"A7_SFP2_TX_FAULT";
22"A7_SFP2_RS1";
23"A7_SFP2_RS0";
24"V_A7_3V3_SFP2_VCCT";
25"A7_SFP2_SDA";
26"A7_SFP2_TX_DISABLE";
27"A7_SFP2_SCL";
28"A7_SFP2_SIN_P";
29"A7_SFP2_SIN_N";
30"A7_SFP2_SOUT_N";
31"A7_SFP2_SOUT_P";
32"V_A7_3V3_SFP2_VCCT";
33"A7_SFP2_SCL";
34"A7_SFP2_SDA";
35"A7_SFP2_TX_FAULT";
36"V_A7_3V3_SFP2_VCCT";
%"R"
"1","(-8100,2000)","1","kvm_matrix_lib","I1";
;
VALUE"4.7K"
$LOCATION"?"
CODE"07090246"
CDS_LMAN_SYM_OUTLINE"-100,25,100,-25"
CDS_LIB"kvm_matrix_lib";
"A"33;
"B"10;
%"R"
"1","(-5950,3850)","1","kvm_matrix_lib","I10";
;
VALUE"0"
$LOCATION"?"
CODE"07090522"
CDS_LMAN_SYM_OUTLINE"-100,25,100,-25"
CDS_LIB"kvm_matrix_lib";
"A"1;
"B"13;
%"R"
"1","(-7950,4400)","1","kvm_matrix_lib","I11";
;
VALUE"4.7K"
$LOCATION"?"
CODE"07090246"
CDS_LMAN_SYM_OUTLINE"-100,25,100,-25"
CDS_LIB"kvm_matrix_lib";
"A"8;
"B"7;
%"SFP_CONN"
"1","(-7050,6150)","0","kvm_matrix_lib","I12";
;
CDS_LMAN_SYM_OUTLINE"-125,500,250,-775"
CDS_LIB"kvm_matrix_lib";
"20"6;
"19"30;
"18"31;
"17"6;
"16"24;
"15"19;
"14"6;
"13"28;
"12"29;
"11"6;
"10"6;
"9"22;
"8"20;
"7"23;
"6"14;
"5"27;
"4"25;
"3"26;
"2"21;
"1"6;
%"GND_SIGNAL"
"1","(-6700,5300)","0","standard","I13";
;
HDL_POWER"GND_SIGNAL"
BODY_TYPE"PLUMBING"
CDS_LIB"standard";
"GND"6;
%"R"
"1","(-5950,4400)","1","kvm_matrix_lib","I14";
;
$LOCATION"?"
VALUE"4.7K"
CODE"07090246"
CDS_LMAN_SYM_OUTLINE"-100,25,100,-25"
CDS_LIB"kvm_matrix_lib";
"A"13;
"B"32;
%"LB"
"1","(-2800,3750)","0","kvm_matrix_lib","I15";
;
VALUE"100MOHM"
$LOCATION"?"
CODE"10070008"
CDS_LMAN_SYM_OUTLINE"-125,50,125,0"
CDS_LIB"kvm_matrix_lib";
"B"15;
"A"18;
%"GND_SIGNAL"
"1","(-2550,3200)","0","standard","I16";
;
BODY_TYPE"PLUMBING"
HDL_POWER"GND_SIGNAL"
CDS_LIB"standard";
"GND"5;
%"C"
"1","(-2500,3550)","0","kvm_matrix_lib","I17";
;
VALUE"10UF"
$LOCATION"?"
CODE"08070391"
CDS_LMAN_SYM_OUTLINE"-50,0,50,-50"
CDS_LIB"kvm_matrix_lib";
"1"15;
"2"5;
%"C"
"1","(-2250,3550)","0","kvm_matrix_lib","I18";
;
VALUE"0.1U"
$LOCATION"?"
CODE"08070262"
CDS_LMAN_SYM_OUTLINE"-50,0,50,-50"
CDS_LIB"kvm_matrix_lib";
"1"15;
"2"5;
%"GND_SIGNAL"
"1","(-2550,4100)","0","standard","I19";
;
HDL_POWER"GND_SIGNAL"
BODY_TYPE"PLUMBING"
CDS_LIB"standard";
"GND"4;
%"R"
"1","(-7900,2000)","1","kvm_matrix_lib","I2";
;
VALUE"4.7K"
$LOCATION"?"
CODE"07090246"
CDS_LMAN_SYM_OUTLINE"-100,25,100,-25"
CDS_LIB"kvm_matrix_lib";
"A"34;
"B"10;
%"LB"
"1","(-2800,4650)","0","kvm_matrix_lib","I20";
;
VALUE"100MOHM"
$LOCATION"?"
CODE"10070008"
CDS_LMAN_SYM_OUTLINE"-125,50,125,0"
CDS_LIB"kvm_matrix_lib";
"B"17;
"A"16;
%"C"
"1","(-2500,4450)","0","kvm_matrix_lib","I21";
;
VALUE"10UF"
$LOCATION"?"
CODE"08070391"
CDS_LMAN_SYM_OUTLINE"-50,0,50,-50"
CDS_LIB"kvm_matrix_lib";
"1"17;
"2"4;
%"C"
"1","(-2250,4450)","0","kvm_matrix_lib","I22";
;
VALUE"0.1U"
$LOCATION"?"
CODE"08070262"
CDS_LMAN_SYM_OUTLINE"-50,0,50,-50"
CDS_LIB"kvm_matrix_lib";
"1"17;
"2"4;
%"GND_SIGNAL"
"1","(-2900,5450)","0","standard","I23";
;
BODY_TYPE"PLUMBING"
HDL_POWER"GND_SIGNAL"
CDS_LIB"standard";
"GND"3;
%"SFP_CAGE"
"1","(-2600,6150)","0","kvm_matrix_lib","I24";
;
CDS_LMAN_SYM_OUTLINE"-125,500,125,-550"
CDS_LIB"kvm_matrix_lib";
"20"3;
"19"3;
"18"3;
"17"3;
"16"3;
"15"3;
"14"3;
"13"3;
"12"3;
"11"3;
"10"3;
"9"3;
"8"3;
"7"3;
"6"3;
"5"3;
"4"3;
"3"3;
"2"3;
"1"3;
%"R"
"1","(-7700,2000)","1","kvm_matrix_lib","I3";
;
VALUE"4.7K"
$LOCATION"?"
CODE"07090246"
CDS_LMAN_SYM_OUTLINE"-100,25,100,-25"
CDS_LIB"kvm_matrix_lib";
"A"9;
"B"10;
%"GND_SIGNAL"
"1","(-8000,3500)","0","standard","I4";
;
HDL_POWER"GND_SIGNAL"
BODY_TYPE"PLUMBING"
CDS_LIB"standard";
"GND"2;
%"R"
"1","(-7950,3850)","1","kvm_matrix_lib","I5";
;
VALUE"0"
$LOCATION"?"
CODE"07090522"
CDS_LMAN_SYM_OUTLINE"-100,25,100,-25"
CDS_LIB"kvm_matrix_lib";
"A"2;
"B"8;
%"R"
"1","(-5950,2000)","1","kvm_matrix_lib","I6";
;
VALUE"4.7K"
$LOCATION"?"
CODE"07090246"
CDS_LMAN_SYM_OUTLINE"-100,25,100,-25"
CDS_LIB"kvm_matrix_lib";
"A"12;
"B"36;
%"R"
"1","(-5750,2000)","1","kvm_matrix_lib","I7";
;
VALUE"4.7K"
$LOCATION"?"
CODE"07090246"
CDS_LMAN_SYM_OUTLINE"-100,25,100,-25"
CDS_LIB"kvm_matrix_lib";
"A"11;
"B"36;
%"R"
"1","(-5550,2000)","1","kvm_matrix_lib","I8";
;
VALUE"4.7K"
$LOCATION"?"
CODE"07090246"
CDS_LMAN_SYM_OUTLINE"-100,25,100,-25"
CDS_LIB"kvm_matrix_lib";
"A"35;
"B"36;
%"GND_SIGNAL"
"1","(-6000,3500)","0","standard","I9";
;
HDL_POWER"GND_SIGNAL"
BODY_TYPE"PLUMBING"
CDS_LIB"standard";
"GND"1;
END.
