FILE_TYPE = CONNECTIVITY;
{Allegro Design Entry HDL 16.6-p007 (v16-6-112F) 10/10/2012}
"PAGE_NUMBER" = 85;
0"NC";
1"GND_SIGNAL\g";
2"GND_SIGNAL\g";
3"GND_SIGNAL\g";
4"GND_SIGNAL\g";
5"V_Z7_S6_3V3_CLKGEN";
6"CLK_Z7_S6_DIF_P_R";
7"CLK_Z7_S6_DIF_P";
8"V_Z7_3V3";
9"CLK_Z7_S6_200M_SYS";
10"V_Z7_S6_3V3_AVDD";
11"UN$85$CY22394FC$I23$XBUF";
12"CLK_Z7_S6_DIF_N_R";
13"CLK_Z7_S6_DIF_N";
14"V_Z7_S6_3V3_CLKGEN";
15"CLK_Z7_S6_DIF_P_R";
16"CLK_Z7_S6_25M";
17"CLK_Z7_S6_DIF_N_R";
18"V_Z7_S6_3V3_AVDD";
19"Z7_S6_CLKGEN_SUSPEND";
20"Z7_S6_CLKGEN_IIC_SCL";
21"UN$85$CY22394FC$I23$CLKC";
22"Z7_S6_CLKGEN_IIC_SCL_R";
23"Z7_S6_CLKGEN_IIC_SDA";
24"Z7_S6_CLKGEN_IIC_SDA_R";
25"V_Z7_S6_3V3_CLKGEN";
26"Z7_S6_CLKGEN_OE";
27"V_Z7_S6_3V3_CLKGEN";
28"V_Z7_S6_3V3_CLKGEN";
%"R"
"1","(-6850,2350)","0","kvm_matrix_lib","I1";
;
CDS_LIB"kvm_matrix_lib"
CDS_LMAN_SYM_OUTLINE"-100,25,100,-25"
CODE"07090603"
$LOCATION"?"
VALUE"100";
"A"6;
"B"12;
%"R"
"1","(-5325,2600)","1","kvm_matrix_lib","I2";
;
CDS_LIB"kvm_matrix_lib"
CDS_LMAN_SYM_OUTLINE"-100,25,100,-25"
CODE"97090124"
$LOCATION"?"
VALUE"120";
"A"6;
"B"5;
%"GND_SIGNAL"
"1","(-5550,3750)","0","standard","I22";
;
CDS_LIB"standard"
HDL_POWER"GND_SIGNAL"
BODY_TYPE"PLUMBING";
"GND"4;
%"CY22394FC"
"1","(-4950,5700)","0","kvm_matrix_lib","I23";
;
VALUE"CY22394FC"
$LOCATION"?"
CDS_LIB"kvm_matrix_lib"
CDS_LMAN_SYM_OUTLINE"-500,500,250,-250";
"SDAT_S0"24;
"SCLK_S1"22;
"XTALIN"16;
"S2/SUSPEND"19;
"SHUTDOWN_M/OE"26;
"XTALOUT"0;
"AGND"2;
"GND"2;
"XBUF"11;
"P_CLK_P"15;
"P_CLK*"17;
"AVDD"10;
"CLKC"21;
"CLKB"0;
"CLKA"9;
"VDD"28;
%"LB"
"1","(-6100,4450)","0","kvm_matrix_lib","I24";
;
VALUE"100MOHM"
$LOCATION"?"
CODE"10070008"
CDS_LMAN_SYM_OUTLINE"-125,50,125,0"
CDS_LIB"kvm_matrix_lib";
"B"14;
"A"8;
%"C"
"1","(-5500,4225)","0","kvm_matrix_lib","I25";
;
VALUE"0.1UF"
$LOCATION"?"
CODE"98070502"
CDS_LMAN_SYM_OUTLINE"-50,0,50,-50"
CDS_LIB"kvm_matrix_lib";
"1"14;
"2"4;
%"C"
"1","(-5350,4225)","0","kvm_matrix_lib","I26";
;
$LOCATION"?"
VALUE"0.1UF"
CODE"98070502"
CDS_LMAN_SYM_OUTLINE"-50,0,50,-50"
CDS_LIB"kvm_matrix_lib";
"1"14;
"2"4;
%"R"
"1","(-7000,5800)","0","kvm_matrix_lib","I27";
;
$LOCATION"?"
VALUE"4.7K"
CDS_LMAN_SYM_OUTLINE"-100,25,100,-25"
CDS_LIB"kvm_matrix_lib"
CODE"07090246";
"A"25;
"B"26;
%"R"
"1","(-7000,5650)","0","kvm_matrix_lib","I28";
;
VALUE"4.7K"
$LOCATION"?"
CODE"07090246"
CDS_LMAN_SYM_OUTLINE"-100,25,100,-25"
CDS_LIB"kvm_matrix_lib";
"A"27;
"B"19;
%"R"
"1","(-7000,5750)","0","kvm_matrix_lib","I29";
;
$LOCATION"?"
VALUE"22"
CDS_LMAN_SYM_OUTLINE"-100,25,100,-25"
CDS_LIB"kvm_matrix_lib"
CODE"07090265";
"A"23;
"B"24;
%"R"
"1","(-5200,2600)","1","kvm_matrix_lib","I3";
;
CDS_LIB"kvm_matrix_lib"
CDS_LMAN_SYM_OUTLINE"-100,25,100,-25"
CODE"97090124"
$LOCATION"?"
VALUE"120";
"A"12;
"B"5;
%"R"
"1","(-7000,5700)","0","kvm_matrix_lib","I30";
;
$LOCATION"?"
VALUE"22"
CDS_LMAN_SYM_OUTLINE"-100,25,100,-25"
CDS_LIB"kvm_matrix_lib"
CODE"07090265";
"A"20;
"B"22;
%"R"
"1","(-6700,5350)","1","kvm_matrix_lib","I31";
;
$LOCATION"?"
VALUE"1K"
CDS_LMAN_SYM_OUTLINE"-100,25,100,-25"
CDS_LIB"kvm_matrix_lib"
CODE"07090277";
"A"3;
"B"19;
%"GND_SIGNAL"
"1","(-6750,5050)","0","standard","I32";
;
CDS_LIB"standard"
BODY_TYPE"PLUMBING"
HDL_POWER"GND_SIGNAL";
"GND"3;
%"R"
"1","(-4800,4450)","0","kvm_matrix_lib","I33";
;
$LOCATION"?"
VALUE"0"
CDS_LMAN_SYM_OUTLINE"-100,25,100,-25"
CDS_LIB"kvm_matrix_lib"
CODE"07090522";
"A"14;
"B"18;
%"C"
"1","(-4450,4225)","0","kvm_matrix_lib","I34";
;
$LOCATION"?"
VALUE"10UF"
CODE"98070517"
CDS_LMAN_SYM_OUTLINE"-50,0,50,-50"
CDS_LIB"kvm_matrix_lib";
"1"18;
"2"4;
%"C"
"1","(-4300,4250)","0","kvm_matrix_lib","I35";
;
$LOCATION"?"
VALUE"10PF"
CDS_LMAN_SYM_OUTLINE"-50,0,50,-50"
CDS_LIB"kvm_matrix_lib"
CODE"98070518";
"1"18;
"2"4;
%"GND_SIGNAL"
"1","(-4250,5900)","1","standard","I36";
;
HDL_POWER"GND_SIGNAL"
BODY_TYPE"PLUMBING"
CDS_LIB"standard";
"GND"2;
%"TP"
"1","(-4300,5800)","2","kvm_matrix_lib","I37";
;
VALUE"TP_SMD"
$LOCATION"?"
CDS_LIB"kvm_matrix_lib"
CDS_LMAN_SYM_OUTLINE"-150,75,50,-75";
"P \B"21;
%"TP"
"1","(-4300,5500)","2","kvm_matrix_lib","I38";
;
VALUE"TP_SMD"
$LOCATION"?"
CDS_LMAN_SYM_OUTLINE"-150,75,50,-75"
CDS_LIB"kvm_matrix_lib";
"P \B"11;
%"GND_SIGNAL"
"1","(-4600,1550)","0","standard","I39";
;
CDS_LIB"standard"
HDL_POWER"GND_SIGNAL"
BODY_TYPE"PLUMBING";
"GND"1;
%"R"
"1","(-4875,2350)","0","kvm_matrix_lib","I4";
;
CDS_LIB"kvm_matrix_lib"
CDS_LMAN_SYM_OUTLINE"-100,25,100,-25"
CODE"07090265"
$LOCATION"?"
VALUE"22";
"A"12;
"B"13;
%"R"
"1","(-4875,2250)","0","kvm_matrix_lib","I5";
;
CDS_LIB"kvm_matrix_lib"
CDS_LMAN_SYM_OUTLINE"-100,25,100,-25"
CODE"07090265"
$LOCATION"?"
VALUE"22";
"A"6;
"B"7;
%"R"
"1","(-4575,1975)","1","kvm_matrix_lib","I6";
;
CDS_LIB"kvm_matrix_lib"
CDS_LMAN_SYM_OUTLINE"-100,25,100,-25"
CODE"07090266"
$LOCATION"?"
VALUE"51";
"A"1;
"B"7;
%"R"
"1","(-4475,1975)","1","kvm_matrix_lib","I7";
;
CDS_LIB"kvm_matrix_lib"
CDS_LMAN_SYM_OUTLINE"-100,25,100,-25"
CODE"07090266"
$LOCATION"?"
VALUE"51";
"A"1;
"B"13;
END.
