FILE_TYPE = CONNECTIVITY;
{Allegro Design Entry HDL 16.6-p007 (v16-6-112F) 10/10/2012}
"PAGE_NUMBER" = 79;
0"NC";
1"GND_SIGNAL\g";
2"UN$79$LB$I2$B";
3"Z7_PS_88E_MDI0_P";
4"Z7_PS_88E_MDI3_N";
5"V_Z7_PS_2V5_88E_AVDD";
6"Z7_PS_88E_MDI0_N";
7"Z7_PS_88E_MDI2_P";
8"Z7_PS_88E_MDI2_N";
9"Z7_PS_88E_MDI1_N";
10"Z7_PS_88E_MDI1_P";
11"Z7_PS_88E_MDI3_P";
%"RJ45-GE-MAGNETICS"
"1","(-5650,4900)","0","kvm_matrix_lib","I1";
;
CDS_LIB"kvm_matrix_lib"
CDS_LMAN_SYM_OUTLINE"-125,300,300,-500";
"M2"2;
"M1"2;
"10"1;
"9"5;
"8"4;
"7"11;
"6"8;
"5"7;
"4"9;
"3"10;
"2"6;
"1"3;
%"LB"
"1","(-4950,4450)","2","kvm_matrix_lib","I2";
;
CODE"10070008"
CDS_LMAN_SYM_OUTLINE"-125,50,125,0"
CDS_LIB"kvm_matrix_lib"
VALUE"100MOHM"
$LOCATION"?";
"B"2;
"A"1;
%"GND_SIGNAL"
"1","(-4600,4250)","0","standard","I3";
;
CDS_LIB"standard"
HDL_POWER"GND_SIGNAL"
BODY_TYPE"PLUMBING";
"GND"1;
END.
