FILE_TYPE = CONNECTIVITY;
{Allegro Design Entry HDL 16.6-p007 (v16-6-112F) 10/10/2012}
"PAGE_NUMBER" = 17;
0"NC";
1"GND_SIGNAL\g";
2"GND_SIGNAL\g";
3"GND_SIGNAL\g";
4"GND_SIGNAL\g";
5"S7_DDR_CLK_P";
6"S7_DDR_CLK_N";
7"S7_DDR_DQ15";
8"S7_DDR_DQ14";
9"S7_DDR_DQ11";
10"V_S7_1V35";
11"V_S7_1V35_DDR";
12"V_S7_1V35_DDR";
13"UN$17$C$I20$1";
14"V_S7_1V35_DDR";
15"S7_DDR_DQ13";
16"S7_DDR_DQ12";
17"S7_DDR_DQ9";
18"S7_DDR_DQ10";
19"S7_DDR_DQ8";
20"S7_DDR_DQ2";
21"S7_DDR_DQ1";
22"S7_DDR_DQ6";
23"S7_DDR_DQ4";
24"S7_DDR_DQ7";
25"S7_DDR_DQ5";
26"S7_DDR_DQ3";
27"S7_DDR_DQ0";
28"UN$17$MT41K512M16HA-125$I1$L8";
29"S7_DDR_DM1";
30"S7_DDR_DM0";
31"S7_DDR_DQS1_P";
32"S7_DDR_DQS1_N";
33"S7_DDR_DQS0_P";
34"S7_DDR_DQS0_N";
35"S7_DDR_ODT";
36"S7_DDR_RESET_N";
37"S7_DDR_A10";
38"S7_DDR_A15";
39"S7_DDR_A3";
40"S7_DDR_A12";
41"S7_DDR_A5";
42"S7_DDR_A2";
43"S7_DDR_A4";
44"S7_DDR_A7";
45"S7_DDR_A9";
46"S7_DDR_A11";
47"S7_DDR_A6";
48"S7_DDR_A13";
49"S7_DDR_A14";
50"S7_DDR_A8";
51"S7_DDR_A0";
52"S7_DDR_BA2";
53"S7_DDR_BA1";
54"S7_DDR_CLK_P";
55"S7_DDR_A1";
56"S7_DDR_BA0";
57"S7_DDR_CLK_N";
58"S7_DDR_CKE";
59"S7_DDR_CS_N";
60"S7_DDR_RAS_N";
61"S7_DDR_CAS_N";
62"S7_DDR_WE_N";
%"MT41K512M16HA-125"
"1","(-7550,4400)","0","kvm_matrix_lib","I1";
;
CDS_LMAN_SYM_OUTLINE"-125,1400,325,-1850"
CDS_LIB"kvm_matrix_lib";
"F8"26;
"T8"50;
"T7"49;
"T3"48;
"T2"36;
"R8"47;
"R7"46;
"R3"45;
"R2"44;
"P8"43;
"P7"55;
"P3"42;
"P2"41;
"N8"53;
"N7"40;
"N3"51;
"N2"39;
"M7"38;
"M3"52;
"M2"56;
"L9"0;
"L8"28;
"L7"37;
"L3"62;
"L2"59;
"L1"0;
"K9"58;
"K7"57;
"K3"61;
"K1"35;
"J9"0;
"J7"54;
"J3"60;
"J1"0;
"H8"25;
"H7"24;
"H3"23;
"G3"34;
"G2"22;
"F7"21;
"F3"33;
"F2"20;
"E7"30;
"E3"27;
"D7"19;
"D3"29;
"C8"18;
"C7"31;
"C3"17;
"C2"9;
"B8"8;
"B7"32;
"A7"16;
"A3"7;
"A2"15;
%"C"
"1","(-1700,3150)","0","kvm_matrix_lib","I10";
;
$LOCATION"?"
VALUE"0.1U"
CDS_LIB"kvm_matrix_lib"
CDS_LMAN_SYM_OUTLINE"-50,0,50,-50"
CODE"08070262";
"1"14;
"2"1;
%"C"
"1","(-1450,3150)","0","kvm_matrix_lib","I11";
;
$LOCATION"?"
VALUE"0.1U"
CDS_LIB"kvm_matrix_lib"
CDS_LMAN_SYM_OUTLINE"-50,0,50,-50"
CODE"08070262";
"1"14;
"2"1;
%"C"
"1","(-850,3150)","0","kvm_matrix_lib","I12";
;
$LOCATION"?"
VALUE"0.1U"
CDS_LIB"kvm_matrix_lib"
CDS_LMAN_SYM_OUTLINE"-50,0,50,-50"
CODE"08070262";
"1"14;
"2"1;
%"C"
"1","(-1000,3150)","0","kvm_matrix_lib","I13";
;
$LOCATION"?"
VALUE"0.1U"
CDS_LIB"kvm_matrix_lib"
CDS_LMAN_SYM_OUTLINE"-50,0,50,-50"
CODE"08070262";
"1"14;
"2"1;
%"C"
"1","(-1150,3150)","0","kvm_matrix_lib","I14";
;
$LOCATION"?"
VALUE"0.1U"
CDS_LIB"kvm_matrix_lib"
CDS_LMAN_SYM_OUTLINE"-50,0,50,-50"
CODE"08070262";
"1"14;
"2"1;
%"C"
"1","(-1300,3150)","0","kvm_matrix_lib","I15";
;
$LOCATION"?"
VALUE"0.1U"
CDS_LIB"kvm_matrix_lib"
CDS_LMAN_SYM_OUTLINE"-50,0,50,-50"
CODE"08070262";
"1"14;
"2"1;
%"GND_SIGNAL"
"1","(-2600,2750)","0","standard","I16";
;
CDS_LIB"standard"
BODY_TYPE"PLUMBING"
HDL_POWER"GND_SIGNAL";
"GND"1;
%"R"
"1","(-2150,4800)","1","kvm_matrix_lib","I17";
;
$LOCATION"?"
VALUE"1K-1%"
CDS_LIB"kvm_matrix_lib"
CDS_LMAN_SYM_OUTLINE"-100,25,100,-25"
CODE"07090549";
"A"13;
"B"12;
%"R"
"1","(-2150,4200)","1","kvm_matrix_lib","I18";
;
$LOCATION"?"
VALUE"1K-1%"
CDS_LMAN_SYM_OUTLINE"-100,25,100,-25"
CDS_LIB"kvm_matrix_lib"
CODE"07090549";
"A"2;
"B"13;
%"GND_SIGNAL"
"1","(-2200,3800)","0","standard","I19";
;
CDS_LIB"standard"
BODY_TYPE"PLUMBING"
HDL_POWER"GND_SIGNAL";
"GND"2;
%"MT41K512M16HA-125"
"2","(-1650,4850)","0","kvm_matrix_lib","I2";
;
CDS_LIB"kvm_matrix_lib"
CDS_LMAN_SYM_OUTLINE"-125,1100,250,-425";
"T9"4;
"T1"4;
"R9"12;
"R1"12;
"P9"4;
"P1"4;
"N9"12;
"N1"12;
"M9"4;
"M8"13;
"M1"4;
"K8"12;
"K2"12;
"J8"4;
"J2"4;
"H9"11;
"H2"11;
"H1"13;
"G9"4;
"G8"4;
"G7"12;
"G1"4;
"F9"4;
"F1"11;
"E9"11;
"E8"4;
"E2"4;
"E1"4;
"D9"12;
"D8"4;
"D2"11;
"D1"4;
"C9"11;
"C1"11;
"B9"4;
"B3"4;
"B2"12;
"B1"4;
"A9"4;
"A8"11;
"A1"11;
%"C"
"1","(-2600,4250)","2","kvm_matrix_lib","I20";
;
$LOCATION"?"
VALUE"1U"
CDS_LMAN_SYM_OUTLINE"-50,0,50,-50"
CDS_LIB"kvm_matrix_lib"
CODE"98070403";
"1"13;
"2"2;
%"C"
"1","(-2400,4850)","0","kvm_matrix_lib","I21";
;
$LOCATION"?"
VALUE"0.01U"
CDS_LMAN_SYM_OUTLINE"-50,0,50,-50"
CDS_LIB"kvm_matrix_lib"
CODE"08070247";
"1"12;
"2"13;
%"C"
"1","(-2400,4250)","0","kvm_matrix_lib","I22";
;
$LOCATION"?"
VALUE"0.01U"
CDS_LMAN_SYM_OUTLINE"-50,0,50,-50"
CDS_LIB"kvm_matrix_lib"
CODE"08070247";
"1"13;
"2"2;
%"R"
"1","(-6850,3050)","0","kvm_matrix_lib","I23";
;
$LOCATION"?"
VALUE"240"
CDS_LIB"kvm_matrix_lib"
CDS_LMAN_SYM_OUTLINE"-100,25,100,-25"
CODE"07090111";
"A"28;
"B"3;
%"GND_SIGNAL"
"1","(-6450,3000)","1","standard","I24";
;
CDS_LIB"standard"
BODY_TYPE"PLUMBING"
HDL_POWER"GND_SIGNAL";
"GND"3;
%"R"
"1","(-9850,3550)","1","kvm_matrix_lib","I25";
;
VALUE"80-1%"
CODE""
$LOCATION"?"
CDS_LMAN_SYM_OUTLINE"-100,25,100,-25"
CDS_LIB"kvm_matrix_lib";
"A"6;
"B"5;
%"GND_SIGNAL"
"1","(-1350,4600)","0","standard","I3";
;
CDS_LIB"standard"
HDL_POWER"GND_SIGNAL"
BODY_TYPE"PLUMBING";
"GND"4;
%"LB"
"1","(-2900,3350)","0","kvm_matrix_lib","I4";
;
$LOCATION"?"
VALUE"100MOHM"
CDS_LMAN_SYM_OUTLINE"-125,50,125,0"
CDS_LIB"kvm_matrix_lib"
CODE"10070008";
"B"14;
"A"10;
%"C"
"1","(-2550,3150)","0","kvm_matrix_lib","I5";
;
$LOCATION"?"
VALUE"10UF"
CDS_LIB"kvm_matrix_lib"
CDS_LMAN_SYM_OUTLINE"-50,0,50,-50"
CODE"08070391";
"1"14;
"2"1;
%"C"
"1","(-2300,3150)","0","kvm_matrix_lib","I6";
;
$LOCATION"?"
VALUE"0.1U"
CDS_LIB"kvm_matrix_lib"
CDS_LMAN_SYM_OUTLINE"-50,0,50,-50"
CODE"08070262";
"1"14;
"2"1;
%"C"
"1","(-2150,3150)","0","kvm_matrix_lib","I7";
;
$LOCATION"?"
VALUE"0.1U"
CDS_LIB"kvm_matrix_lib"
CDS_LMAN_SYM_OUTLINE"-50,0,50,-50"
CODE"08070262";
"1"14;
"2"1;
%"C"
"1","(-2000,3150)","0","kvm_matrix_lib","I8";
;
$LOCATION"?"
VALUE"0.1U"
CDS_LIB"kvm_matrix_lib"
CDS_LMAN_SYM_OUTLINE"-50,0,50,-50"
CODE"08070262";
"1"14;
"2"1;
%"C"
"1","(-1850,3150)","0","kvm_matrix_lib","I9";
;
$LOCATION"?"
VALUE"0.1U"
CDS_LIB"kvm_matrix_lib"
CDS_LMAN_SYM_OUTLINE"-50,0,50,-50"
CODE"08070262";
"1"14;
"2"1;
END.
