FILE_TYPE = CONNECTIVITY;
{Allegro Design Entry HDL 16.6-p007 (v16-6-112F) 10/10/2012}
"PAGE_NUMBER" = 10;
0"NC";
1"GND_SIGNAL\g";
2"GND_SIGNAL\g";
3"GND_SIGNAL\g";
4"GND_SIGNAL\g";
5"GND_SIGNAL\g";
6"GND_SIGNAL\g";
7"S7_HDMI_DATA0_N";
8"V_S7_3V3_VCCO";
9"UN$10$DIODE$I26$A";
10"V_S7_3V3_VCCO";
11"S7_HDMI_CEC";
12"V_S7_5V0_HDMI";
13"S7_HDMI_SCL_Q";
14"V_S7_3V3_VCCO";
15"S7_HDMI_SDA_Q";
16"UN$10$AO3400$I28$1";
17"UN$10$AO3400$I32$1";
18"S7_HDMI_SCL";
19"S7_HDMI_SDA";
20"V_S7_5V0_HDMI";
21"V_S7_5V0_HDMI";
22"S7_HDMI_CLK_R_N";
23"S7_HDMI_CEC";
24"S7_HDMI_SCL";
25"S7_HDMI_CLK_R_P";
26"S7_HDMI_DATA2_R_N";
27"S7_HDMI_DATA2_R_P";
28"S7_HDMI_DATA1_R_N";
29"S7_HDMI_DATA0_R_N";
30"S7_HDMI_DATA0_R_P";
31"S7_HDMI_DATA1_R_P";
32"S7_HMDI_SDA";
33"S7_HDMI_HP";
34"V_S7_5V0_IN";
35"V_S7_3V3_VCCO";
36"S7_HDMI_DATA0_P";
37"S7_HDMI_DATA2_P";
38"S7_HDMI_CLK_N";
39"S7_HDMI_CLK_P";
40"S7_HDMI_DATA2_N";
41"S7_HDMI_DATA1_P";
42"S7_HDMI_DATA1_N";
43"V_S7_5V0_HDMI";
44"S7_HDMI_DATA0_N";
45"S7_HDMI_DATA0_P";
46"S7_HDMI_DATA1_P";
47"S7_HDMI_DATA1_N";
48"S7_HDMI_DATA2_P";
49"S7_HDMI_DATA2_N";
50"S7_HDMI_CLK_P";
51"S7_HDMI_CLK_N";
52"S7_HDMI_DATA1_P";
53"S7_HMDI_SDA";
54"S7_HDMI_SCL";
55"S7_HDMI_CLK_N";
56"S7_HDMI_CLK_P";
57"S7_HDMI_DATA2_N";
58"S7_HDMI_DATA2_P";
59"S7_HDMI_DATA1_N";
60"S7_HDMI_DATA0_N";
61"S7_HDMI_DATA0_P";
62"S7_HDMI_HP";
63"S7_HDMI_CEC";
64"S7_HDMI_DATA0_N";
65"S7_HDMI_DATA0_P";
66"S7_HDMI_DATA1_N";
67"S7_HDMI_DATA1_P";
68"S7_HDMI_DATA2_P";
69"S7_HDMI_DATA2_N";
70"S7_HDMI_CLK_P";
71"S7_HDMI_CLK_N";
72"S7_HDMI_CEC";
73"S7_HDMI_HP";
74"S7_HDMI_SCL";
75"S7_HMDI_SDA";
%"GND_SIGNAL"
"1","(-5300,1950)","0","standard","I1";
;
CDS_LIB"standard"
BODY_TYPE"PLUMBING"
HDL_POWER"GND_SIGNAL";
"GND"4;
%"R"
"1","(-5450,6600)","1","kvm_matrix_lib","I10";
;
$LOCATION"?"
VALUE"49.9"
CDS_LIB"kvm_matrix_lib"
CDS_LMAN_SYM_OUTLINE"-100,25,100,-25"
CODE"07090198";
"A"38;
"B"35;
%"R"
"1","(-5350,6600)","1","kvm_matrix_lib","I11";
;
$LOCATION"?"
VALUE"49.9"
CDS_LMAN_SYM_OUTLINE"-100,25,100,-25"
CDS_LIB"kvm_matrix_lib"
CODE"07090198";
"A"39;
"B"35;
%"R"
"1","(-5250,6600)","1","kvm_matrix_lib","I12";
;
VALUE"49.9"
$LOCATION"?"
CODE"07090198"
CDS_LIB"kvm_matrix_lib"
CDS_LMAN_SYM_OUTLINE"-100,25,100,-25";
"A"40;
"B"35;
%"R"
"1","(-5150,6600)","1","kvm_matrix_lib","I13";
;
VALUE"49.9"
$LOCATION"?"
CODE"07090198"
CDS_LIB"kvm_matrix_lib"
CDS_LMAN_SYM_OUTLINE"-100,25,100,-25";
"A"37;
"B"35;
%"R"
"1","(-4750,6600)","1","kvm_matrix_lib","I14";
;
VALUE"49.9"
$LOCATION"?"
CODE"07090198"
CDS_LMAN_SYM_OUTLINE"-100,25,100,-25"
CDS_LIB"kvm_matrix_lib";
"A"36;
"B"35;
%"R"
"1","(-4850,6600)","1","kvm_matrix_lib","I15";
;
$LOCATION"?"
VALUE"49.9"
CODE"07090198"
CDS_LMAN_SYM_OUTLINE"-100,25,100,-25"
CDS_LIB"kvm_matrix_lib";
"A"7;
"B"35;
%"R"
"1","(-4950,6600)","1","kvm_matrix_lib","I16";
;
VALUE"49.9"
$LOCATION"?"
CODE"07090198"
CDS_LMAN_SYM_OUTLINE"-100,25,100,-25"
CDS_LIB"kvm_matrix_lib";
"A"41;
"B"35;
%"R"
"1","(-5050,6600)","1","kvm_matrix_lib","I17";
;
VALUE"49.9"
$LOCATION"?"
CODE"07090198"
CDS_LMAN_SYM_OUTLINE"-100,25,100,-25"
CDS_LIB"kvm_matrix_lib";
"A"42;
"B"35;
%"R"
"1","(-4500,6300)","0","kvm_matrix_lib","I18";
;
VALUE"10"
$LOCATION"?"
CODE"07090459"
CDS_LIB"kvm_matrix_lib"
CDS_LMAN_SYM_OUTLINE"-100,25,100,-25";
"A"36;
"B"30;
%"R"
"1","(-4500,6200)","0","kvm_matrix_lib","I19";
;
VALUE"10"
$LOCATION"?"
CDS_LIB"kvm_matrix_lib"
CDS_LMAN_SYM_OUTLINE"-100,25,100,-25"
CODE"07090459";
"A"7;
"B"29;
%"GND_SIGNAL"
"1","(-4500,1950)","0","standard","I2";
;
BODY_TYPE"PLUMBING"
HDL_POWER"GND_SIGNAL"
CDS_LIB"standard";
"GND"5;
%"R"
"1","(-4500,5950)","0","kvm_matrix_lib","I20";
;
VALUE"10"
$LOCATION"?"
CODE"07090459"
CDS_LMAN_SYM_OUTLINE"-100,25,100,-25"
CDS_LIB"kvm_matrix_lib";
"A"42;
"B"28;
%"R"
"1","(-4500,6050)","0","kvm_matrix_lib","I21";
;
VALUE"10"
$LOCATION"?"
CODE"07090459"
CDS_LMAN_SYM_OUTLINE"-100,25,100,-25"
CDS_LIB"kvm_matrix_lib";
"A"41;
"B"31;
%"R"
"1","(-4500,5700)","0","kvm_matrix_lib","I22";
;
VALUE"10"
$LOCATION"?"
CODE"07090459"
CDS_LMAN_SYM_OUTLINE"-100,25,100,-25"
CDS_LIB"kvm_matrix_lib";
"A"40;
"B"26;
%"R"
"1","(-4500,5800)","0","kvm_matrix_lib","I23";
;
VALUE"10"
$LOCATION"?"
CODE"07090459"
CDS_LMAN_SYM_OUTLINE"-100,25,100,-25"
CDS_LIB"kvm_matrix_lib";
"A"37;
"B"27;
%"R"
"1","(-4500,5550)","0","kvm_matrix_lib","I24";
;
VALUE"10"
$LOCATION"?"
CODE"07090459"
CDS_LMAN_SYM_OUTLINE"-100,25,100,-25"
CDS_LIB"kvm_matrix_lib";
"A"39;
"B"25;
%"R"
"1","(-4500,5450)","0","kvm_matrix_lib","I25";
;
VALUE"10"
$LOCATION"?"
CODE"07090459"
CDS_LMAN_SYM_OUTLINE"-100,25,100,-25"
CDS_LIB"kvm_matrix_lib";
"A"38;
"B"22;
%"DIODE"
"1","(-1450,6000)","1","kvm_matrix_lib","I26";
;
VALUE"1N4148"
$LOCATION"?"
CODE"95010058"
CDS_LMAN_SYM_OUTLINE"-50,50,50,-50"
CDS_LIB"kvm_matrix_lib";
"K"11;
"A"9;
%"R"
"1","(-1450,6500)","1","kvm_matrix_lib","I27";
;
VALUE"27.4K"
$LOCATION"?"
CODE"07090320"
CDS_LMAN_SYM_OUTLINE"-100,25,100,-25"
CDS_LIB"kvm_matrix_lib";
"A"9;
"B"8;
%"AO3400"
"1","(-1750,3750)","3","kvm_matrix_lib","I28";
;
CDS_LIB"kvm_matrix_lib"
CDS_LMAN_SYM_OUTLINE"-125,125,125,-125";
"3"18;
"2"13;
"1"16;
%"R"
"1","(-1500,4250)","1","kvm_matrix_lib","I29";
;
VALUE"1.8K-1%"
$LOCATION"?"
CODE"97090132"
CDS_LMAN_SYM_OUTLINE"-100,25,100,-25"
CDS_LIB"kvm_matrix_lib";
"A"13;
"B"10;
%"HDMI-A"
"1","(-4950,3500)","0","kvm_matrix_lib","I3";
;
CDS_LIB"kvm_matrix_lib"
CDS_LMAN_SYM_OUTLINE"-125,500,325,-1150";
"23"4;
"22"4;
"21"4;
"20"4;
"19"33;
"18"21;
"17"5;
"16"32;
"15"24;
"14"0;
"13"23;
"12"51;
"11"4;
"10"50;
"9"44;
"8"4;
"7"45;
"6"47;
"5"4;
"4"46;
"3"49;
"2"4;
"1"48;
%"R"
"1","(-1750,4250)","1","kvm_matrix_lib","I30";
;
VALUE"10K"
$LOCATION"?"
CODE"07090035"
CDS_LMAN_SYM_OUTLINE"-100,25,100,-25"
CDS_LIB"kvm_matrix_lib";
"A"16;
"B"10;
%"R"
"1","(-2050,4200)","1","kvm_matrix_lib","I31";
;
VALUE"1.8K-1%"
$LOCATION"?"
CODE"97090132"
CDS_LMAN_SYM_OUTLINE"-100,25,100,-25"
CDS_LIB"kvm_matrix_lib";
"A"18;
"B"12;
%"AO3400"
"1","(-1750,2250)","3","kvm_matrix_lib","I32";
;
CDS_LIB"kvm_matrix_lib"
CDS_LMAN_SYM_OUTLINE"-125,125,125,-125";
"3"19;
"2"15;
"1"17;
%"R"
"1","(-1500,2750)","1","kvm_matrix_lib","I33";
;
VALUE"1.8K-1%"
$LOCATION"?"
CDS_LIB"kvm_matrix_lib"
CDS_LMAN_SYM_OUTLINE"-100,25,100,-25"
CODE"97090132";
"A"15;
"B"14;
%"R"
"1","(-1750,2750)","1","kvm_matrix_lib","I34";
;
$LOCATION"?"
VALUE"10K"
CDS_LIB"kvm_matrix_lib"
CDS_LMAN_SYM_OUTLINE"-100,25,100,-25"
CODE"07090035";
"A"17;
"B"14;
%"R"
"1","(-2050,2700)","1","kvm_matrix_lib","I35";
;
$LOCATION"?"
VALUE"1.8K-1%"
CDS_LIB"kvm_matrix_lib"
CDS_LMAN_SYM_OUTLINE"-100,25,100,-25"
CODE"97090132";
"A"19;
"B"20;
%"DIODE"
"1","(-5000,4800)","0","kvm_matrix_lib","I36";
;
$LOCATION"?"
VALUE"MBRS120T3"
CODE"15010058"
CDS_LIB"kvm_matrix_lib"
CDS_LMAN_SYM_OUTLINE"-50,50,50,-50";
"K"43;
"A"34;
%"C"
"1","(-4700,4600)","2","kvm_matrix_lib","I37";
;
VALUE"10UF"
$LOCATION"?"
CODE"08070391"
CDS_LMAN_SYM_OUTLINE"-50,0,50,-50"
CDS_LIB"kvm_matrix_lib";
"1"34;
"2"6;
%"GND_SIGNAL"
"1","(-4750,4300)","0","standard","I38";
;
CDS_LIB"standard"
HDL_POWER"GND_SIGNAL"
BODY_TYPE"PLUMBING";
"GND"6;
%"GND_SIGNAL"
"1","(-8700,2550)","0","standard","I4";
;
BODY_TYPE"PLUMBING"
HDL_POWER"GND_SIGNAL"
CDS_LIB"standard";
"GND"1;
%"RCLAMP0524P"
"1","(-8650,3050)","0","kvm_matrix_lib","I5";
;
CDS_LMAN_SYM_OUTLINE"-125,275,200,-250"
CDS_LIB"kvm_matrix_lib";
"10"63;
"9"62;
"8"1;
"7"54;
"6"53;
"5"75;
"4"74;
"3"1;
"2"73;
"1"72;
%"GND_SIGNAL"
"1","(-8700,3800)","0","standard","I6";
;
BODY_TYPE"PLUMBING"
HDL_POWER"GND_SIGNAL"
CDS_LIB"standard";
"GND"2;
%"GND_SIGNAL"
"1","(-8700,5050)","0","standard","I7";
;
HDL_POWER"GND_SIGNAL"
BODY_TYPE"PLUMBING"
CDS_LIB"standard";
"GND"3;
%"RCLAMP0524P"
"1","(-8650,5550)","0","kvm_matrix_lib","I8";
;
CDS_LMAN_SYM_OUTLINE"-125,275,200,-250"
CDS_LIB"kvm_matrix_lib";
"10"61;
"9"60;
"8"3;
"7"52;
"6"59;
"5"66;
"4"67;
"3"3;
"2"64;
"1"65;
%"RCLAMP0524P"
"1","(-8650,4300)","0","kvm_matrix_lib","I9";
;
CDS_LMAN_SYM_OUTLINE"-125,275,200,-250"
CDS_LIB"kvm_matrix_lib";
"10"58;
"9"57;
"8"2;
"7"56;
"6"55;
"5"71;
"4"70;
"3"2;
"2"69;
"1"68;
END.
