FILE_TYPE = CONNECTIVITY;
{Allegro Design Entry HDL 16.6-p007 (v16-6-112F) 10/10/2012}
"PAGE_NUMBER" = 75;
0"NC";
1"GND_SIGNAL\g";
2"GND_SIGNAL\g";
3"GND_SIGNAL\g";
4"GND_SIGNAL\g";
5"Z7_PL_DDR_DQ11";
6"Z7_PL_DDR_DQ3";
7"Z7_PL_DDR_DQ2";
8"V_Z7_PL_1V35_DDR";
9"V_Z7_PL_1V35_DDR";
10"Z7_PL_DDR_CLK_P";
11"Z7_PL_DDR_DM1";
12"Z7_PL_DDR_DQ14";
13"Z7_PL_DDR_DQ13";
14"Z7_PL_DDR_DQ12";
15"Z7_PL_DDR_DQ10";
16"Z7_PL_DDR_DQ9";
17"Z7_PL_DDR_DQ8";
18"Z7_PL_DDR_DQ7";
19"Z7_PL_DDR_DQ6";
20"Z7_PL_DDR_DQ5";
21"Z7_PL_DDR_DQ4";
22"Z7_PL_DDR_DQS1_P";
23"Z7_PL_DDR_CLK_N";
24"Z7_PL_DDR_CLK_P";
25"Z7_PL_DDR_WE_N";
26"Z7_PL_DDR_A15";
27"Z7_PL_DDR_A14";
28"Z7_PL_DDR_A13";
29"Z7_PL_DDR_A12";
30"Z7_PL_DDR_A11";
31"Z7_PL_DDR_A10";
32"Z7_PL_DDR_A9";
33"Z7_PL_DDR_A8";
34"Z7_PL_DDR_A7";
35"Z7_PL_DDR_A6";
36"Z7_PL_DDR_A5";
37"Z7_PL_DDR_A4";
38"Z7_PL_DDR_A3";
39"Z7_PL_DDR_A2";
40"Z7_PL_DDR_A1";
41"Z7_PL_DDR_A0";
42"Z7_PL_DDR_BA2";
43"Z7_PL_DDR_BA1";
44"Z7_PL_DDR_BA0";
45"Z7_PL_DDR_CAS_N";
46"Z7_PL_DDR_RAS_N";
47"Z7_PL_DDR_CS_N";
48"Z7_PL_DDR_CKE";
49"Z7_PL_DDR_CLK_N";
50"Z7_PL_DDR_DQ1";
51"Z7_PL_DDR_DQ0";
52"Z7_PL_DDR_DQS1_N";
53"Z7_PL_DDR_DQS0_P";
54"UN$75$C$I19$1";
55"V_Z7_PL_1V35_DDR";
56"V_Z7_1V35";
57"Z7_PL_DDR_DQ15";
58"Z7_PL_DDR_DQS0_N";
59"Z7_PL_DDR_DM0";
60"Z7_PL_DDR_ODT";
61"Z7_PL_DDR_RESET_N";
62"UN$75$MT41K512M16HA-125$I25$L8";
%"R"
"1","(-9800,3500)","1","kvm_matrix_lib","I1";
;
VALUE"80-1%"
CODE""
$LOCATION"?"
CDS_LMAN_SYM_OUTLINE"-100,25,100,-25"
CDS_LIB"kvm_matrix_lib";
"A"23;
"B"24;
%"R"
"1","(-2100,4150)","1","kvm_matrix_lib","I10";
;
VALUE"1K-1%"
$LOCATION"?"
CODE"07090549"
CDS_LMAN_SYM_OUTLINE"-100,25,100,-25"
CDS_LIB"kvm_matrix_lib";
"A"4;
"B"54;
%"C"
"1","(-1950,3100)","0","kvm_matrix_lib","I11";
;
VALUE"0.1U"
$LOCATION"?"
CODE"08070262"
CDS_LMAN_SYM_OUTLINE"-50,0,50,-50"
CDS_LIB"kvm_matrix_lib";
"1"55;
"2"3;
%"C"
"1","(-1800,3100)","0","kvm_matrix_lib","I12";
;
VALUE"0.1U"
$LOCATION"?"
CODE"08070262"
CDS_LMAN_SYM_OUTLINE"-50,0,50,-50"
CDS_LIB"kvm_matrix_lib";
"1"55;
"2"3;
%"C"
"1","(-1650,3100)","0","kvm_matrix_lib","I13";
;
VALUE"0.1U"
$LOCATION"?"
CODE"08070262"
CDS_LMAN_SYM_OUTLINE"-50,0,50,-50"
CDS_LIB"kvm_matrix_lib";
"1"55;
"2"3;
%"C"
"1","(-1400,3100)","0","kvm_matrix_lib","I14";
;
VALUE"0.1U"
$LOCATION"?"
CODE"08070262"
CDS_LMAN_SYM_OUTLINE"-50,0,50,-50"
CDS_LIB"kvm_matrix_lib";
"1"55;
"2"3;
%"C"
"1","(-1250,3100)","0","kvm_matrix_lib","I15";
;
VALUE"0.1U"
$LOCATION"?"
CODE"08070262"
CDS_LMAN_SYM_OUTLINE"-50,0,50,-50"
CDS_LIB"kvm_matrix_lib";
"1"55;
"2"3;
%"C"
"1","(-1100,3100)","0","kvm_matrix_lib","I16";
;
VALUE"0.1U"
$LOCATION"?"
CODE"08070262"
CDS_LMAN_SYM_OUTLINE"-50,0,50,-50"
CDS_LIB"kvm_matrix_lib";
"1"55;
"2"3;
%"C"
"1","(-950,3100)","0","kvm_matrix_lib","I17";
;
VALUE"0.1U"
$LOCATION"?"
CODE"08070262"
CDS_LMAN_SYM_OUTLINE"-50,0,50,-50"
CDS_LIB"kvm_matrix_lib";
"1"55;
"2"3;
%"C"
"1","(-800,3100)","0","kvm_matrix_lib","I18";
;
VALUE"0.1U"
$LOCATION"?"
CODE"08070262"
CDS_LMAN_SYM_OUTLINE"-50,0,50,-50"
CDS_LIB"kvm_matrix_lib";
"1"55;
"2"3;
%"C"
"1","(-2550,4200)","2","kvm_matrix_lib","I19";
;
VALUE"1U"
$LOCATION"?"
CODE"98070403"
CDS_LMAN_SYM_OUTLINE"-50,0,50,-50"
CDS_LIB"kvm_matrix_lib";
"1"54;
"2"4;
%"R"
"1","(-6800,3000)","0","kvm_matrix_lib","I2";
;
VALUE"240"
$LOCATION"?"
CODE"07090111"
CDS_LMAN_SYM_OUTLINE"-100,25,100,-25"
CDS_LIB"kvm_matrix_lib";
"A"62;
"B"2;
%"C"
"1","(-2350,4200)","0","kvm_matrix_lib","I20";
;
VALUE"0.01U"
$LOCATION"?"
CODE"08070247"
CDS_LMAN_SYM_OUTLINE"-50,0,50,-50"
CDS_LIB"kvm_matrix_lib";
"1"54;
"2"4;
%"R"
"1","(-2100,4750)","1","kvm_matrix_lib","I21";
;
VALUE"1K-1%"
$LOCATION"?"
CODE"07090549"
CDS_LMAN_SYM_OUTLINE"-100,25,100,-25"
CDS_LIB"kvm_matrix_lib";
"A"54;
"B"9;
%"C"
"1","(-2350,4800)","0","kvm_matrix_lib","I22";
;
VALUE"0.01U"
$LOCATION"?"
CODE"08070247"
CDS_LMAN_SYM_OUTLINE"-50,0,50,-50"
CDS_LIB"kvm_matrix_lib";
"1"9;
"2"54;
%"MT41K512M16HA-125"
"2","(-1600,4800)","0","kvm_matrix_lib","I23";
;
CDS_LMAN_SYM_OUTLINE"-125,1100,250,-425"
CDS_LIB"kvm_matrix_lib";
"T9"1;
"T1"1;
"R9"9;
"R1"9;
"P9"1;
"P1"1;
"N9"9;
"N1"9;
"M9"1;
"M8"54;
"M1"1;
"K8"9;
"K2"9;
"J8"1;
"J2"1;
"H9"8;
"H2"8;
"H1"54;
"G9"1;
"G8"1;
"G7"9;
"G1"1;
"F9"1;
"F1"8;
"E9"8;
"E8"1;
"E2"1;
"E1"1;
"D9"9;
"D8"1;
"D2"8;
"D1"1;
"C9"8;
"C1"8;
"B9"1;
"B3"1;
"B2"9;
"B1"1;
"A9"1;
"A8"8;
"A1"8;
%"GND_SIGNAL"
"1","(-1300,4550)","0","standard","I24";
;
BODY_TYPE"PLUMBING"
HDL_POWER"GND_SIGNAL"
CDS_LIB"standard";
"GND"1;
%"MT41K512M16HA-125"
"1","(-7500,4350)","0","kvm_matrix_lib","I25";
;
CDS_LMAN_SYM_OUTLINE"-125,1400,325,-1850"
CDS_LIB"kvm_matrix_lib";
"F8"6;
"T8"33;
"T7"27;
"T3"28;
"T2"61;
"R8"35;
"R7"30;
"R3"32;
"R2"34;
"P8"37;
"P7"40;
"P3"39;
"P2"36;
"N8"43;
"N7"29;
"N3"41;
"N2"38;
"M7"26;
"M3"42;
"M2"44;
"L9"0;
"L8"62;
"L7"31;
"L3"25;
"L2"47;
"L1"0;
"K9"48;
"K7"49;
"K3"45;
"K1"60;
"J9"0;
"J7"10;
"J3"46;
"J1"0;
"H8"20;
"H7"18;
"H3"21;
"G3"58;
"G2"19;
"F7"50;
"F3"53;
"F2"7;
"E7"59;
"E3"51;
"D7"17;
"D3"11;
"C8"15;
"C7"22;
"C3"16;
"C2"5;
"B8"12;
"B7"52;
"A7"14;
"A3"57;
"A2"13;
%"GND_SIGNAL"
"1","(-6400,2950)","1","standard","I3";
;
HDL_POWER"GND_SIGNAL"
BODY_TYPE"PLUMBING"
CDS_LIB"standard";
"GND"2;
%"GND_SIGNAL"
"1","(-2550,2700)","0","standard","I4";
;
HDL_POWER"GND_SIGNAL"
BODY_TYPE"PLUMBING"
CDS_LIB"standard";
"GND"3;
%"C"
"1","(-2500,3100)","0","kvm_matrix_lib","I5";
;
VALUE"10UF"
$LOCATION"?"
CODE"08070391"
CDS_LMAN_SYM_OUTLINE"-50,0,50,-50"
CDS_LIB"kvm_matrix_lib";
"1"55;
"2"3;
%"C"
"1","(-2250,3100)","0","kvm_matrix_lib","I6";
;
VALUE"0.1U"
$LOCATION"?"
CODE"08070262"
CDS_LMAN_SYM_OUTLINE"-50,0,50,-50"
CDS_LIB"kvm_matrix_lib";
"1"55;
"2"3;
%"C"
"1","(-2100,3100)","0","kvm_matrix_lib","I7";
;
VALUE"0.1U"
$LOCATION"?"
CODE"08070262"
CDS_LMAN_SYM_OUTLINE"-50,0,50,-50"
CDS_LIB"kvm_matrix_lib";
"1"55;
"2"3;
%"LB"
"1","(-2850,3300)","0","kvm_matrix_lib","I8";
;
VALUE"100MOHM"
$LOCATION"?"
CODE"10070008"
CDS_LMAN_SYM_OUTLINE"-125,50,125,0"
CDS_LIB"kvm_matrix_lib";
"B"55;
"A"56;
%"GND_SIGNAL"
"1","(-2150,3750)","0","standard","I9";
;
HDL_POWER"GND_SIGNAL"
BODY_TYPE"PLUMBING"
CDS_LIB"standard";
"GND"4;
END.
