FILE_TYPE = CONNECTIVITY;
{Allegro Design Entry HDL 16.6-p007 (v16-6-112F) 10/10/2012}
"PAGE_NUMBER" = 39;
0"NC";
1"GND_SIGNAL\g";
2"GND_SIGNAL\g";
3"GND_SIGNAL\g";
4"GND_SIGNAL\g";
5"GND_SIGNAL\g";
6"GND_SIGNAL\g";
7"A7_HDMI2_DATA0_P";
8"A7_HDMI2_DATA1_N";
9"A7_HDMI2_DATA2_P";
10"A7_HDMI2_DATA2_N";
11"A7_HDMI2_CLK_P";
12"A7_HDMI2_DATA1_P";
13"A7_HDMI2_DATA2_P";
14"A7_HDMI2_DATA2_N";
15"A7_HDMI2_SDA";
16"V_A7_5V0_HDMI2";
17"A7_HDMI2_DATA1_N";
18"A7_HDMI2_DATA1_P";
19"A7_HDMI2_DATA0_N";
20"A7_HDMI2_DATA0_P";
21"A7_HDMI2_CLK_P";
22"A7_HDMI2_CLK_N";
23"A7_HDMI2_CLK_R_N";
24"A7_HDMI2_DATA0_P";
25"A7_HDMI2_CLK_N";
26"A7_HDMI2_CLK_P";
27"A7_HDMI2_DATA1_N";
28"A7_HDMI2_DATA0_N";
29"V_A7_5V0_HDMI2";
30"A7_HDMI2_CEC";
31"A7_HDMI2_HP";
32"V_A7_5V0_HDMI2";
33"A7_HDMI2_SCL";
34"V_A7_3V3_VCCO";
35"A7_HDMI2_SDA";
36"A7_HDMI2_SCL";
37"A7_HDMI2_HP";
38"V_A7_3V3_VCCO";
39"A7_HDMI2_DATA0_P";
40"A7_HDMI2_DATA0_N";
41"A7_HDMI2_DATA2_N";
42"A7_HDMI2_DATA1_P";
43"A7_HDMI2_DATA2_P";
44"A7_HDMI2_DATA1_N";
45"A7_HDMI2_CEC";
46"A7_HDMI2_CLK_N";
47"A7_HDMI2_DATA0_R_P";
48"A7_HDMI2_DATA2_R_P";
49"A7_HDMI2_DATA1_R_N";
50"A7_HDMI2_DATA1_R_P";
51"A7_HDMI2_CLK_R_P";
52"A7_HDMI2_DATA2_R_N";
53"A7_HDMI2_DATA0_R_N";
54"A7_HDMI2_SDA";
55"UN$39$AO3400$I30$1";
56"V_A7_3V3_VCCO";
57"UN$39$AO3400$I32$1";
58"A7_HDMI2_SCL_Q";
59"V_A7_5V0_HDMI2";
60"A7_HDMI2_CEC";
61"V_A7_3V3_VCCO";
62"UN$39$DIODE$I35$A";
63"A7_HDMI2_SDA_Q";
64"V_A7_5V0_IN";
65"A7_HDMI2_CLK_N";
66"A7_HDMI2_DATA1_P";
67"A7_HDMI2_DATA0_N";
68"A7_HDMI2_DATA2_P";
69"A7_HDMI2_DATA2_N";
70"A7_HDMI2_CLK_P";
71"A7_HDMI2_SCL";
72"A7_HDMI2_HP";
73"A7_HDMI2_CEC";
74"A7_HDMI2_SDA";
75"A7_HDMI2_SCL";
%"RCLAMP0524P"
"1","(-8650,3050)","0","kvm_matrix_lib","I1";
;
CDS_LIB"kvm_matrix_lib"
CDS_LMAN_SYM_OUTLINE"-125,275,200,-250";
"10"45;
"9"37;
"8"5;
"7"36;
"6"35;
"5"74;
"4"71;
"3"5;
"2"72;
"1"73;
%"DIODE"
"1","(-5000,4800)","0","kvm_matrix_lib","I10";
;
$LOCATION"?"
VALUE"MBRS120T3"
CDS_LIB"kvm_matrix_lib"
CDS_LMAN_SYM_OUTLINE"-50,50,50,-50"
CODE"15010058";
"K"16;
"A"64;
%"GND_SIGNAL"
"1","(-4750,4300)","0","standard","I11";
;
CDS_LIB"standard"
BODY_TYPE"PLUMBING"
HDL_POWER"GND_SIGNAL";
"GND"6;
%"C"
"1","(-4700,4600)","2","kvm_matrix_lib","I12";
;
$LOCATION"?"
VALUE"10UF"
CDS_LIB"kvm_matrix_lib"
CDS_LMAN_SYM_OUTLINE"-50,0,50,-50"
CODE"08070391";
"1"64;
"2"6;
%"R"
"1","(-4500,5450)","0","kvm_matrix_lib","I13";
;
$LOCATION"?"
VALUE"10"
CDS_LIB"kvm_matrix_lib"
CDS_LMAN_SYM_OUTLINE"-100,25,100,-25"
CODE"07090459";
"A"22;
"B"23;
%"R"
"1","(-4500,5550)","0","kvm_matrix_lib","I14";
;
$LOCATION"?"
VALUE"10"
CDS_LIB"kvm_matrix_lib"
CDS_LMAN_SYM_OUTLINE"-100,25,100,-25"
CODE"07090459";
"A"21;
"B"51;
%"R"
"1","(-4500,5700)","0","kvm_matrix_lib","I15";
;
$LOCATION"?"
VALUE"10"
CDS_LIB"kvm_matrix_lib"
CDS_LMAN_SYM_OUTLINE"-100,25,100,-25"
CODE"07090459";
"A"41;
"B"52;
%"R"
"1","(-4500,5800)","0","kvm_matrix_lib","I16";
;
$LOCATION"?"
VALUE"10"
CDS_LIB"kvm_matrix_lib"
CDS_LMAN_SYM_OUTLINE"-100,25,100,-25"
CODE"07090459";
"A"43;
"B"48;
%"R"
"1","(-4500,6050)","0","kvm_matrix_lib","I17";
;
$LOCATION"?"
VALUE"10"
CDS_LIB"kvm_matrix_lib"
CDS_LMAN_SYM_OUTLINE"-100,25,100,-25"
CODE"07090459";
"A"42;
"B"50;
%"R"
"1","(-4500,5950)","0","kvm_matrix_lib","I18";
;
$LOCATION"?"
VALUE"10"
CDS_LIB"kvm_matrix_lib"
CDS_LMAN_SYM_OUTLINE"-100,25,100,-25"
CODE"07090459";
"A"44;
"B"49;
%"R"
"1","(-5350,6600)","1","kvm_matrix_lib","I19";
;
$LOCATION"?"
VALUE"49.9"
CDS_LIB"kvm_matrix_lib"
CDS_LMAN_SYM_OUTLINE"-100,25,100,-25"
CODE"07090198";
"A"21;
"B"38;
%"GND_SIGNAL"
"1","(-8700,2550)","0","standard","I2";
;
CDS_LIB"standard"
HDL_POWER"GND_SIGNAL"
BODY_TYPE"PLUMBING";
"GND"5;
%"R"
"1","(-5450,6600)","1","kvm_matrix_lib","I20";
;
$LOCATION"?"
VALUE"49.9"
CDS_LIB"kvm_matrix_lib"
CDS_LMAN_SYM_OUTLINE"-100,25,100,-25"
CODE"07090198";
"A"22;
"B"38;
%"R"
"1","(-5150,6600)","1","kvm_matrix_lib","I21";
;
$LOCATION"?"
VALUE"49.9"
CDS_LIB"kvm_matrix_lib"
CDS_LMAN_SYM_OUTLINE"-100,25,100,-25"
CODE"07090198";
"A"43;
"B"38;
%"R"
"1","(-5250,6600)","1","kvm_matrix_lib","I22";
;
$LOCATION"?"
VALUE"49.9"
CDS_LIB"kvm_matrix_lib"
CDS_LMAN_SYM_OUTLINE"-100,25,100,-25"
CODE"07090198";
"A"41;
"B"38;
%"R"
"1","(-5050,6600)","1","kvm_matrix_lib","I23";
;
$LOCATION"?"
VALUE"49.9"
CDS_LIB"kvm_matrix_lib"
CDS_LMAN_SYM_OUTLINE"-100,25,100,-25"
CODE"07090198";
"A"44;
"B"38;
%"R"
"1","(-4950,6600)","1","kvm_matrix_lib","I24";
;
$LOCATION"?"
VALUE"49.9"
CDS_LIB"kvm_matrix_lib"
CDS_LMAN_SYM_OUTLINE"-100,25,100,-25"
CODE"07090198";
"A"42;
"B"38;
%"R"
"1","(-4850,6600)","1","kvm_matrix_lib","I25";
;
$LOCATION"?"
VALUE"49.9"
CDS_LIB"kvm_matrix_lib"
CDS_LMAN_SYM_OUTLINE"-100,25,100,-25"
CODE"07090198";
"A"40;
"B"38;
%"R"
"1","(-4500,6200)","0","kvm_matrix_lib","I26";
;
$LOCATION"?"
VALUE"10"
CDS_LIB"kvm_matrix_lib"
CDS_LMAN_SYM_OUTLINE"-100,25,100,-25"
CODE"07090459";
"A"40;
"B"53;
%"R"
"1","(-4500,6300)","0","kvm_matrix_lib","I27";
;
$LOCATION"?"
VALUE"10"
CDS_LIB"kvm_matrix_lib"
CDS_LMAN_SYM_OUTLINE"-100,25,100,-25"
CODE"07090459";
"A"39;
"B"47;
%"R"
"1","(-4750,6600)","1","kvm_matrix_lib","I28";
;
$LOCATION"?"
VALUE"49.9"
CDS_LIB"kvm_matrix_lib"
CDS_LMAN_SYM_OUTLINE"-100,25,100,-25"
CODE"07090198";
"A"39;
"B"38;
%"R"
"1","(-2050,4200)","1","kvm_matrix_lib","I29";
;
$LOCATION"?"
VALUE"1.8K-1%"
CDS_LIB"kvm_matrix_lib"
CDS_LMAN_SYM_OUTLINE"-100,25,100,-25"
CODE"97090132";
"A"33;
"B"59;
%"GND_SIGNAL"
"1","(-8700,3800)","0","standard","I3";
;
CDS_LIB"standard"
HDL_POWER"GND_SIGNAL"
BODY_TYPE"PLUMBING";
"GND"4;
%"AO3400"
"1","(-1750,2250)","3","kvm_matrix_lib","I30";
;
CDS_LIB"kvm_matrix_lib"
CDS_LMAN_SYM_OUTLINE"-125,125,125,-125";
"3"54;
"2"63;
"1"55;
%"R"
"1","(-1500,2750)","1","kvm_matrix_lib","I31";
;
$LOCATION"?"
VALUE"1.8K-1%"
CDS_LIB"kvm_matrix_lib"
CDS_LMAN_SYM_OUTLINE"-100,25,100,-25"
CODE"97090132";
"A"63;
"B"56;
%"AO3400"
"1","(-1750,3750)","3","kvm_matrix_lib","I32";
;
CDS_LIB"kvm_matrix_lib"
CDS_LMAN_SYM_OUTLINE"-125,125,125,-125";
"3"33;
"2"58;
"1"57;
%"R"
"1","(-1750,4250)","1","kvm_matrix_lib","I33";
;
$LOCATION"?"
VALUE"10K"
CDS_LIB"kvm_matrix_lib"
CDS_LMAN_SYM_OUTLINE"-100,25,100,-25"
CODE"07090035";
"A"57;
"B"34;
%"R"
"1","(-1500,4250)","1","kvm_matrix_lib","I34";
;
$LOCATION"?"
VALUE"1.8K-1%"
CDS_LIB"kvm_matrix_lib"
CDS_LMAN_SYM_OUTLINE"-100,25,100,-25"
CODE"97090132";
"A"58;
"B"34;
%"DIODE"
"1","(-1450,6000)","1","kvm_matrix_lib","I35";
;
$LOCATION"?"
VALUE"1N4148"
CDS_LIB"kvm_matrix_lib"
CDS_LMAN_SYM_OUTLINE"-50,50,50,-50"
CODE"95010058";
"K"60;
"A"62;
%"R"
"1","(-1450,6500)","1","kvm_matrix_lib","I36";
;
$LOCATION"?"
VALUE"27.4K"
CDS_LIB"kvm_matrix_lib"
CDS_LMAN_SYM_OUTLINE"-100,25,100,-25"
CODE"07090320";
"A"62;
"B"61;
%"R"
"1","(-1750,2750)","1","kvm_matrix_lib","I37";
;
$LOCATION"?"
VALUE"10K"
CDS_LIB"kvm_matrix_lib"
CDS_LMAN_SYM_OUTLINE"-100,25,100,-25"
CODE"07090035";
"A"55;
"B"56;
%"R"
"1","(-2050,2700)","1","kvm_matrix_lib","I38";
;
$LOCATION"?"
VALUE"1.8K-1%"
CDS_LIB"kvm_matrix_lib"
CDS_LMAN_SYM_OUTLINE"-100,25,100,-25"
CODE"97090132";
"A"54;
"B"32;
%"RCLAMP0524P"
"1","(-8650,4300)","0","kvm_matrix_lib","I4";
;
CDS_LIB"kvm_matrix_lib"
CDS_LMAN_SYM_OUTLINE"-125,275,200,-250";
"10"9;
"9"10;
"8"4;
"7"11;
"6"65;
"5"46;
"4"70;
"3"4;
"2"69;
"1"68;
%"GND_SIGNAL"
"1","(-8700,5050)","0","standard","I5";
;
CDS_LIB"standard"
BODY_TYPE"PLUMBING"
HDL_POWER"GND_SIGNAL";
"GND"3;
%"RCLAMP0524P"
"1","(-8650,5550)","0","kvm_matrix_lib","I6";
;
CDS_LIB"kvm_matrix_lib"
CDS_LMAN_SYM_OUTLINE"-125,275,200,-250";
"10"20;
"9"19;
"8"3;
"7"18;
"6"17;
"5"8;
"4"66;
"3"3;
"2"67;
"1"7;
%"GND_SIGNAL"
"1","(-5300,1950)","0","standard","I7";
;
CDS_LIB"standard"
HDL_POWER"GND_SIGNAL"
BODY_TYPE"PLUMBING";
"GND"2;
%"GND_SIGNAL"
"1","(-4500,1950)","0","standard","I8";
;
CDS_LIB"standard"
HDL_POWER"GND_SIGNAL"
BODY_TYPE"PLUMBING";
"GND"1;
%"HDMI-A"
"1","(-4950,3500)","0","kvm_matrix_lib","I9";
;
CDS_LIB"kvm_matrix_lib"
CDS_LMAN_SYM_OUTLINE"-125,500,325,-1150";
"23"2;
"22"2;
"21"2;
"20"2;
"19"31;
"18"29;
"17"1;
"16"15;
"15"75;
"14"0;
"13"30;
"12"25;
"11"2;
"10"26;
"9"28;
"8"2;
"7"24;
"6"27;
"5"2;
"4"12;
"3"14;
"2"2;
"1"13;
END.
