FILE_TYPE = CONNECTIVITY;
{Allegro Design Entry HDL 16.6-p007 (v16-6-112F) 10/10/2012}
"PAGE_NUMBER" = 8;
0"NC";
1"GND_SIGNAL\g";
2"GND_SIGNAL\g";
3"GND_SIGNAL\g";
4"GND_SIGNAL\g";
5"GND_SIGNAL\g";
6"GND_SIGNAL\g";
7"GND_SIGNAL\g";
8"GND_SIGNAL\g";
9"GND_SIGNAL\g";
10"V_S7_3V3_7511_MVDD";
11"S7_FPGA_7511_ISO1";
12"S7_FPGA_7511_ISO0";
13"V_S7_1V8_7511_DVDD";
14"S7_7511_CLK";
15"S7_7511_HEAC_P";
16"S7_7511_HEAC_N";
17"S7_7511_HP";
18"S7_7511_R_EXT";
19"S7_FPGA_7511_ISO3";
20"S7_FPGA_7511_ISO2";
21"S7_FPGA_7511_ISO1";
22"S7_FPGA_7511_SDA";
23"S7_7511_HSYNC";
24"S7_7511_D1";
25"V_S7_1V8_7511_PVDD";
26"S7_7511_D30";
27"S7_7511_D31";
28"V_S7_3V3_7511_MVDD";
29"S7_FPGA_7511_SCL";
30"S7_7511_D23";
31"S7_7511_D22";
32"S7_7511_D21";
33"S7_7511_D20";
34"S7_7511_CLK_N";
35"S7_7511_DSD0";
36"S7_7511_DSD1";
37"S7_7511_DSD2";
38"S7_7511_DSD3";
39"S7_7511_DSD4";
40"S7_7511_DSD5";
41"S7_7511_DATA0_N";
42"S7_7511_DATA0_P";
43"S7_7511_DATA1_N";
44"S7_7511_DSD_CLK";
45"S7_7511_D29";
46"S7_7511_D28";
47"S7_7511_D35";
48"S7_7511_D34";
49"S7_7511_D32";
50"S7_7511_D33";
51"S7_7511_D7";
52"S7_7511_D6";
53"S7_7511_D5";
54"S7_7511_D2";
55"S7_7511_D0";
56"S7_7511_D10";
57"S7_7511_D9";
58"S7_7511_D8";
59"S7_7511_D4";
60"S7_7511_D3";
61"S7_7511_D14";
62"S7_7511_D13";
63"S7_7511_D12";
64"S7_7511_D15";
65"S7_7511_D11";
66"S7_7511_D27";
67"S7_7511_D19";
68"S7_7511_D24";
69"S7_7511_D25";
70"S7_7511_D26";
71"S7_7511_D16";
72"S7_7511_D17";
73"S7_7511_D18";
74"S7_FPGA_7511_ISO0";
75"S7_7511_SPDIF_OUT";
76"S7_FPGA_7511_INT";
77"S7_7511_PD";
78"S7_7511_DSD5";
79"S7_7511_DSD4";
80"S7_7511_DSD3";
81"S7_FPGA_7511_ISO3";
82"S7_FPGA_7511_ISO2";
83"S7_7511_LRCLK";
84"S7_7511_MCLK";
85"S7_7511_SCLK";
86"S7_7511_DSD2";
87"S7_7511_DSD1";
88"S7_7511_DSD0";
89"S7_7511_DSD_CLK";
90"S7_7511_CEC_CLK_R";
91"V_S7_1V8";
92"V_S7_3V3_7511_MVDD";
93"S7_7511_CLK_P";
94"S7_7511_DATA2_P";
95"S7_7511_DATA2_N";
96"S7_7511_DATA1_P";
97"S7_7511_VSYNC";
98"S7_7511_SPDIF";
99"S7_7511_CEC";
100"S7_7511_SCLK";
101"S7_7511_CEC_CLK";
102"S7_7511_SCL";
103"S7_7511_SDA";
104"S7_7511_DE";
105"S7_7511_MCLK";
106"S7_7511_LRCLK";
107"V_S7_1V8_7511_PVDD";
108"V_S7_1V8_7511_PVDD";
109"S7_FPGA_7511_SCL";
110"S7_FPGA_7511_INT";
111"S7_FPGA_7511_SDA";
112"V_S7_1V8";
113"V_S7_1V8_7511_AVDD";
114"V_S7_3V3";
115"V_S7_1V8";
116"S7_7511_CEC_CLK_R";
117"S7_FPGA_7511_CEC_CLK";
118"V_S7_1V8_7511_AVDD";
119"V_S7_3V3_7511_MVDD";
120"S7_7511_CEC_CLK";
121"V_S7_3V3_7511_MVDD";
122"V_S7_1V8_7511_DVDD";
123"S7_7511_PD";
124"S7_FPGA_7511_PD";
%"ADV7511KSTZ"
"1","(-7350,3950)","0","kvm_matrix_lib","I1";
;
$LOCATION"?"
CDS_LMAN_SYM_OUTLINE"-1200,3500,1200,-3500"
CDS_LIB"kvm_matrix_lib"
PACK_TYPE"PACK_TYPE"
VALUE"VALUE";
"AVDD_3"118;
"GND_11"5;
"GND_8"5;
"GND_10"5;
"GND_7"5;
"GND_9"5;
"GND_6"5;
"GND_5"5;
"GND_4"5;
"GND_3"5;
"GND_2"5;
"GND"5;
"TXC+"93;
"TXC-"34;
"TX2+"94;
"TX2-"95;
"TX1+"96;
"TX1-"43;
"TX0+"42;
"TX0-"41;
"DSD5"40;
"DSD4"39;
"DSD3"38;
"DSD2"37;
"DSD1"36;
"DSD0"35;
"DSD_CLK"44;
"D35"47;
"D34"48;
"D33"50;
"D32"49;
"D31"27;
"D30"26;
"D29"45;
"D28"46;
"D27"66;
"D26"70;
"D25"69;
"D24"68;
"D23"30;
"D22"31;
"D21"32;
"D20"33;
"D19"67;
"D18"73;
"D17"72;
"D16"71;
"D15"64;
"D14"61;
"D13"62;
"D12"63;
"D11"65;
"D10"56;
"D9"57;
"D8"58;
"D7"51;
"D6"52;
"D5"53;
"D4"59;
"D3"60;
"D2"54;
"D1"24;
"D0"55;
"R_EXT"18;
"SYNC"97;
"SPDIF_OUT"75;
"SPDIF"98;
"PD"77;
"INT"76;
"ISO3"19;
"ISO2"20;
"ISO1"21;
"ISO0"74;
"SDA"22;
"SCL"29;
"HSYNC"23;
"HPD"17;
"HEAC-"16;
"HEAC+"15;
"DE"104;
"DDCSDA"103;
"DDCSCL"102;
"MCLK"105;
"LRCLK"106;
"SCLK"100;
"CEC_CLK"101;
"CEC"99;
"CLK"14;
"PVDD_2"25;
"PVDD"25;
"PLVDD"25;
"MVDD"28;
"DVDD_5"13;
"DVDD_4"13;
"DVDD_3"13;
"DVDD_2"13;
"DVDD"13;
"BGVDD"107;
"AVDD_2"118;
"AVDD"118;
%"C"
"1","(-1400,1400)","0","kvm_matrix_lib","I10";
;
$LOCATION"?"
VALUE"0.1U"
CDS_LIB"kvm_matrix_lib"
CDS_LMAN_SYM_OUTLINE"-50,0,50,-50"
CODE"08070262";
"1"122;
"2"4;
%"C"
"1","(-1250,1400)","0","kvm_matrix_lib","I11";
;
$LOCATION"?"
VALUE"0.1U"
CDS_LIB"kvm_matrix_lib"
CDS_LMAN_SYM_OUTLINE"-50,0,50,-50"
CODE"08070262";
"1"122;
"2"4;
%"C"
"1","(-1100,1400)","0","kvm_matrix_lib","I12";
;
VALUE"0.1U"
$LOCATION"?"
CDS_LIB"kvm_matrix_lib"
CDS_LMAN_SYM_OUTLINE"-50,0,50,-50"
CODE"08070262";
"1"122;
"2"4;
%"C"
"1","(-950,1400)","0","kvm_matrix_lib","I13";
;
VALUE"0.1U"
$LOCATION"?"
CDS_LIB"kvm_matrix_lib"
CDS_LMAN_SYM_OUTLINE"-50,0,50,-50"
CODE"08070262";
"1"122;
"2"4;
%"C"
"1","(-750,1400)","0","kvm_matrix_lib","I14";
;
VALUE"0.01U"
$LOCATION"?"
CDS_LIB"kvm_matrix_lib"
CDS_LMAN_SYM_OUTLINE"-50,0,50,-50"
CODE"08070247";
"1"122;
"2"4;
%"C"
"1","(-600,1400)","0","kvm_matrix_lib","I15";
;
VALUE"0.01U"
$LOCATION"?"
CDS_LIB"kvm_matrix_lib"
CDS_LMAN_SYM_OUTLINE"-50,0,50,-50"
CODE"08070247";
"1"122;
"2"4;
%"C"
"1","(-450,1400)","0","kvm_matrix_lib","I16";
;
VALUE"0.01U"
$LOCATION"?"
CDS_LIB"kvm_matrix_lib"
CDS_LMAN_SYM_OUTLINE"-50,0,50,-50"
CODE"08070247";
"1"122;
"2"4;
%"C"
"1","(-300,1400)","0","kvm_matrix_lib","I17";
;
$LOCATION"?"
VALUE"0.01U"
CDS_LIB"kvm_matrix_lib"
CDS_LMAN_SYM_OUTLINE"-50,0,50,-50"
CODE"08070247";
"1"122;
"2"4;
%"C"
"1","(-1450,2150)","0","kvm_matrix_lib","I18";
;
VALUE"0.1U"
$LOCATION"?"
CDS_LIB"kvm_matrix_lib"
CDS_LMAN_SYM_OUTLINE"-50,0,50,-50"
CODE"08070262";
"1"113;
"2"3;
%"C"
"1","(-1300,2150)","0","kvm_matrix_lib","I19";
;
$LOCATION"?"
VALUE"0.1U"
CDS_LIB"kvm_matrix_lib"
CDS_LMAN_SYM_OUTLINE"-50,0,50,-50"
CODE"08070262";
"1"113;
"2"3;
%"C"
"1","(-3100,2150)","0","kvm_matrix_lib","I2";
;
VALUE"0.1U"
$LOCATION"?"
CODE"08070262"
CDS_LMAN_SYM_OUTLINE"-50,0,50,-50"
CDS_LIB"kvm_matrix_lib";
"1"108;
"2"1;
%"C"
"1","(-1150,2150)","0","kvm_matrix_lib","I20";
;
VALUE"0.1U"
$LOCATION"?"
CDS_LIB"kvm_matrix_lib"
CDS_LMAN_SYM_OUTLINE"-50,0,50,-50"
CODE"08070262";
"1"113;
"2"3;
%"C"
"1","(-950,2150)","0","kvm_matrix_lib","I21";
;
$LOCATION"?"
VALUE"0.01U"
CDS_LIB"kvm_matrix_lib"
CDS_LMAN_SYM_OUTLINE"-50,0,50,-50"
CODE"08070247";
"1"113;
"2"3;
%"C"
"1","(-800,2150)","0","kvm_matrix_lib","I22";
;
$LOCATION"?"
VALUE"0.01U"
CDS_LIB"kvm_matrix_lib"
CDS_LMAN_SYM_OUTLINE"-50,0,50,-50"
CODE"08070247";
"1"113;
"2"3;
%"C"
"1","(-650,2150)","0","kvm_matrix_lib","I23";
;
$LOCATION"?"
VALUE"0.01U"
CDS_LIB"kvm_matrix_lib"
CDS_LMAN_SYM_OUTLINE"-50,0,50,-50"
CODE"08070247";
"1"113;
"2"3;
%"GND_SIGNAL"
"1","(-3450,1800)","0","standard","I24";
;
CDS_LIB"standard"
BODY_TYPE"PLUMBING"
HDL_POWER"GND_SIGNAL";
"GND"1;
%"GND_SIGNAL"
"1","(-3450,1050)","0","standard","I25";
;
BODY_TYPE"PLUMBING"
HDL_POWER"GND_SIGNAL"
CDS_LIB"standard";
"GND"2;
%"GND_SIGNAL"
"1","(-1500,1800)","0","standard","I26";
;
CDS_LIB"standard"
HDL_POWER"GND_SIGNAL"
BODY_TYPE"PLUMBING";
"GND"3;
%"GND_SIGNAL"
"1","(-1450,1050)","0","standard","I27";
;
CDS_LIB"standard"
BODY_TYPE"PLUMBING"
HDL_POWER"GND_SIGNAL";
"GND"4;
%"LB"
"1","(-3700,2350)","0","kvm_matrix_lib","I28";
;
VALUE"100MOHM"
$LOCATION"?"
CODE"10070008"
CDS_LMAN_SYM_OUTLINE"-125,50,125,0"
CDS_LIB"kvm_matrix_lib";
"B"108;
"A"91;
%"LB"
"1","(-3700,1600)","0","kvm_matrix_lib","I29";
;
VALUE"100MOHM"
$LOCATION"?"
CODE"10070008"
CDS_LMAN_SYM_OUTLINE"-125,50,125,0"
CDS_LIB"kvm_matrix_lib";
"B"119;
"A"114;
%"C"
"1","(-2900,2150)","0","kvm_matrix_lib","I3";
;
$LOCATION"?"
VALUE"0.01U"
CDS_LMAN_SYM_OUTLINE"-50,0,50,-50"
CDS_LIB"kvm_matrix_lib"
CODE"08070247";
"1"108;
"2"1;
%"LB"
"1","(-1750,2350)","0","kvm_matrix_lib","I30";
;
VALUE"100MOHM"
$LOCATION"?"
CODE"10070008"
CDS_LMAN_SYM_OUTLINE"-125,50,125,0"
CDS_LIB"kvm_matrix_lib";
"B"113;
"A"112;
%"LB"
"1","(-1700,1600)","0","kvm_matrix_lib","I31";
;
$LOCATION"?"
VALUE"100MOHM"
CODE"10070008"
CDS_LMAN_SYM_OUTLINE"-125,50,125,0"
CDS_LIB"kvm_matrix_lib";
"B"122;
"A"115;
%"GND_SIGNAL"
"1","(-5700,450)","0","standard","I32";
;
CDS_LIB"standard"
HDL_POWER"GND_SIGNAL"
BODY_TYPE"PLUMBING";
"GND"5;
%"OSC-12MHZ"
"1","(-1600,7150)","0","kvm_matrix_lib","I33";
;
CDS_LIB"kvm_matrix_lib"
CDS_LMAN_SYM_OUTLINE"-125,125,125,-125";
"VDD"121;
"OUT"116;
"GND"6;
"NNC"0;
%"C"
"1","(-1950,7050)","0","kvm_matrix_lib","I34";
;
$LOCATION"?"
VALUE"0.1U"
CDS_LIB"kvm_matrix_lib"
CDS_LMAN_SYM_OUTLINE"-50,0,50,-50"
CODE"08070262";
"1"121;
"2"6;
%"GND_SIGNAL"
"1","(-2000,6700)","0","standard","I35";
;
HDL_POWER"GND_SIGNAL"
BODY_TYPE"PLUMBING"
CDS_LIB"standard";
"GND"6;
%"R"
"1","(-1600,6400)","0","kvm_matrix_lib","I36";
;
$LOCATION"?"
VALUE"49.9"
CDS_LMAN_SYM_OUTLINE"-100,25,100,-25"
CDS_LIB"kvm_matrix_lib"
CODE"07090198";
"A"90;
"B"120;
%"R"
"1","(-1600,6250)","0","kvm_matrix_lib","I37";
;
VALUE"49.9"
$LOCATION"?"
CDS_LMAN_SYM_OUTLINE"-100,25,100,-25"
CDS_LIB"kvm_matrix_lib"
CODE"07090198";
"A"117;
"B"120;
%"R"
"1","(-550,5200)","1","kvm_matrix_lib","I38";
;
VALUE"4.7K"
$LOCATION"?"
CODE"07090246"
CDS_LIB"kvm_matrix_lib"
CDS_LMAN_SYM_OUTLINE"-100,25,100,-25";
"A"109;
"B"92;
%"R"
"1","(-400,5200)","1","kvm_matrix_lib","I39";
;
VALUE"4.7K"
$LOCATION"?"
CDS_LIB"kvm_matrix_lib"
CDS_LMAN_SYM_OUTLINE"-100,25,100,-25"
CODE"07090246";
"A"111;
"B"92;
%"C"
"1","(-3250,2150)","0","kvm_matrix_lib","I4";
;
$LOCATION"?"
VALUE"0.1U"
CODE"08070262"
CDS_LMAN_SYM_OUTLINE"-50,0,50,-50"
CDS_LIB"kvm_matrix_lib";
"1"108;
"2"1;
%"R"
"1","(-1900,3200)","1","kvm_matrix_lib","I40";
;
VALUE"1K-1%"
$LOCATION"?"
CODE"07090549"
CDS_LMAN_SYM_OUTLINE"-100,25,100,-25"
CDS_LIB"kvm_matrix_lib";
"A"7;
"B"123;
%"R"
"1","(-1550,3550)","0","kvm_matrix_lib","I41";
;
VALUE"0"
$LOCATION"?"
CODE"07090522"
CDS_LMAN_SYM_OUTLINE"-100,25,100,-25"
CDS_LIB"kvm_matrix_lib";
"A"123;
"B"124;
%"R"
"1","(-1900,3900)","1","kvm_matrix_lib","I42";
;
VALUE"4.7K"
$LOCATION"?"
CODE"07090246"
CDS_LMAN_SYM_OUTLINE"-100,25,100,-25"
CDS_LIB"kvm_matrix_lib";
"A"123;
"B"10;
%"GND_SIGNAL"
"1","(-1950,2850)","0","standard","I43";
;
BODY_TYPE"PLUMBING"
HDL_POWER"GND_SIGNAL"
CDS_LIB"standard";
"GND"7;
%"R"
"1","(-9100,950)","1","kvm_matrix_lib","I44";
;
VALUE"887-1%"
$LOCATION"?"
CDS_LMAN_SYM_OUTLINE"-100,25,100,-25"
CDS_LIB"kvm_matrix_lib"
CODE"";
"A"8;
"B"18;
%"GND_SIGNAL"
"1","(-9150,550)","0","standard","I45";
;
BODY_TYPE"PLUMBING"
HDL_POWER"GND_SIGNAL"
CDS_LIB"standard";
"GND"8;
%"R"
"1","(-700,5200)","1","kvm_matrix_lib","I46";
;
$LOCATION"?"
VALUE"4.7K"
CDS_LIB"kvm_matrix_lib"
CDS_LMAN_SYM_OUTLINE"-100,25,100,-25"
CODE"07090246";
"A"110;
"B"92;
%"R"
"1","(-2550,5800)","0","kvm_matrix_lib","I47";
;
$LOCATION"?"
VALUE"0"
CDS_LMAN_SYM_OUTLINE"-100,25,100,-25"
CDS_LIB"kvm_matrix_lib"
CODE"07090522";
"A"85;
"B"9;
%"R"
"1","(-2550,5700)","0","kvm_matrix_lib","I48";
;
$LOCATION"?"
VALUE"0"
CDS_LMAN_SYM_OUTLINE"-100,25,100,-25"
CDS_LIB"kvm_matrix_lib"
CODE"07090522";
"A"83;
"B"9;
%"R"
"1","(-2550,5600)","0","kvm_matrix_lib","I49";
;
$LOCATION"?"
VALUE"0"
CDS_LMAN_SYM_OUTLINE"-100,25,100,-25"
CDS_LIB"kvm_matrix_lib"
CODE"07090522";
"A"84;
"B"9;
%"C"
"1","(-3400,2150)","0","kvm_matrix_lib","I5";
;
VALUE"0.1U"
$LOCATION"?"
CODE"08070262"
CDS_LMAN_SYM_OUTLINE"-50,0,50,-50"
CDS_LIB"kvm_matrix_lib";
"1"108;
"2"1;
%"R"
"1","(-2550,5500)","0","kvm_matrix_lib","I50";
;
$LOCATION"?"
VALUE"0"
CDS_LMAN_SYM_OUTLINE"-100,25,100,-25"
CDS_LIB"kvm_matrix_lib"
CODE"07090522";
"A"12;
"B"9;
%"R"
"1","(-2550,5400)","0","kvm_matrix_lib","I51";
;
$LOCATION"?"
VALUE"0"
CDS_LMAN_SYM_OUTLINE"-100,25,100,-25"
CDS_LIB"kvm_matrix_lib"
CODE"07090522";
"A"11;
"B"9;
%"R"
"1","(-2550,5300)","0","kvm_matrix_lib","I52";
;
$LOCATION"?"
VALUE"0"
CDS_LMAN_SYM_OUTLINE"-100,25,100,-25"
CDS_LIB"kvm_matrix_lib"
CODE"07090522";
"A"82;
"B"9;
%"R"
"1","(-2550,5200)","0","kvm_matrix_lib","I53";
;
$LOCATION"?"
VALUE"0"
CDS_LMAN_SYM_OUTLINE"-100,25,100,-25"
CDS_LIB"kvm_matrix_lib"
CODE"07090522";
"A"81;
"B"9;
%"R"
"1","(-2550,5100)","0","kvm_matrix_lib","I54";
;
$LOCATION"?"
VALUE"0"
CDS_LMAN_SYM_OUTLINE"-100,25,100,-25"
CDS_LIB"kvm_matrix_lib"
CODE"07090522";
"A"89;
"B"9;
%"R"
"1","(-2550,5000)","0","kvm_matrix_lib","I55";
;
$LOCATION"?"
VALUE"0"
CDS_LMAN_SYM_OUTLINE"-100,25,100,-25"
CDS_LIB"kvm_matrix_lib"
CODE"07090522";
"A"88;
"B"9;
%"R"
"1","(-2550,4900)","0","kvm_matrix_lib","I56";
;
$LOCATION"?"
VALUE"0"
CDS_LMAN_SYM_OUTLINE"-100,25,100,-25"
CDS_LIB"kvm_matrix_lib"
CODE"07090522";
"A"87;
"B"9;
%"R"
"1","(-2550,4800)","0","kvm_matrix_lib","I57";
;
$LOCATION"?"
VALUE"0"
CDS_LMAN_SYM_OUTLINE"-100,25,100,-25"
CDS_LIB"kvm_matrix_lib"
CODE"07090522";
"A"86;
"B"9;
%"R"
"1","(-2550,4700)","0","kvm_matrix_lib","I58";
;
$LOCATION"?"
VALUE"0"
CDS_LMAN_SYM_OUTLINE"-100,25,100,-25"
CDS_LIB"kvm_matrix_lib"
CODE"07090522";
"A"80;
"B"9;
%"R"
"1","(-2550,4600)","0","kvm_matrix_lib","I59";
;
$LOCATION"?"
VALUE"0"
CDS_LMAN_SYM_OUTLINE"-100,25,100,-25"
CDS_LIB"kvm_matrix_lib"
CODE"07090522";
"A"79;
"B"9;
%"C"
"1","(-2750,2150)","0","kvm_matrix_lib","I6";
;
VALUE"0.01U"
$LOCATION"?"
CDS_LIB"kvm_matrix_lib"
CDS_LMAN_SYM_OUTLINE"-50,0,50,-50"
CODE"08070247";
"1"108;
"2"1;
%"R"
"1","(-2550,4500)","0","kvm_matrix_lib","I60";
;
$LOCATION"?"
VALUE"0"
CDS_LMAN_SYM_OUTLINE"-100,25,100,-25"
CDS_LIB"kvm_matrix_lib"
CODE"07090522";
"A"78;
"B"9;
%"GND_SIGNAL"
"1","(-1850,4450)","1","standard","I61";
;
HDL_POWER"GND_SIGNAL"
BODY_TYPE"PLUMBING"
CDS_LIB"standard";
"GND"9;
%"C"
"1","(-2600,2150)","0","kvm_matrix_lib","I7";
;
$LOCATION"?"
VALUE"0.01U"
CDS_LIB"kvm_matrix_lib"
CDS_LMAN_SYM_OUTLINE"-50,0,50,-50"
CODE"08070247";
"1"108;
"2"1;
%"C"
"1","(-3200,1400)","0","kvm_matrix_lib","I8";
;
VALUE"0.01U"
$LOCATION"?"
CDS_LIB"kvm_matrix_lib"
CDS_LMAN_SYM_OUTLINE"-50,0,50,-50"
CODE"08070247";
"1"119;
"2"2;
%"C"
"1","(-3400,1400)","0","kvm_matrix_lib","I9";
;
VALUE"0.1U"
$LOCATION"?"
CODE"08070262"
CDS_LMAN_SYM_OUTLINE"-50,0,50,-50"
CDS_LIB"kvm_matrix_lib";
"1"119;
"2"2;
END.
