FILE_TYPE = CONNECTIVITY;
{Allegro Design Entry HDL 16.6-p007 (v16-6-112F) 10/10/2012}
"PAGE_NUMBER" = 59;
0"NC";
1"GND_SIGNAL\g";
2"A7_DDR_CLK_N";
3"A7_DDR_CLK_P";
4"A7_DDR_WE_N";
5"A7_DDR_A8";
6"A7_DDR_A9";
7"A7_DDR_A10";
8"A7_DDR_A11";
9"A7_DDR_DQS1_N";
10"A7_DDR_DQS1_P";
11"A7_DDR_A12";
12"A7_DDR_DQ0";
13"A7_DDR_VREF";
14"A7_DDR_A15";
15"A7_DDR_A14";
16"A7_DDR_A13";
17"V_A7_1V35_VCCO";
18"A7_DDR_DM0";
19"A7_DDR_DM1";
20"A7_DDR_CAS_N";
21"A7_DDR_DQS0_N";
22"A7_DDR_DQS0_P";
23"A7_DDR_RAS_N";
24"A7_DDR_CS_N";
25"A7_DDR_BA0";
26"A7_DDR_BA1";
27"A7_DDR_BA2";
28"A7_DDR_A7";
29"A7_DDR_A6";
30"A7_DDR_A5";
31"A7_DDR_A4";
32"A7_DDR_A3";
33"A7_DDR_A2";
34"A7_DDR_A1";
35"A7_DDR_A0";
36"A7_DDR_DQ10";
37"A7_DDR_DQ13";
38"A7_DDR_DQ14";
39"A7_DDR_DQ15";
40"A7_DDR_DQ12";
41"A7_DDR_DQ11";
42"A7_DDR_ODT";
43"A7_DDR_CKE";
44"A7_DDR_DQ4";
45"A7_DDR_DQ5";
46"A7_DDR_DQ6";
47"A7_DDR_DQ9";
48"A7_DDR_DQ8";
49"A7_DDR_DQ7";
50"A7_DDR_DQ1";
51"A7_DDR_DQ3";
52"A7_DDR_DQ2";
53"A7_DDR_VREF";
%"XC7A200TFFG1156"
"10","(-6200,4850)","0","kvm_matrix_lib","I1";
;
VALUE"XC7A200TFFG1156"
CDS_LIB"kvm_matrix_lib"
CDS_LMAN_SYM_OUTLINE"-125,1250,875,-100";
"AB11"50;
"AB9"52;
"AB10"51;
"AA9"44;
"AA10"45;
"AC8"46;
"AC9"49;
"AB6"48;
"AB7"47;
"AC6"36;
"AC7"43;
"AA7"42;
"AA8"41;
"AC3"40;
"AC4"37;
"AC1"38;
"AC2"39;
"AA2"35;
"AA3"34;
"AB1"33;
"AB2"32;
"AB4"31;
"AB5"30;
"AA4"29;
"AA5"28;
"Y5"2;
"W5"3;
"W4"5;
"V4"6;
"W3"7;
"V3"8;
"Y2"9;
"Y3"10;
"V1"11;
"V2"16;
"Y1"15;
"W1"14;
"Y6"13;
"W6"12;
"Y7"19;
"Y8"18;
"V6"4;
"V7"20;
"W8"21;
"W9"22;
"V8"23;
"V9"24;
"Y10"25;
"W10"26;
"Y11"27;
%"C"
"1","(-6350,2950)","2","kvm_matrix_lib","I2";
;
VALUE"1U"
$LOCATION"?"
CODE"98070403"
CDS_LMAN_SYM_OUTLINE"-50,0,50,-50"
CDS_LIB"kvm_matrix_lib";
"1"53;
"2"1;
%"C"
"1","(-6150,2950)","0","kvm_matrix_lib","I3";
;
VALUE"0.01U"
$LOCATION"?"
CODE"08070247"
CDS_LMAN_SYM_OUTLINE"-50,0,50,-50"
CDS_LIB"kvm_matrix_lib";
"1"53;
"2"1;
%"GND_SIGNAL"
"1","(-5950,2500)","0","standard","I4";
;
HDL_POWER"GND_SIGNAL"
BODY_TYPE"PLUMBING"
CDS_LIB"standard";
"GND"1;
%"R"
"1","(-5900,2900)","1","kvm_matrix_lib","I5";
;
VALUE"1K-1%"
$LOCATION"?"
CODE"07090549"
CDS_LMAN_SYM_OUTLINE"-100,25,100,-25"
CDS_LIB"kvm_matrix_lib";
"A"1;
"B"53;
%"C"
"1","(-6150,3550)","0","kvm_matrix_lib","I6";
;
VALUE"0.01U"
$LOCATION"?"
CODE"08070247"
CDS_LMAN_SYM_OUTLINE"-50,0,50,-50"
CDS_LIB"kvm_matrix_lib";
"1"17;
"2"53;
%"R"
"1","(-5900,3500)","1","kvm_matrix_lib","I7";
;
VALUE"1K-1%"
$LOCATION"?"
CODE"07090549"
CDS_LMAN_SYM_OUTLINE"-100,25,100,-25"
CDS_LIB"kvm_matrix_lib";
"A"53;
"B"17;
END.
