FILE_TYPE = CONNECTIVITY;
{Allegro Design Entry HDL 16.6-p007 (v16-6-112F) 10/10/2012}
"PAGE_NUMBER" = 20;
0"NC";
1"GND_SIGNAL\g";
2"GND_SIGNAL\g";
3"GND_SIGNAL\g";
4"GND_SIGNAL\g";
5"GND_SIGNAL\g";
6"GND_SIGNAL\g";
7"GND_SIGNAL\g";
8"GND_SIGNAL\g";
9"GND_SIGNAL\g";
10"GND_SIGNAL\g";
11"GND_SIGNAL\g";
12"V_S7_1V8_VCCAUX";
13"V_S7_1V8";
14"V_S7_2V5_VCCO";
15"V_S7_2V5_VCCO";
16"V_S7_1V35_VCCO";
17"V_S7_3V3_VCCO";
18"V_S7_3V3_VCCO";
19"V_S7_3V3_VCCO";
20"V_S7_3V3_VCCO";
21"V_S7_1V35_VCCO";
22"V_S7_2V5_VCCO";
23"V_S7_1V0_VCCINT";
24"V_S7_3V3_VCCO";
25"V_S7_3V3_VCCO";
26"V_S7_1V0_VCCINT";
27"V_S7_1V0_VCCBRAM";
28"V_S7_1V0_VCCINT";
29"V_S7_3V3_VCCO";
30"V_S7_3V3_VCCO";
31"V_S7_3V3_VCCO";
32"V_S7_3V3_VCCO";
33"V_S7_1V8_VCCAUX";
34"V_S7_1V0_VCCBRAM";
35"V_S7_1V35_VCCO";
36"V_S7_3V3";
37"V_S7_2V5";
38"V_S7_1V35";
39"V_S7_3V3";
40"V_S7_2V5_VCCO";
%"XC7S50FGGA484"
"11","(-8650,5650)","0","kvm_matrix_lib","I1";
;
VALUE"XC7S50FGGA484"
CDS_LIB"kvm_matrix_lib"
CDS_LMAN_SYM_OUTLINE"-125,1050,325,-100";
"P9"34;
"M9"34;
"K9"34;
"H9"34;
"F3"0;
"E7"0;
"B5"0;
"P4"22;
"L2"22;
"J5"22;
"AA4"21;
"V2"21;
"U6"21;
"E14"20;
"B17"20;
"B12"20;
"K20"19;
"G18"19;
"E21"19;
"W19"18;
"R21"18;
"P18"31;
"Y15"0;
"U13"0;
"V9"32;
"E10"32;
"R14"33;
"N14"33;
"L14"33;
"J14"33;
"R12"23;
"R10"23;
"P13"23;
"P11"23;
"N10"23;
"M13"23;
"L10"23;
"K13"23;
"J12"23;
"J10"23;
"H13"23;
"H11"23;
%"C"
"1","(-8700,4650)","0","kvm_matrix_lib","I10";
;
$LOCATION"?"
VALUE"4.7UF"
CODE"98070506"
CDS_LMAN_SYM_OUTLINE"-50,0,50,-50"
CDS_LIB"kvm_matrix_lib";
"1"26;
"2"1;
%"C"
"1","(-8250,4650)","0","kvm_matrix_lib","I11";
;
$LOCATION"?"
VALUE"470NF"
CODE"08070401"
CDS_LIB"kvm_matrix_lib"
CDS_LMAN_SYM_OUTLINE"-50,0,50,-50";
"1"26;
"2"1;
%"C"
"1","(-8100,4650)","0","kvm_matrix_lib","I12";
;
$LOCATION"?"
VALUE"470NF"
CODE"08070401"
CDS_LIB"kvm_matrix_lib"
CDS_LMAN_SYM_OUTLINE"-50,0,50,-50";
"1"26;
"2"1;
%"C"
"1","(-7950,4650)","0","kvm_matrix_lib","I13";
;
$LOCATION"?"
VALUE"470NF"
CODE"08070401"
CDS_LIB"kvm_matrix_lib"
CDS_LMAN_SYM_OUTLINE"-50,0,50,-50";
"1"26;
"2"1;
%"C"
"1","(-7800,4650)","0","kvm_matrix_lib","I14";
;
$LOCATION"?"
VALUE"470NF"
CDS_LIB"kvm_matrix_lib"
CDS_LMAN_SYM_OUTLINE"-50,0,50,-50"
CODE"08070401";
"1"26;
"2"1;
%"GND_SIGNAL"
"1","(-9350,4300)","0","standard","I15";
;
CDS_LIB"standard"
HDL_POWER"GND_SIGNAL"
BODY_TYPE"PLUMBING";
"GND"1;
%"CP"
"1","(-8050,3600)","0","kvm_matrix_lib","I16";
;
VALUE"47U-6.3V"
$LOCATION"?"
CDS_LMAN_SYM_OUTLINE"-50,0,50,-50"
CDS_LIB"kvm_matrix_lib"
CODE"98010241";
"2"2;
"1"27;
%"CP"
"1","(-8350,3600)","0","kvm_matrix_lib","I17";
;
VALUE"100U-6.3V"
$LOCATION"?"
CDS_LIB"kvm_matrix_lib"
CDS_LMAN_SYM_OUTLINE"-50,0,50,-50"
CODE"98010240";
"2"2;
"1"27;
%"C"
"1","(-7750,3600)","0","kvm_matrix_lib","I18";
;
VALUE"4.7UF"
$LOCATION"?"
CDS_LMAN_SYM_OUTLINE"-50,0,50,-50"
CDS_LIB"kvm_matrix_lib"
CODE"98070506";
"1"27;
"2"2;
%"C"
"1","(-7450,3600)","0","kvm_matrix_lib","I19";
;
VALUE"470NF"
$LOCATION"?"
CDS_LMAN_SYM_OUTLINE"-50,0,50,-50"
CDS_LIB"kvm_matrix_lib"
CODE"08070401";
"1"27;
"2"2;
%"XC7S50FGGA484"
"10","(-1350,6000)","0","kvm_matrix_lib","I2";
;
VALUE"XC7S50FGGA484"
CDS_LIB"kvm_matrix_lib"
CDS_LMAN_SYM_OUTLINE"-125,825,275,-125";
"AB22"6;
"AB15"8;
"AB8"8;
"AB1"8;
"AA19"8;
"AA12"8;
"AA5"8;
"Y16"8;
"Y9"8;
"Y2"8;
"W20"8;
"W13"8;
"W6"8;
"V17"8;
"V10"8;
"V3"8;
"U21"8;
"U14"8;
"U7"6;
"T18"6;
"T4"6;
"R22"6;
"R15"6;
"R13"6;
"R11"6;
"R9"6;
"R8"6;
"R1"6;
"P19"6;
"P14"6;
"P12"6;
"P10"6;
"P5"6;
%"GND_SIGNAL"
"1","(-8400,3200)","0","standard","I20";
;
CDS_LIB"standard"
HDL_POWER"GND_SIGNAL"
BODY_TYPE"PLUMBING";
"GND"2;
%"LB"
"1","(-8850,3800)","0","kvm_matrix_lib","I21";
;
VALUE"100MOHM"
$LOCATION"?"
CDS_LMAN_SYM_OUTLINE"-125,50,125,0"
CDS_LIB"kvm_matrix_lib"
CODE"10070008";
"B"27;
"A"28;
%"CP"
"1","(-8350,2450)","0","kvm_matrix_lib","I22";
;
$LOCATION"?"
VALUE"47U-6.3V"
CDS_LMAN_SYM_OUTLINE"-50,0,50,-50"
CDS_LIB"kvm_matrix_lib"
CODE"98010241";
"2"3;
"1"12;
%"C"
"1","(-8050,2450)","0","kvm_matrix_lib","I23";
;
$LOCATION"?"
VALUE"4.7UF"
CDS_LIB"kvm_matrix_lib"
CDS_LMAN_SYM_OUTLINE"-50,0,50,-50"
CODE"98070506";
"1"12;
"2"3;
%"C"
"1","(-7600,2450)","0","kvm_matrix_lib","I24";
;
$LOCATION"?"
VALUE"470NF"
CDS_LMAN_SYM_OUTLINE"-50,0,50,-50"
CDS_LIB"kvm_matrix_lib"
CODE"08070401";
"1"12;
"2"3;
%"C"
"1","(-7900,2450)","0","kvm_matrix_lib","I25";
;
$LOCATION"?"
VALUE"4.7UF"
CDS_LIB"kvm_matrix_lib"
CDS_LMAN_SYM_OUTLINE"-50,0,50,-50"
CODE"98070506";
"1"12;
"2"3;
%"C"
"1","(-7450,2450)","0","kvm_matrix_lib","I26";
;
$LOCATION"?"
VALUE"470NF"
CDS_LIB"kvm_matrix_lib"
CDS_LMAN_SYM_OUTLINE"-50,0,50,-50"
CODE"08070401";
"1"12;
"2"3;
%"C"
"1","(-7300,2450)","0","kvm_matrix_lib","I27";
;
$LOCATION"?"
VALUE"470NF"
CDS_LIB"kvm_matrix_lib"
CDS_LMAN_SYM_OUTLINE"-50,0,50,-50"
CODE"08070401";
"1"12;
"2"3;
%"C"
"1","(-7150,2450)","0","kvm_matrix_lib","I28";
;
$LOCATION"?"
VALUE"470NF"
CDS_LIB"kvm_matrix_lib"
CDS_LMAN_SYM_OUTLINE"-50,0,50,-50"
CODE"08070401";
"1"12;
"2"3;
%"GND_SIGNAL"
"1","(-8400,2050)","0","standard","I29";
;
CDS_LIB"standard"
BODY_TYPE"PLUMBING"
HDL_POWER"GND_SIGNAL";
"GND"3;
%"XC7S50FGGA484"
"9","(-1350,4250)","0","kvm_matrix_lib","I3";
;
VALUE"XC7S50FGGA484"
CDS_LMAN_SYM_OUTLINE"-125,1250,250,-100"
CDS_LIB"kvm_matrix_lib";
"N16"8;
"N13"8;
"N9"8;
"N2"8;
"M20"8;
"M14"8;
"M10"8;
"M6"8;
"L17"8;
"L13"8;
"L9"8;
"L3"8;
"K21"8;
"K14"8;
"K10"8;
"K7"8;
"J18"8;
"J13"8;
"J11"8;
"J9"8;
"J4"8;
"H22"8;
"H15"8;
"H14"8;
"H12"8;
"H10"6;
"H8"6;
"H1"6;
"G19"6;
"G12"6;
"G5"6;
"F16"6;
"F9"6;
"F2"6;
"E20"6;
"E13"6;
"E6"6;
"D17"6;
"D10"6;
"D3"6;
"C21"6;
"C14"6;
"C7"6;
"B18"6;
"B11"6;
"B4"6;
"A22"6;
"A15"6;
"A8"6;
"A1"6;
%"LB"
"1","(-8850,2650)","0","kvm_matrix_lib","I30";
;
$LOCATION"?"
VALUE"100MOHM"
CDS_LMAN_SYM_OUTLINE"-125,50,125,0"
CDS_LIB"kvm_matrix_lib"
CODE"10070008";
"B"12;
"A"13;
%"LB"
"1","(-8800,1550)","0","kvm_matrix_lib","I31";
;
$LOCATION"?"
VALUE"100MOHM"
CDS_LMAN_SYM_OUTLINE"-125,50,125,0"
CDS_LIB"kvm_matrix_lib"
CODE"10070008";
"B"17;
"A"39;
%"CP"
"1","(-4750,6650)","1","kvm_matrix_lib","I32";
;
VALUE"47U-6.3V"
$LOCATION"?"
CODE"98010241"
CDS_LMAN_SYM_OUTLINE"-50,0,50,-50"
CDS_LIB"kvm_matrix_lib";
"2"4;
"1"29;
%"GND_SIGNAL"
"1","(-4400,6600)","1","standard","I33";
;
HDL_POWER"GND_SIGNAL"
BODY_TYPE"PLUMBING"
CDS_LIB"standard";
"GND"4;
%"CP"
"1","(-4750,6400)","1","kvm_matrix_lib","I34";
;
$LOCATION"?"
VALUE"47U-6.3V"
CDS_LMAN_SYM_OUTLINE"-50,0,50,-50"
CDS_LIB"kvm_matrix_lib"
CODE"98010241";
"2"5;
"1"30;
%"GND_SIGNAL"
"1","(-4400,6350)","1","standard","I35";
;
CDS_LIB"standard"
HDL_POWER"GND_SIGNAL"
BODY_TYPE"PLUMBING";
"GND"5;
%"C"
"1","(-4750,6300)","1","kvm_matrix_lib","I36";
;
$LOCATION"?"
VALUE"4.7UF"
CDS_LIB"kvm_matrix_lib"
CDS_LMAN_SYM_OUTLINE"-50,0,50,-50"
CODE"98070506";
"1"30;
"2"5;
%"C"
"1","(-4750,6200)","1","kvm_matrix_lib","I37";
;
$LOCATION"?"
VALUE"4.7UF"
CDS_LMAN_SYM_OUTLINE"-50,0,50,-50"
CDS_LIB"kvm_matrix_lib"
CODE"98070506";
"1"30;
"2"5;
%"C"
"1","(-4750,6100)","1","kvm_matrix_lib","I38";
;
$LOCATION"?"
VALUE"470NF"
CDS_LIB"kvm_matrix_lib"
CDS_LMAN_SYM_OUTLINE"-50,0,50,-50"
CODE"08070401";
"1"30;
"2"5;
%"C"
"1","(-4750,6000)","1","kvm_matrix_lib","I39";
;
VALUE"470NF"
$LOCATION"?"
CDS_LMAN_SYM_OUTLINE"-50,0,50,-50"
CDS_LIB"kvm_matrix_lib"
CODE"08070401";
"1"30;
"2"5;
%"GND_SIGNAL"
"1","(-1650,3850)","0","standard","I4";
;
BODY_TYPE"PLUMBING"
HDL_POWER"GND_SIGNAL"
CDS_LIB"standard";
"GND"6;
%"C"
"1","(-4750,5900)","1","kvm_matrix_lib","I40";
;
VALUE"470NF"
$LOCATION"?"
CDS_LMAN_SYM_OUTLINE"-50,0,50,-50"
CDS_LIB"kvm_matrix_lib"
CODE"08070401";
"1"30;
"2"5;
%"C"
"1","(-4750,5800)","1","kvm_matrix_lib","I41";
;
VALUE"470NF"
$LOCATION"?"
CDS_LMAN_SYM_OUTLINE"-50,0,50,-50"
CDS_LIB"kvm_matrix_lib"
CODE"08070401";
"1"30;
"2"5;
%"C"
"1","(-4750,5450)","1","kvm_matrix_lib","I42";
;
VALUE"4.7UF"
$LOCATION"?"
CODE"98070506"
CDS_LIB"kvm_matrix_lib"
CDS_LMAN_SYM_OUTLINE"-50,0,50,-50";
"1"24;
"2"7;
%"CP"
"1","(-4750,5550)","1","kvm_matrix_lib","I43";
;
VALUE"47U-6.3V"
$LOCATION"?"
CODE"98010241"
CDS_LIB"kvm_matrix_lib"
CDS_LMAN_SYM_OUTLINE"-50,0,50,-50";
"2"7;
"1"24;
%"GND_SIGNAL"
"1","(-4400,5500)","1","standard","I44";
;
BODY_TYPE"PLUMBING"
HDL_POWER"GND_SIGNAL"
CDS_LIB"standard";
"GND"7;
%"C"
"1","(-4750,5350)","1","kvm_matrix_lib","I45";
;
VALUE"4.7UF"
$LOCATION"?"
CODE"98070506"
CDS_LIB"kvm_matrix_lib"
CDS_LMAN_SYM_OUTLINE"-50,0,50,-50";
"1"24;
"2"7;
%"C"
"1","(-4750,5250)","1","kvm_matrix_lib","I46";
;
VALUE"470NF"
$LOCATION"?"
CODE"08070401"
CDS_LIB"kvm_matrix_lib"
CDS_LMAN_SYM_OUTLINE"-50,0,50,-50";
"1"24;
"2"7;
%"C"
"1","(-4750,5150)","1","kvm_matrix_lib","I47";
;
VALUE"470NF"
$LOCATION"?"
CODE"08070401"
CDS_LIB"kvm_matrix_lib"
CDS_LMAN_SYM_OUTLINE"-50,0,50,-50";
"1"24;
"2"7;
%"C"
"1","(-4750,5050)","1","kvm_matrix_lib","I48";
;
VALUE"470NF"
$LOCATION"?"
CODE"08070401"
CDS_LIB"kvm_matrix_lib"
CDS_LMAN_SYM_OUTLINE"-50,0,50,-50";
"1"24;
"2"7;
%"C"
"1","(-4750,4950)","1","kvm_matrix_lib","I49";
;
VALUE"470NF"
$LOCATION"?"
CODE"08070401"
CDS_LIB"kvm_matrix_lib"
CDS_LMAN_SYM_OUTLINE"-50,0,50,-50";
"1"24;
"2"7;
%"GND_SIGNAL"
"1","(-1000,3850)","0","standard","I5";
;
BODY_TYPE"PLUMBING"
HDL_POWER"GND_SIGNAL"
CDS_LIB"standard";
"GND"8;
%"C"
"1","(-4750,4500)","1","kvm_matrix_lib","I50";
;
$LOCATION"?"
VALUE"4.7UF"
CDS_LMAN_SYM_OUTLINE"-50,0,50,-50"
CDS_LIB"kvm_matrix_lib"
CODE"98070506";
"1"25;
"2"9;
%"GND_SIGNAL"
"1","(-4400,4650)","1","standard","I51";
;
CDS_LIB"standard"
BODY_TYPE"PLUMBING"
HDL_POWER"GND_SIGNAL";
"GND"9;
%"CP"
"1","(-4750,4700)","1","kvm_matrix_lib","I52";
;
$LOCATION"?"
VALUE"47U-6.3V"
CDS_LMAN_SYM_OUTLINE"-50,0,50,-50"
CDS_LIB"kvm_matrix_lib"
CODE"98010241";
"2"9;
"1"25;
%"C"
"1","(-4750,4600)","1","kvm_matrix_lib","I53";
;
$LOCATION"?"
VALUE"4.7UF"
CDS_LMAN_SYM_OUTLINE"-50,0,50,-50"
CDS_LIB"kvm_matrix_lib"
CODE"98070506";
"1"25;
"2"9;
%"C"
"1","(-4750,4400)","1","kvm_matrix_lib","I54";
;
$LOCATION"?"
VALUE"470NF"
CDS_LMAN_SYM_OUTLINE"-50,0,50,-50"
CDS_LIB"kvm_matrix_lib"
CODE"08070401";
"1"25;
"2"9;
%"C"
"1","(-4750,4300)","1","kvm_matrix_lib","I55";
;
$LOCATION"?"
VALUE"470NF"
CDS_LMAN_SYM_OUTLINE"-50,0,50,-50"
CDS_LIB"kvm_matrix_lib"
CODE"08070401";
"1"25;
"2"9;
%"C"
"1","(-4750,4200)","1","kvm_matrix_lib","I56";
;
$LOCATION"?"
VALUE"470NF"
CDS_LMAN_SYM_OUTLINE"-50,0,50,-50"
CDS_LIB"kvm_matrix_lib"
CODE"08070401";
"1"25;
"2"9;
%"C"
"1","(-4750,4100)","1","kvm_matrix_lib","I57";
;
$LOCATION"?"
VALUE"470NF"
CDS_LMAN_SYM_OUTLINE"-50,0,50,-50"
CDS_LIB"kvm_matrix_lib"
CODE"08070401";
"1"25;
"2"9;
%"C"
"1","(-4750,3250)","1","kvm_matrix_lib","I58";
;
$LOCATION"?"
VALUE"470NF"
CDS_LIB"kvm_matrix_lib"
CDS_LMAN_SYM_OUTLINE"-50,0,50,-50"
CODE"08070401";
"1"35;
"2"10;
%"C"
"1","(-4750,3650)","1","kvm_matrix_lib","I59";
;
$LOCATION"?"
VALUE"4.7UF"
CDS_LIB"kvm_matrix_lib"
CDS_LMAN_SYM_OUTLINE"-50,0,50,-50"
CODE"98070506";
"1"35;
"2"10;
%"CP"
"1","(-9300,4650)","0","kvm_matrix_lib","I6";
;
VALUE"100U-6.3V"
$LOCATION"?"
CDS_LMAN_SYM_OUTLINE"-50,0,50,-50"
CDS_LIB"kvm_matrix_lib"
CODE"98010240";
"2"1;
"1"26;
%"C"
"1","(-4750,3750)","1","kvm_matrix_lib","I60";
;
$LOCATION"?"
VALUE"4.7UF"
CDS_LIB"kvm_matrix_lib"
CDS_LMAN_SYM_OUTLINE"-50,0,50,-50"
CODE"98070506";
"1"35;
"2"10;
%"CP"
"1","(-4750,3850)","1","kvm_matrix_lib","I61";
;
VALUE"47U-6.3V"
$LOCATION"?"
CDS_LIB"kvm_matrix_lib"
CDS_LMAN_SYM_OUTLINE"-50,0,50,-50"
CODE"98010241";
"2"10;
"1"35;
%"GND_SIGNAL"
"1","(-4400,3800)","1","standard","I62";
;
CDS_LIB"standard"
HDL_POWER"GND_SIGNAL"
BODY_TYPE"PLUMBING";
"GND"10;
%"C"
"1","(-4750,3550)","1","kvm_matrix_lib","I63";
;
$LOCATION"?"
VALUE"470NF"
CDS_LIB"kvm_matrix_lib"
CDS_LMAN_SYM_OUTLINE"-50,0,50,-50"
CODE"08070401";
"1"35;
"2"10;
%"C"
"1","(-4750,3450)","1","kvm_matrix_lib","I64";
;
$LOCATION"?"
VALUE"470NF"
CDS_LIB"kvm_matrix_lib"
CDS_LMAN_SYM_OUTLINE"-50,0,50,-50"
CODE"08070401";
"1"35;
"2"10;
%"C"
"1","(-4750,3350)","1","kvm_matrix_lib","I65";
;
$LOCATION"?"
VALUE"470NF"
CDS_LIB"kvm_matrix_lib"
CDS_LMAN_SYM_OUTLINE"-50,0,50,-50"
CODE"08070401";
"1"35;
"2"10;
%"LB"
"1","(-8800,1250)","0","kvm_matrix_lib","I66";
;
VALUE"100MOHM"
$LOCATION"?"
CODE"10070008"
CDS_LIB"kvm_matrix_lib"
CDS_LMAN_SYM_OUTLINE"-125,50,125,0";
"B"16;
"A"38;
%"LB"
"1","(-8800,950)","0","kvm_matrix_lib","I67";
;
VALUE"100MOHM"
$LOCATION"?"
CDS_LMAN_SYM_OUTLINE"-125,50,125,0"
CDS_LIB"kvm_matrix_lib"
CODE"10070008";
"B"15;
"A"37;
%"C"
"1","(-4750,2700)","1","kvm_matrix_lib","I68";
;
$LOCATION"?"
VALUE"470NF"
CODE"08070401"
CDS_LMAN_SYM_OUTLINE"-50,0,50,-50"
CDS_LIB"kvm_matrix_lib";
"1"40;
"2"11;
%"GND_SIGNAL"
"1","(-4400,2950)","1","standard","I69";
;
BODY_TYPE"PLUMBING"
HDL_POWER"GND_SIGNAL"
CDS_LIB"standard";
"GND"11;
%"C"
"1","(-8400,4650)","0","kvm_matrix_lib","I7";
;
VALUE"470NF"
$LOCATION"?"
CDS_LIB"kvm_matrix_lib"
CDS_LMAN_SYM_OUTLINE"-50,0,50,-50"
CODE"08070401";
"1"26;
"2"1;
%"CP"
"1","(-4750,3000)","1","kvm_matrix_lib","I70";
;
VALUE"47U-6.3V"
$LOCATION"?"
CODE"98010241"
CDS_LMAN_SYM_OUTLINE"-50,0,50,-50"
CDS_LIB"kvm_matrix_lib";
"2"11;
"1"40;
%"C"
"1","(-4750,2900)","1","kvm_matrix_lib","I71";
;
VALUE"4.7UF"
$LOCATION"?"
CODE"98070506"
CDS_LMAN_SYM_OUTLINE"-50,0,50,-50"
CDS_LIB"kvm_matrix_lib";
"1"40;
"2"11;
%"C"
"1","(-4750,2800)","1","kvm_matrix_lib","I72";
;
$LOCATION"?"
VALUE"4.7UF"
CODE"98070506"
CDS_LMAN_SYM_OUTLINE"-50,0,50,-50"
CDS_LIB"kvm_matrix_lib";
"1"40;
"2"11;
%"C"
"1","(-4750,2600)","1","kvm_matrix_lib","I73";
;
VALUE"470NF"
$LOCATION"?"
CODE"08070401"
CDS_LMAN_SYM_OUTLINE"-50,0,50,-50"
CDS_LIB"kvm_matrix_lib";
"1"40;
"2"11;
%"C"
"1","(-4750,2500)","1","kvm_matrix_lib","I74";
;
VALUE"470NF"
$LOCATION"?"
CODE"08070401"
CDS_LMAN_SYM_OUTLINE"-50,0,50,-50"
CDS_LIB"kvm_matrix_lib";
"1"40;
"2"11;
%"C"
"1","(-4750,2400)","1","kvm_matrix_lib","I75";
;
VALUE"470NF"
$LOCATION"?"
CODE"08070401"
CDS_LMAN_SYM_OUTLINE"-50,0,50,-50"
CDS_LIB"kvm_matrix_lib";
"1"40;
"2"11;
%"LB"
"1","(-8800,600)","0","kvm_matrix_lib","I76";
;
VALUE"100MOHM"
$LOCATION"?"
CODE"10070008"
CDS_LMAN_SYM_OUTLINE"-125,50,125,0"
CDS_LIB"kvm_matrix_lib";
"B"14;
"A"36;
%"C"
"1","(-9000,4650)","0","kvm_matrix_lib","I8";
;
$LOCATION"?"
VALUE"4.7UF"
CDS_LIB"kvm_matrix_lib"
CDS_LMAN_SYM_OUTLINE"-50,0,50,-50"
CODE"98070506";
"1"26;
"2"1;
%"C"
"1","(-8850,4650)","0","kvm_matrix_lib","I9";
;
$LOCATION"?"
VALUE"4.7UF"
CDS_LMAN_SYM_OUTLINE"-50,0,50,-50"
CDS_LIB"kvm_matrix_lib"
CODE"98070506";
"1"26;
"2"1;
END.
