FILE_TYPE = CONNECTIVITY;
{Allegro Design Entry HDL 16.6-p007 (v16-6-112F) 10/10/2012}
"PAGE_NUMBER" = 18;
0"NC";
1"GND_SIGNAL\g";
2"GND_SIGNAL\g";
3"GND_SIGNAL\g";
4"GND_SIGNAL\g";
5"GND_SIGNAL\g";
6"GND_SIGNAL\g";
7"GND_SIGNAL\g";
8"GND_SIGNAL\g";
9"GND_SIGNAL\g";
10"GND_SIGNAL\g";
11"S7_CY7_GPIO0";
12"S7_CY7_GPIO2";
13"S7_RST_N";
14"S7_QSPI_DQ0";
15"S7_CY7_GPIO3";
16"S7_CY7_RESET_N";
17"S7_CONFIG_PUDC_B";
18"S7_CY7_GPIO11";
19"S7_CY7_GPIO12";
20"S7_CY7_GPIO13";
21"S7_HDMI_CLK_R_P";
22"S7_QSPI_DQ1";
23"S7_CY7_GPIO8";
24"S7_CY7_GPIO7";
25"S7_CY7_GPIO6";
26"S7_CY7_GPIO5";
27"S7_CY7_GPIO14";
28"S7_CY7_GPIO15";
29"S7_CY7_GPIO16";
30"S7_CY7_GPIO17";
31"S7_CY7_GPIO19";
32"S7_CY7_GPIO20";
33"S7_CY7_GPIO21";
34"S7_CY7_GPIO22";
35"S7_HDMI_CLK_R_N";
36"S7_QSPI_CS_N";
37"S7_CONFIG_PUDC_B";
38"S7_HDMI_HP";
39"S7_HDMI_DATA0_R_P";
40"S7_CY7_GPIO23";
41"S7_HDMI_DATA1_R_P";
42"S7_HDMI_DATA0_R_N";
43"S7_5053_MR_N";
44"S7_5053_WDI";
45"S7_CY7_GPIO9";
46"S7_CY7_GPIO10";
47"S7_CY7_GPIO1";
48"S7_CY7_GPIO4";
49"S7_HDMI_DATA1_R_N";
50"S7_QSPI_CS_N";
51"S7_JTAG_TCK_R";
52"S7_JTAG_TDI";
53"S7_CONFIG_M1";
54"S7_CONFIG_M2";
55"S7_CONFIG_M0";
56"UN$18$LEDS$I38$A";
57"V_S7_3V3_VCCO";
58"V_S7_3V3_VCCO";
59"S7_QSPI_CLK_R";
60"S7_QSPI_CS_N_R";
61"V_S7_3V3_VCCO";
62"S7_QSPI_DQ2";
63"S7_QSPI_DQ3";
64"S7_JTAG_TCK";
65"S7_JTAG_TMS";
66"S7_JTAG_TDO";
67"S7_JTAG_TDO_R";
68"S7_JTAG_TMS_R";
69"S7_JTAG_TDI_R";
70"V_S7_3V3_VCCO";
71"S7_QSPI_CS_N";
72"V_S7_3V3_VCCO";
73"S7_CONFIG_INIT_B";
74"S7_QSPI_DQ3";
75"S7_QSPI_DQ2";
76"S7_QSPI_CLK";
77"S7_QSPI_DQ0_R";
78"S7_QSPI_DQ1_R";
79"S7_QSPI_DQ2_R";
80"S7_QSPI_DQ3_R";
81"S7_QSPI_DQ0";
82"S7_QSPI_DQ1";
83"V_S7_3V3_VCCO";
84"S7_CONFIG_M1";
85"S7_CONFIG_M2";
86"S7_CONFIG_INIT_B";
87"V_S7_3V3_VCCO";
88"V_S7_3V3_VCCO";
89"S7_CONFIG_M0";
90"S7_QSPI_CLK";
91"V_S7_1V8_VCCAUX";
92"S7_CONFIG_DONE";
93"S7_CONFIG_CFGBVS";
94"S7_CONFIG_PROGRAM_B";
95"S7_CONFIG_DONE";
96"S7_CONFIG_PROGRAM_B";
97"V_S7_3V3_VCCO";
98"S7_CONFIG_CFGBVS";
99"V_S7_1V8_VCCAUX";
100"S7_JTAG_TMS";
101"S7_JTAG_TDO";
102"S7_JTAG_TCK";
103"S7_JTAG_TDI";
%"XC7S50FGGA484"
"1","(-8500,6400)","0","kvm_matrix_lib","I1";
;
VALUE"XC7S50FGGA484"
CDS_LIB"kvm_matrix_lib"
CDS_LMAN_SYM_OUTLINE"-125,525,300,-225";
"Y10"100;
"U11"96;
"V11"98;
"U10"85;
"W10"101;
"W9"103;
"T9"86;
"T10"84;
"T11"89;
"D9"90;
"L12"3;
"L11"1;
"N11"3;
"G9"102;
"E9"91;
"M11"3;
"M12"3;
"K11"99;
"K12"1;
"N12"3;
"U9"92;
%"ESD"
"1","(-3050,6150)","0","kvm_matrix_lib","I12";
;
$LOCATION"?"
VALUE"ESD-3.3V"
CDS_LIB"kvm_matrix_lib"
CDS_LMAN_SYM_OUTLINE"-50,50,50,-50";
"1"51;
"2"10;
%"ESD"
"1","(-3150,6150)","0","kvm_matrix_lib","I13";
;
$LOCATION"?"
VALUE"ESD-3.3V"
CDS_LIB"kvm_matrix_lib"
CDS_LMAN_SYM_OUTLINE"-50,50,50,-50";
"1"67;
"2"10;
%"ESD"
"1","(-3250,6150)","0","kvm_matrix_lib","I14";
;
$LOCATION"?"
VALUE"ESD-3.3V"
CDS_LIB"kvm_matrix_lib"
CDS_LMAN_SYM_OUTLINE"-50,50,50,-50";
"1"68;
"2"10;
%"ESD"
"1","(-3350,6150)","0","kvm_matrix_lib","I15";
;
$LOCATION"?"
CDS_LIB"kvm_matrix_lib"
CDS_LMAN_SYM_OUTLINE"-50,50,50,-50"
VALUE"ESD-3.3V";
"1"69;
"2"10;
%"GND_SIGNAL"
"1","(-3400,5900)","0","standard","I16";
;
CDS_LIB"standard"
BODY_TYPE"PLUMBING"
HDL_POWER"GND_SIGNAL";
"GND"10;
%"HEAD2X5"
"1","(-2700,6800)","0","kvm_matrix_lib","I17";
;
$LOCATION"?"
VALUE"HEAD2X5"
CODE"14050182"
CDS_LIB"kvm_matrix_lib"
CDS_LMAN_SYM_OUTLINE"-150,300,150,-300";
"P2"9;
"P4"70;
"P6"0;
"P10"9;
"P8"0;
"P1"51;
"P3"67;
"P5"68;
"P9"69;
"P7"0;
%"C"
"1","(-2200,6650)","0","kvm_matrix_lib","I18";
;
VALUE"0.1U"
$LOCATION"?"
CODE"08070262"
CDS_LMAN_SYM_OUTLINE"-50,0,50,-50"
CDS_LIB"kvm_matrix_lib";
"1"70;
"2"9;
%"GND_SIGNAL"
"1","(-2400,5950)","0","standard","I19";
;
CDS_LIB"standard"
BODY_TYPE"PLUMBING"
HDL_POWER"GND_SIGNAL";
"GND"9;
%"XC7S50FGGA484"
"3","(-3550,2050)","0","kvm_matrix_lib","I2";
;
VALUE"XC7S50FGGA484"
CDS_LIB"kvm_matrix_lib"
CDS_LMAN_SYM_OUTLINE"-125,1250,900,-100";
"N15"13;
"T16"43;
"V19"44;
"V18"0;
"AB20"0;
"AB19"0;
"AB21"0;
"AA21"0;
"Y19"0;
"W18"0;
"AA22"0;
"Y22"0;
"AA20"0;
"Y20"16;
"T20"11;
"T19"47;
"R20"12;
"R19"15;
"R17"48;
"R16"26;
"U17"25;
"T17"24;
"R18"23;
"P17"45;
"P16"46;
"P15"18;
"U19"19;
"U18"20;
"V20"27;
"U20"28;
"Y21"29;
"W21"30;
"V22"31;
"U22"32;
"W22"33;
"V21"34;
"T22"35;
"T21"21;
"N18"40;
"N17"36;
"P20"49;
"N20"41;
"P22"42;
"P21"39;
"N19"38;
"M19"37;
"N22"63;
"N21"62;
"M22"22;
"M21"14;
%"R"
"1","(-4350,7000)","0","kvm_matrix_lib","I20";
;
$LOCATION"?"
VALUE"100"
CDS_LMAN_SYM_OUTLINE"-100,25,100,-25"
CDS_LIB"kvm_matrix_lib"
CODE"07090603";
"A"64;
"B"51;
%"R"
"1","(-4350,6900)","0","kvm_matrix_lib","I21";
;
$LOCATION"?"
VALUE"100"
CDS_LMAN_SYM_OUTLINE"-100,25,100,-25"
CDS_LIB"kvm_matrix_lib"
CODE"07090603";
"A"66;
"B"67;
%"R"
"1","(-4350,6800)","0","kvm_matrix_lib","I22";
;
$LOCATION"?"
VALUE"100"
CDS_LMAN_SYM_OUTLINE"-100,25,100,-25"
CDS_LIB"kvm_matrix_lib"
CODE"07090603";
"A"65;
"B"68;
%"R"
"1","(-4350,6600)","0","kvm_matrix_lib","I23";
;
$LOCATION"?"
VALUE"100"
CDS_LMAN_SYM_OUTLINE"-100,25,100,-25"
CDS_LIB"kvm_matrix_lib"
CODE"07090603";
"A"52;
"B"69;
%"R"
"1","(-8650,3950)","1","kvm_matrix_lib","I24";
;
$LOCATION"?"
VALUE"4.7K"
CODE"07090246"
CDS_LIB"kvm_matrix_lib"
CDS_LMAN_SYM_OUTLINE"-100,25,100,-25";
"A"54;
"B"83;
%"R"
"1","(-7900,3550)","2","kvm_matrix_lib","I25";
;
$LOCATION"?"
VALUE"0"
CODE"07090522"
CDS_LMAN_SYM_OUTLINE"-100,25,100,-25"
CDS_LIB"kvm_matrix_lib";
"A"8;
"B"54;
%"R"
"1","(-8450,3950)","1","kvm_matrix_lib","I26";
;
$LOCATION"?"
VALUE"4.7K"
CODE"07090246"
CDS_LMAN_SYM_OUTLINE"-100,25,100,-25"
CDS_LIB"kvm_matrix_lib";
"A"53;
"B"83;
%"R"
"1","(-8250,3950)","1","kvm_matrix_lib","I27";
;
VALUE"4.7K"
$LOCATION"?"
CODE"07090246"
CDS_LMAN_SYM_OUTLINE"-100,25,100,-25"
CDS_LIB"kvm_matrix_lib";
"A"55;
"B"83;
%"R"
"1","(-7900,3350)","2","kvm_matrix_lib","I28";
;
$LOCATION"?"
VALUE"0"
CODE"07090522"
CDS_LMAN_SYM_OUTLINE"-100,25,100,-25"
CDS_LIB"kvm_matrix_lib";
"A"8;
"B"53;
%"R"
"1","(-7900,3150)","2","kvm_matrix_lib","I29";
;
VALUE"0"
$LOCATION"?"
CODE"07090522"
CDS_LMAN_SYM_OUTLINE"-100,25,100,-25"
CDS_LIB"kvm_matrix_lib";
"A"8;
"B"55;
%"GND_SIGNAL"
"1","(-7550,2900)","0","standard","I30";
;
HDL_POWER"GND_SIGNAL"
BODY_TYPE"PLUMBING"
CDS_LIB"standard";
"GND"8;
%"R"
"1","(-8450,5700)","2","kvm_matrix_lib","I31";
;
$LOCATION"?"
VALUE"4.7K"
CODE"07090246"
CDS_LMAN_SYM_OUTLINE"-100,25,100,-25"
CDS_LIB"kvm_matrix_lib";
"A"97;
"B"93;
%"R"
"1","(-8450,2400)","2","kvm_matrix_lib","I32";
;
$LOCATION"?"
VALUE"4.7K"
CDS_LIB"kvm_matrix_lib"
CDS_LMAN_SYM_OUTLINE"-100,25,100,-25"
CODE"07090246";
"A"72;
"B"73;
%"R"
"1","(-8450,2100)","2","kvm_matrix_lib","I33";
;
$LOCATION"?"
VALUE"4.7K"
CODE"07090246"
CDS_LMAN_SYM_OUTLINE"-100,25,100,-25"
CDS_LIB"kvm_matrix_lib";
"A"87;
"B"94;
%"RESETKEY"
"1","(-8750,1850)","0","kvm_matrix_lib","I34";
;
$LOCATION"?"
VALUE"RESET-SMT"
CODE"16100017"
CDS_LIB"kvm_matrix_lib"
CDS_LMAN_SYM_OUTLINE"200,50,450,-100";
"B2"0;
"B1"7;
"A1"0;
"A2"94;
%"GND_SIGNAL"
"1","(-8050,1750)","1","standard","I35";
;
HDL_POWER"GND_SIGNAL"
BODY_TYPE"PLUMBING"
CDS_LIB"standard";
"GND"7;
%"R"
"1","(-8450,1250)","0","kvm_matrix_lib","I36";
;
VALUE"100"
$LOCATION"?"
CODE"07090231"
CDS_LIB"kvm_matrix_lib"
CDS_LMAN_SYM_OUTLINE"-100,25,100,-25";
"A"95;
"B"56;
%"R"
"1","(-8450,1450)","0","kvm_matrix_lib","I37";
;
VALUE"330"
$LOCATION"?"
CDS_LMAN_SYM_OUTLINE"-100,25,100,-25"
CDS_LIB"kvm_matrix_lib"
CODE"07090387";
"A"95;
"B"88;
%"LED_S"
"1","(-7900,1250)","2","kvm_matrix_lib","I38";
;
VALUE"HSMG-C170-B"
$LOCATION"?"
CODE"15020063"
CDS_LMAN_SYM_OUTLINE"-150,50,50,-75"
CDS_LIB"kvm_matrix_lib";
"A"56;
"B"6;
%"GND_SIGNAL"
"1","(-7500,1200)","1","standard","I39";
;
HDL_POWER"GND_SIGNAL"
BODY_TYPE"PLUMBING"
CDS_LIB"standard";
"GND"6;
%"S25FL128SAGMF"
"1","(-3300,4900)","0","kvm_matrix_lib","I40";
;
CDS_LMAN_SYM_OUTLINE"-125,400,275,-575"
CDS_LIB"kvm_matrix_lib";
"16"59;
"15"77;
"14"58;
"13"0;
"12"0;
"11"0;
"10"4;
"9"79;
"8"78;
"7"60;
"6"0;
"5"0;
"4"0;
"3"0;
"2"58;
"1"80;
%"C"
"1","(-2700,5400)","1","kvm_matrix_lib","I41";
;
VALUE"0.1U"
$LOCATION"?"
CDS_LIB"kvm_matrix_lib"
CDS_LMAN_SYM_OUTLINE"-50,0,50,-50"
CODE"08070262";
"1"58;
"2"5;
%"GND_SIGNAL"
"1","(-2350,5350)","1","standard","I42";
;
CDS_LIB"standard"
HDL_POWER"GND_SIGNAL"
BODY_TYPE"PLUMBING";
"GND"5;
%"GND_SIGNAL"
"1","(-2650,4600)","1","standard","I43";
;
CDS_LIB"standard"
BODY_TYPE"PLUMBING"
HDL_POWER"GND_SIGNAL";
"GND"4;
%"R"
"1","(-4300,5250)","0","kvm_matrix_lib","I44";
;
$LOCATION"?"
VALUE"0"
CDS_LMAN_SYM_OUTLINE"-100,25,100,-25"
CDS_LIB"kvm_matrix_lib"
CODE"07090522";
"A"74;
"B"80;
%"R"
"1","(-4300,5150)","0","kvm_matrix_lib","I45";
;
$LOCATION"?"
VALUE"0"
CDS_LMAN_SYM_OUTLINE"-100,25,100,-25"
CDS_LIB"kvm_matrix_lib"
CODE"07090522";
"A"75;
"B"79;
%"R"
"1","(-4300,5050)","0","kvm_matrix_lib","I46";
;
VALUE"0"
$LOCATION"?"
CDS_LMAN_SYM_OUTLINE"-100,25,100,-25"
CDS_LIB"kvm_matrix_lib"
CODE"07090522";
"A"82;
"B"78;
%"R"
"1","(-4300,4950)","0","kvm_matrix_lib","I47";
;
$LOCATION"?"
VALUE"0"
CDS_LMAN_SYM_OUTLINE"-100,25,100,-25"
CDS_LIB"kvm_matrix_lib"
CODE"07090522";
"A"81;
"B"77;
%"R"
"1","(-2000,4950)","0","kvm_matrix_lib","I48";
;
$LOCATION"?"
VALUE"0"
CODE"07090522"
CDS_LIB"kvm_matrix_lib"
CDS_LMAN_SYM_OUTLINE"-100,25,100,-25";
"A"59;
"B"76;
%"R"
"1","(-2000,4850)","0","kvm_matrix_lib","I49";
;
$LOCATION"?"
VALUE"0"
CODE"07090522"
CDS_LIB"kvm_matrix_lib"
CDS_LMAN_SYM_OUTLINE"-100,25,100,-25";
"A"60;
"B"71;
%"GND_SIGNAL"
"1","(-8050,6100)","2","standard","I5";
;
HDL_POWER"GND_SIGNAL"
BODY_TYPE"PLUMBING"
CDS_LIB"standard";
"GND"3;
%"R"
"1","(-3200,4050)","2","kvm_matrix_lib","I51";
;
$LOCATION"?"
VALUE"4.7K"
CODE"07090246"
CDS_LMAN_SYM_OUTLINE"-100,25,100,-25"
CDS_LIB"kvm_matrix_lib";
"A"61;
"B"50;
%"R"
"1","(-3100,1700)","0","kvm_matrix_lib","I52";
;
$LOCATION"?"
VALUE"1K-1%"
CODE"07090549"
CDS_LIB"kvm_matrix_lib"
CDS_LMAN_SYM_OUTLINE"-100,25,100,-25";
"A"17;
"B"57;
%"R"
"1","(-3100,1550)","0","kvm_matrix_lib","I53";
;
VALUE"1K-1%"
$LOCATION"?"
CDS_LIB"kvm_matrix_lib"
CDS_LMAN_SYM_OUTLINE"-100,25,100,-25"
CODE"07090549";
"A"17;
"B"2;
%"GND_SIGNAL"
"1","(-2700,1500)","1","standard","I54";
;
CDS_LIB"standard"
BODY_TYPE"PLUMBING"
HDL_POWER"GND_SIGNAL";
"GND"2;
%"GND_SIGNAL"
"1","(-8800,6100)","0","standard","I7";
;
HDL_POWER"GND_SIGNAL"
BODY_TYPE"PLUMBING"
CDS_LIB"standard";
"GND"1;
END.
