FILE_TYPE = CONNECTIVITY;
{Allegro Design Entry HDL 16.6-p007 (v16-6-112F) 10/10/2012}
"PAGE_NUMBER" = 76;
0"NC";
1"GND_SIGNAL\g";
2"GND_SIGNAL\g";
3"GND_SIGNAL\g";
4"GND_SIGNAL\g";
5"Z7_PS_DDR_CLK_P";
6"V_Z7_PS_1V35_DDR";
7"Z7_PS_DDR_DQ1";
8"V_Z7_PS_1V35_DDR";
9"V_Z7_PS_1V35_DDR";
10"UN$76$C$I10$1";
11"V_Z7_1V35";
12"Z7_PS_DDR_DQ10";
13"Z7_PS_DDR_DQ9";
14"Z7_PS_DDR_DQ11";
15"Z7_PS_DDR_DQ14";
16"Z7_PS_DDR_DQ12";
17"Z7_PS_DDR_DQ15";
18"Z7_PS_DDR_DQ13";
19"Z7_PS_DDR_DQ3";
20"Z7_PS_DDR_DQ5";
21"Z7_PS_DDR_DQ7";
22"Z7_PS_DDR_DQ4";
23"Z7_PS_DDR_DQ6";
24"Z7_PS_DDR_DQ2";
25"Z7_PS_DDR_DQ0";
26"Z7_PS_DDR_DQ8";
27"Z7_PS_DDR_ODT";
28"Z7_PS_DDR_DQS0_N";
29"Z7_PS_DDR_DQS0_P";
30"Z7_PS_DDR_DM0";
31"Z7_PS_DDR_DM1";
32"Z7_PS_DDR_DQS1_P";
33"Z7_PS_DDR_DQS1_N";
34"Z7_PS_DDR_RESET_N";
35"UN$76$MT41K256M16HA-125$I25$L8";
36"Z7_PS_DDR_A8";
37"Z7_PS_DDR_A14";
38"Z7_PS_DDR_A13";
39"Z7_PS_DDR_A6";
40"Z7_PS_DDR_A11";
41"Z7_PS_DDR_A9";
42"Z7_PS_DDR_A7";
43"Z7_PS_DDR_A4";
44"Z7_PS_DDR_A1";
45"Z7_PS_DDR_A2";
46"Z7_PS_DDR_A5";
47"Z7_PS_DDR_BA1";
48"Z7_PS_DDR_A12";
49"Z7_PS_DDR_A0";
50"Z7_PS_DDR_A3";
51"Z7_PS_DDR_BA2";
52"Z7_PS_DDR_BA0";
53"Z7_PS_DDR_A10";
54"Z7_PS_DDR_WE_N";
55"Z7_PS_DDR_CS_N";
56"Z7_PS_DDR_CKE";
57"Z7_PS_DDR_CLK_N";
58"Z7_PS_DDR_CAS_N";
59"Z7_PS_DDR_CLK_P";
60"Z7_PS_DDR_RAS_N";
61"Z7_PS_DDR_CLK_N";
%"R"
"1","(-9800,3550)","1","kvm_matrix_lib","I1";
;
VALUE"80-1%"
CODE""
$LOCATION"?"
CDS_LMAN_SYM_OUTLINE"-100,25,100,-25"
CDS_LIB"kvm_matrix_lib";
"A"61;
"B"5;
%"C"
"1","(-2350,4250)","0","kvm_matrix_lib","I10";
;
$LOCATION"?"
VALUE"0.01U"
CDS_LMAN_SYM_OUTLINE"-50,0,50,-50"
CDS_LIB"kvm_matrix_lib"
CODE"08070247";
"1"10;
"2"1;
%"GND_SIGNAL"
"1","(-2150,3800)","0","standard","I11";
;
CDS_LIB"standard"
BODY_TYPE"PLUMBING"
HDL_POWER"GND_SIGNAL";
"GND"1;
%"R"
"1","(-2100,4200)","1","kvm_matrix_lib","I12";
;
$LOCATION"?"
VALUE"1K-1%"
CDS_LMAN_SYM_OUTLINE"-100,25,100,-25"
CDS_LIB"kvm_matrix_lib"
CODE"07090549";
"A"1;
"B"10;
%"C"
"1","(-1950,3150)","0","kvm_matrix_lib","I13";
;
$LOCATION"?"
VALUE"0.1U"
CDS_LMAN_SYM_OUTLINE"-50,0,50,-50"
CDS_LIB"kvm_matrix_lib"
CODE"08070262";
"1"6;
"2"4;
%"C"
"1","(-1800,3150)","0","kvm_matrix_lib","I14";
;
$LOCATION"?"
VALUE"0.1U"
CDS_LMAN_SYM_OUTLINE"-50,0,50,-50"
CDS_LIB"kvm_matrix_lib"
CODE"08070262";
"1"6;
"2"4;
%"C"
"1","(-1650,3150)","0","kvm_matrix_lib","I15";
;
$LOCATION"?"
VALUE"0.1U"
CDS_LMAN_SYM_OUTLINE"-50,0,50,-50"
CDS_LIB"kvm_matrix_lib"
CODE"08070262";
"1"6;
"2"4;
%"C"
"1","(-1250,3150)","0","kvm_matrix_lib","I16";
;
$LOCATION"?"
VALUE"0.1U"
CDS_LMAN_SYM_OUTLINE"-50,0,50,-50"
CDS_LIB"kvm_matrix_lib"
CODE"08070262";
"1"6;
"2"4;
%"C"
"1","(-950,3150)","0","kvm_matrix_lib","I17";
;
$LOCATION"?"
VALUE"0.1U"
CDS_LMAN_SYM_OUTLINE"-50,0,50,-50"
CDS_LIB"kvm_matrix_lib"
CODE"08070262";
"1"6;
"2"4;
%"C"
"1","(-800,3150)","0","kvm_matrix_lib","I18";
;
$LOCATION"?"
VALUE"0.1U"
CDS_LMAN_SYM_OUTLINE"-50,0,50,-50"
CDS_LIB"kvm_matrix_lib"
CODE"08070262";
"1"6;
"2"4;
%"R"
"1","(-2100,4800)","1","kvm_matrix_lib","I19";
;
$LOCATION"?"
VALUE"1K-1%"
CDS_LMAN_SYM_OUTLINE"-100,25,100,-25"
CDS_LIB"kvm_matrix_lib"
CODE"07090549";
"A"10;
"B"9;
%"R"
"1","(-6800,3050)","0","kvm_matrix_lib","I2";
;
$LOCATION"?"
VALUE"240"
CDS_LMAN_SYM_OUTLINE"-100,25,100,-25"
CDS_LIB"kvm_matrix_lib"
CODE"07090111";
"A"35;
"B"3;
%"C"
"1","(-2350,4850)","0","kvm_matrix_lib","I20";
;
$LOCATION"?"
VALUE"0.01U"
CDS_LMAN_SYM_OUTLINE"-50,0,50,-50"
CDS_LIB"kvm_matrix_lib"
CODE"08070247";
"1"9;
"2"10;
%"GND_SIGNAL"
"1","(-1300,4600)","0","standard","I22";
;
CDS_LIB"standard"
HDL_POWER"GND_SIGNAL"
BODY_TYPE"PLUMBING";
"GND"2;
%"C"
"1","(-1100,3150)","0","kvm_matrix_lib","I23";
;
$LOCATION"?"
VALUE"0.1U"
CDS_LMAN_SYM_OUTLINE"-50,0,50,-50"
CDS_LIB"kvm_matrix_lib"
CODE"08070262";
"1"6;
"2"4;
%"C"
"1","(-1400,3150)","0","kvm_matrix_lib","I24";
;
$LOCATION"?"
VALUE"0.1U"
CDS_LMAN_SYM_OUTLINE"-50,0,50,-50"
CDS_LIB"kvm_matrix_lib"
CODE"08070262";
"1"6;
"2"4;
%"MT41K256M16HA-125"
"1","(-7500,4400)","0","kvm_matrix_lib","I25";
;
CDS_LMAN_SYM_OUTLINE"-125,1400,325,-1850"
CDS_LIB"kvm_matrix_lib";
"F8"19;
"T8"36;
"T7"37;
"T3"38;
"T2"34;
"R8"39;
"R7"40;
"R3"41;
"R2"42;
"P8"43;
"P7"44;
"P3"45;
"P2"46;
"N8"47;
"N7"48;
"N3"49;
"N2"50;
"M7"0;
"M3"51;
"M2"52;
"L9"0;
"L8"35;
"L7"53;
"L3"54;
"L2"55;
"L1"0;
"K9"56;
"K7"57;
"K3"58;
"K1"27;
"J9"0;
"J7"59;
"J3"60;
"J1"0;
"H8"20;
"H7"21;
"H3"22;
"G3"28;
"G2"23;
"F7"7;
"F3"29;
"F2"24;
"E7"30;
"E3"25;
"D7"26;
"D3"31;
"C8"12;
"C7"32;
"C3"13;
"C2"14;
"B8"15;
"B7"33;
"A7"16;
"A3"17;
"A2"18;
%"MT41K256M16HA-125"
"2","(-1600,4850)","0","kvm_matrix_lib","I26";
;
CDS_LMAN_SYM_OUTLINE"-125,1100,250,-425"
CDS_LIB"kvm_matrix_lib";
"T9"2;
"T1"2;
"R9"9;
"R1"9;
"P9"2;
"P1"2;
"N9"9;
"N1"9;
"M9"2;
"M8"10;
"M1"2;
"K8"9;
"K2"9;
"J8"2;
"J2"2;
"H9"8;
"H2"8;
"H1"10;
"G9"2;
"G8"2;
"G7"9;
"G1"2;
"F9"2;
"F1"8;
"E9"8;
"E8"2;
"E2"2;
"E1"2;
"D9"9;
"D8"2;
"D2"8;
"D1"2;
"C9"8;
"C1"8;
"B9"2;
"B3"2;
"B2"9;
"B1"2;
"A9"2;
"A8"8;
"A1"8;
%"GND_SIGNAL"
"1","(-6400,3000)","1","standard","I3";
;
CDS_LIB"standard"
BODY_TYPE"PLUMBING"
HDL_POWER"GND_SIGNAL";
"GND"3;
%"GND_SIGNAL"
"1","(-2550,2750)","0","standard","I4";
;
CDS_LIB"standard"
BODY_TYPE"PLUMBING"
HDL_POWER"GND_SIGNAL";
"GND"4;
%"C"
"1","(-2500,3150)","0","kvm_matrix_lib","I5";
;
$LOCATION"?"
VALUE"10UF"
CDS_LMAN_SYM_OUTLINE"-50,0,50,-50"
CDS_LIB"kvm_matrix_lib"
CODE"08070391";
"1"6;
"2"4;
%"C"
"1","(-2250,3150)","0","kvm_matrix_lib","I6";
;
$LOCATION"?"
VALUE"0.1U"
CDS_LMAN_SYM_OUTLINE"-50,0,50,-50"
CDS_LIB"kvm_matrix_lib"
CODE"08070262";
"1"6;
"2"4;
%"C"
"1","(-2100,3150)","0","kvm_matrix_lib","I7";
;
$LOCATION"?"
VALUE"0.1U"
CDS_LMAN_SYM_OUTLINE"-50,0,50,-50"
CDS_LIB"kvm_matrix_lib"
CODE"08070262";
"1"6;
"2"4;
%"LB"
"1","(-2850,3350)","0","kvm_matrix_lib","I8";
;
$LOCATION"?"
VALUE"3A"
CDS_LMAN_SYM_OUTLINE"-125,50,125,0"
CDS_LIB"kvm_matrix_lib"
CODE"10070007";
"B"6;
"A"11;
%"C"
"1","(-2550,4250)","2","kvm_matrix_lib","I9";
;
$LOCATION"?"
VALUE"1U"
CDS_LMAN_SYM_OUTLINE"-50,0,50,-50"
CDS_LIB"kvm_matrix_lib"
CODE"98070403";
"1"10;
"2"1;
END.
