FILE_TYPE = CONNECTIVITY;
{Allegro Design Entry HDL 16.6-p007 (v16-6-112F) 10/10/2012}
"PAGE_NUMBER" = 88;
0"NC";
1"GND_SIGNAL\g";
2"GND_SIGNAL\g";
3"GND_SIGNAL\g";
4"GND_SIGNAL\g";
5"GND_SIGNAL\g";
6"GND_SIGNAL\g";
7"GND_SIGNAL\g";
8"GND_SIGNAL\g";
9"GND_SIGNAL\g";
10"GND_SIGNAL\g";
11"GND_SIGNAL\g";
12"GND_SIGNAL\g";
13"GND_SIGNAL\g";
14"GND_SIGNAL\g";
15"GND_SIGNAL\g";
16"GND_SIGNAL\g";
17"V_Z7_PS_2V5_VCCO";
18"V_Z7_1V8_VCCPAUX";
19"V_Z7_1V0_VCCPINT";
20"V_Z7_1V0_VCCPINT";
21"V_Z7_PS_3V3_VCCO";
22"V_Z7_PS_2V5_VCCO";
23"V_Z7_PS_3V3_VCCO";
24"V_Z7_PS_3V3_VCCO";
25"V_Z7_PS_2V5_VCCO";
26"V_Z7_PS_1V35_DDR";
27"V_Z7_2V5";
28"V_Z7_1V8";
29"V_Z7_3V3";
30"V_Z7_PL_3V3_VCCO";
31"V_Z7_3V3";
32"V_Z7_PL_3V3_VCCO";
33"V_Z7_PS_1V35_DDR";
34"V_Z7_PL_3V3_VCCO";
35"V_Z7_PL_1V35_DDR";
36"V_Z7_1V8_VCCPAUX";
37"V_Z7_PL_1V35_DDR";
38"V_Z7_PL_3V3_VCCO";
39"V_Z7_PL_3V3_VCCO";
40"V_Z7_PL_3V3_VCCO";
41"V_Z7_1V0_VCCINT";
42"V_Z7_1V0_VCCBRAM";
43"V_Z7_1V8_VCCAUX";
44"V_Z7_1V0_VCCINT";
45"V_Z7_PL_1V35_PL_DDR";
46"V_Z7_PL_3V3_VCCO";
47"V_Z7_1V0";
48"V_Z7_1V2";
49"V_Z7_1V2_MGTAVTT";
50"V_Z7_1V0";
51"V_Z7_1V0";
52"V_Z7_1V0";
53"V_Z7_1V8";
54"V_Z7_1V0_MGTAVCC";
55"V_Z7_1V0_VCCBRAM";
56"V_Z7_1V8_VCCAUX";
57"V_Z7_1V2_MGTAVTT";
58"V_Z7_1V0_MGTAVCC";
%"XC7Z015_1CLG485C"
"9","(-7100,5800)","0","kvm_matrix_lib","I1";
;
VALUE"XC7Z015_1CLG485C"
CDS_LIB"kvm_matrix_lib"
CDS_LMAN_SYM_OUTLINE"-125,1750,900,-100";
"R15"19;
"N15"19;
"L15"19;
"J15"19;
"H14"19;
"G15"19;
"P14"18;
"M14"18;
"L13"18;
"K14"18;
"E11"17;
"D14"17;
"B10"17;
"A13"17;
"C17"21;
"B20"21;
"V22"33;
"R21"33;
"N17"33;
"M20"33;
"K16"33;
"J19"33;
"H22"33;
"F18"33;
"E21"33;
"G5"34;
"F8"34;
"E1"34;
"D4"34;
"C7"34;
"A3"34;
"R1"35;
"P4"35;
"N7"35;
"L3"35;
"K6"45;
"H2"45;
"Y16"39;
"W19"39;
"V12"39;
"U15"39;
"T18"39;
"AB20"39;
"AA13"39;
"R11"40;
"R9"41;
"P10"41;
"N9"41;
"M10"41;
"L9"41;
"K10"41;
"J11"41;
"J9"41;
"J13"55;
"H12"55;
"T12"56;
"R13"56;
"P12"56;
"N13"56;
"Y7"57;
"AB6"57;
"AB1"57;
"AA8"57;
"AA4"57;
"AA2"57;
"W9"58;
"W5"58;
"U8"58;
"U6"58;
"U4"58;
%"C"
"1","(-7700,5100)","0","kvm_matrix_lib","I10";
;
VALUE"470NF"
$LOCATION"?"
CODE"08070401"
CDS_LMAN_SYM_OUTLINE"-50,0,50,-50"
CDS_LIB"kvm_matrix_lib";
"1"44;
"2"3;
%"C"
"1","(-5150,2600)","0","kvm_matrix_lib","I100";
;
$LOCATION"?"
VALUE"470NF"
CDS_LMAN_SYM_OUTLINE"-50,0,50,-50"
CDS_LIB"kvm_matrix_lib"
CODE"08070401";
"1"26;
"2"14;
%"C"
"1","(-5000,2600)","0","kvm_matrix_lib","I101";
;
$LOCATION"?"
VALUE"470NF"
CODE"08070401"
CDS_LMAN_SYM_OUTLINE"-50,0,50,-50"
CDS_LIB"kvm_matrix_lib";
"1"26;
"2"14;
%"C"
"1","(-5450,1700)","0","kvm_matrix_lib","I102";
;
VALUE"470NF"
$LOCATION"?"
CODE"08070401"
CDS_LIB"kvm_matrix_lib"
CDS_LMAN_SYM_OUTLINE"-50,0,50,-50";
"1"25;
"2"1;
%"C"
"1","(-5750,1700)","0","kvm_matrix_lib","I103";
;
VALUE"4.7UF"
$LOCATION"?"
CODE"98070506"
CDS_LIB"kvm_matrix_lib"
CDS_LMAN_SYM_OUTLINE"-50,0,50,-50";
"1"25;
"2"1;
%"CP"
"1","(-6100,1700)","0","kvm_matrix_lib","I104";
;
VALUE"100U-6.3V"
$LOCATION"?"
CODE"98010240"
CDS_LIB"kvm_matrix_lib"
CDS_LMAN_SYM_OUTLINE"-50,0,50,-50";
"2"1;
"1"25;
%"GND_SIGNAL"
"1","(-6150,1300)","0","standard","I105";
;
BODY_TYPE"PLUMBING"
HDL_POWER"GND_SIGNAL"
CDS_LIB"standard";
"GND"1;
%"C"
"1","(-4700,1700)","0","kvm_matrix_lib","I106";
;
$LOCATION"?"
VALUE"4.7UF"
CDS_LIB"kvm_matrix_lib"
CDS_LMAN_SYM_OUTLINE"-50,0,50,-50"
CODE"98070506";
"1"24;
"2"2;
%"C"
"1","(-4400,1700)","0","kvm_matrix_lib","I107";
;
VALUE"470NF"
$LOCATION"?"
CDS_LIB"kvm_matrix_lib"
CDS_LMAN_SYM_OUTLINE"-50,0,50,-50"
CODE"08070401";
"1"24;
"2"2;
%"CP"
"1","(-5050,1700)","0","kvm_matrix_lib","I108";
;
$LOCATION"?"
VALUE"100U-6.3V"
CDS_LIB"kvm_matrix_lib"
CDS_LMAN_SYM_OUTLINE"-50,0,50,-50"
CODE"98010240";
"2"2;
"1"24;
%"GND_SIGNAL"
"1","(-5100,1300)","0","standard","I109";
;
CDS_LIB"standard"
HDL_POWER"GND_SIGNAL"
BODY_TYPE"PLUMBING";
"GND"2;
%"C"
"1","(-7550,5100)","0","kvm_matrix_lib","I11";
;
VALUE"470NF"
$LOCATION"?"
CODE"08070401"
CDS_LMAN_SYM_OUTLINE"-50,0,50,-50"
CDS_LIB"kvm_matrix_lib";
"1"44;
"2"3;
%"LB"
"1","(-5450,3500)","0","kvm_matrix_lib","I110";
;
VALUE"100MOHM"
$LOCATION"?"
CODE"10070008"
CDS_LMAN_SYM_OUTLINE"-125,50,125,0"
CDS_LIB"kvm_matrix_lib";
"B"22;
"A"27;
%"C"
"1","(-7400,5100)","0","kvm_matrix_lib","I12";
;
VALUE"470NF"
$LOCATION"?"
CODE"08070401"
CDS_LMAN_SYM_OUTLINE"-50,0,50,-50"
CDS_LIB"kvm_matrix_lib";
"1"44;
"2"3;
%"GND_SIGNAL"
"1","(-8700,4750)","0","standard","I13";
;
CDS_LIB"standard"
BODY_TYPE"PLUMBING"
HDL_POWER"GND_SIGNAL";
"GND"3;
%"LB"
"1","(-9000,4350)","0","kvm_matrix_lib","I14";
;
VALUE"100MOHM"
$LOCATION"?"
CODE"10070008"
CDS_LIB"kvm_matrix_lib"
CDS_LMAN_SYM_OUTLINE"-125,50,125,0";
"B"42;
"A"51;
%"C"
"1","(-8000,4100)","0","kvm_matrix_lib","I15";
;
$LOCATION"?"
VALUE"470NF"
CODE"08070401"
CDS_LIB"kvm_matrix_lib"
CDS_LMAN_SYM_OUTLINE"-50,0,50,-50";
"1"42;
"2"15;
%"C"
"1","(-8300,4100)","0","kvm_matrix_lib","I16";
;
VALUE"4.7UF"
$LOCATION"?"
CODE"98070506"
CDS_LIB"kvm_matrix_lib"
CDS_LMAN_SYM_OUTLINE"-50,0,50,-50";
"1"42;
"2"15;
%"CP"
"1","(-8650,4100)","0","kvm_matrix_lib","I18";
;
$LOCATION"?"
VALUE"100U-6.3V"
CDS_LMAN_SYM_OUTLINE"-50,0,50,-50"
CDS_LIB"kvm_matrix_lib"
CODE"98010240";
"2"15;
"1"42;
%"GND_SIGNAL"
"1","(-8700,3700)","0","standard","I19";
;
HDL_POWER"GND_SIGNAL"
BODY_TYPE"PLUMBING"
CDS_LIB"standard";
"GND"15;
%"XC7Z015_1CLG485C"
"8","(-1550,5300)","0","kvm_matrix_lib","I2";
;
VALUE"XC7Z015_1CLG485C"
CDS_LIB"kvm_matrix_lib"
CDS_LMAN_SYM_OUTLINE"-125,2150,525,-100";
"Y21"7;
"Y11"7;
"Y10"7;
"Y9"7;
"Y5"7;
"Y3"7;
"Y1"7;
"W14"7;
"W10"7;
"W7"7;
"W1"7;
"V17"7;
"V8"7;
"V6"7;
"V4"7;
"V3"7;
"V2"7;
"V1"7;
"U20"7;
"U10"7;
"U3"7;
"T13"7;
"T7"7;
"T6"7;
"T5"7;
"T4"7;
"T3"7;
"R16"7;
"R14"7;
"R12"7;
"R10"7;
"R6"7;
"P19"7;
"P15"7;
"P13"7;
"P11"7;
"P9"7;
"N22"7;
"N14"7;
"N10"7;
"N2"7;
"M15"7;
"M13"7;
"M9"5;
"M5"5;
"L18"5;
"L14"5;
"L10"5;
"L8"5;
"K21"5;
"K15"5;
"K13"5;
"K9"5;
"K1"5;
"J14"5;
"J12"5;
"J10"5;
"J4"5;
"H17"5;
"H15"5;
"H13"5;
"H7"5;
"G20"5;
"G10"5;
"F13"5;
"F3"5;
"E16"5;
"E6"5;
"D19"5;
"D9"5;
"C22"5;
"C12"5;
"C2"5;
"B15"5;
"B5"5;
"AB15"5;
"AB10"5;
"AB8"5;
"AB4"5;
"AB2"5;
"AA18"5;
"AA10"5;
"AA6"5;
"AA1"5;
"A18"5;
"A8"5;
%"CP"
"1","(-8650,3000)","0","kvm_matrix_lib","I20";
;
VALUE"47U-6.3V"
$LOCATION"?"
CODE"98010241"
CDS_LIB"kvm_matrix_lib"
CDS_LMAN_SYM_OUTLINE"-50,0,50,-50";
"2"4;
"1"43;
%"LB"
"1","(-9000,3400)","0","kvm_matrix_lib","I21";
;
$LOCATION"?"
VALUE"100MOHM"
CDS_LIB"kvm_matrix_lib"
CDS_LMAN_SYM_OUTLINE"-125,50,125,0"
CODE"10070008";
"B"43;
"A"53;
%"LB"
"1","(-9000,3250)","0","kvm_matrix_lib","I22";
;
$LOCATION"?"
VALUE"100MOHM"
CDS_LIB"kvm_matrix_lib"
CDS_LMAN_SYM_OUTLINE"-125,50,125,0"
CODE"10070008";
"B"43;
"A"53;
%"C"
"1","(-8050,3000)","0","kvm_matrix_lib","I23";
;
VALUE"470NF"
$LOCATION"?"
CDS_LMAN_SYM_OUTLINE"-50,0,50,-50"
CDS_LIB"kvm_matrix_lib"
CODE"08070401";
"1"43;
"2"4;
%"C"
"1","(-8350,3000)","0","kvm_matrix_lib","I24";
;
$LOCATION"?"
VALUE"4.7UF"
CODE"98070506"
CDS_LMAN_SYM_OUTLINE"-50,0,50,-50"
CDS_LIB"kvm_matrix_lib";
"1"43;
"2"4;
%"C"
"1","(-7900,3000)","0","kvm_matrix_lib","I25";
;
VALUE"470NF"
$LOCATION"?"
CODE"08070401"
CDS_LMAN_SYM_OUTLINE"-50,0,50,-50"
CDS_LIB"kvm_matrix_lib";
"1"43;
"2"4;
%"GND_SIGNAL"
"1","(-8700,2550)","0","standard","I26";
;
CDS_LIB"standard"
BODY_TYPE"PLUMBING"
HDL_POWER"GND_SIGNAL";
"GND"4;
%"C"
"1","(-8650,2000)","0","kvm_matrix_lib","I27";
;
VALUE"4.7UF"
$LOCATION"?"
CODE"98070506"
CDS_LMAN_SYM_OUTLINE"-50,0,50,-50"
CDS_LIB"kvm_matrix_lib";
"1"54;
"2"6;
%"C"
"1","(-8400,2000)","0","kvm_matrix_lib","I28";
;
VALUE"0.1U"
$LOCATION"?"
CODE"08070262"
CDS_LMAN_SYM_OUTLINE"-50,0,50,-50"
CDS_LIB"kvm_matrix_lib";
"1"54;
"2"6;
%"C"
"1","(-8250,2000)","0","kvm_matrix_lib","I29";
;
VALUE"0.1U"
$LOCATION"?"
CODE"08070262"
CDS_LMAN_SYM_OUTLINE"-50,0,50,-50"
CDS_LIB"kvm_matrix_lib";
"1"54;
"2"6;
%"GND_SIGNAL"
"1","(-1850,4950)","0","standard","I3";
;
BODY_TYPE"PLUMBING"
HDL_POWER"GND_SIGNAL"
CDS_LIB"standard";
"GND"5;
%"C"
"1","(-7950,2000)","0","kvm_matrix_lib","I30";
;
VALUE"0.1U"
$LOCATION"?"
CODE"08070262"
CDS_LIB"kvm_matrix_lib"
CDS_LMAN_SYM_OUTLINE"-50,0,50,-50";
"1"54;
"2"6;
%"C"
"1","(-8100,2000)","0","kvm_matrix_lib","I31";
;
VALUE"0.1U"
$LOCATION"?"
CODE"08070262"
CDS_LIB"kvm_matrix_lib"
CDS_LMAN_SYM_OUTLINE"-50,0,50,-50";
"1"54;
"2"6;
%"C"
"1","(-7500,2000)","0","kvm_matrix_lib","I32";
;
$LOCATION"?"
VALUE"0.1U"
CODE"08070262"
CDS_LIB"kvm_matrix_lib"
CDS_LMAN_SYM_OUTLINE"-50,0,50,-50";
"1"54;
"2"6;
%"C"
"1","(-7350,2000)","0","kvm_matrix_lib","I33";
;
$LOCATION"?"
VALUE"0.1U"
CODE"08070262"
CDS_LIB"kvm_matrix_lib"
CDS_LMAN_SYM_OUTLINE"-50,0,50,-50";
"1"54;
"2"6;
%"C"
"1","(-7650,2000)","0","kvm_matrix_lib","I34";
;
VALUE"0.1U"
$LOCATION"?"
CODE"08070262"
CDS_LIB"kvm_matrix_lib"
CDS_LMAN_SYM_OUTLINE"-50,0,50,-50";
"1"54;
"2"6;
%"C"
"1","(-7800,2000)","0","kvm_matrix_lib","I35";
;
VALUE"0.1U"
$LOCATION"?"
CODE"08070262"
CDS_LIB"kvm_matrix_lib"
CDS_LMAN_SYM_OUTLINE"-50,0,50,-50";
"1"54;
"2"6;
%"C"
"1","(-7200,2000)","0","kvm_matrix_lib","I36";
;
$LOCATION"?"
VALUE"0.1U"
CODE"08070262"
CDS_LIB"kvm_matrix_lib"
CDS_LMAN_SYM_OUTLINE"-50,0,50,-50";
"1"54;
"2"6;
%"C"
"1","(-7050,2000)","0","kvm_matrix_lib","I37";
;
$LOCATION"?"
VALUE"0.1U"
CODE"08070262"
CDS_LIB"kvm_matrix_lib"
CDS_LMAN_SYM_OUTLINE"-50,0,50,-50";
"1"54;
"2"6;
%"GND_SIGNAL"
"1","(-8700,1600)","0","standard","I38";
;
HDL_POWER"GND_SIGNAL"
BODY_TYPE"PLUMBING"
CDS_LIB"standard";
"GND"6;
%"LB"
"1","(-9000,2200)","0","kvm_matrix_lib","I39";
;
VALUE"100MOHM"
$LOCATION"?"
CODE"10070008"
CDS_LIB"kvm_matrix_lib"
CDS_LMAN_SYM_OUTLINE"-125,50,125,0";
"B"54;
"A"50;
%"GND_SIGNAL"
"1","(-950,4950)","0","standard","I4";
;
CDS_LIB"standard"
BODY_TYPE"PLUMBING"
HDL_POWER"GND_SIGNAL";
"GND"7;
%"C"
"1","(-8100,950)","0","kvm_matrix_lib","I40";
;
$LOCATION"?"
VALUE"0.1U"
CDS_LIB"kvm_matrix_lib"
CDS_LMAN_SYM_OUTLINE"-50,0,50,-50"
CODE"08070262";
"1"49;
"2"8;
%"C"
"1","(-7950,950)","0","kvm_matrix_lib","I41";
;
$LOCATION"?"
VALUE"0.1U"
CDS_LIB"kvm_matrix_lib"
CDS_LMAN_SYM_OUTLINE"-50,0,50,-50"
CODE"08070262";
"1"49;
"2"8;
%"C"
"1","(-7050,950)","0","kvm_matrix_lib","I42";
;
VALUE"0.1U"
$LOCATION"?"
CODE"08070262"
CDS_LIB"kvm_matrix_lib"
CDS_LMAN_SYM_OUTLINE"-50,0,50,-50";
"1"49;
"2"8;
%"C"
"1","(-7350,950)","0","kvm_matrix_lib","I43";
;
VALUE"0.1U"
$LOCATION"?"
CDS_LIB"kvm_matrix_lib"
CDS_LMAN_SYM_OUTLINE"-50,0,50,-50"
CODE"08070262";
"1"49;
"2"8;
%"C"
"1","(-7200,950)","0","kvm_matrix_lib","I44";
;
VALUE"0.1U"
$LOCATION"?"
CODE"08070262"
CDS_LIB"kvm_matrix_lib"
CDS_LMAN_SYM_OUTLINE"-50,0,50,-50";
"1"49;
"2"8;
%"C"
"1","(-7500,950)","0","kvm_matrix_lib","I45";
;
VALUE"0.1U"
$LOCATION"?"
CDS_LIB"kvm_matrix_lib"
CDS_LMAN_SYM_OUTLINE"-50,0,50,-50"
CODE"08070262";
"1"49;
"2"8;
%"C"
"1","(-7650,950)","0","kvm_matrix_lib","I46";
;
VALUE"0.1U"
$LOCATION"?"
CDS_LIB"kvm_matrix_lib"
CDS_LMAN_SYM_OUTLINE"-50,0,50,-50"
CODE"08070262";
"1"49;
"2"8;
%"C"
"1","(-7800,950)","0","kvm_matrix_lib","I47";
;
$LOCATION"?"
VALUE"0.1U"
CDS_LIB"kvm_matrix_lib"
CDS_LMAN_SYM_OUTLINE"-50,0,50,-50"
CODE"08070262";
"1"49;
"2"8;
%"LB"
"1","(-9000,1150)","0","kvm_matrix_lib","I48";
;
$LOCATION"?"
VALUE"100MOHM"
CDS_LIB"kvm_matrix_lib"
CDS_LMAN_SYM_OUTLINE"-125,50,125,0"
CODE"10070008";
"B"49;
"A"48;
%"C"
"1","(-8250,950)","0","kvm_matrix_lib","I49";
;
$LOCATION"?"
VALUE"0.1U"
CDS_LIB"kvm_matrix_lib"
CDS_LMAN_SYM_OUTLINE"-50,0,50,-50"
CODE"08070262";
"1"49;
"2"8;
%"LB"
"1","(-9000,5350)","0","kvm_matrix_lib","I5";
;
$LOCATION"?"
VALUE"3A"
CODE"10070007"
CDS_LIB"kvm_matrix_lib"
CDS_LMAN_SYM_OUTLINE"-125,50,125,0";
"B"44;
"A"52;
%"C"
"1","(-8400,950)","0","kvm_matrix_lib","I50";
;
$LOCATION"?"
VALUE"0.1U"
CDS_LIB"kvm_matrix_lib"
CDS_LMAN_SYM_OUTLINE"-50,0,50,-50"
CODE"08070262";
"1"49;
"2"8;
%"C"
"1","(-8650,950)","0","kvm_matrix_lib","I51";
;
$LOCATION"?"
VALUE"4.7UF"
CDS_LIB"kvm_matrix_lib"
CDS_LMAN_SYM_OUTLINE"-50,0,50,-50"
CODE"98070506";
"1"49;
"2"8;
%"GND_SIGNAL"
"1","(-8700,550)","0","standard","I52";
;
CDS_LIB"standard"
HDL_POWER"GND_SIGNAL"
BODY_TYPE"PLUMBING";
"GND"8;
%"C"
"1","(-6750,950)","0","kvm_matrix_lib","I53";
;
VALUE"0.1U"
$LOCATION"?"
CDS_LIB"kvm_matrix_lib"
CDS_LMAN_SYM_OUTLINE"-50,0,50,-50"
CODE"08070262";
"1"49;
"2"8;
%"C"
"1","(-6900,950)","0","kvm_matrix_lib","I54";
;
$LOCATION"?"
VALUE"0.1U"
CDS_LIB"kvm_matrix_lib"
CDS_LMAN_SYM_OUTLINE"-50,0,50,-50"
CODE"08070262";
"1"49;
"2"8;
%"CP"
"1","(-5100,5050)","0","kvm_matrix_lib","I55";
;
$LOCATION"?"
VALUE"100U-6.3V"
CDS_LIB"kvm_matrix_lib"
CDS_LMAN_SYM_OUTLINE"-50,0,50,-50"
CODE"98010240";
"2"9;
"1"20;
%"C"
"1","(-4450,5050)","0","kvm_matrix_lib","I56";
;
$LOCATION"?"
VALUE"470NF"
CODE"08070401"
CDS_LMAN_SYM_OUTLINE"-50,0,50,-50"
CDS_LIB"kvm_matrix_lib";
"1"20;
"2"9;
%"C"
"1","(-4750,5050)","0","kvm_matrix_lib","I57";
;
$LOCATION"?"
VALUE"4.7UF"
CODE"98070506"
CDS_LMAN_SYM_OUTLINE"-50,0,50,-50"
CDS_LIB"kvm_matrix_lib";
"1"20;
"2"9;
%"LB"
"1","(-5450,5300)","0","kvm_matrix_lib","I58";
;
$LOCATION"?"
VALUE"3A"
CDS_LMAN_SYM_OUTLINE"-125,50,125,0"
CDS_LIB"kvm_matrix_lib"
CODE"10070007";
"B"20;
"A"47;
%"GND_SIGNAL"
"1","(-5150,4650)","0","standard","I59";
;
BODY_TYPE"PLUMBING"
HDL_POWER"GND_SIGNAL"
CDS_LIB"standard";
"GND"9;
%"CP"
"1","(-8650,5100)","0","kvm_matrix_lib","I6";
;
$LOCATION"?"
VALUE"330U-10V"
CODE"10081111"
CDS_LMAN_SYM_OUTLINE"-50,0,50,-50"
CDS_LIB"kvm_matrix_lib";
"2"3;
"1"44;
%"C"
"1","(-4300,5050)","0","kvm_matrix_lib","I60";
;
VALUE"470NF"
$LOCATION"?"
CODE"08070401"
CDS_LMAN_SYM_OUTLINE"-50,0,50,-50"
CDS_LIB"kvm_matrix_lib";
"1"20;
"2"9;
%"C"
"1","(-4150,5050)","0","kvm_matrix_lib","I61";
;
VALUE"470NF"
$LOCATION"?"
CODE"08070401"
CDS_LMAN_SYM_OUTLINE"-50,0,50,-50"
CDS_LIB"kvm_matrix_lib";
"1"20;
"2"9;
%"CP"
"1","(-5100,4100)","0","kvm_matrix_lib","I62";
;
VALUE"100U-6.3V"
$LOCATION"?"
CODE"98010240"
CDS_LMAN_SYM_OUTLINE"-50,0,50,-50"
CDS_LIB"kvm_matrix_lib";
"2"16;
"1"36;
%"C"
"1","(-4450,4100)","0","kvm_matrix_lib","I63";
;
VALUE"470NF"
$LOCATION"?"
CODE"08070401"
CDS_LMAN_SYM_OUTLINE"-50,0,50,-50"
CDS_LIB"kvm_matrix_lib";
"1"36;
"2"16;
%"C"
"1","(-4750,4100)","0","kvm_matrix_lib","I64";
;
VALUE"4.7UF"
$LOCATION"?"
CODE"98070506"
CDS_LMAN_SYM_OUTLINE"-50,0,50,-50"
CDS_LIB"kvm_matrix_lib";
"1"36;
"2"16;
%"LB"
"1","(-5450,4350)","0","kvm_matrix_lib","I65";
;
VALUE"100MOHM"
$LOCATION"?"
CDS_LIB"kvm_matrix_lib"
CDS_LMAN_SYM_OUTLINE"-125,50,125,0"
CODE"10070008";
"B"36;
"A"28;
%"GND_SIGNAL"
"1","(-5150,3700)","0","standard","I66";
;
BODY_TYPE"PLUMBING"
HDL_POWER"GND_SIGNAL"
CDS_LIB"standard";
"GND"16;
%"LB"
"1","(-1500,4400)","0","kvm_matrix_lib","I67";
;
VALUE"100MOHM"
$LOCATION"?"
CDS_LMAN_SYM_OUTLINE"-125,50,125,0"
CDS_LIB"kvm_matrix_lib"
CODE"10070008";
"B"30;
"A"31;
%"CP"
"1","(-2700,3750)","0","kvm_matrix_lib","I68";
;
$LOCATION"?"
VALUE"47U-6.3V"
CODE"98010241"
CDS_LMAN_SYM_OUTLINE"-50,0,50,-50"
CDS_LIB"kvm_matrix_lib";
"2"10;
"1"38;
%"GND_SIGNAL"
"1","(-2750,3350)","0","standard","I69";
;
CDS_LIB"standard"
BODY_TYPE"PLUMBING"
HDL_POWER"GND_SIGNAL";
"GND"10;
%"C"
"1","(-8300,5100)","0","kvm_matrix_lib","I7";
;
VALUE"4.7UF"
$LOCATION"?"
CDS_LIB"kvm_matrix_lib"
CDS_LMAN_SYM_OUTLINE"-50,0,50,-50"
CODE"98070506";
"1"44;
"2"3;
%"C"
"1","(-2250,2550)","0","kvm_matrix_lib","I70";
;
$LOCATION"?"
VALUE"470NF"
CDS_LMAN_SYM_OUTLINE"-50,0,50,-50"
CDS_LIB"kvm_matrix_lib"
CODE"08070401";
"1"37;
"2"11;
%"C"
"1","(-2700,2550)","0","kvm_matrix_lib","I71";
;
$LOCATION"?"
VALUE"4.7UF"
CDS_LMAN_SYM_OUTLINE"-50,0,50,-50"
CDS_LIB"kvm_matrix_lib"
CODE"98070506";
"1"37;
"2"11;
%"CP"
"1","(-3000,2550)","0","kvm_matrix_lib","I72";
;
VALUE"47U-6.3V"
$LOCATION"?"
CDS_LMAN_SYM_OUTLINE"-50,0,50,-50"
CDS_LIB"kvm_matrix_lib"
CODE"98010241";
"2"11;
"1"37;
%"C"
"1","(-2550,2550)","0","kvm_matrix_lib","I73";
;
VALUE"4.7UF"
$LOCATION"?"
CDS_LMAN_SYM_OUTLINE"-50,0,50,-50"
CDS_LIB"kvm_matrix_lib"
CODE"98070506";
"1"37;
"2"11;
%"C"
"1","(-2100,2550)","0","kvm_matrix_lib","I74";
;
$LOCATION"?"
VALUE"470NF"
CDS_LMAN_SYM_OUTLINE"-50,0,50,-50"
CDS_LIB"kvm_matrix_lib"
CODE"08070401";
"1"37;
"2"11;
%"C"
"1","(-1800,2550)","0","kvm_matrix_lib","I75";
;
$LOCATION"?"
VALUE"470NF"
CDS_LMAN_SYM_OUTLINE"-50,0,50,-50"
CDS_LIB"kvm_matrix_lib"
CODE"08070401";
"1"37;
"2"11;
%"C"
"1","(-1950,2550)","0","kvm_matrix_lib","I76";
;
$LOCATION"?"
VALUE"470NF"
CDS_LMAN_SYM_OUTLINE"-50,0,50,-50"
CDS_LIB"kvm_matrix_lib"
CODE"08070401";
"1"37;
"2"11;
%"GND_SIGNAL"
"1","(-3050,2150)","0","standard","I77";
;
CDS_LIB"standard"
BODY_TYPE"PLUMBING"
HDL_POWER"GND_SIGNAL";
"GND"11;
%"C"
"1","(-1050,3750)","0","kvm_matrix_lib","I78";
;
VALUE"4.7UF"
$LOCATION"?"
CODE"98070506"
CDS_LMAN_SYM_OUTLINE"-50,0,50,-50"
CDS_LIB"kvm_matrix_lib";
"1"32;
"2"12;
%"C"
"1","(-300,3750)","0","kvm_matrix_lib","I79";
;
$LOCATION"?"
VALUE"470NF"
CODE"08070401"
CDS_LMAN_SYM_OUTLINE"-50,0,50,-50"
CDS_LIB"kvm_matrix_lib";
"1"32;
"2"12;
%"C"
"1","(-7850,5100)","0","kvm_matrix_lib","I8";
;
$LOCATION"?"
VALUE"470NF"
CDS_LIB"kvm_matrix_lib"
CDS_LMAN_SYM_OUTLINE"-50,0,50,-50"
CODE"08070401";
"1"44;
"2"3;
%"C"
"1","(-450,3750)","0","kvm_matrix_lib","I80";
;
$LOCATION"?"
VALUE"470NF"
CODE"08070401"
CDS_LMAN_SYM_OUTLINE"-50,0,50,-50"
CDS_LIB"kvm_matrix_lib";
"1"32;
"2"12;
%"C"
"1","(-600,3750)","0","kvm_matrix_lib","I81";
;
$LOCATION"?"
VALUE"470NF"
CODE"08070401"
CDS_LMAN_SYM_OUTLINE"-50,0,50,-50"
CDS_LIB"kvm_matrix_lib";
"1"32;
"2"12;
%"C"
"1","(-750,3750)","0","kvm_matrix_lib","I82";
;
$LOCATION"?"
VALUE"470NF"
CODE"08070401"
CDS_LMAN_SYM_OUTLINE"-50,0,50,-50"
CDS_LIB"kvm_matrix_lib";
"1"32;
"2"12;
%"C"
"1","(-1200,3750)","0","kvm_matrix_lib","I83";
;
VALUE"4.7UF"
$LOCATION"?"
CODE"98070506"
CDS_LMAN_SYM_OUTLINE"-50,0,50,-50"
CDS_LIB"kvm_matrix_lib";
"1"32;
"2"12;
%"CP"
"1","(-1500,3750)","0","kvm_matrix_lib","I84";
;
VALUE"47U-6.3V"
$LOCATION"?"
CODE"98010241"
CDS_LMAN_SYM_OUTLINE"-50,0,50,-50"
CDS_LIB"kvm_matrix_lib";
"2"12;
"1"32;
%"GND_SIGNAL"
"1","(-1550,3350)","0","standard","I85";
;
BODY_TYPE"PLUMBING"
HDL_POWER"GND_SIGNAL"
CDS_LIB"standard";
"GND"12;
%"C"
"1","(-750,2550)","0","kvm_matrix_lib","I86";
;
VALUE"470NF"
$LOCATION"?"
CODE"08070401"
CDS_LMAN_SYM_OUTLINE"-50,0,50,-50"
CDS_LIB"kvm_matrix_lib";
"1"46;
"2"13;
%"C"
"1","(-450,2550)","0","kvm_matrix_lib","I87";
;
VALUE"470NF"
$LOCATION"?"
CODE"08070401"
CDS_LMAN_SYM_OUTLINE"-50,0,50,-50"
CDS_LIB"kvm_matrix_lib";
"1"46;
"2"13;
%"C"
"1","(-300,2550)","0","kvm_matrix_lib","I88";
;
VALUE"470NF"
$LOCATION"?"
CODE"08070401"
CDS_LMAN_SYM_OUTLINE"-50,0,50,-50"
CDS_LIB"kvm_matrix_lib";
"1"46;
"2"13;
%"C"
"1","(-600,2550)","0","kvm_matrix_lib","I89";
;
VALUE"470NF"
$LOCATION"?"
CODE"08070401"
CDS_LMAN_SYM_OUTLINE"-50,0,50,-50"
CDS_LIB"kvm_matrix_lib";
"1"46;
"2"13;
%"C"
"1","(-8150,5100)","0","kvm_matrix_lib","I9";
;
$LOCATION"?"
VALUE"4.7UF"
CDS_LMAN_SYM_OUTLINE"-50,0,50,-50"
CDS_LIB"kvm_matrix_lib"
CODE"98070506";
"1"44;
"2"3;
%"C"
"1","(-1050,2550)","0","kvm_matrix_lib","I90";
;
$LOCATION"?"
VALUE"4.7UF"
CODE"98070506"
CDS_LMAN_SYM_OUTLINE"-50,0,50,-50"
CDS_LIB"kvm_matrix_lib";
"1"46;
"2"13;
%"C"
"1","(-1200,2550)","0","kvm_matrix_lib","I91";
;
VALUE"4.7UF"
$LOCATION"?"
CODE"98070506"
CDS_LMAN_SYM_OUTLINE"-50,0,50,-50"
CDS_LIB"kvm_matrix_lib";
"1"46;
"2"13;
%"CP"
"1","(-1500,2550)","0","kvm_matrix_lib","I92";
;
VALUE"47U-6.3V"
$LOCATION"?"
CODE"98010241"
CDS_LMAN_SYM_OUTLINE"-50,0,50,-50"
CDS_LIB"kvm_matrix_lib";
"2"13;
"1"46;
%"GND_SIGNAL"
"1","(-1550,2150)","0","standard","I93";
;
BODY_TYPE"PLUMBING"
HDL_POWER"GND_SIGNAL"
CDS_LIB"standard";
"GND"13;
%"LB"
"1","(-5450,3200)","0","kvm_matrix_lib","I94";
;
$LOCATION"?"
VALUE"100MOHM"
CDS_LIB"kvm_matrix_lib"
CDS_LMAN_SYM_OUTLINE"-125,50,125,0"
CODE"10070008";
"B"23;
"A"29;
%"C"
"1","(-5450,2600)","0","kvm_matrix_lib","I95";
;
$LOCATION"?"
VALUE"470NF"
CDS_LMAN_SYM_OUTLINE"-50,0,50,-50"
CDS_LIB"kvm_matrix_lib"
CODE"08070401";
"1"26;
"2"14;
%"C"
"1","(-5750,2600)","0","kvm_matrix_lib","I96";
;
$LOCATION"?"
VALUE"4.7UF"
CODE"98070506"
CDS_LMAN_SYM_OUTLINE"-50,0,50,-50"
CDS_LIB"kvm_matrix_lib";
"1"26;
"2"14;
%"CP"
"1","(-6100,2600)","0","kvm_matrix_lib","I97";
;
$LOCATION"?"
VALUE"100U-6.3V"
CODE"98010240"
CDS_LMAN_SYM_OUTLINE"-50,0,50,-50"
CDS_LIB"kvm_matrix_lib";
"2"14;
"1"26;
%"GND_SIGNAL"
"1","(-6150,2200)","0","standard","I98";
;
BODY_TYPE"PLUMBING"
HDL_POWER"GND_SIGNAL"
CDS_LIB"standard";
"GND"14;
%"C"
"1","(-5300,2600)","0","kvm_matrix_lib","I99";
;
$LOCATION"?"
VALUE"470NF"
CDS_LMAN_SYM_OUTLINE"-50,0,50,-50"
CDS_LIB"kvm_matrix_lib"
CODE"08070401";
"1"26;
"2"14;
END.
