FILE_TYPE = CONNECTIVITY;
{Allegro Design Entry HDL 16.6-p007 (v16-6-112F) 10/10/2012}
"PAGE_NUMBER" = 53;
0"NC";
1"A7_HDMI2_CEC";
2"A7_HDMI2_HP";
3"A7_HDMI2_SDA_Q";
4"A7_HDMI2_SCL_Q";
5"A7_HDMI2_CLK_R_N";
6"A7_HDMI2_CLK_R_P";
7"A7_HDMI2_DATA2_R_P";
8"A7_HDMI1_HP";
9"A7_HDMI1_DATA0_R_P";
10"A7_HDMI1_DATA0_R_N";
11"A7_HDMI1_DATA1_R_P";
12"A7_HDMI1_DATA1_R_N";
13"A7_HDMI1_DATA2_R_P";
14"A7_HDMI1_DATA2_R_N";
15"A7_HDMI1_CLK_R_P";
16"A7_HDMI1_CLK_R_N";
17"A7_HDMI1_SCL_Q";
18"A7_HDMI1_SDA_Q";
19"A7_HDMI1_CEC";
20"A7_HDMI2_DATA0_R_P";
21"A7_HDMI2_DATA0_R_N";
22"A7_HDMI2_DATA1_R_P";
23"A7_HDMI2_DATA1_R_N";
24"A7_HDMI2_DATA2_R_N";
%"XC7A200TFFG1156"
"3","(-6000,4050)","0","kvm_matrix_lib","I1";
;
VALUE"XC7A200TFFG1156"
CDS_LMAN_SYM_OUTLINE"-125,1250,800,-100"
CDS_LIB"kvm_matrix_lib";
"AF24"0;
"AE25"0;
"AD25"0;
"AG25"0;
"AF25"0;
"AD24"0;
"AC24"0;
"AH24"0;
"AG24"0;
"AF23"0;
"AE23"0;
"AH26"0;
"AG26"0;
"AF27"2;
"AE27"1;
"AH27"3;
"AG27"4;
"AC27"5;
"AC26"6;
"AE26"24;
"AD26"7;
"AF28"23;
"AE28"22;
"AH29"21;
"AH28"20;
"AG30"0;
"AG29"0;
"AF30"0;
"AF29"0;
"AH31"0;
"AG31"0;
"AD29"0;
"AD28"0;
"AE30"0;
"AD30"0;
"AE31"0;
"AD31"0;
"AF32"8;
"AE32"19;
"AH32"18;
"AG32"17;
"AF33"16;
"AE33"15;
"AH34"14;
"AH33"13;
"AD34"12;
"AD33"11;
"AG34"10;
"AF34"9;
"AD23"0;
END.
