FILE_TYPE = CONNECTIVITY;
{Allegro Design Entry HDL 16.6-p007 (v16-6-112F) 10/10/2012}
"PAGE_NUMBER" = 49;
0"NC";
1"GND_SIGNAL\g";
2"GND_SIGNAL\g";
3"GND_SIGNAL\g";
4"GND_SIGNAL\g";
5"GND_SIGNAL\g";
6"GND_SIGNAL\g";
7"GND_SIGNAL\g";
8"GND_SIGNAL\g";
9"GND_SIGNAL\g";
10"GND_SIGNAL\g";
11"GND_SIGNAL\g";
12"GND_SIGNAL\g";
13"V_A7_3V3_VCCO";
14"V_A7_3V3_VCCO";
15"V_A7_3V3_VCCO";
16"V_A7_3V3_VCCO";
17"V_A7_1V35_VCCO";
18"V_A7_3V3_VCCO";
19"V_A7_3V3_VCCO";
20"V_A7_3V3_VCCO";
21"V_A7_3V3_VCCO";
22"V_A7_3V3_VCCO";
23"V_A7_3V3_VCCO";
24"V_A7_3V3_VCCO";
25"V_A7_3V3_VCCO";
26"V_A7_3V3_VCCO";
27"V_A7_3V3";
28"V_A7_3V3_VCCO";
29"V_A7_1V2_MGTAVTT";
30"V_A7_3V3_VCCO";
31"V_A7_3V3_VCCO";
32"V_A7_3V3_VCCO";
33"V_A7_1V35_DDR";
34"V_A7_1V0_MGTAVCC";
35"V_A7_1V2_MGTAVTT";
36"V_A7_1V2_MGTAVTT";
37"V_A7_1V2_MGTAVTT";
38"V_A7_1V0_MGTAVCC";
39"V_A7_1V2_MGTAVTT";
40"V_A7_3V3_VCCO";
%"XC7A200TFFG1156"
"24","(-8800,5600)","0","kvm_matrix_lib","I1";
;
VALUE"XC7A200TFFG1156"
CDS_LIB"kvm_matrix_lib"
CDS_LMAN_SYM_OUTLINE"-125,1250,250,-100";
"AH5"16;
"AG8"16;
"AF11"16;
"AF1"16;
"AE4"16;
"AD7"16;
"AP7"14;
"AN10"14;
"AM3"14;
"AL6"14;
"AK9"14;
"AJ2"14;
"F26"19;
"E29"19;
"D32"19;
"C25"19;
"B28"19;
"A31"19;
"L31"21;
"K34"21;
"K24"21;
"J27"21;
"H30"21;
"G33"21;
"U33"40;
"T26"15;
"R29"15;
"P32"15;
"N25"15;
"M28"15;
"AB28"24;
"AA31"24;
"Y34"24;
"Y24"24;
"W27"24;
"V30"24;
"AH30"23;
"AG33"23;
"AF26"23;
"AE29"23;
"AD32"23;
"AC25"23;
"AP32"25;
"AN25"25;
"AM28"25;
"AL31"25;
"AK34"25;
"AJ27"25;
"T11"22;
"L13"22;
%"C"
"1","(-5550,5450)","0","kvm_matrix_lib","I10";
;
$LOCATION"?"
VALUE"0.1U"
CDS_LIB"kvm_matrix_lib"
CDS_LMAN_SYM_OUTLINE"-50,0,50,-50"
CODE"08070262";
"1"34;
"2"6;
%"CP"
"1","(-9300,4250)","0","kvm_matrix_lib","I100";
;
$LOCATION"?"
VALUE"47U-6.3V"
CODE"98010241"
CDS_LMAN_SYM_OUTLINE"-50,0,50,-50"
CDS_LIB"kvm_matrix_lib";
"2"11;
"1"20;
%"GND_SIGNAL"
"1","(-9350,3850)","0","standard","I101";
;
CDS_LIB"standard"
BODY_TYPE"PLUMBING"
HDL_POWER"GND_SIGNAL";
"GND"11;
%"GND_SIGNAL"
"1","(-8350,3850)","0","standard","I102";
;
HDL_POWER"GND_SIGNAL"
BODY_TYPE"PLUMBING"
CDS_LIB"standard";
"GND"10;
%"C"
"1","(-7100,4300)","0","kvm_matrix_lib","I103";
;
$LOCATION"?"
VALUE"4.7UF"
CDS_LIB"kvm_matrix_lib"
CDS_LMAN_SYM_OUTLINE"-50,0,50,-50"
CODE"98070506";
"1"28;
"2"9;
%"C"
"1","(-6400,4300)","0","kvm_matrix_lib","I104";
;
$LOCATION"?"
VALUE"470NF"
CDS_LIB"kvm_matrix_lib"
CDS_LMAN_SYM_OUTLINE"-50,0,50,-50"
CODE"08070401";
"1"28;
"2"9;
%"C"
"1","(-6550,4300)","0","kvm_matrix_lib","I105";
;
$LOCATION"?"
VALUE"470NF"
CDS_LIB"kvm_matrix_lib"
CDS_LMAN_SYM_OUTLINE"-50,0,50,-50"
CODE"08070401";
"1"28;
"2"9;
%"C"
"1","(-6700,4300)","0","kvm_matrix_lib","I106";
;
$LOCATION"?"
VALUE"470NF"
CDS_LIB"kvm_matrix_lib"
CDS_LMAN_SYM_OUTLINE"-50,0,50,-50"
CODE"08070401";
"1"28;
"2"9;
%"C"
"1","(-6850,4300)","0","kvm_matrix_lib","I107";
;
$LOCATION"?"
VALUE"470NF"
CDS_LIB"kvm_matrix_lib"
CDS_LMAN_SYM_OUTLINE"-50,0,50,-50"
CODE"08070401";
"1"28;
"2"9;
%"C"
"1","(-7250,4300)","0","kvm_matrix_lib","I108";
;
$LOCATION"?"
VALUE"4.7UF"
CDS_LIB"kvm_matrix_lib"
CDS_LMAN_SYM_OUTLINE"-50,0,50,-50"
CODE"98070506";
"1"28;
"2"9;
%"GND_SIGNAL"
"1","(-7300,3850)","0","standard","I109";
;
CDS_LIB"standard"
HDL_POWER"GND_SIGNAL"
BODY_TYPE"PLUMBING";
"GND"9;
%"C"
"1","(-5400,5450)","0","kvm_matrix_lib","I11";
;
$LOCATION"?"
VALUE"0.1U"
CDS_LMAN_SYM_OUTLINE"-50,0,50,-50"
CDS_LIB"kvm_matrix_lib"
CODE"08070262";
"1"34;
"2"6;
%"C"
"1","(-7750,3500)","0","kvm_matrix_lib","I110";
;
$LOCATION"?"
VALUE"470NF"
CDS_LIB"kvm_matrix_lib"
CDS_LMAN_SYM_OUTLINE"-50,0,50,-50"
CODE"08070401";
"1"30;
"2"7;
%"GND_SIGNAL"
"1","(-7300,3050)","0","standard","I111";
;
CDS_LIB"standard"
HDL_POWER"GND_SIGNAL"
BODY_TYPE"PLUMBING";
"GND"8;
%"C"
"1","(-6400,3500)","0","kvm_matrix_lib","I112";
;
$LOCATION"?"
VALUE"470NF"
CDS_LIB"kvm_matrix_lib"
CDS_LMAN_SYM_OUTLINE"-50,0,50,-50"
CODE"08070401";
"1"26;
"2"8;
%"C"
"1","(-6550,3500)","0","kvm_matrix_lib","I113";
;
$LOCATION"?"
VALUE"470NF"
CDS_LIB"kvm_matrix_lib"
CDS_LMAN_SYM_OUTLINE"-50,0,50,-50"
CODE"08070401";
"1"26;
"2"8;
%"C"
"1","(-6700,3500)","0","kvm_matrix_lib","I114";
;
$LOCATION"?"
VALUE"470NF"
CDS_LIB"kvm_matrix_lib"
CDS_LMAN_SYM_OUTLINE"-50,0,50,-50"
CODE"08070401";
"1"26;
"2"8;
%"C"
"1","(-6850,3500)","0","kvm_matrix_lib","I115";
;
$LOCATION"?"
VALUE"470NF"
CDS_LIB"kvm_matrix_lib"
CDS_LMAN_SYM_OUTLINE"-50,0,50,-50"
CODE"08070401";
"1"26;
"2"8;
%"C"
"1","(-7100,3500)","0","kvm_matrix_lib","I116";
;
$LOCATION"?"
VALUE"4.7UF"
CDS_LIB"kvm_matrix_lib"
CDS_LMAN_SYM_OUTLINE"-50,0,50,-50"
CODE"98070506";
"1"26;
"2"8;
%"C"
"1","(-7250,3500)","0","kvm_matrix_lib","I117";
;
$LOCATION"?"
VALUE"4.7UF"
CDS_LIB"kvm_matrix_lib"
CDS_LMAN_SYM_OUTLINE"-50,0,50,-50"
CODE"98070506";
"1"26;
"2"8;
%"C"
"1","(-7450,3500)","0","kvm_matrix_lib","I118";
;
$LOCATION"?"
VALUE"470NF"
CDS_LIB"kvm_matrix_lib"
CDS_LMAN_SYM_OUTLINE"-50,0,50,-50"
CODE"08070401";
"1"30;
"2"7;
%"C"
"1","(-7600,3500)","0","kvm_matrix_lib","I119";
;
$LOCATION"?"
VALUE"470NF"
CDS_LIB"kvm_matrix_lib"
CDS_LMAN_SYM_OUTLINE"-50,0,50,-50"
CODE"08070401";
"1"30;
"2"7;
%"C"
"1","(-5100,5450)","0","kvm_matrix_lib","I12";
;
$LOCATION"?"
VALUE"0.1U"
CDS_LMAN_SYM_OUTLINE"-50,0,50,-50"
CDS_LIB"kvm_matrix_lib"
CODE"08070262";
"1"34;
"2"6;
%"C"
"1","(-7900,3500)","0","kvm_matrix_lib","I120";
;
$LOCATION"?"
VALUE"470NF"
CDS_LIB"kvm_matrix_lib"
CDS_LMAN_SYM_OUTLINE"-50,0,50,-50"
CODE"08070401";
"1"30;
"2"7;
%"C"
"1","(-8150,3500)","0","kvm_matrix_lib","I121";
;
$LOCATION"?"
VALUE"4.7UF"
CDS_LIB"kvm_matrix_lib"
CDS_LMAN_SYM_OUTLINE"-50,0,50,-50"
CODE"98070506";
"1"30;
"2"7;
%"C"
"1","(-8300,3500)","0","kvm_matrix_lib","I122";
;
$LOCATION"?"
VALUE"4.7UF"
CDS_LIB"kvm_matrix_lib"
CDS_LMAN_SYM_OUTLINE"-50,0,50,-50"
CODE"98070506";
"1"30;
"2"7;
%"GND_SIGNAL"
"1","(-8350,3050)","0","standard","I123";
;
CDS_LIB"standard"
BODY_TYPE"PLUMBING"
HDL_POWER"GND_SIGNAL";
"GND"7;
%"C"
"1","(-5250,5450)","0","kvm_matrix_lib","I13";
;
VALUE"0.1U"
$LOCATION"?"
CDS_LMAN_SYM_OUTLINE"-50,0,50,-50"
CDS_LIB"kvm_matrix_lib"
CODE"08070262";
"1"34;
"2"6;
%"C"
"1","(-4650,5450)","0","kvm_matrix_lib","I14";
;
$LOCATION"?"
VALUE"0.1U"
CDS_LMAN_SYM_OUTLINE"-50,0,50,-50"
CDS_LIB"kvm_matrix_lib"
CODE"08070262";
"1"34;
"2"6;
%"C"
"1","(-4500,5450)","0","kvm_matrix_lib","I15";
;
$LOCATION"?"
VALUE"0.1U"
CDS_LMAN_SYM_OUTLINE"-50,0,50,-50"
CDS_LIB"kvm_matrix_lib"
CODE"08070262";
"1"34;
"2"6;
%"C"
"1","(-4800,5450)","0","kvm_matrix_lib","I16";
;
$LOCATION"?"
VALUE"0.1U"
CDS_LMAN_SYM_OUTLINE"-50,0,50,-50"
CDS_LIB"kvm_matrix_lib"
CODE"08070262";
"1"34;
"2"6;
%"C"
"1","(-4950,5450)","0","kvm_matrix_lib","I17";
;
$LOCATION"?"
VALUE"0.1U"
CDS_LMAN_SYM_OUTLINE"-50,0,50,-50"
CDS_LIB"kvm_matrix_lib"
CODE"08070262";
"1"34;
"2"6;
%"C"
"1","(-3750,5450)","0","kvm_matrix_lib","I18";
;
$LOCATION"?"
VALUE"0.1U"
CDS_LMAN_SYM_OUTLINE"-50,0,50,-50"
CDS_LIB"kvm_matrix_lib"
CODE"08070262";
"1"34;
"2"6;
%"C"
"1","(-3600,5450)","0","kvm_matrix_lib","I19";
;
$LOCATION"?"
VALUE"0.1U"
CDS_LMAN_SYM_OUTLINE"-50,0,50,-50"
CDS_LIB"kvm_matrix_lib"
CODE"08070262";
"1"34;
"2"6;
%"XC7A200TFFG1156"
"16","(-4700,6050)","0","kvm_matrix_lib","I2";
;
VALUE"XC7A200TFFG1156"
CDS_LMAN_SYM_OUTLINE"-125,750,500,-100"
CDS_LIB"kvm_matrix_lib";
"F22"37;
"D21"37;
"D19"37;
"D17"37;
"D15"37;
"D13"37;
"B22"37;
"B20"37;
"B18"37;
"B16"37;
"B14"37;
"AN22"36;
"AN20"36;
"AN18"36;
"AN16"36;
"AN14"39;
"AL21"39;
"AL19"39;
"AL17"39;
"AL15"39;
"AL13"39;
"AJ22"39;
"H21"38;
"H19"38;
"H17"38;
"H15"38;
"F20"38;
"F18"38;
"F16"38;
"F14"38;
%"C"
"1","(-3450,5450)","0","kvm_matrix_lib","I20";
;
$LOCATION"?"
VALUE"0.1U"
CDS_LMAN_SYM_OUTLINE"-50,0,50,-50"
CDS_LIB"kvm_matrix_lib"
CODE"08070262";
"1"34;
"2"6;
%"C"
"1","(-3300,5450)","0","kvm_matrix_lib","I21";
;
$LOCATION"?"
VALUE"0.1U"
CDS_LMAN_SYM_OUTLINE"-50,0,50,-50"
CDS_LIB"kvm_matrix_lib"
CODE"08070262";
"1"34;
"2"6;
%"C"
"1","(-3900,5450)","0","kvm_matrix_lib","I22";
;
VALUE"0.1U"
$LOCATION"?"
CDS_LMAN_SYM_OUTLINE"-50,0,50,-50"
CDS_LIB"kvm_matrix_lib"
CODE"08070262";
"1"34;
"2"6;
%"C"
"1","(-4050,5450)","0","kvm_matrix_lib","I23";
;
VALUE"0.1U"
$LOCATION"?"
CDS_LMAN_SYM_OUTLINE"-50,0,50,-50"
CDS_LIB"kvm_matrix_lib"
CODE"08070262";
"1"34;
"2"6;
%"C"
"1","(-4200,5450)","0","kvm_matrix_lib","I24";
;
VALUE"0.1U"
$LOCATION"?"
CDS_LMAN_SYM_OUTLINE"-50,0,50,-50"
CDS_LIB"kvm_matrix_lib"
CODE"08070262";
"1"34;
"2"6;
%"C"
"1","(-4350,5450)","0","kvm_matrix_lib","I25";
;
$LOCATION"?"
VALUE"0.1U"
CDS_LMAN_SYM_OUTLINE"-50,0,50,-50"
CDS_LIB"kvm_matrix_lib"
CODE"08070262";
"1"34;
"2"6;
%"GND_SIGNAL"
"1","(-5850,5050)","0","standard","I26";
;
CDS_LIB"standard"
HDL_POWER"GND_SIGNAL"
BODY_TYPE"PLUMBING";
"GND"6;
%"C"
"1","(-5100,4550)","0","kvm_matrix_lib","I27";
;
$LOCATION"?"
VALUE"0.1U"
CDS_LMAN_SYM_OUTLINE"-50,0,50,-50"
CDS_LIB"kvm_matrix_lib"
CODE"08070262";
"1"35;
"2"5;
%"C"
"1","(-3300,4550)","0","kvm_matrix_lib","I28";
;
$LOCATION"?"
VALUE"0.1U"
CDS_LMAN_SYM_OUTLINE"-50,0,50,-50"
CDS_LIB"kvm_matrix_lib"
CODE"08070262";
"1"35;
"2"5;
%"C"
"1","(-3450,4550)","0","kvm_matrix_lib","I29";
;
$LOCATION"?"
VALUE"0.1U"
CDS_LMAN_SYM_OUTLINE"-50,0,50,-50"
CDS_LIB"kvm_matrix_lib"
CODE"08070262";
"1"35;
"2"5;
%"XC7A200TFFG1156"
"21","(-1200,2900)","0","kvm_matrix_lib","I3";
;
VALUE"XC7A200TFFG1156"
CDS_LMAN_SYM_OUTLINE"-125,1375,225,-125"
CDS_LIB"kvm_matrix_lib";
"AP27"2;
"AP24"2;
"AP22"2;
"AP20"2;
"AP18"2;
"AP16"2;
"AP14"2;
"AP12"2;
"AP2"2;
"AN30"2;
"AN24"2;
"AN12"2;
"AN5"2;
"AM33"2;
"AM24"2;
"AM23"2;
"AM21"2;
"AM19"2;
"AM17"2;
"AM15"2;
"AM13"2;
"AM12"2;
"AM8"2;
"AL26"2;
"AL23"2;
"AL12"2;
"AL11"2;
"AL1"2;
"AK29"3;
"AK24"3;
"AK23"3;
"AK22"3;
"AK20"3;
"AK18"3;
"AK16"3;
"AK14"3;
"AK12"3;
"AK4"3;
"AJ32"3;
"AJ23"3;
"AJ12"3;
"AJ7"3;
"AH25"3;
"AH23"3;
"AH21"3;
"AH19"3;
"AH17"3;
"AH15"3;
"AH13"3;
"AH12"3;
"AH10"3;
"AG28"3;
"AG23"3;
"AG22"3;
"AG13"3;
%"C"
"1","(-3600,4550)","0","kvm_matrix_lib","I30";
;
$LOCATION"?"
VALUE"0.1U"
CDS_LMAN_SYM_OUTLINE"-50,0,50,-50"
CDS_LIB"kvm_matrix_lib"
CODE"08070262";
"1"35;
"2"5;
%"C"
"1","(-3750,4550)","0","kvm_matrix_lib","I31";
;
$LOCATION"?"
VALUE"0.1U"
CDS_LMAN_SYM_OUTLINE"-50,0,50,-50"
CDS_LIB"kvm_matrix_lib"
CODE"08070262";
"1"35;
"2"5;
%"C"
"1","(-3900,4550)","0","kvm_matrix_lib","I32";
;
$LOCATION"?"
VALUE"0.1U"
CDS_LMAN_SYM_OUTLINE"-50,0,50,-50"
CDS_LIB"kvm_matrix_lib"
CODE"08070262";
"1"35;
"2"5;
%"C"
"1","(-4050,4550)","0","kvm_matrix_lib","I33";
;
$LOCATION"?"
VALUE"0.1U"
CDS_LMAN_SYM_OUTLINE"-50,0,50,-50"
CDS_LIB"kvm_matrix_lib"
CODE"08070262";
"1"35;
"2"5;
%"C"
"1","(-4200,4550)","0","kvm_matrix_lib","I34";
;
$LOCATION"?"
VALUE"0.1U"
CDS_LMAN_SYM_OUTLINE"-50,0,50,-50"
CDS_LIB"kvm_matrix_lib"
CODE"08070262";
"1"35;
"2"5;
%"C"
"1","(-4350,4550)","0","kvm_matrix_lib","I35";
;
$LOCATION"?"
VALUE"0.1U"
CDS_LMAN_SYM_OUTLINE"-50,0,50,-50"
CDS_LIB"kvm_matrix_lib"
CODE"08070262";
"1"35;
"2"5;
%"C"
"1","(-4500,4550)","0","kvm_matrix_lib","I36";
;
$LOCATION"?"
VALUE"0.1U"
CDS_LMAN_SYM_OUTLINE"-50,0,50,-50"
CDS_LIB"kvm_matrix_lib"
CODE"08070262";
"1"35;
"2"5;
%"C"
"1","(-4650,4550)","0","kvm_matrix_lib","I37";
;
$LOCATION"?"
VALUE"0.1U"
CDS_LMAN_SYM_OUTLINE"-50,0,50,-50"
CDS_LIB"kvm_matrix_lib"
CODE"08070262";
"1"35;
"2"5;
%"C"
"1","(-4800,4550)","0","kvm_matrix_lib","I38";
;
$LOCATION"?"
VALUE"0.1U"
CDS_LMAN_SYM_OUTLINE"-50,0,50,-50"
CDS_LIB"kvm_matrix_lib"
CODE"08070262";
"1"35;
"2"5;
%"C"
"1","(-4950,4550)","0","kvm_matrix_lib","I39";
;
$LOCATION"?"
VALUE"0.1U"
CDS_LMAN_SYM_OUTLINE"-50,0,50,-50"
CDS_LIB"kvm_matrix_lib"
CODE"08070262";
"1"35;
"2"5;
%"XC7A200TFFG1156"
"18","(-1200,4550)","0","kvm_matrix_lib","I4";
;
VALUE"XC7A200TFFG1156"
CDS_LMAN_SYM_OUTLINE"-125,1250,375,-100"
CDS_LIB"kvm_matrix_lib";
"P17"2;
"P15"2;
"P13"2;
"P2"2;
"N30"2;
"N22"2;
"N20"2;
"N18"2;
"N16"2;
"N14"2;
"N12"2;
"N5"2;
"M33"2;
"M23"2;
"M21"2;
"M19"2;
"M17"2;
"M15"2;
"M13"2;
"M8"2;
"L26"2;
"L20"2;
"L18"2;
"L16"2;
"L14"2;
"L11"3;
"L1"3;
"K29"3;
"K19"3;
"K17"3;
"K15"3;
"K4"3;
"J32"3;
"J22"3;
"J21"3;
"J20"3;
"J19"3;
"J18"3;
"J17"3;
"J16"3;
"J15"3;
"J14"3;
"J13"3;
"J7"3;
"H25"3;
"H23"3;
"H22"3;
"H13"3;
"H10"3;
"G28"3;
%"C"
"1","(-5250,4550)","0","kvm_matrix_lib","I40";
;
$LOCATION"?"
VALUE"0.1U"
CDS_LMAN_SYM_OUTLINE"-50,0,50,-50"
CDS_LIB"kvm_matrix_lib"
CODE"08070262";
"1"35;
"2"5;
%"C"
"1","(-5400,4550)","0","kvm_matrix_lib","I41";
;
$LOCATION"?"
VALUE"0.1U"
CDS_LMAN_SYM_OUTLINE"-50,0,50,-50"
CDS_LIB"kvm_matrix_lib"
CODE"08070262";
"1"35;
"2"5;
%"C"
"1","(-5550,4550)","0","kvm_matrix_lib","I42";
;
$LOCATION"?"
VALUE"0.1U"
CDS_LMAN_SYM_OUTLINE"-50,0,50,-50"
CDS_LIB"kvm_matrix_lib"
CODE"08070262";
"1"35;
"2"5;
%"C"
"1","(-5800,4550)","0","kvm_matrix_lib","I43";
;
VALUE"4.7UF"
$LOCATION"?"
CDS_LMAN_SYM_OUTLINE"-50,0,50,-50"
CDS_LIB"kvm_matrix_lib"
CODE"98070506";
"1"35;
"2"5;
%"GND_SIGNAL"
"1","(-5850,4150)","0","standard","I44";
;
HDL_POWER"GND_SIGNAL"
BODY_TYPE"PLUMBING"
CDS_LIB"standard";
"GND"5;
%"C"
"1","(-2400,4550)","0","kvm_matrix_lib","I45";
;
$LOCATION"?"
VALUE"0.1U"
CDS_LMAN_SYM_OUTLINE"-50,0,50,-50"
CDS_LIB"kvm_matrix_lib"
CODE"08070262";
"1"35;
"2"5;
%"C"
"1","(-2550,4550)","0","kvm_matrix_lib","I46";
;
$LOCATION"?"
VALUE"0.1U"
CDS_LMAN_SYM_OUTLINE"-50,0,50,-50"
CDS_LIB"kvm_matrix_lib"
CODE"08070262";
"1"35;
"2"5;
%"C"
"1","(-2700,4550)","0","kvm_matrix_lib","I47";
;
$LOCATION"?"
VALUE"0.1U"
CDS_LMAN_SYM_OUTLINE"-50,0,50,-50"
CDS_LIB"kvm_matrix_lib"
CODE"08070262";
"1"35;
"2"5;
%"C"
"1","(-2850,4550)","0","kvm_matrix_lib","I48";
;
$LOCATION"?"
VALUE"0.1U"
CDS_LMAN_SYM_OUTLINE"-50,0,50,-50"
CDS_LIB"kvm_matrix_lib"
CODE"08070262";
"1"35;
"2"5;
%"C"
"1","(-3000,4550)","0","kvm_matrix_lib","I49";
;
$LOCATION"?"
VALUE"0.1U"
CDS_LMAN_SYM_OUTLINE"-50,0,50,-50"
CDS_LIB"kvm_matrix_lib"
CODE"08070262";
"1"35;
"2"5;
%"XC7A200TFFG1156"
"17","(-1200,6050)","0","kvm_matrix_lib","I5";
;
VALUE"XC7A200TFFG1156"
CDS_LMAN_SYM_OUTLINE"-125,1250,325,-100"
CDS_LIB"kvm_matrix_lib";
"G23"2;
"G21"2;
"G19"2;
"G17"2;
"G15"2;
"G13"2;
"G12"2;
"G3"2;
"F31"2;
"F23"2;
"F12"2;
"F6"2;
"E34"2;
"E24"2;
"E23"2;
"E22"2;
"E20"2;
"E18"2;
"E16"2;
"E14"2;
"E12"2;
"E9"2;
"D27"2;
"D23"2;
"D12"2;
"D2"3;
"C30"3;
"C24"3;
"C23"3;
"C21"3;
"C19"3;
"C17"3;
"C15"3;
"C13"3;
"C12"3;
"C5"3;
"B33"3;
"B24"3;
"B12"3;
"B8"3;
"A26"3;
"A24"3;
"A22"3;
"A20"3;
"A18"3;
"A16"3;
"A14"3;
"A12"3;
"A11"3;
"A1"3;
%"C"
"1","(-3150,4550)","0","kvm_matrix_lib","I50";
;
$LOCATION"?"
VALUE"0.1U"
CDS_LMAN_SYM_OUTLINE"-50,0,50,-50"
CDS_LIB"kvm_matrix_lib"
CODE"08070262";
"1"35;
"2"5;
%"C"
"1","(-4350,3650)","0","kvm_matrix_lib","I51";
;
VALUE"0.1U"
$LOCATION"?"
CODE"08070262"
CDS_LMAN_SYM_OUTLINE"-50,0,50,-50"
CDS_LIB"kvm_matrix_lib";
"1"29;
"2"4;
%"C"
"1","(-3900,3650)","0","kvm_matrix_lib","I52";
;
VALUE"0.1U"
$LOCATION"?"
CODE"08070262"
CDS_LMAN_SYM_OUTLINE"-50,0,50,-50"
CDS_LIB"kvm_matrix_lib";
"1"29;
"2"4;
%"GND_SIGNAL"
"1","(-5850,3250)","0","standard","I53";
;
BODY_TYPE"PLUMBING"
HDL_POWER"GND_SIGNAL"
CDS_LIB"standard";
"GND"4;
%"C"
"1","(-2400,3650)","0","kvm_matrix_lib","I54";
;
VALUE"0.1U"
$LOCATION"?"
CODE"08070262"
CDS_LMAN_SYM_OUTLINE"-50,0,50,-50"
CDS_LIB"kvm_matrix_lib";
"1"29;
"2"4;
%"C"
"1","(-2550,3650)","0","kvm_matrix_lib","I55";
;
VALUE"0.1U"
$LOCATION"?"
CODE"08070262"
CDS_LMAN_SYM_OUTLINE"-50,0,50,-50"
CDS_LIB"kvm_matrix_lib";
"1"29;
"2"4;
%"C"
"1","(-2700,3650)","0","kvm_matrix_lib","I56";
;
VALUE"0.1U"
$LOCATION"?"
CODE"08070262"
CDS_LMAN_SYM_OUTLINE"-50,0,50,-50"
CDS_LIB"kvm_matrix_lib";
"1"29;
"2"4;
%"C"
"1","(-2850,3650)","0","kvm_matrix_lib","I57";
;
VALUE"0.1U"
$LOCATION"?"
CODE"08070262"
CDS_LMAN_SYM_OUTLINE"-50,0,50,-50"
CDS_LIB"kvm_matrix_lib";
"1"29;
"2"4;
%"C"
"1","(-3000,3650)","0","kvm_matrix_lib","I58";
;
VALUE"0.1U"
$LOCATION"?"
CODE"08070262"
CDS_LMAN_SYM_OUTLINE"-50,0,50,-50"
CDS_LIB"kvm_matrix_lib";
"1"29;
"2"4;
%"C"
"1","(-3150,3650)","0","kvm_matrix_lib","I59";
;
VALUE"0.1U"
$LOCATION"?"
CODE"08070262"
CDS_LMAN_SYM_OUTLINE"-50,0,50,-50"
CDS_LIB"kvm_matrix_lib";
"1"29;
"2"4;
%"GND_SIGNAL"
"1","(-1500,2500)","0","standard","I6";
;
CDS_LIB"standard"
HDL_POWER"GND_SIGNAL"
BODY_TYPE"PLUMBING";
"GND"3;
%"C"
"1","(-3300,3650)","0","kvm_matrix_lib","I60";
;
VALUE"0.1U"
$LOCATION"?"
CODE"08070262"
CDS_LMAN_SYM_OUTLINE"-50,0,50,-50"
CDS_LIB"kvm_matrix_lib";
"1"29;
"2"4;
%"C"
"1","(-3450,3650)","0","kvm_matrix_lib","I61";
;
VALUE"0.1U"
$LOCATION"?"
CODE"08070262"
CDS_LMAN_SYM_OUTLINE"-50,0,50,-50"
CDS_LIB"kvm_matrix_lib";
"1"29;
"2"4;
%"C"
"1","(-3750,3650)","0","kvm_matrix_lib","I62";
;
VALUE"0.1U"
$LOCATION"?"
CODE"08070262"
CDS_LMAN_SYM_OUTLINE"-50,0,50,-50"
CDS_LIB"kvm_matrix_lib";
"1"29;
"2"4;
%"C"
"1","(-3600,3650)","0","kvm_matrix_lib","I63";
;
VALUE"0.1U"
$LOCATION"?"
CODE"08070262"
CDS_LMAN_SYM_OUTLINE"-50,0,50,-50"
CDS_LIB"kvm_matrix_lib";
"1"29;
"2"4;
%"C"
"1","(-4050,3650)","0","kvm_matrix_lib","I64";
;
VALUE"0.1U"
$LOCATION"?"
CODE"08070262"
CDS_LMAN_SYM_OUTLINE"-50,0,50,-50"
CDS_LIB"kvm_matrix_lib";
"1"29;
"2"4;
%"C"
"1","(-4200,3650)","0","kvm_matrix_lib","I65";
;
VALUE"0.1U"
$LOCATION"?"
CODE"08070262"
CDS_LMAN_SYM_OUTLINE"-50,0,50,-50"
CDS_LIB"kvm_matrix_lib";
"1"29;
"2"4;
%"C"
"1","(-4500,3650)","0","kvm_matrix_lib","I66";
;
$LOCATION"?"
VALUE"0.1U"
CODE"08070262"
CDS_LMAN_SYM_OUTLINE"-50,0,50,-50"
CDS_LIB"kvm_matrix_lib";
"1"29;
"2"4;
%"C"
"1","(-4650,3650)","0","kvm_matrix_lib","I67";
;
$LOCATION"?"
VALUE"0.1U"
CODE"08070262"
CDS_LMAN_SYM_OUTLINE"-50,0,50,-50"
CDS_LIB"kvm_matrix_lib";
"1"29;
"2"4;
%"C"
"1","(-4800,3650)","0","kvm_matrix_lib","I68";
;
VALUE"0.1U"
$LOCATION"?"
CODE"08070262"
CDS_LMAN_SYM_OUTLINE"-50,0,50,-50"
CDS_LIB"kvm_matrix_lib";
"1"29;
"2"4;
%"C"
"1","(-4950,3650)","0","kvm_matrix_lib","I69";
;
VALUE"0.1U"
$LOCATION"?"
CODE"08070262"
CDS_LMAN_SYM_OUTLINE"-50,0,50,-50"
CDS_LIB"kvm_matrix_lib";
"1"29;
"2"4;
%"GND_SIGNAL"
"1","(-700,2500)","0","standard","I7";
;
CDS_LIB"standard"
HDL_POWER"GND_SIGNAL"
BODY_TYPE"PLUMBING";
"GND"2;
%"C"
"1","(-5100,3650)","0","kvm_matrix_lib","I70";
;
VALUE"0.1U"
$LOCATION"?"
CODE"08070262"
CDS_LMAN_SYM_OUTLINE"-50,0,50,-50"
CDS_LIB"kvm_matrix_lib";
"1"29;
"2"4;
%"C"
"1","(-5250,3650)","0","kvm_matrix_lib","I71";
;
VALUE"0.1U"
$LOCATION"?"
CODE"08070262"
CDS_LMAN_SYM_OUTLINE"-50,0,50,-50"
CDS_LIB"kvm_matrix_lib";
"1"29;
"2"4;
%"C"
"1","(-5400,3650)","0","kvm_matrix_lib","I72";
;
VALUE"0.1U"
$LOCATION"?"
CODE"08070262"
CDS_LMAN_SYM_OUTLINE"-50,0,50,-50"
CDS_LIB"kvm_matrix_lib";
"1"29;
"2"4;
%"C"
"1","(-5550,3650)","0","kvm_matrix_lib","I73";
;
VALUE"0.1U"
$LOCATION"?"
CODE"08070262"
CDS_LMAN_SYM_OUTLINE"-50,0,50,-50"
CDS_LIB"kvm_matrix_lib";
"1"29;
"2"4;
%"C"
"1","(-5800,3650)","0","kvm_matrix_lib","I74";
;
VALUE"4.7UF"
$LOCATION"?"
CODE"98070506"
CDS_LMAN_SYM_OUTLINE"-50,0,50,-50"
CDS_LIB"kvm_matrix_lib";
"1"29;
"2"4;
%"LB"
"1","(-9100,5100)","0","kvm_matrix_lib","I75";
;
VALUE"100MOHM"
$LOCATION"?"
CDS_LIB"kvm_matrix_lib"
CDS_LMAN_SYM_OUTLINE"-125,50,125,0"
CODE"10070008";
"B"17;
"A"33;
%"GND_SIGNAL"
"1","(-10200,1950)","0","standard","I83";
;
CDS_LIB"standard"
HDL_POWER"GND_SIGNAL"
BODY_TYPE"PLUMBING";
"GND"12;
%"C"
"1","(-5800,5450)","0","kvm_matrix_lib","I9";
;
$LOCATION"?"
VALUE"4.7UF"
CDS_LMAN_SYM_OUTLINE"-50,0,50,-50"
CDS_LIB"kvm_matrix_lib"
CODE"98070506";
"1"34;
"2"6;
%"CP"
"1","(-10150,2250)","0","kvm_matrix_lib","I90";
;
$LOCATION"?"
VALUE"47U-6.3V"
CODE"98010241"
CDS_LMAN_SYM_OUTLINE"-50,0,50,-50"
CDS_LIB"kvm_matrix_lib";
"2"12;
"1"13;
%"LB"
"1","(-9100,4850)","0","kvm_matrix_lib","I91";
;
$LOCATION"?"
VALUE"100MOHM"
CODE"10070008"
CDS_LMAN_SYM_OUTLINE"-125,50,125,0"
CDS_LIB"kvm_matrix_lib";
"B"18;
"A"27;
%"CP"
"1","(-10150,4250)","0","kvm_matrix_lib","I92";
;
$LOCATION"?"
VALUE"47U-6.3V"
CODE"98010241"
CDS_LMAN_SYM_OUTLINE"-50,0,50,-50"
CDS_LIB"kvm_matrix_lib";
"2"1;
"1"32;
%"GND_SIGNAL"
"1","(-10200,3850)","0","standard","I93";
;
BODY_TYPE"PLUMBING"
HDL_POWER"GND_SIGNAL"
CDS_LIB"standard";
"GND"1;
%"C"
"1","(-7900,4300)","0","kvm_matrix_lib","I94";
;
VALUE"470NF"
$LOCATION"?"
CODE"08070401"
CDS_LMAN_SYM_OUTLINE"-50,0,50,-50"
CDS_LIB"kvm_matrix_lib";
"1"31;
"2"10;
%"C"
"1","(-7750,4300)","0","kvm_matrix_lib","I95";
;
VALUE"470NF"
$LOCATION"?"
CODE"08070401"
CDS_LMAN_SYM_OUTLINE"-50,0,50,-50"
CDS_LIB"kvm_matrix_lib";
"1"31;
"2"10;
%"C"
"1","(-7450,4300)","0","kvm_matrix_lib","I96";
;
$LOCATION"?"
VALUE"470NF"
CODE"08070401"
CDS_LMAN_SYM_OUTLINE"-50,0,50,-50"
CDS_LIB"kvm_matrix_lib";
"1"31;
"2"10;
%"C"
"1","(-7600,4300)","0","kvm_matrix_lib","I97";
;
VALUE"470NF"
$LOCATION"?"
CODE"08070401"
CDS_LMAN_SYM_OUTLINE"-50,0,50,-50"
CDS_LIB"kvm_matrix_lib";
"1"31;
"2"10;
%"C"
"1","(-8150,4300)","0","kvm_matrix_lib","I98";
;
VALUE"4.7UF"
$LOCATION"?"
CODE"98070506"
CDS_LMAN_SYM_OUTLINE"-50,0,50,-50"
CDS_LIB"kvm_matrix_lib";
"1"31;
"2"10;
%"C"
"1","(-8300,4300)","0","kvm_matrix_lib","I99";
;
$LOCATION"?"
VALUE"4.7UF"
CODE"98070506"
CDS_LMAN_SYM_OUTLINE"-50,0,50,-50"
CDS_LIB"kvm_matrix_lib";
"1"31;
"2"10;
END.
