FILE_TYPE = CONNECTIVITY;
{Allegro Design Entry HDL 16.6-p007 (v16-6-112F) 10/10/2012}
"PAGE_NUMBER" = 4;
0"NC";
1"GND_SIGNAL\g";
2"GND_SIGNAL\g";
3"GND_SIGNAL\g";
4"GND_SIGNAL\g";
5"V_S7_5V0_IN";
6"V_S7_3V3";
7"V_S7_1V35";
8"V_S7_1V35_R";
9"V_S7_1V35_SW";
10"UN$4$R$I4$A";
11"UN$4$C$I7$2";
%"NCP1529"
"1","(-4400,4650)","0","kvm_matrix_lib","I1";
;
CDS_LIB"kvm_matrix_lib"
CDS_LMAN_SYM_OUTLINE"-200,150,175,-150";
"5"11;
"4"5;
"3"9;
"2"1;
"1"6;
%"C"
"1","(-5300,4600)","1","kvm_matrix_lib","I10";
;
VALUE"10UF"
$LOCATION"?"
CODE"08070898"
CDS_LMAN_SYM_OUTLINE"-50,0,50,-50"
CDS_LIB"kvm_matrix_lib";
"1"4;
"2"5;
%"C"
"1","(-5300,4500)","1","kvm_matrix_lib","I11";
;
$LOCATION"?"
VALUE"0.1U"
CDS_LIB"kvm_matrix_lib"
CDS_LMAN_SYM_OUTLINE"-50,0,50,-50"
CODE"08070262";
"1"4;
"2"5;
%"GND_SIGNAL"
"1","(-4050,3450)","0","standard","I12";
;
CDS_LIB"standard"
HDL_POWER"GND_SIGNAL"
BODY_TYPE"PLUMBING";
"GND"1;
%"GND_SIGNAL"
"1","(-2400,3400)","0","standard","I13";
;
BODY_TYPE"PLUMBING"
HDL_POWER"GND_SIGNAL"
CDS_LIB"standard";
"GND"2;
%"R"
"1","(-5050,4000)","1","kvm_matrix_lib","I14";
;
$LOCATION"?"
VALUE"1M"
CDS_LMAN_SYM_OUTLINE"-100,25,100,-25"
CDS_LIB"kvm_matrix_lib"
CODE"97090121";
"A"3;
"B"6;
%"GND_SIGNAL"
"1","(-5100,3450)","0","standard","I15";
;
HDL_POWER"GND_SIGNAL"
BODY_TYPE"PLUMBING"
CDS_LIB"standard";
"GND"3;
%"GND_SIGNAL"
"1","(-5700,4450)","7","standard","I17";
;
BODY_TYPE"PLUMBING"
HDL_POWER"GND_SIGNAL"
CDS_LIB"standard";
"GND"4;
%"R"
"1","(-1950,5200)","0","kvm_matrix_lib","I18";
;
VALUE"0.27"
$LOCATION"?"
CDS_LIB"kvm_matrix_lib"
CDS_LMAN_SYM_OUTLINE"-100,25,100,-25"
CODE"07090922";
"A"8;
"B"7;
%"R"
"1","(-1950,5250)","0","kvm_matrix_lib","I19";
;
VALUE"0.27"
$LOCATION"?"
CDS_LIB"kvm_matrix_lib"
CDS_LMAN_SYM_OUTLINE"-100,25,100,-25"
CODE"07090922";
"A"8;
"B"7;
%"L"
"1","(-3450,5200)","0","kvm_matrix_lib","I2";
;
$LOCATION"?"
VALUE"2.2UH"
CDS_LMAN_SYM_OUTLINE"-125,50,125,0"
CDS_LIB"kvm_matrix_lib"
CODE"10090946";
"A"9;
"B"8;
%"R"
"1","(-3100,4100)","1","kvm_matrix_lib","I4";
;
VALUE"392K"
$LOCATION"?"
CODE"07090584"
CDS_LIB"kvm_matrix_lib"
CDS_LMAN_SYM_OUTLINE"-100,25,100,-25";
"A"10;
"B"11;
%"R"
"1","(-3450,3750)","0","kvm_matrix_lib","I5";
;
$LOCATION"?"
VALUE"100K-1%"
CODE"07092148"
CDS_LIB"kvm_matrix_lib"
CDS_LMAN_SYM_OUTLINE"-100,25,100,-25";
"A"1;
"B"10;
%"R"
"1","(-3100,4850)","1","kvm_matrix_lib","I6";
;
VALUE"392K"
$LOCATION"?"
CDS_LIB"kvm_matrix_lib"
CDS_LMAN_SYM_OUTLINE"-100,25,100,-25"
CODE"07090584";
"A"11;
"B"8;
%"C"
"1","(-2850,4900)","0","kvm_matrix_lib","I7";
;
$LOCATION"?"
VALUE"18PF"
CODE"98070523"
CDS_LIB"kvm_matrix_lib"
CDS_LMAN_SYM_OUTLINE"-50,0,50,-50";
"1"8;
"2"11;
%"C"
"1","(-2550,4500)","0","kvm_matrix_lib","I8";
;
$LOCATION"?"
VALUE"10UF"
CDS_LMAN_SYM_OUTLINE"-50,0,50,-50"
CDS_LIB"kvm_matrix_lib"
CODE"08070898";
"1"8;
"2"2;
%"C"
"1","(-2350,4500)","0","kvm_matrix_lib","I9";
;
$LOCATION"?"
VALUE"0.1U"
CDS_LMAN_SYM_OUTLINE"-50,0,50,-50"
CDS_LIB"kvm_matrix_lib"
CODE"08070262";
"1"8;
"2"2;
END.
