FILE_TYPE = CONNECTIVITY;
{Allegro Design Entry HDL 16.6-p007 (v16-6-112F) 10/10/2012}
"PAGE_NUMBER" = 97;
0"NC";
1"GND_SIGNAL\g";
2"GND_SIGNAL\g";
3"GND_SIGNAL\g";
4"GND_SIGNAL\g";
5"Z7_PS_DDR_DQS2_N";
6"Z7_PS_DDR_BA1";
7"Z7_PS_DDR_CAS_N";
8"Z7_PS_DDR_DQ19";
9"Z7_PS_DDR_DQ20";
10"Z7_PS_DDR_DQ21";
11"Z7_PS_DDR_DQ22";
12"Z7_PS_DDR_A8";
13"Z7_PS_DDR_A9";
14"Z7_PS_DDR_DM3";
15"Z7_PS_DDR_A3";
16"Z7_PS_DDR_DQ17";
17"UN$97$MT41K256M16HA-125$I22$A1";
18"UN$97$C$I21$1";
19"UN$97$C$I18$1";
20"Z7_PS_DDR_DQ25";
21"Z7_PS_DDR_DQ27";
22"Z7_PS_DDR_DQ30";
23"Z7_PS_DDR_DQ31";
24"Z7_PS_DDR_DQ29";
25"Z7_PS_DDR_DQ23";
26"Z7_PS_DDR_DQ16";
27"Z7_PS_DDR_DQ24";
28"Z7_PS_DDR_ODT";
29"Z7_PS_DDR_DQS2_P";
30"Z7_PS_DDR_DM2";
31"Z7_PS_DDR_DQS3_P";
32"Z7_PS_DDR_DQS3_N";
33"Z7_PS_DDR_RESET_N";
34"UN$97$MT41K256M16HA-125$I25$L8";
35"Z7_PS_DDR_A14";
36"Z7_PS_DDR_A13";
37"Z7_PS_DDR_A6";
38"Z7_PS_DDR_A11";
39"Z7_PS_DDR_A7";
40"Z7_PS_DDR_A4";
41"Z7_PS_DDR_A1";
42"Z7_PS_DDR_A5";
43"Z7_PS_DDR_A12";
44"Z7_PS_DDR_A0";
45"Z7_PS_DDR_BA2";
46"Z7_PS_DDR_BA0";
47"Z7_PS_DDR_A10";
48"Z7_PS_DDR_WE_N";
49"Z7_PS_DDR_CS_N";
50"Z7_PS_DDR_CKE";
51"Z7_PS_DDR_CLK_N";
52"Z7_PS_DDR_CLK_P";
53"Z7_PS_DDR_RAS_N";
54"Z7_PS_DDR_CLK_P";
55"Z7_PS_DDR_CLK_N";
56"Z7_PS_DDR_DQ28";
57"Z7_PS_DDR_DQ26";
58"UN$97$C$I10$1";
59"Z7_PS_DDR_DQ18";
60"Z7_PS_DDR_A2";
%"R"
"1","(-9750,3550)","1","kvm_matrix_lib","I1";
;
CDS_LIB"kvm_matrix_lib"
CDS_LMAN_SYM_OUTLINE"-100,25,100,-25"
$LOCATION"?"
VALUE"100"
CODE"07090231";
"A"55;
"B"54;
%"C"
"1","(-1900,3150)","0","kvm_matrix_lib","I10";
;
CDS_LIB"kvm_matrix_lib"
CDS_LMAN_SYM_OUTLINE"-50,0,50,-50"
$LOCATION"?"
VALUE"0.1U"
CODE"08070262";
"1"58;
"2"2;
%"C"
"1","(-1750,3150)","0","kvm_matrix_lib","I11";
;
CDS_LIB"kvm_matrix_lib"
CDS_LMAN_SYM_OUTLINE"-50,0,50,-50"
$LOCATION"?"
VALUE"0.1U"
CODE"08070262";
"1"58;
"2"2;
%"C"
"1","(-1600,3150)","0","kvm_matrix_lib","I12";
;
CDS_LIB"kvm_matrix_lib"
CDS_LMAN_SYM_OUTLINE"-50,0,50,-50"
$LOCATION"?"
VALUE"0.1U"
CODE"08070262";
"1"58;
"2"2;
%"C"
"1","(-1350,3150)","0","kvm_matrix_lib","I13";
;
CDS_LIB"kvm_matrix_lib"
CDS_LMAN_SYM_OUTLINE"-50,0,50,-50"
$LOCATION"?"
VALUE"0.1U"
CODE"08070262";
"1"58;
"2"2;
%"C"
"1","(-1200,3150)","0","kvm_matrix_lib","I14";
;
CDS_LIB"kvm_matrix_lib"
CDS_LMAN_SYM_OUTLINE"-50,0,50,-50"
$LOCATION"?"
VALUE"0.1U"
CODE"08070262";
"1"58;
"2"2;
%"C"
"1","(-1050,3150)","0","kvm_matrix_lib","I15";
;
CDS_LIB"kvm_matrix_lib"
CDS_LMAN_SYM_OUTLINE"-50,0,50,-50"
$LOCATION"?"
VALUE"0.1U"
CODE"08070262";
"1"58;
"2"2;
%"C"
"1","(-900,3150)","0","kvm_matrix_lib","I16";
;
CDS_LIB"kvm_matrix_lib"
CDS_LMAN_SYM_OUTLINE"-50,0,50,-50"
$LOCATION"?"
VALUE"0.1U"
CODE"08070262";
"1"58;
"2"2;
%"C"
"1","(-750,3150)","0","kvm_matrix_lib","I17";
;
CDS_LIB"kvm_matrix_lib"
CDS_LMAN_SYM_OUTLINE"-50,0,50,-50"
$LOCATION"?"
VALUE"0.1U"
CODE"08070262";
"1"58;
"2"2;
%"C"
"1","(-2500,4250)","2","kvm_matrix_lib","I18";
;
CDS_LIB"kvm_matrix_lib"
CDS_LMAN_SYM_OUTLINE"-50,0,50,-50"
$LOCATION"?"
VALUE"1U"
CODE"98070403";
"1"19;
"2"1;
%"C"
"1","(-2300,4250)","0","kvm_matrix_lib","I19";
;
CDS_LIB"kvm_matrix_lib"
CDS_LMAN_SYM_OUTLINE"-50,0,50,-50"
$LOCATION"?"
VALUE"0.01U"
CODE"08070247";
"1"19;
"2"1;
%"R"
"1","(-6750,3050)","0","kvm_matrix_lib","I2";
;
CDS_LIB"kvm_matrix_lib"
CDS_LMAN_SYM_OUTLINE"-100,25,100,-25"
$LOCATION"?"
VALUE"240"
CODE"07090111";
"A"34;
"B"3;
%"R"
"1","(-2050,4800)","1","kvm_matrix_lib","I20";
;
CDS_LIB"kvm_matrix_lib"
CDS_LMAN_SYM_OUTLINE"-100,25,100,-25"
$LOCATION"?"
VALUE"1K-1%"
CODE"07090549";
"A"19;
"B"18;
%"C"
"1","(-2300,4850)","0","kvm_matrix_lib","I21";
;
CDS_LIB"kvm_matrix_lib"
CDS_LMAN_SYM_OUTLINE"-50,0,50,-50"
$LOCATION"?"
VALUE"0.01U"
CODE"08070247";
"1"18;
"2"19;
%"MT41K256M16HA-125"
"2","(-1550,4850)","0","kvm_matrix_lib","I22";
;
CDS_LIB"kvm_matrix_lib"
CDS_LMAN_SYM_OUTLINE"-125,1100,250,-425";
"T9"4;
"T1"4;
"R9"18;
"R1"18;
"P9"4;
"P1"4;
"N9"18;
"N1"18;
"M9"4;
"M8"19;
"M1"4;
"K8"18;
"K2"18;
"J8"4;
"J2"4;
"H9"17;
"H2"17;
"H1"19;
"G9"4;
"G8"4;
"G7"18;
"G1"4;
"F9"4;
"F1"17;
"E9"17;
"E8"4;
"E2"4;
"E1"4;
"D9"18;
"D8"4;
"D2"17;
"D1"4;
"C9"17;
"C1"17;
"B9"4;
"B3"4;
"B2"18;
"B1"4;
"A9"4;
"A8"17;
"A1"17;
%"GND_SIGNAL"
"1","(-1250,4600)","0","standard","I23";
;
CDS_LIB"standard"
HDL_POWER"GND_SIGNAL"
BODY_TYPE"PLUMBING";
"GND"4;
%"MT41K256M16HA-125"
"1","(-7450,4400)","0","kvm_matrix_lib","I25";
;
CDS_LIB"kvm_matrix_lib"
CDS_LMAN_SYM_OUTLINE"-125,1400,325,-1850";
"F8"8;
"T8"12;
"T7"35;
"T3"36;
"T2"33;
"R8"37;
"R7"38;
"R3"13;
"R2"39;
"P8"40;
"P7"41;
"P3"60;
"P2"42;
"N8"6;
"N7"43;
"N3"44;
"N2"15;
"M7"0;
"M3"45;
"M2"46;
"L9"0;
"L8"34;
"L7"47;
"L3"48;
"L2"49;
"L1"0;
"K9"50;
"K7"51;
"K3"7;
"K1"28;
"J9"0;
"J7"52;
"J3"53;
"J1"0;
"H8"10;
"H7"25;
"H3"9;
"G3"5;
"G2"11;
"F7"16;
"F3"29;
"F2"59;
"E7"30;
"E3"26;
"D7"27;
"D3"14;
"C8"57;
"C7"31;
"C3"20;
"C2"21;
"B8"22;
"B7"32;
"A7"56;
"A3"23;
"A2"24;
%"GND_SIGNAL"
"1","(-6350,3000)","1","standard","I3";
;
CDS_LIB"standard"
BODY_TYPE"PLUMBING"
HDL_POWER"GND_SIGNAL";
"GND"3;
%"GND_SIGNAL"
"1","(-2500,2750)","0","standard","I4";
;
CDS_LIB"standard"
BODY_TYPE"PLUMBING"
HDL_POWER"GND_SIGNAL";
"GND"2;
%"C"
"1","(-2450,3150)","0","kvm_matrix_lib","I5";
;
CDS_LIB"kvm_matrix_lib"
CDS_LMAN_SYM_OUTLINE"-50,0,50,-50"
$LOCATION"?"
VALUE"10UF"
CODE"08070391";
"1"58;
"2"2;
%"C"
"1","(-2200,3150)","0","kvm_matrix_lib","I6";
;
CDS_LIB"kvm_matrix_lib"
CDS_LMAN_SYM_OUTLINE"-50,0,50,-50"
$LOCATION"?"
VALUE"0.1U"
CODE"08070262";
"1"58;
"2"2;
%"C"
"1","(-2050,3150)","0","kvm_matrix_lib","I7";
;
CDS_LIB"kvm_matrix_lib"
CDS_LMAN_SYM_OUTLINE"-50,0,50,-50"
$LOCATION"?"
VALUE"0.1U"
CODE"08070262";
"1"58;
"2"2;
%"GND_SIGNAL"
"1","(-2100,3800)","0","standard","I8";
;
CDS_LIB"standard"
BODY_TYPE"PLUMBING"
HDL_POWER"GND_SIGNAL";
"GND"1;
%"R"
"1","(-2050,4200)","1","kvm_matrix_lib","I9";
;
CDS_LIB"kvm_matrix_lib"
CDS_LMAN_SYM_OUTLINE"-100,25,100,-25"
$LOCATION"?"
VALUE"1K-1%"
CODE"07090549";
"A"1;
"B"19;
END.
