FILE_TYPE = CONNECTIVITY;
{Allegro Design Entry HDL 16.6-p007 (v16-6-112F) 10/10/2012}
"PAGE_NUMBER" = 67;
0"NC";
1"GND_SIGNAL\g";
2"GND_SIGNAL\g";
3"GND_SIGNAL\g";
4"GND_SIGNAL\g";
5"V_Z7_5V0_IN";
6"V_Z7_1V2";
7"UN$67$R$I19$A";
8"UN$67$C$I13$2";
9"V_Z7_2V5_R";
10"V_Z7_2V5";
11"V_Z7_2V5_SW";
%"GND_SIGNAL"
"1","(-4900,3400)","0","standard","I1";
;
BODY_TYPE"PLUMBING"
HDL_POWER"GND_SIGNAL"
CDS_LIB"standard";
"GND"3;
%"GND_SIGNAL"
"1","(-2200,3350)","0","standard","I10";
;
HDL_POWER"GND_SIGNAL"
BODY_TYPE"PLUMBING"
CDS_LIB"standard";
"GND"2;
%"L"
"1","(-3250,5150)","0","kvm_matrix_lib","I11";
;
VALUE"2.2UH"
$LOCATION"?"
CODE"10090946"
CDS_LMAN_SYM_OUTLINE"-125,50,125,0"
CDS_LIB"kvm_matrix_lib";
"A"11;
"B"9;
%"C"
"1","(-2650,4850)","0","kvm_matrix_lib","I13";
;
VALUE"18PF"
$LOCATION"?"
CODE"98070523"
CDS_LMAN_SYM_OUTLINE"-50,0,50,-50"
CDS_LIB"kvm_matrix_lib";
"1"9;
"2"8;
%"C"
"1","(-2350,4450)","0","kvm_matrix_lib","I14";
;
VALUE"10UF"
$LOCATION"?"
CODE"08070898"
CDS_LMAN_SYM_OUTLINE"-50,0,50,-50"
CDS_LIB"kvm_matrix_lib";
"1"9;
"2"2;
%"C"
"1","(-2150,4450)","0","kvm_matrix_lib","I15";
;
VALUE"0.1U"
$LOCATION"?"
CODE"08070262"
CDS_LMAN_SYM_OUTLINE"-50,0,50,-50"
CDS_LIB"kvm_matrix_lib";
"1"9;
"2"2;
%"R"
"1","(-1750,5150)","0","kvm_matrix_lib","I16";
;
VALUE"0.27"
$LOCATION"?"
CODE"07090922"
CDS_LMAN_SYM_OUTLINE"-100,25,100,-25"
CDS_LIB"kvm_matrix_lib";
"A"9;
"B"10;
%"R"
"1","(-1750,5200)","0","kvm_matrix_lib","I17";
;
VALUE"0.27"
$LOCATION"?"
CODE"07090922"
CDS_LMAN_SYM_OUTLINE"-100,25,100,-25"
CDS_LIB"kvm_matrix_lib";
"A"9;
"B"10;
%"R"
"1","(-2900,4800)","1","kvm_matrix_lib","I18";
;
$LOCATION"?"
VALUE"40.2K-1%"
CDS_LMAN_SYM_OUTLINE"-100,25,100,-25"
CDS_LIB"kvm_matrix_lib"
CODE"07090695";
"A"8;
"B"9;
%"R"
"1","(-2900,4050)","1","kvm_matrix_lib","I19";
;
$LOCATION"?"
VALUE"2.7K"
CDS_LMAN_SYM_OUTLINE"-100,25,100,-25"
CDS_LIB"kvm_matrix_lib"
CODE"07090554";
"A"7;
"B"8;
%"R"
"1","(-4850,3950)","1","kvm_matrix_lib","I2";
;
VALUE"1M"
$LOCATION"?"
CODE"97090121"
CDS_LMAN_SYM_OUTLINE"-100,25,100,-25"
CDS_LIB"kvm_matrix_lib";
"A"3;
"B"6;
%"R"
"1","(-3250,3700)","0","kvm_matrix_lib","I20";
;
$LOCATION"?"
VALUE"10K"
CDS_LMAN_SYM_OUTLINE"-100,25,100,-25"
CDS_LIB"kvm_matrix_lib"
CODE"07090035";
"A"1;
"B"7;
%"GND_SIGNAL"
"1","(-5500,4400)","7","standard","I3";
;
HDL_POWER"GND_SIGNAL"
BODY_TYPE"PLUMBING"
CDS_LIB"standard";
"GND"4;
%"C"
"1","(-5100,4550)","1","kvm_matrix_lib","I4";
;
$LOCATION"?"
VALUE"10UF"
CODE"08070898"
CDS_LMAN_SYM_OUTLINE"-50,0,50,-50"
CDS_LIB"kvm_matrix_lib";
"1"4;
"2"5;
%"C"
"1","(-5100,4450)","1","kvm_matrix_lib","I5";
;
$LOCATION"?"
VALUE"0.1U"
CODE"08070262"
CDS_LMAN_SYM_OUTLINE"-50,0,50,-50"
CDS_LIB"kvm_matrix_lib";
"1"4;
"2"5;
%"NCP1529"
"1","(-4200,4600)","0","kvm_matrix_lib","I6";
;
CDS_LMAN_SYM_OUTLINE"-200,150,175,-375"
CDS_LIB"kvm_matrix_lib";
"5"8;
"4"5;
"3"11;
"2"1;
"1"6;
%"GND_SIGNAL"
"1","(-3850,3400)","0","standard","I7";
;
BODY_TYPE"PLUMBING"
HDL_POWER"GND_SIGNAL"
CDS_LIB"standard";
"GND"1;
END.
