FILE_TYPE = CONNECTIVITY;
{Allegro Design Entry HDL 16.6-p007 (v16-6-112F) 10/10/2012}
"PAGE_NUMBER" = 84;
0"NC";
1"GND_SIGNAL\g";
2"GND_SIGNAL\g";
3"GND_SIGNAL\g";
4"V_Z7_1V2";
5"V_Z7_3V3";
6"V_Z7_S6_1V2_VCCINT";
7"V_Z7_S6_3V3_VCCAUX";
8"V_Z7_S6_1V2_VCCINT";
9"V_Z7_S6_3V3_VCCAUX";
%"C"
"1","(-5800,3625)","0","kvm_matrix_lib","I1";
;
VALUE"0.1UF"
$LOCATION"?"
CODE"98070502"
CDS_LMAN_SYM_OUTLINE"-50,0,50,-50"
CDS_LIB"kvm_matrix_lib";
"1"7;
"2"2;
%"C"
"1","(-5100,3625)","0","kvm_matrix_lib","I10";
;
VALUE"0.1UF"
$LOCATION"?"
CODE"98070502"
CDS_LMAN_SYM_OUTLINE"-50,0,50,-50"
CDS_LIB"kvm_matrix_lib";
"1"7;
"2"2;
%"C"
"1","(-5000,3625)","0","kvm_matrix_lib","I11";
;
VALUE"0.1UF"
$LOCATION"?"
CODE"98070502"
CDS_LMAN_SYM_OUTLINE"-50,0,50,-50"
CDS_LIB"kvm_matrix_lib";
"1"7;
"2"2;
%"C"
"1","(-4900,3625)","0","kvm_matrix_lib","I12";
;
VALUE"0.1UF"
$LOCATION"?"
CODE"98070502"
CDS_LMAN_SYM_OUTLINE"-50,0,50,-50"
CDS_LIB"kvm_matrix_lib";
"1"7;
"2"2;
%"C"
"1","(-4800,3625)","0","kvm_matrix_lib","I13";
;
VALUE"0.1UF"
$LOCATION"?"
CODE"98070502"
CDS_LMAN_SYM_OUTLINE"-50,0,50,-50"
CDS_LIB"kvm_matrix_lib";
"1"7;
"2"2;
%"C"
"1","(-4700,3625)","0","kvm_matrix_lib","I15";
;
VALUE"0.1UF"
$LOCATION"?"
CODE"98070502"
CDS_LMAN_SYM_OUTLINE"-50,0,50,-50"
CDS_LIB"kvm_matrix_lib";
"1"7;
"2"2;
%"CP"
"1","(-5900,2525)","0","kvm_matrix_lib","I16";
;
VALUE"100U-10V"
$LOCATION"?"
CODE"08020091"
CDS_LMAN_SYM_OUTLINE"-50,0,50,-50"
CDS_LIB"kvm_matrix_lib";
"2"3;
"1"6;
%"CP"
"1","(-6000,2525)","0","kvm_matrix_lib","I17";
;
VALUE"100U-16V"
$LOCATION"?"
CODE"08020065"
CDS_LMAN_SYM_OUTLINE"-50,0,50,-50"
CDS_LIB"kvm_matrix_lib";
"2"3;
"1"6;
%"C"
"1","(-5600,2525)","0","kvm_matrix_lib","I18";
;
VALUE"0.1UF"
$LOCATION"?"
CODE"98070502"
CDS_LMAN_SYM_OUTLINE"-50,0,50,-50"
CDS_LIB"kvm_matrix_lib";
"1"6;
"2"3;
%"C"
"1","(-5700,2525)","0","kvm_matrix_lib","I19";
;
VALUE"0.1UF"
$LOCATION"?"
CODE"98070502"
CDS_LMAN_SYM_OUTLINE"-50,0,50,-50"
CDS_LIB"kvm_matrix_lib";
"1"6;
"2"3;
%"CP"
"1","(-5900,3625)","0","kvm_matrix_lib","I2";
;
VALUE"100U-10V"
$LOCATION"?"
CODE"08020091"
CDS_LMAN_SYM_OUTLINE"-50,0,50,-50"
CDS_LIB"kvm_matrix_lib";
"2"2;
"1"7;
%"C"
"1","(-5800,2525)","0","kvm_matrix_lib","I20";
;
VALUE"0.1UF"
$LOCATION"?"
CODE"98070502"
CDS_LMAN_SYM_OUTLINE"-50,0,50,-50"
CDS_LIB"kvm_matrix_lib";
"1"6;
"2"3;
%"C"
"1","(-5500,2525)","0","kvm_matrix_lib","I21";
;
VALUE"0.1UF"
$LOCATION"?"
CODE"98070502"
CDS_LMAN_SYM_OUTLINE"-50,0,50,-50"
CDS_LIB"kvm_matrix_lib";
"1"6;
"2"3;
%"C"
"1","(-5400,2525)","0","kvm_matrix_lib","I22";
;
VALUE"0.1UF"
$LOCATION"?"
CODE"98070502"
CDS_LMAN_SYM_OUTLINE"-50,0,50,-50"
CDS_LIB"kvm_matrix_lib";
"1"6;
"2"3;
%"C"
"1","(-5100,2525)","0","kvm_matrix_lib","I23";
;
VALUE"0.1UF"
$LOCATION"?"
CODE"98070502"
CDS_LMAN_SYM_OUTLINE"-50,0,50,-50"
CDS_LIB"kvm_matrix_lib";
"1"6;
"2"3;
%"C"
"1","(-5200,2525)","0","kvm_matrix_lib","I24";
;
VALUE"0.1UF"
$LOCATION"?"
CODE"98070502"
CDS_LMAN_SYM_OUTLINE"-50,0,50,-50"
CDS_LIB"kvm_matrix_lib";
"1"6;
"2"3;
%"C"
"1","(-5300,2525)","0","kvm_matrix_lib","I25";
;
VALUE"0.1UF"
$LOCATION"?"
CODE"98070502"
CDS_LMAN_SYM_OUTLINE"-50,0,50,-50"
CDS_LIB"kvm_matrix_lib";
"1"6;
"2"3;
%"C"
"1","(-5000,2525)","0","kvm_matrix_lib","I26";
;
VALUE"0.1UF"
$LOCATION"?"
CODE"98070502"
CDS_LMAN_SYM_OUTLINE"-50,0,50,-50"
CDS_LIB"kvm_matrix_lib";
"1"6;
"2"3;
%"C"
"1","(-4800,2525)","0","kvm_matrix_lib","I27";
;
VALUE"0.1UF"
$LOCATION"?"
CODE"98070502"
CDS_LMAN_SYM_OUTLINE"-50,0,50,-50"
CDS_LIB"kvm_matrix_lib";
"1"6;
"2"3;
%"C"
"1","(-4900,2525)","0","kvm_matrix_lib","I28";
;
VALUE"0.1UF"
$LOCATION"?"
CODE"98070502"
CDS_LMAN_SYM_OUTLINE"-50,0,50,-50"
CDS_LIB"kvm_matrix_lib";
"1"6;
"2"3;
%"XC6SLX16CSG324"
"5","(-5600,6300)","0","kvm_matrix_lib","I29";
;
CDS_LIB"kvm_matrix_lib"
CDS_LMAN_SYM_OUTLINE"-250,125,250,-1900"
$LOCATION"?"
VALUE"XC6SLX16CSG324";
"GND37"1;
"GND36"1;
"GND35"1;
"GND34"1;
"GND33"1;
"GND32"1;
"GND31"1;
"GND30"1;
"GND29"1;
"GND28"1;
"GND27"1;
"GND26"1;
"GND25"1;
"GND24"1;
"GND23"1;
"GND22"1;
"GND21"1;
"GND20"1;
"GND19"1;
"GND18"1;
"GND17"1;
"GND16"1;
"GND15"1;
"GND14"1;
"GND13"1;
"GND12"1;
"GND11"1;
"GND10"1;
"GND9"1;
"GND8"1;
"GND7"1;
"GND6"1;
"GND5"1;
"GND4"1;
"GND3"1;
"GND2"1;
"GND1"1;
"VCCINT11"8;
"VCCINT10"8;
"VCCINT9"8;
"VCCINT8"8;
"VCCINT7"8;
"VCCINT6"8;
"VCCINT5"8;
"VCCINT4"8;
"VCCINT3"8;
"VCCINT2"8;
"VCCINT1"8;
"VCCAUX12"9;
"VCCAUX11"9;
"VCCAUX10"9;
"VCCAUX9"9;
"VCCAUX8"9;
"VCCAUX7"9;
"VCCAUX6"9;
"VCCAUX5"9;
"VCCAUX4"9;
"VCCAUX3"9;
"VCCAUX2"9;
"VCCAUX1"9;
%"CP"
"1","(-6000,3625)","0","kvm_matrix_lib","I3";
;
VALUE"100U-16V"
$LOCATION"?"
CODE"08020065"
CDS_LMAN_SYM_OUTLINE"-50,0,50,-50"
CDS_LIB"kvm_matrix_lib";
"2"2;
"1"7;
%"GND_SIGNAL"
"1","(-5100,4350)","0","standard","I30";
;
HDL_POWER"GND_SIGNAL"
BODY_TYPE"PLUMBING"
CDS_LIB"standard";
"GND"1;
%"LB"
"1","(-6400,3850)","0","kvm_matrix_lib","I31";
;
CODE"10070008"
VALUE"100MOHM"
$LOCATION"?"
CDS_LMAN_SYM_OUTLINE"-125,50,125,0"
CDS_LIB"kvm_matrix_lib";
"B"7;
"A"5;
%"GND_SIGNAL"
"1","(-6050,3100)","0","standard","I32";
;
CDS_LIB"standard"
HDL_POWER"GND_SIGNAL"
BODY_TYPE"PLUMBING";
"GND"2;
%"GND_SIGNAL"
"1","(-6050,2000)","0","standard","I33";
;
BODY_TYPE"PLUMBING"
HDL_POWER"GND_SIGNAL"
CDS_LIB"standard";
"GND"3;
%"LB"
"1","(-6400,2750)","0","kvm_matrix_lib","I34";
;
CDS_LIB"kvm_matrix_lib"
CDS_LMAN_SYM_OUTLINE"-125,50,125,0"
$LOCATION"?"
VALUE"100MOHM"
CODE"10070008";
"B"6;
"A"4;
%"C"
"1","(-5700,3625)","0","kvm_matrix_lib","I4";
;
VALUE"0.1UF"
$LOCATION"?"
CODE"98070502"
CDS_LMAN_SYM_OUTLINE"-50,0,50,-50"
CDS_LIB"kvm_matrix_lib";
"1"7;
"2"2;
%"C"
"1","(-5600,3625)","0","kvm_matrix_lib","I5";
;
VALUE"0.1UF"
$LOCATION"?"
CODE"98070502"
CDS_LMAN_SYM_OUTLINE"-50,0,50,-50"
CDS_LIB"kvm_matrix_lib";
"1"7;
"2"2;
%"C"
"1","(-5500,3625)","0","kvm_matrix_lib","I6";
;
VALUE"0.1UF"
$LOCATION"?"
CODE"98070502"
CDS_LMAN_SYM_OUTLINE"-50,0,50,-50"
CDS_LIB"kvm_matrix_lib";
"1"7;
"2"2;
%"C"
"1","(-5400,3625)","0","kvm_matrix_lib","I7";
;
VALUE"0.1UF"
$LOCATION"?"
CODE"98070502"
CDS_LMAN_SYM_OUTLINE"-50,0,50,-50"
CDS_LIB"kvm_matrix_lib";
"1"7;
"2"2;
%"C"
"1","(-5300,3625)","0","kvm_matrix_lib","I8";
;
VALUE"0.1UF"
$LOCATION"?"
CODE"98070502"
CDS_LMAN_SYM_OUTLINE"-50,0,50,-50"
CDS_LIB"kvm_matrix_lib";
"1"7;
"2"2;
%"C"
"1","(-5200,3625)","0","kvm_matrix_lib","I9";
;
VALUE"0.1UF"
$LOCATION"?"
CODE"98070502"
CDS_LMAN_SYM_OUTLINE"-50,0,50,-50"
CDS_LIB"kvm_matrix_lib";
"1"7;
"2"2;
END.
