FILE_TYPE = CONNECTIVITY;
{Allegro Design Entry HDL 16.6-p007 (v16-6-112F) 10/10/2012}
"PAGE_NUMBER" = 41;
0"NC";
1"GND_SIGNAL\g";
2"GND_SIGNAL\g";
3"GND_SIGNAL\g";
4"GND_SIGNAL\g";
5"GND_SIGNAL\g";
6"GND_SIGNAL\g";
7"A7_SFP1_MOD_ABS";
8"A7_SFP1_RS0";
9"V_A7_3V3_SFP1_VCCR";
10"A7_SFP1_TX_FAULT";
11"V_A7_3V3_SFP1_VCCR";
12"V_A7_3V3_SFP1_VCCR";
13"V_A7_3V3_SFP1_VCCT";
14"V_A7_3V3_SFP1_VCCR";
15"V_A7_3V3";
16"V_A7_3V3_SFP1_VCCT";
17"V_A7_3V3";
18"A7_SFP1_RS1";
19"V_A7_3V3_SFP1_VCCT";
20"A7_SFP1_RS1";
21"A7_SFP1_SIN_N";
22"A7_SFP1_SIN_P";
23"A7_SFP1_SOUT_P";
24"A7_SFP1_SOUT_N";
25"A7_SFP1_TX_FAULT";
26"A7_SFP1_TX_DISABLE";
27"A7_SFP1_RX_LOS";
28"A7_SFP1_SCL";
29"A7_SFP1_SDA";
30"A7_SFP1_RS0";
31"V_A7_3V3_SFP1_VCCT";
32"A7_SFP1_MOD_ABS";
33"A7_SFP1_TX_DISABLE";
34"A7_SFP1_SCL";
35"A7_SFP1_SDA";
36"A7_SFP1_RX_LOS";
%"R"
"1","(-8100,2000)","1","kvm_matrix_lib","I1";
;
$LOCATION"?"
VALUE"4.7K"
CDS_LIB"kvm_matrix_lib"
CDS_LMAN_SYM_OUTLINE"-100,25,100,-25"
CODE"07090246";
"A"34;
"B"9;
%"R"
"1","(-5950,3850)","1","kvm_matrix_lib","I10";
;
$LOCATION"?"
VALUE"0"
CDS_LIB"kvm_matrix_lib"
CDS_LMAN_SYM_OUTLINE"-100,25,100,-25"
CODE"07090522";
"A"2;
"B"18;
%"R"
"1","(-7950,4400)","1","kvm_matrix_lib","I11";
;
$LOCATION"?"
VALUE"4.7K"
CDS_LIB"kvm_matrix_lib"
CDS_LMAN_SYM_OUTLINE"-100,25,100,-25"
CODE"07090246";
"A"30;
"B"11;
%"SFP_CONN"
"1","(-7050,6150)","0","kvm_matrix_lib","I12";
;
CDS_LIB"kvm_matrix_lib"
CDS_LMAN_SYM_OUTLINE"-125,500,250,-775";
"20"3;
"19"24;
"18"23;
"17"3;
"16"19;
"15"12;
"14"3;
"13"22;
"12"21;
"11"3;
"10"3;
"9"20;
"8"27;
"7"8;
"6"7;
"5"28;
"4"29;
"3"26;
"2"25;
"1"3;
%"GND_SIGNAL"
"1","(-6700,5300)","0","standard","I13";
;
CDS_LIB"standard"
HDL_POWER"GND_SIGNAL"
BODY_TYPE"PLUMBING";
"GND"3;
%"R"
"1","(-5950,4400)","1","kvm_matrix_lib","I14";
;
VALUE"4.7K"
$LOCATION"?"
CDS_LIB"kvm_matrix_lib"
CDS_LMAN_SYM_OUTLINE"-100,25,100,-25"
CODE"07090246";
"A"18;
"B"13;
%"GND_SIGNAL"
"1","(-2550,3200)","0","standard","I15";
;
CDS_LIB"standard"
BODY_TYPE"PLUMBING"
HDL_POWER"GND_SIGNAL";
"GND"6;
%"LB"
"1","(-2800,3750)","0","kvm_matrix_lib","I16";
;
$LOCATION"?"
VALUE"100MOHM"
CDS_LIB"kvm_matrix_lib"
CDS_LMAN_SYM_OUTLINE"-125,50,125,0"
CODE"10070008";
"B"16;
"A"17;
%"C"
"1","(-2500,3550)","0","kvm_matrix_lib","I17";
;
$LOCATION"?"
VALUE"10UF"
CDS_LIB"kvm_matrix_lib"
CDS_LMAN_SYM_OUTLINE"-50,0,50,-50"
CODE"08070391";
"1"16;
"2"6;
%"C"
"1","(-2250,3550)","0","kvm_matrix_lib","I18";
;
$LOCATION"?"
VALUE"0.1U"
CDS_LIB"kvm_matrix_lib"
CDS_LMAN_SYM_OUTLINE"-50,0,50,-50"
CODE"08070262";
"1"16;
"2"6;
%"GND_SIGNAL"
"1","(-2550,4100)","0","standard","I19";
;
CDS_LIB"standard"
HDL_POWER"GND_SIGNAL"
BODY_TYPE"PLUMBING";
"GND"4;
%"R"
"1","(-7900,2000)","1","kvm_matrix_lib","I2";
;
$LOCATION"?"
VALUE"4.7K"
CDS_LIB"kvm_matrix_lib"
CDS_LMAN_SYM_OUTLINE"-100,25,100,-25"
CODE"07090246";
"A"35;
"B"9;
%"LB"
"1","(-2800,4650)","0","kvm_matrix_lib","I20";
;
$LOCATION"?"
VALUE"100MOHM"
CDS_LIB"kvm_matrix_lib"
CDS_LMAN_SYM_OUTLINE"-125,50,125,0"
CODE"10070008";
"B"14;
"A"15;
%"C"
"1","(-2500,4450)","0","kvm_matrix_lib","I21";
;
$LOCATION"?"
VALUE"10UF"
CDS_LIB"kvm_matrix_lib"
CDS_LMAN_SYM_OUTLINE"-50,0,50,-50"
CODE"08070391";
"1"14;
"2"4;
%"C"
"1","(-2250,4450)","0","kvm_matrix_lib","I22";
;
$LOCATION"?"
VALUE"0.1U"
CDS_LIB"kvm_matrix_lib"
CDS_LMAN_SYM_OUTLINE"-50,0,50,-50"
CODE"08070262";
"1"14;
"2"4;
%"GND_SIGNAL"
"1","(-2900,5450)","0","standard","I23";
;
CDS_LIB"standard"
BODY_TYPE"PLUMBING"
HDL_POWER"GND_SIGNAL";
"GND"5;
%"SFP_CAGE"
"1","(-2600,6150)","0","kvm_matrix_lib","I24";
;
CDS_LIB"kvm_matrix_lib"
CDS_LMAN_SYM_OUTLINE"-125,500,125,-550";
"20"5;
"19"5;
"18"5;
"17"5;
"16"5;
"15"5;
"14"5;
"13"5;
"12"5;
"11"5;
"10"5;
"9"5;
"8"5;
"7"5;
"6"5;
"5"5;
"4"5;
"3"5;
"2"5;
"1"5;
%"R"
"1","(-7700,2000)","1","kvm_matrix_lib","I3";
;
$LOCATION"?"
VALUE"4.7K"
CDS_LIB"kvm_matrix_lib"
CDS_LMAN_SYM_OUTLINE"-100,25,100,-25"
CODE"07090246";
"A"36;
"B"9;
%"GND_SIGNAL"
"1","(-8000,3500)","0","standard","I4";
;
CDS_LIB"standard"
HDL_POWER"GND_SIGNAL"
BODY_TYPE"PLUMBING";
"GND"1;
%"R"
"1","(-7950,3850)","1","kvm_matrix_lib","I5";
;
$LOCATION"?"
VALUE"0"
CDS_LIB"kvm_matrix_lib"
CDS_LMAN_SYM_OUTLINE"-100,25,100,-25"
CODE"07090522";
"A"1;
"B"30;
%"R"
"1","(-5950,2000)","1","kvm_matrix_lib","I6";
;
$LOCATION"?"
VALUE"4.7K"
CDS_LIB"kvm_matrix_lib"
CDS_LMAN_SYM_OUTLINE"-100,25,100,-25"
CODE"07090246";
"A"32;
"B"31;
%"R"
"1","(-5750,2000)","1","kvm_matrix_lib","I7";
;
$LOCATION"?"
VALUE"4.7K"
CDS_LIB"kvm_matrix_lib"
CDS_LMAN_SYM_OUTLINE"-100,25,100,-25"
CODE"07090246";
"A"33;
"B"31;
%"R"
"1","(-5550,2000)","1","kvm_matrix_lib","I8";
;
$LOCATION"?"
VALUE"4.7K"
CDS_LIB"kvm_matrix_lib"
CDS_LMAN_SYM_OUTLINE"-100,25,100,-25"
CODE"07090246";
"A"10;
"B"31;
%"GND_SIGNAL"
"1","(-6000,3500)","0","standard","I9";
;
CDS_LIB"standard"
HDL_POWER"GND_SIGNAL"
BODY_TYPE"PLUMBING";
"GND"2;
END.
