FILE_TYPE = CONNECTIVITY;
{Allegro Design Entry HDL 16.6-p007 (v16-6-112F) 10/10/2012}
"PAGE_NUMBER" = 50;
0"NC";
1"GND_SIGNAL\g";
2"GND_SIGNAL\g";
3"GND_SIGNAL\g";
4"GND_SIGNAL\g";
5"V_A7_3V3_VCCO";
6"V_A7_3V3_VCCO";
7"CLK_A7_125M_B216_N";
8"CLK_A7_125M_B216_P";
9"CLK_A7_125M_B216_N_C";
10"CLK_A7_125M_B216_P_C";
11"CLK_A7_125M_B213_P_C";
12"CLK_A7_125M_B213_N_C";
13"CLK_A7_125M_B213_P";
14"CLK_A7_125M_B213_N";
15"CLK_A7_74M25_HDMI";
16"V_A7_3V3_VCCO";
17"CLK_A7_50M_MAIN";
18"V_A7_3V3_VCCO";
%"GND_SIGNAL"
"1","(-8100,3350)","0","standard","I1";
;
CDS_LIB"standard"
BODY_TYPE"PLUMBING"
HDL_POWER"GND_SIGNAL";
"GND"4;
%"C"
"1","(-3450,5850)","1","kvm_matrix_lib","I10";
;
CDS_LIB"kvm_matrix_lib"
CDS_LMAN_SYM_OUTLINE"-50,0,50,-50"
CODE"08070262"
VALUE"0.1U"
$LOCATION"?";
"1"10;
"2"8;
%"C"
"1","(-3450,5750)","1","kvm_matrix_lib","I11";
;
CODE"08070262"
CDS_LMAN_SYM_OUTLINE"-50,0,50,-50"
CDS_LIB"kvm_matrix_lib"
VALUE"0.1U"
$LOCATION"?";
"1"9;
"2"7;
%"OSC-125M-DIF"
"1","(-4700,4100)","0","kvm_matrix_lib","I12";
;
CDS_LIB"kvm_matrix_lib"
CDS_LMAN_SYM_OUTLINE"-125,150,125,-150";
"6"5;
"5"11;
"4"12;
"3"3;
"2"0;
"1"5;
%"C"
"1","(-3450,4100)","1","kvm_matrix_lib","I13";
;
CDS_LIB"kvm_matrix_lib"
CDS_LMAN_SYM_OUTLINE"-50,0,50,-50"
$LOCATION"?"
VALUE"0.1U"
CODE"08070262";
"1"12;
"2"14;
%"C"
"1","(-3450,4200)","1","kvm_matrix_lib","I14";
;
CDS_LIB"kvm_matrix_lib"
CDS_LMAN_SYM_OUTLINE"-50,0,50,-50"
$LOCATION"?"
VALUE"0.1U"
CODE"08070262";
"1"11;
"2"13;
%"C"
"1","(-5450,3950)","0","kvm_matrix_lib","I15";
;
CDS_LIB"kvm_matrix_lib"
CDS_LMAN_SYM_OUTLINE"-50,0,50,-50"
$LOCATION"?"
VALUE"0.1U"
CODE"08070262";
"1"5;
"2"3;
%"GND_SIGNAL"
"1","(-5500,3600)","0","standard","I16";
;
CDS_LIB"standard"
HDL_POWER"GND_SIGNAL"
BODY_TYPE"PLUMBING";
"GND"3;
%"OSC-4"
"1","(-7750,3900)","0","kvm_matrix_lib","I2";
;
VALUE"74.25MHZ-3.3V"
$LOCATION"?"
CDS_LIB"kvm_matrix_lib"
CDS_LMAN_SYM_OUTLINE"-200,150,200,-100"
CODE"";
"GND"4;
"NNC"0;
"OUT"15;
"VDD"16;
%"GND_SIGNAL"
"1","(-8100,5200)","0","standard","I3";
;
CDS_LIB"standard"
BODY_TYPE"PLUMBING"
HDL_POWER"GND_SIGNAL";
"GND"2;
%"C"
"1","(-7350,3700)","0","kvm_matrix_lib","I4";
;
$LOCATION"?"
VALUE"0.1U"
CDS_LIB"kvm_matrix_lib"
CDS_LMAN_SYM_OUTLINE"-50,0,50,-50"
CODE"08070262";
"1"16;
"2"4;
%"C"
"1","(-7350,5550)","0","kvm_matrix_lib","I5";
;
VALUE"0.1U"
$LOCATION"?"
CODE"08070262"
CDS_LIB"kvm_matrix_lib"
CDS_LMAN_SYM_OUTLINE"-50,0,50,-50";
"1"18;
"2"2;
%"OSC-4"
"1","(-7750,5750)","0","kvm_matrix_lib","I6";
;
$LOCATION"?"
VALUE"50MHZ-3.3V"
CDS_LIB"kvm_matrix_lib"
CDS_LMAN_SYM_OUTLINE"-200,150,200,-100"
CODE" 92010218";
"GND"2;
"NNC"0;
"OUT"17;
"VDD"18;
%"OSC-125M-DIF"
"1","(-4700,5750)","0","kvm_matrix_lib","I7";
;
CDS_LMAN_SYM_OUTLINE"-125,150,125,-150"
CDS_LIB"kvm_matrix_lib";
"6"6;
"5"10;
"4"9;
"3"1;
"2"0;
"1"6;
%"GND_SIGNAL"
"1","(-5500,5250)","0","standard","I8";
;
CDS_LIB"standard"
HDL_POWER"GND_SIGNAL"
BODY_TYPE"PLUMBING";
"GND"1;
%"C"
"1","(-5450,5600)","0","kvm_matrix_lib","I9";
;
VALUE"0.1U"
$LOCATION"?"
CODE"08070262"
CDS_LMAN_SYM_OUTLINE"-50,0,50,-50"
CDS_LIB"kvm_matrix_lib";
"1"6;
"2"1;
END.
