FILE_TYPE = CONNECTIVITY;
{Allegro Design Entry HDL 16.6-p007 (v16-6-112F) 10/10/2012}
"PAGE_NUMBER" = 79;
0"NC";
1"Z7_PS_ETHPHY_MDI0_P";
2"Z7_PS_ETHPHY_MDI0_N";
3"Z7_PS_ETHPHY_MDI1_P";
4"Z7_PS_ETHPHY_MDI1_N";
5"Z7_PS_ETHPHY_MDI2_P";
6"Z7_PS_ETHPHY_MDI2_N";
7"Z7_PS_ETHPHY_MDI3_P";
8"Z7_PS_ETHPHY_MDI3_N";
9"GND_SIGNAL\g";
10"UN$79$LB$I2$B";
%"LB"
"1","(-4950,4450)","2","inductor","I2";
;
VALUE"100MOHM"
CDS_LMAN_SYM_OUTLINE"-125,50,125,0"
CDS_LIB"inductor"
CODE"10070008"
$LOCATION"LB53"
CDS_LOCATION"LB53"
$SEC"1"
CDS_SEC"1";
"B"
$PN"2"10;
"A"
$PN"1"9;
%"GND_SIGNAL"
"1","(-4600,4250)","0","standard","I3";
;
CDS_LIB"standard"
BODY_TYPE"PLUMBING"
HDL_POWER"GND_SIGNAL";
"GND"9;
%"RJ45-GE-MAGNETICS"
"1","(-5650,4900)","0","connector","I4";
;
CDS_LIB"connector"
CDS_LMAN_SYM_OUTLINE"-125,300,300,-500";
"14"0;
"13"0;
"12"0;
"11"0;
"M2"10;
"M1"10;
"10"9;
"9"0;
"8"8;
"7"7;
"6"6;
"5"5;
"4"4;
"3"3;
"2"2;
"1"1;
END.
