<?xml version="1.0" encoding="UTF-8"?>
<!--
 This error report was automatically generated
 by  on Monday, December 18, 2017 9:41:17 PM
-->
<report version="1">
  <platform>Win32</platform>
  <application>pdv.exe</application>
  <version></version>
  <computer>FMLGWFTXTA3WFM0</computer>
  <user>Administrator</user>
  <timestamp>4015425216</timestamp>
  <error>
    <what>ACCESS_VIOLATION</what>
    <process>
      <name>pdv.exe</name>
      <id>8580</id>
    </process>
    <module>C:\Cadence\SPB_16.6\tools\fet\bin\LUPdv.dll</module>
    <address>0023:04F1BB2B</address>
    <function>
      <name>LUDistributePinGrid::getClassName</name>
      <offset>53899</offset>
    </function>
    <file></file>
    <line>
      <number></number>
      <offset></offset>
    </line>
  </error>
  <usermsg>Crash</usermsg>
  <syserror>
    <code></code>
    <description></description>
  </syserror>
  <registers>
    <eax>0x00000000</eax>
    <ebx>0x08A1BCC0</ebx>
    <ecx>0x0A9C0990</ecx>
    <edx>0x00CA7430</edx>
    <esi>0x0A9C3200</esi>
    <edi>0x00000000</edi>
    <esp>0x00C1F27C</esp>
    <ebp>0x00C795E0</ebp>
    <eip>0x04F1BB2B</eip>
    <cs>0x0023</cs>
    <ds>0x002B</ds>
    <ss>0x002B</ss>
    <es>0x002B</es>
    <fs>0x0053</fs>
    <gs>0x002B</gs>
    <eflags>0x00010246</eflags>
  </registers>
  <cpus>
    <number>8</number>
    <architecture>Intel</architecture>
    <cpu>
      <id>Intel64 Family 6 Model 94 Stepping 3</id>
      <speed>3408</speed>
      <description>Intel(R) Core(TM) i7-6700 CPU @ 3.40GHz</description>
    </cpu>
    <cpu>
      <id>Intel64 Family 6 Model 94 Stepping 3</id>
      <speed>3408</speed>
      <description>Intel(R) Core(TM) i7-6700 CPU @ 3.40GHz</description>
    </cpu>
    <cpu>
      <id>Intel64 Family 6 Model 94 Stepping 3</id>
      <speed>3408</speed>
      <description>Intel(R) Core(TM) i7-6700 CPU @ 3.40GHz</description>
    </cpu>
    <cpu>
      <id>Intel64 Family 6 Model 94 Stepping 3</id>
      <speed>3408</speed>
      <description>Intel(R) Core(TM) i7-6700 CPU @ 3.40GHz</description>
    </cpu>
    <cpu>
      <id>Intel64 Family 6 Model 94 Stepping 3</id>
      <speed>3408</speed>
      <description>Intel(R) Core(TM) i7-6700 CPU @ 3.40GHz</description>
    </cpu>
    <cpu>
      <id>Intel64 Family 6 Model 94 Stepping 3</id>
      <speed>3408</speed>
      <description>Intel(R) Core(TM) i7-6700 CPU @ 3.40GHz</description>
    </cpu>
    <cpu>
      <id>Intel64 Family 6 Model 94 Stepping 3</id>
      <speed>3408</speed>
      <description>Intel(R) Core(TM) i7-6700 CPU @ 3.40GHz</description>
    </cpu>
    <cpu>
      <id>Intel64 Family 6 Model 94 Stepping 3</id>
      <speed>3408</speed>
      <description>Intel(R) Core(TM) i7-6700 CPU @ 3.40GHz</description>
    </cpu>
  </cpus>
  <os>
    <version>Unknown</version>
    <spack>Service Pack 1</spack>
    <build>7601</build>
  </os>
  <memory>
    <load>30</load>
    <totalphys>4294967295</totalphys>
    <availphys>4294967295</availphys>
    <totalpage>4294967295</totalpage>
    <availpage>4294967295</availpage>
  </memory>
  <threads>
    <thread>
      <id>7284</id>
      <status>interrupted</status>
      <stack>
        <frame>
          <module>C:\Cadence\SPB_16.6\tools\fet\bin\LUPdv.dll</module>
          <address>0023:04F1BB2B</address>
          <function>
            <name>LUDistributePinGrid::getClassName</name>
            <offset>53899</offset>
          </function>
          <file></file>
          <line>
            <number></number>
            <offset></offset>
          </line>
        </frame>
        <frame>
          <module>C:\Cadence\SPB_16.6\tools\fet\bin\LUPdv.dll</module>
          <address>0023:CCCCCCCC</address>
          <function>
            <name></name>
            <offset></offset>
          </function>
          <file></file>
          <line>
            <number></number>
            <offset></offset>
          </line>
        </frame>
        <frame>
          <module>C:\Cadence\SPB_16.6\tools\fet\bin\LUPdv.dll</module>
          <address>0023:CCCCCCCC</address>
          <function>
            <name></name>
            <offset></offset>
          </function>
          <file></file>
          <line>
            <number></number>
            <offset></offset>
          </line>
        </frame>
        <frame>
          <module>C:\Cadence\SPB_16.6\tools\fet\bin\LUPdv.dll</module>
          <address>0023:CCCCCCCC</address>
          <function>
            <name></name>
            <offset></offset>
          </function>
          <file></file>
          <line>
            <number></number>
            <offset></offset>
          </line>
        </frame>
        <frame>
          <module>C:\Cadence\SPB_16.6\tools\fet\bin\LUPdv.dll</module>
          <address>0023:5268FF6A</address>
          <function>
            <name></name>
            <offset></offset>
          </function>
          <file></file>
          <line>
            <number></number>
            <offset></offset>
          </line>
        </frame>
        <frame>
          <module>C:\Cadence\SPB_16.6\tools\fet\bin\LUPdv.dll</module>
          <address>0023:6400CE78</address>
          <function>
            <name></name>
            <offset></offset>
          </function>
          <file></file>
          <line>
            <number></number>
            <offset></offset>
          </line>
        </frame>
      </stack>
    </thread>
    <thread>
      <id>2648</id>
      <status>running</status>
      <stack>
        <frame>
          <module>C:\Windows\SysWOW64\ntdll.dll</module>
          <address>0023:7717F8E1</address>
          <function>
            <name>NtWaitForSingleObject</name>
            <offset>21</offset>
          </function>
          <file></file>
          <line>
            <number></number>
            <offset></offset>
          </line>
        </frame>
        <frame>
          <module>C:\Windows\syswow64\kernel32.dll</module>
          <address>0023:76921194</address>
          <function>
            <name>WaitForSingleObjectEx</name>
            <offset>67</offset>
          </function>
          <file></file>
          <line>
            <number></number>
            <offset></offset>
          </line>
        </frame>
        <frame>
          <module>C:\Windows\syswow64\kernel32.dll</module>
          <address>0023:76921148</address>
          <function>
            <name>WaitForSingleObject</name>
            <offset>18</offset>
          </function>
          <file></file>
          <line>
            <number></number>
            <offset></offset>
          </line>
        </frame>
        <frame>
          <module>C:\Cadence\SPB_16.6\tools\bin\CrashReportDll.dll</module>
          <address>0023:058A17C1</address>
          <function>
            <name>Crash_Dump_PostErrHandler</name>
            <offset>257</offset>
          </function>
          <file></file>
          <line>
            <number></number>
            <offset></offset>
          </line>
        </frame>
        <frame>
          <module>C:\Cadence\SPB_16.6\tools\bin\CrashReportDll.dll</module>
          <address>0023:058A1A3B</address>
          <function>
            <name>BT_SehFilter</name>
            <offset>11</offset>
          </function>
          <file></file>
          <line>
            <number></number>
            <offset></offset>
          </line>
        </frame>
        <frame>
          <module>C:\Windows\SysWOW64\ntdll.dll</module>
          <address>0023:771D5B67</address>
          <function>
            <name>RtlKnownExceptionFilter</name>
            <offset>183</offset>
          </function>
          <file></file>
          <line>
            <number></number>
            <offset></offset>
          </line>
        </frame>
        <frame>
          <module>C:\Windows\SysWOW64\ntdll.dll</module>
          <address>0023:771998D5</address>
          <function>
            <name>RtlInitializeExceptionChain</name>
            <offset>54</offset>
          </function>
          <file></file>
          <line>
            <number></number>
            <offset></offset>
          </line>
        </frame>
      </stack>
    </thread>
    <thread>
      <id>8640</id>
      <status>running</status>
      <stack>
        <frame>
          <module>C:\Windows\SysWOW64\ntdll.dll</module>
          <address>0023:7718016D</address>
          <function>
            <name>NtWaitForMultipleObjects</name>
            <offset>21</offset>
          </function>
          <file></file>
          <line>
            <number></number>
            <offset></offset>
          </line>
        </frame>
        <frame>
          <module>C:\Windows\syswow64\kernel32.dll</module>
          <address>0023:7692336A</address>
          <function>
            <name>BaseThreadInitThunk</name>
            <offset>18</offset>
          </function>
          <file></file>
          <line>
            <number></number>
            <offset></offset>
          </line>
        </frame>
        <frame>
          <module>C:\Windows\SysWOW64\ntdll.dll</module>
          <address>0023:77199902</address>
          <function>
            <name>RtlInitializeExceptionChain</name>
            <offset>99</offset>
          </function>
          <file></file>
          <line>
            <number></number>
            <offset></offset>
          </line>
        </frame>
        <frame>
          <module>C:\Windows\SysWOW64\ntdll.dll</module>
          <address>0023:771998D5</address>
          <function>
            <name>RtlInitializeExceptionChain</name>
            <offset>54</offset>
          </function>
          <file></file>
          <line>
            <number></number>
            <offset></offset>
          </line>
        </frame>
      </stack>
    </thread>
    <thread>
      <id>6948</id>
      <status>running</status>
      <stack>
        <frame>
          <module>C:\Windows\SysWOW64\ntdll.dll</module>
          <address>0023:7717F969</address>
          <function>
            <name>ZwRemoveIoCompletion</name>
            <offset>21</offset>
          </function>
          <file></file>
          <line>
            <number></number>
            <offset></offset>
          </line>
        </frame>
        <frame>
          <module>C:\Windows\syswow64\kernel32.dll</module>
          <address>0023:7692336A</address>
          <function>
            <name>BaseThreadInitThunk</name>
            <offset>18</offset>
          </function>
          <file></file>
          <line>
            <number></number>
            <offset></offset>
          </line>
        </frame>
        <frame>
          <module>C:\Windows\SysWOW64\ntdll.dll</module>
          <address>0023:77199902</address>
          <function>
            <name>RtlInitializeExceptionChain</name>
            <offset>99</offset>
          </function>
          <file></file>
          <line>
            <number></number>
            <offset></offset>
          </line>
        </frame>
        <frame>
          <module>C:\Windows\SysWOW64\ntdll.dll</module>
          <address>0023:771998D5</address>
          <function>
            <name>RtlInitializeExceptionChain</name>
            <offset>54</offset>
          </function>
          <file></file>
          <line>
            <number></number>
            <offset></offset>
          </line>
        </frame>
      </stack>
    </thread>
    <thread>
      <id>9140</id>
      <status>running</status>
      <stack>
        <frame>
          <module>C:\Windows\syswow64\USER32.dll</module>
          <address>0023:753B78D7</address>
          <function>
            <name>DispatchMessageW</name>
            <offset>92</offset>
          </function>
          <file></file>
          <line>
            <number></number>
            <offset></offset>
          </line>
        </frame>
      </stack>
    </thread>
    <thread>
      <id>9024</id>
      <status>running</status>
      <stack>
        <frame>
          <module>C:\Windows\SysWOW64\ntdll.dll</module>
          <address>0023:7717F8E1</address>
          <function>
            <name>NtWaitForSingleObject</name>
            <offset>21</offset>
          </function>
          <file></file>
          <line>
            <number></number>
            <offset></offset>
          </line>
        </frame>
        <frame>
          <module>C:\Windows\syswow64\kernel32.dll</module>
          <address>0023:76921194</address>
          <function>
            <name>WaitForSingleObjectEx</name>
            <offset>67</offset>
          </function>
          <file></file>
          <line>
            <number></number>
            <offset></offset>
          </line>
        </frame>
        <frame>
          <module>C:\Windows\syswow64\kernel32.dll</module>
          <address>0023:76921148</address>
          <function>
            <name>WaitForSingleObject</name>
            <offset>18</offset>
          </function>
          <file></file>
          <line>
            <number></number>
            <offset></offset>
          </line>
        </frame>
        <frame>
          <module>C:\Windows\system32\WINSPOOL.DRV</module>
          <address>0023:70814714</address>
          <function>
            <name>StartDocDlgW</name>
            <offset>1448</offset>
          </function>
          <file></file>
          <line>
            <number></number>
            <offset></offset>
          </line>
        </frame>
        <frame>
          <module>C:\Windows\syswow64\kernel32.dll</module>
          <address>0023:7692336A</address>
          <function>
            <name>BaseThreadInitThunk</name>
            <offset>18</offset>
          </function>
          <file></file>
          <line>
            <number></number>
            <offset></offset>
          </line>
        </frame>
        <frame>
          <module>C:\Windows\SysWOW64\ntdll.dll</module>
          <address>0023:77199902</address>
          <function>
            <name>RtlInitializeExceptionChain</name>
            <offset>99</offset>
          </function>
          <file></file>
          <line>
            <number></number>
            <offset></offset>
          </line>
        </frame>
        <frame>
          <module>C:\Windows\SysWOW64\ntdll.dll</module>
          <address>0023:771998D5</address>
          <function>
            <name>RtlInitializeExceptionChain</name>
            <offset>54</offset>
          </function>
          <file></file>
          <line>
            <number></number>
            <offset></offset>
          </line>
        </frame>
      </stack>
    </thread>
  </threads>
  <cmdline>pdv.exe -product "PCB_librarian_expert"  -proj "E:\GitHub\KVM_prototype\schemtic\lib/kvm_matrix.cpm" -cdslib "E:\GitHub\KVM_prototype\schemtic\lib/cds.lib"  -cell "fds9926a" -lib "kvm_matrix_lib" </cmdline>
  <curdir>E:\GitHub\KVM_prototype\schemtic\lib</curdir>
  <environment>
    <variable>
      <name></name>
      <value>::=::\</value>
    </variable>
    <variable>
      <name></name>
      <value>C:=C:\Cadence\SPB_16.6\share\cdssetup\lman</value>
    </variable>
    <variable>
      <name></name>
      <value>E:=E:\GitHub\KVM_prototype\schemtic\lib</value>
    </variable>
    <variable>
      <name>ALLUSERSPROFILE</name>
      <value>C:\ProgramData</value>
    </variable>
    <variable>
      <name>APPDATA</name>
      <value>C:\Users\Administrator\AppData\Roaming</value>
    </variable>
    <variable>
      <name>CDSROOT</name>
      <value>C:\Cadence\SPB_16.6</value>
    </variable>
    <variable>
      <name>CDS_ARCH</name>
      <value>WIN32</value>
    </variable>
    <variable>
      <name>CDS_LIC_FILE</name>
      <value>5280@localhost</value>
    </variable>
    <variable>
      <name>CDS_LIC_ONLY</name>
      <value>1</value>
    </variable>
    <variable>
      <name>CHDL_LIB_INST_DIR</name>
      <value>C:\Cadence\SPB_16.6</value>
    </variable>
    <variable>
      <name>CLASSPATH</name>
      <value>C:\Cadence\SPB_16.6\share\java\lman.jar;</value>
    </variable>
    <variable>
      <name>CommonProgramFiles</name>
      <value>C:\Program Files (x86)\Common Files</value>
    </variable>
    <variable>
      <name>CommonProgramFiles(x86)</name>
      <value>C:\Program Files (x86)\Common Files</value>
    </variable>
    <variable>
      <name>CommonProgramW6432</name>
      <value>C:\Program Files\Common Files</value>
    </variable>
    <variable>
      <name>COMPUTERNAME</name>
      <value>FMLGWFTXTA3WFM0</value>
    </variable>
    <variable>
      <name>ComSpec</name>
      <value>C:\Windows\system32\cmd.exe</value>
    </variable>
    <variable>
      <name>CONCEPT_INST_DIR</name>
      <value>C:\Cadence\SPB_16.6</value>
    </variable>
    <variable>
      <name>FP_NO_HOST_CHECK</name>
      <value>NO</value>
    </variable>
    <variable>
      <name>HOME</name>
      <value>C:\Users\Administrator\AppData\Roaming\SPB_Data</value>
    </variable>
    <variable>
      <name>HOMEDRIVE</name>
      <value>C:</value>
    </variable>
    <variable>
      <name>HOMEPATH</name>
      <value>\Users\Administrator</value>
    </variable>
    <variable>
      <name>LOCALAPPDATA</name>
      <value>C:\Users\Administrator\AppData\Local</value>
    </variable>
    <variable>
      <name>LOGONSERVER</name>
      <value>\\FMLGWFTXTA3WFM0</value>
    </variable>
    <variable>
      <name>NUMBER_OF_PROCESSORS</name>
      <value>8</value>
    </variable>
    <variable>
      <name>OA_PLUGIN_PATH</name>
      <value>C:\Cadence\SPB_16.6\Share\oaPlugIns</value>
    </variable>
    <variable>
      <name>OS</name>
      <value>Windows_NT</value>
    </variable>
    <variable>
      <name>Path</name>
      <value>C:\Cadence\SPB_16.6/tools/java/bin;C:\Cadence\SPB_16.6/tools/java/bin/client;C:\Cadence\SPB_16.6/tools/jre/bin;C:\Cadence\SPB_16.6/tools/jre/bin/client;C:\Cadence\SPB_16.6/tools/jre/bin;C:\Windows\system32;C:\Windows;C:\Windows\System32\Wbem;C:\Windows\System32\WindowsPowerShell\v1.0\;C:\Program Files (x86)\Windows7Master;C:\Program Files (x86)\NVIDIA Corporation\PhysX\Common;C:\Cadence\SPB_16.6\openaccess\bin\win32\opt;C:\Cadence\SPB_16.6\tools\capture;C:\Cadence\SPB_16.6\tools\pspice;C:\Cadence\SPB_16.6\tools\specctra\bin;C:\Cadence\SPB_16.6\tools\fet\bin;C:\Cadence\SPB_16.6\tools\libutil\bin;C:\Cadence\SPB_16.6\tools\bin;C:\Cadence\SPB_16.6\tools\pcb\bin;C:\Users\Administrator\AppData\Local\GitHubDesktop\bin;;</value>
    </variable>
    <variable>
      <name>PATHEXT</name>
      <value>.COM;.EXE;.BAT;.CMD;.VBS;.VBE;.JS;.JSE;.WSF;.WSH;.MSC</value>
    </variable>
    <variable>
      <name>PROCESSOR_ARCHITECTURE</name>
      <value>x86</value>
    </variable>
    <variable>
      <name>PROCESSOR_ARCHITEW6432</name>
      <value>AMD64</value>
    </variable>
    <variable>
      <name>PROCESSOR_IDENTIFIER</name>
      <value>Intel64 Family 6 Model 94 Stepping 3, GenuineIntel</value>
    </variable>
    <variable>
      <name>PROCESSOR_LEVEL</name>
      <value>6</value>
    </variable>
    <variable>
      <name>PROCESSOR_REVISION</name>
      <value>5e03</value>
    </variable>
    <variable>
      <name>ProgramData</name>
      <value>C:\ProgramData</value>
    </variable>
    <variable>
      <name>ProgramFiles</name>
      <value>C:\Program Files (x86)</value>
    </variable>
    <variable>
      <name>ProgramFiles(x86)</name>
      <value>C:\Program Files (x86)</value>
    </variable>
    <variable>
      <name>ProgramW6432</name>
      <value>C:\Program Files</value>
    </variable>
    <variable>
      <name>PSModulePath</name>
      <value>C:\Windows\system32\WindowsPowerShell\v1.0\Modules\</value>
    </variable>
    <variable>
      <name>PUBLIC</name>
      <value>C:\Users\Public</value>
    </variable>
    <variable>
      <name>SESSIONNAME</name>
      <value>Console</value>
    </variable>
    <variable>
      <name>SystemDrive</name>
      <value>C:</value>
    </variable>
    <variable>
      <name>SystemRoot</name>
      <value>C:\Windows</value>
    </variable>
    <variable>
      <name>TEMP</name>
      <value>C:\Users\ADMINI~1\AppData\Local\Temp</value>
    </variable>
    <variable>
      <name>TMP</name>
      <value>C:\Users\ADMINI~1\AppData\Local\Temp</value>
    </variable>
    <variable>
      <name>USERDOMAIN</name>
      <value>FMLGWFTXTA3WFM0</value>
    </variable>
    <variable>
      <name>USERNAME</name>
      <value>Administrator</value>
    </variable>
    <variable>
      <name>USERPROFILE</name>
      <value>C:\Users\Administrator</value>
    </variable>
    <variable>
      <name>windir</name>
      <value>C:\Windows</value>
    </variable>
    <variable>
      <name>windows_tracing_flags</name>
      <value>3</value>
    </variable>
    <variable>
      <name>XML4C2INTLDIR</name>
      <value>C:\Cadence\SPB_16.6//share/cdssetup/lman/intlfiles/locales</value>
    </variable>
    <variable>
      <name>_DFX_INSTALL_UNSIGNED_DRIVER</name>
      <value>1</value>
    </variable>
  </environment>
</report>