<?xml version="1.0" encoding="UTF-8"?>
<!--
 This error report was automatically generated
 by  on Thursday, December 14, 2017 11:36:35 AM
-->
<report version="1">
  <platform>Win32</platform>
  <application>pdv.exe</application>
  <version></version>
  <computer>HKGY170163</computer>
  <user>cpp8013</user>
  <timestamp>3425171360</timestamp>
  <error>
    <what>ACCESS_VIOLATION</what>
    <process>
      <name>pdv.exe</name>
      <id>19628</id>
    </process>
    <module>C:\Cadence\SPB_16.6\tools\fet\bin\LUPdv.dll</module>
    <address>0023:086B2CD6</address>
    <function>
      <name>LUPdvDefinitionDirector::operator=</name>
      <offset>1526</offset>
    </function>
    <file></file>
    <line>
      <number></number>
      <offset></offset>
    </line>
  </error>
  <usermsg>Crash</usermsg>
  <syserror>
    <code></code>
    <description></description>
  </syserror>
  <registers>
    <eax>0x00C1F984</eax>
    <ebx>0x00080000</ebx>
    <ecx>0x00000000</ecx>
    <edx>0x00000000</edx>
    <esi>0x00000000</esi>
    <edi>0x0C890CD0</edi>
    <esp>0x00C1F938</esp>
    <ebp>0x0E1FFF10</ebp>
    <eip>0x086B2CD6</eip>
    <cs>0x0023</cs>
    <ds>0x002B</ds>
    <ss>0x002B</ss>
    <es>0x002B</es>
    <fs>0x0053</fs>
    <gs>0x002B</gs>
    <eflags>0x00010212</eflags>
  </registers>
  <cpus>
    <number>8</number>
    <architecture>Intel</architecture>
    <cpu>
      <id>Intel64 Family 6 Model 94 Stepping 3</id>
      <speed>3408</speed>
      <description>Intel(R) Core(TM) i7-6700 CPU @ 3.40GHz</description>
    </cpu>
    <cpu>
      <id>Intel64 Family 6 Model 94 Stepping 3</id>
      <speed>3408</speed>
      <description>Intel(R) Core(TM) i7-6700 CPU @ 3.40GHz</description>
    </cpu>
    <cpu>
      <id>Intel64 Family 6 Model 94 Stepping 3</id>
      <speed>3408</speed>
      <description>Intel(R) Core(TM) i7-6700 CPU @ 3.40GHz</description>
    </cpu>
    <cpu>
      <id>Intel64 Family 6 Model 94 Stepping 3</id>
      <speed>3408</speed>
      <description>Intel(R) Core(TM) i7-6700 CPU @ 3.40GHz</description>
    </cpu>
    <cpu>
      <id>Intel64 Family 6 Model 94 Stepping 3</id>
      <speed>3408</speed>
      <description>Intel(R) Core(TM) i7-6700 CPU @ 3.40GHz</description>
    </cpu>
    <cpu>
      <id>Intel64 Family 6 Model 94 Stepping 3</id>
      <speed>3408</speed>
      <description>Intel(R) Core(TM) i7-6700 CPU @ 3.40GHz</description>
    </cpu>
    <cpu>
      <id>Intel64 Family 6 Model 94 Stepping 3</id>
      <speed>3408</speed>
      <description>Intel(R) Core(TM) i7-6700 CPU @ 3.40GHz</description>
    </cpu>
    <cpu>
      <id>Intel64 Family 6 Model 94 Stepping 3</id>
      <speed>3408</speed>
      <description>Intel(R) Core(TM) i7-6700 CPU @ 3.40GHz</description>
    </cpu>
  </cpus>
  <os>
    <version>Unknown</version>
    <spack>Service Pack 1</spack>
    <build>7601</build>
  </os>
  <memory>
    <load>34</load>
    <totalphys>4294967295</totalphys>
    <availphys>4294967295</availphys>
    <totalpage>4294967295</totalpage>
    <availpage>4294967295</availpage>
  </memory>
  <threads>
    <thread>
      <id>15572</id>
      <status>interrupted</status>
      <stack>
        <frame>
          <module>C:\Cadence\SPB_16.6\tools\fet\bin\LUPdv.dll</module>
          <address>0023:086B2CD6</address>
          <function>
            <name>LUPdvDefinitionDirector::operator=</name>
            <offset>1526</offset>
          </function>
          <file></file>
          <line>
            <number></number>
            <offset></offset>
          </line>
        </frame>
        <frame>
          <module>C:\Windows\WinSxS\x86_microsoft.vc80.crt_1fc8b3b9a1e18e3b_8.0.50727.6195_none_d09154e044272b9a\MSVCR80.dll</module>
          <address>0023:628723FF</address>
          <function>
            <name>unlock</name>
            <offset>19</offset>
          </function>
          <file></file>
          <line>
            <number></number>
            <offset></offset>
          </line>
        </frame>
      </stack>
    </thread>
    <thread>
      <id>18096</id>
      <status>running</status>
      <stack>
        <frame>
          <module>C:\Windows\SysWOW64\ntdll.dll</module>
          <address>0023:771CF8E1</address>
          <function>
            <name>NtWaitForSingleObject</name>
            <offset>21</offset>
          </function>
          <file></file>
          <line>
            <number></number>
            <offset></offset>
          </line>
        </frame>
        <frame>
          <module>C:\Windows\syswow64\kernel32.dll</module>
          <address>0023:759C1194</address>
          <function>
            <name>WaitForSingleObjectEx</name>
            <offset>67</offset>
          </function>
          <file></file>
          <line>
            <number></number>
            <offset></offset>
          </line>
        </frame>
        <frame>
          <module>C:\Windows\syswow64\kernel32.dll</module>
          <address>0023:759C1148</address>
          <function>
            <name>WaitForSingleObject</name>
            <offset>18</offset>
          </function>
          <file></file>
          <line>
            <number></number>
            <offset></offset>
          </line>
        </frame>
        <frame>
          <module>C:\Cadence\SPB_16.6\tools\bin\CrashReportDll.dll</module>
          <address>0023:090817C1</address>
          <function>
            <name>Crash_Dump_PostErrHandler</name>
            <offset>257</offset>
          </function>
          <file></file>
          <line>
            <number></number>
            <offset></offset>
          </line>
        </frame>
        <frame>
          <module>C:\Cadence\SPB_16.6\tools\bin\CrashReportDll.dll</module>
          <address>0023:09081A3B</address>
          <function>
            <name>BT_SehFilter</name>
            <offset>11</offset>
          </function>
          <file></file>
          <line>
            <number></number>
            <offset></offset>
          </line>
        </frame>
        <frame>
          <module>C:\Windows\SysWOW64\ntdll.dll</module>
          <address>0023:77225B57</address>
          <function>
            <name>RtlKnownExceptionFilter</name>
            <offset>183</offset>
          </function>
          <file></file>
          <line>
            <number></number>
            <offset></offset>
          </line>
        </frame>
        <frame>
          <module>C:\Windows\SysWOW64\ntdll.dll</module>
          <address>0023:771E98C5</address>
          <function>
            <name>RtlInitializeExceptionChain</name>
            <offset>54</offset>
          </function>
          <file></file>
          <line>
            <number></number>
            <offset></offset>
          </line>
        </frame>
      </stack>
    </thread>
    <thread>
      <id>19740</id>
      <status>running</status>
      <stack>
        <frame>
          <module>C:\Windows\SysWOW64\ntdll.dll</module>
          <address>0023:771CF8E1</address>
          <function>
            <name>NtWaitForSingleObject</name>
            <offset>21</offset>
          </function>
          <file></file>
          <line>
            <number></number>
            <offset></offset>
          </line>
        </frame>
        <frame>
          <module>C:\Windows\syswow64\kernel32.dll</module>
          <address>0023:759C1194</address>
          <function>
            <name>WaitForSingleObjectEx</name>
            <offset>67</offset>
          </function>
          <file></file>
          <line>
            <number></number>
            <offset></offset>
          </line>
        </frame>
        <frame>
          <module>C:\Windows\syswow64\kernel32.dll</module>
          <address>0023:759C1148</address>
          <function>
            <name>WaitForSingleObject</name>
            <offset>18</offset>
          </function>
          <file></file>
          <line>
            <number></number>
            <offset></offset>
          </line>
        </frame>
        <frame>
          <module>C:\Windows\SysWOW64\tmumh\20019\TmMon\1.6.0.1163\tmmon.dll</module>
          <address>0023:7341BE8E</address>
          <function>
            <name></name>
            <offset></offset>
          </function>
          <file></file>
          <line>
            <number></number>
            <offset></offset>
          </line>
        </frame>
        <frame>
          <module>C:\Windows\SysWOW64\tmumh\20019\TmMon\1.6.0.1163\tmmon.dll</module>
          <address>0023:7341C4DA</address>
          <function>
            <name></name>
            <offset></offset>
          </function>
          <file></file>
          <line>
            <number></number>
            <offset></offset>
          </line>
        </frame>
        <frame>
          <module>C:\Windows\SysWOW64\tmumh\20019\TmMon\1.6.0.1163\tmmon.dll</module>
          <address>0023:73476101</address>
          <function>
            <name>StartHook</name>
            <offset>350065</offset>
          </function>
          <file></file>
          <line>
            <number></number>
            <offset></offset>
          </line>
        </frame>
        <frame>
          <module>C:\Windows\SysWOW64\tmumh\20019\TmMon\1.6.0.1163\tmmon.dll</module>
          <address>0023:73476229</address>
          <function>
            <name>StartHook</name>
            <offset>350361</offset>
          </function>
          <file></file>
          <line>
            <number></number>
            <offset></offset>
          </line>
        </frame>
        <frame>
          <module>C:\Windows\syswow64\kernel32.dll</module>
          <address>0023:759C336A</address>
          <function>
            <name>BaseThreadInitThunk</name>
            <offset>18</offset>
          </function>
          <file></file>
          <line>
            <number></number>
            <offset></offset>
          </line>
        </frame>
        <frame>
          <module>C:\Windows\SysWOW64\ntdll.dll</module>
          <address>0023:771E98F2</address>
          <function>
            <name>RtlInitializeExceptionChain</name>
            <offset>99</offset>
          </function>
          <file></file>
          <line>
            <number></number>
            <offset></offset>
          </line>
        </frame>
        <frame>
          <module>C:\Windows\SysWOW64\ntdll.dll</module>
          <address>0023:771E98C5</address>
          <function>
            <name>RtlInitializeExceptionChain</name>
            <offset>54</offset>
          </function>
          <file></file>
          <line>
            <number></number>
            <offset></offset>
          </line>
        </frame>
      </stack>
    </thread>
    <thread>
      <id>19828</id>
      <status>running</status>
      <stack>
        <frame>
          <module>C:\Windows\SysWOW64\ntdll.dll</module>
          <address>0023:771D016D</address>
          <function>
            <name>NtWaitForMultipleObjects</name>
            <offset>21</offset>
          </function>
          <file></file>
          <line>
            <number></number>
            <offset></offset>
          </line>
        </frame>
        <frame>
          <module>C:\Windows\syswow64\kernel32.dll</module>
          <address>0023:759C19FC</address>
          <function>
            <name>WaitForMultipleObjectsEx</name>
            <offset>142</offset>
          </function>
          <file></file>
          <line>
            <number></number>
            <offset></offset>
          </line>
        </frame>
        <frame>
          <module>C:\Windows\syswow64\kernel32.dll</module>
          <address>0023:759C41D8</address>
          <function>
            <name>WaitForMultipleObjects</name>
            <offset>24</offset>
          </function>
          <file></file>
          <line>
            <number></number>
            <offset></offset>
          </line>
        </frame>
        <frame>
          <module>C:\Windows\SysWOW64\tmumh\20019\AddOn\6.80.0.1007\TmUmEvt.dll</module>
          <address>0023:73547041</address>
          <function>
            <name>TmmonDestoryAddonObject</name>
            <offset>8129</offset>
          </function>
          <file></file>
          <line>
            <number></number>
            <offset></offset>
          </line>
        </frame>
        <frame>
          <module>C:\Windows\syswow64\kernel32.dll</module>
          <address>0023:759C336A</address>
          <function>
            <name>BaseThreadInitThunk</name>
            <offset>18</offset>
          </function>
          <file></file>
          <line>
            <number></number>
            <offset></offset>
          </line>
        </frame>
        <frame>
          <module>C:\Windows\SysWOW64\ntdll.dll</module>
          <address>0023:771E98F2</address>
          <function>
            <name>RtlInitializeExceptionChain</name>
            <offset>99</offset>
          </function>
          <file></file>
          <line>
            <number></number>
            <offset></offset>
          </line>
        </frame>
        <frame>
          <module>C:\Windows\SysWOW64\ntdll.dll</module>
          <address>0023:771E98C5</address>
          <function>
            <name>RtlInitializeExceptionChain</name>
            <offset>54</offset>
          </function>
          <file></file>
          <line>
            <number></number>
            <offset></offset>
          </line>
        </frame>
      </stack>
    </thread>
    <thread>
      <id>18712</id>
      <status>running</status>
      <stack>
        <frame>
          <module>C:\Windows\SysWOW64\ntdll.dll</module>
          <address>0023:771D016D</address>
          <function>
            <name>NtWaitForMultipleObjects</name>
            <offset>21</offset>
          </function>
          <file></file>
          <line>
            <number></number>
            <offset></offset>
          </line>
        </frame>
        <frame>
          <module>C:\Windows\syswow64\kernel32.dll</module>
          <address>0023:759C336A</address>
          <function>
            <name>BaseThreadInitThunk</name>
            <offset>18</offset>
          </function>
          <file></file>
          <line>
            <number></number>
            <offset></offset>
          </line>
        </frame>
        <frame>
          <module>C:\Windows\SysWOW64\ntdll.dll</module>
          <address>0023:771E98F2</address>
          <function>
            <name>RtlInitializeExceptionChain</name>
            <offset>99</offset>
          </function>
          <file></file>
          <line>
            <number></number>
            <offset></offset>
          </line>
        </frame>
        <frame>
          <module>C:\Windows\SysWOW64\ntdll.dll</module>
          <address>0023:771E98C5</address>
          <function>
            <name>RtlInitializeExceptionChain</name>
            <offset>54</offset>
          </function>
          <file></file>
          <line>
            <number></number>
            <offset></offset>
          </line>
        </frame>
      </stack>
    </thread>
    <thread>
      <id>19944</id>
      <status>running</status>
      <stack>
        <frame>
          <module>C:\Windows\SysWOW64\ntdll.dll</module>
          <address>0023:771CF969</address>
          <function>
            <name>ZwRemoveIoCompletion</name>
            <offset>21</offset>
          </function>
          <file></file>
          <line>
            <number></number>
            <offset></offset>
          </line>
        </frame>
        <frame>
          <module>C:\Windows\syswow64\kernel32.dll</module>
          <address>0023:759C336A</address>
          <function>
            <name>BaseThreadInitThunk</name>
            <offset>18</offset>
          </function>
          <file></file>
          <line>
            <number></number>
            <offset></offset>
          </line>
        </frame>
        <frame>
          <module>C:\Windows\SysWOW64\ntdll.dll</module>
          <address>0023:771E98F2</address>
          <function>
            <name>RtlInitializeExceptionChain</name>
            <offset>99</offset>
          </function>
          <file></file>
          <line>
            <number></number>
            <offset></offset>
          </line>
        </frame>
        <frame>
          <module>C:\Windows\SysWOW64\ntdll.dll</module>
          <address>0023:771E98C5</address>
          <function>
            <name>RtlInitializeExceptionChain</name>
            <offset>54</offset>
          </function>
          <file></file>
          <line>
            <number></number>
            <offset></offset>
          </line>
        </frame>
      </stack>
    </thread>
    <thread>
      <id>4224</id>
      <status>running</status>
      <stack>
        <frame>
          <module>C:\Windows\syswow64\USER32.dll</module>
          <address>0023:75AD78D7</address>
          <function>
            <name>DispatchMessageW</name>
            <offset>92</offset>
          </function>
          <file></file>
          <line>
            <number></number>
            <offset></offset>
          </line>
        </frame>
      </stack>
    </thread>
    <thread>
      <id>19936</id>
      <status>running</status>
      <stack>
        <frame>
          <module>C:\Windows\SysWOW64\ntdll.dll</module>
          <address>0023:771CF8E1</address>
          <function>
            <name>NtWaitForSingleObject</name>
            <offset>21</offset>
          </function>
          <file></file>
          <line>
            <number></number>
            <offset></offset>
          </line>
        </frame>
        <frame>
          <module>C:\Windows\syswow64\kernel32.dll</module>
          <address>0023:759C1194</address>
          <function>
            <name>WaitForSingleObjectEx</name>
            <offset>67</offset>
          </function>
          <file></file>
          <line>
            <number></number>
            <offset></offset>
          </line>
        </frame>
        <frame>
          <module>C:\Windows\syswow64\kernel32.dll</module>
          <address>0023:759C1148</address>
          <function>
            <name>WaitForSingleObject</name>
            <offset>18</offset>
          </function>
          <file></file>
          <line>
            <number></number>
            <offset></offset>
          </line>
        </frame>
        <frame>
          <module>C:\Windows\system32\WINSPOOL.DRV</module>
          <address>0023:72E64714</address>
          <function>
            <name>StartDocDlgW</name>
            <offset>1448</offset>
          </function>
          <file></file>
          <line>
            <number></number>
            <offset></offset>
          </line>
        </frame>
        <frame>
          <module>C:\Windows\syswow64\kernel32.dll</module>
          <address>0023:759C336A</address>
          <function>
            <name>BaseThreadInitThunk</name>
            <offset>18</offset>
          </function>
          <file></file>
          <line>
            <number></number>
            <offset></offset>
          </line>
        </frame>
        <frame>
          <module>C:\Windows\SysWOW64\ntdll.dll</module>
          <address>0023:771E98F2</address>
          <function>
            <name>RtlInitializeExceptionChain</name>
            <offset>99</offset>
          </function>
          <file></file>
          <line>
            <number></number>
            <offset></offset>
          </line>
        </frame>
        <frame>
          <module>C:\Windows\SysWOW64\ntdll.dll</module>
          <address>0023:771E98C5</address>
          <function>
            <name>RtlInitializeExceptionChain</name>
            <offset>54</offset>
          </function>
          <file></file>
          <line>
            <number></number>
            <offset></offset>
          </line>
        </frame>
      </stack>
    </thread>
  </threads>
  <cmdline>pdv.exe -product "PCB_librarian_expert"   -proj "D:\GitHub\KVM\KVM_prototype\schemtic\lib/kvm_matrix.cpm" -cdslib "D:\GitHub\KVM\KVM_prototype\schemtic\lib/cds.lib"  -cell "w25q128" -lib "kvm_matrix_lib" </cmdline>
  <curdir>D:\GitHub\KVM\KVM_prototype\schemtic\lib</curdir>
  <environment>
    <variable>
      <name></name>
      <value>::=::\</value>
    </variable>
    <variable>
      <name></name>
      <value>C:=C:\Cadence\SPB_16.6\share\cdssetup\lman</value>
    </variable>
    <variable>
      <name></name>
      <value>D:=D:\GitHub\KVM\KVM_prototype\schemtic\lib</value>
    </variable>
    <variable>
      <name>ALLUSERSPROFILE</name>
      <value>C:\ProgramData</value>
    </variable>
    <variable>
      <name>ALTERAOCLSDKROOT</name>
      <value>C:\altera\15.0\hld</value>
    </variable>
    <variable>
      <name>APPDATA</name>
      <value>C:\Users\cpp8013\AppData\Roaming</value>
    </variable>
    <variable>
      <name>CDSROOT</name>
      <value>C:\Cadence\SPB_16.6</value>
    </variable>
    <variable>
      <name>CDS_ARCH</name>
      <value>WIN32</value>
    </variable>
    <variable>
      <name>CDS_LIC_FILE</name>
      <value>5280@localhost</value>
    </variable>
    <variable>
      <name>CDS_LIC_ONLY</name>
      <value>1</value>
    </variable>
    <variable>
      <name>CHDL_LIB_INST_DIR</name>
      <value>C:\Cadence\SPB_16.6</value>
    </variable>
    <variable>
      <name>CLASSPATH</name>
      <value>C:\Cadence\SPB_16.6\share\java\lman.jar;</value>
    </variable>
    <variable>
      <name>CommonProgramFiles</name>
      <value>C:\Program Files (x86)\Common Files</value>
    </variable>
    <variable>
      <name>CommonProgramFiles(x86)</name>
      <value>C:\Program Files (x86)\Common Files</value>
    </variable>
    <variable>
      <name>CommonProgramW6432</name>
      <value>C:\Program Files\Common Files</value>
    </variable>
    <variable>
      <name>COMPUTERNAME</name>
      <value>HKGY170163</value>
    </variable>
    <variable>
      <name>ComSpec</name>
      <value>C:\Windows\system32\cmd.exe</value>
    </variable>
    <variable>
      <name>CONCEPT_INST_DIR</name>
      <value>C:\Cadence\SPB_16.6</value>
    </variable>
    <variable>
      <name>FP_NO_HOST_CHECK</name>
      <value>NO</value>
    </variable>
    <variable>
      <name>GNUPLOT_LIB</name>
      <value>C:\Program Files\gnuplot\demo;C:\Program Files\gnuplot\demo\games;C:\Program Files\gnuplot\share</value>
    </variable>
    <variable>
      <name>HOME</name>
      <value>C:\Cadence\SPB_Data</value>
    </variable>
    <variable>
      <name>HOMEDRIVE</name>
      <value>C:</value>
    </variable>
    <variable>
      <name>HOMEPATH</name>
      <value>\Users\cpp8013</value>
    </variable>
    <variable>
      <name>LOCALAPPDATA</name>
      <value>C:\Users\cpp8013\AppData\Local</value>
    </variable>
    <variable>
      <name>LOGONSERVER</name>
      <value>\\YJY-DC</value>
    </variable>
    <variable>
      <name>MGLS_LICENSE_FILE</name>
      <value>C:\modeltech64_10.1c\win64\LICENSE.TXT</value>
    </variable>
    <variable>
      <name>NUMBER_OF_PROCESSORS</name>
      <value>8</value>
    </variable>
    <variable>
      <name>OA_PLUGIN_PATH</name>
      <value>C:\Cadence\SPB_16.6\Share\oaPlugIns</value>
    </variable>
    <variable>
      <name>OS</name>
      <value>Windows_NT</value>
    </variable>
    <variable>
      <name>Path</name>
      <value>C:\Cadence\SPB_16.6/tools/java/bin;C:\Cadence\SPB_16.6/tools/java/bin/client;C:\Cadence\SPB_16.6/tools/jre/bin;C:\Cadence\SPB_16.6/tools/jre/bin/client;C:\Cadence\SPB_16.6/tools/jre/bin;C:\Ruby24-x64\bin;C:\Windows\system32;C:\Windows;C:\Windows\System32\Wbem;C:\Windows\System32\WindowsPowerShell\v1.0\;C:\Program Files (x86)\NVIDIA Corporation\PhysX\Common;C:\Cadence\SPB_16.6\openaccess\bin\win32\opt;C:\Cadence\SPB_16.6\tools\capture;C:\Cadence\SPB_16.6\tools\pspice;C:\Cadence\SPB_16.6\tools\specctra\bin;C:\Cadence\SPB_16.6\tools\fet\bin;C:\Cadence\SPB_16.6\tools\libutil\bin;C:\Cadence\SPB_16.6\tools\bin;C:\Cadence\SPB_16.6\tools\pcb\bin;C:\Users\cpp8013\AppData\Local\GitHubDesktop\bin;C:\modeltech64_10.1c\win64;;</value>
    </variable>
    <variable>
      <name>PATHEXT</name>
      <value>.COM;.EXE;.BAT;.CMD;.VBS;.VBE;.JS;.JSE;.WSF;.WSH;.MSC;.RB;.RBW</value>
    </variable>
    <variable>
      <name>PROCESSOR_ARCHITECTURE</name>
      <value>x86</value>
    </variable>
    <variable>
      <name>PROCESSOR_ARCHITEW6432</name>
      <value>AMD64</value>
    </variable>
    <variable>
      <name>PROCESSOR_IDENTIFIER</name>
      <value>Intel64 Family 6 Model 94 Stepping 3, GenuineIntel</value>
    </variable>
    <variable>
      <name>PROCESSOR_LEVEL</name>
      <value>6</value>
    </variable>
    <variable>
      <name>PROCESSOR_REVISION</name>
      <value>5e03</value>
    </variable>
    <variable>
      <name>ProgramData</name>
      <value>C:\ProgramData</value>
    </variable>
    <variable>
      <name>ProgramFiles</name>
      <value>C:\Program Files (x86)</value>
    </variable>
    <variable>
      <name>ProgramFiles(x86)</name>
      <value>C:\Program Files (x86)</value>
    </variable>
    <variable>
      <name>ProgramW6432</name>
      <value>C:\Program Files</value>
    </variable>
    <variable>
      <name>PSModulePath</name>
      <value>C:\Windows\system32\WindowsPowerShell\v1.0\Modules\</value>
    </variable>
    <variable>
      <name>PUBLIC</name>
      <value>C:\Users\Public</value>
    </variable>
    <variable>
      <name>QSYS_ROOTDIR</name>
      <value>C:\altera\15.0\quartus\sopc_builder\bin</value>
    </variable>
    <variable>
      <name>QUARTUS_ROOTDIR</name>
      <value>C:\altera\15.0\quartus</value>
    </variable>
    <variable>
      <name>SESSIONNAME</name>
      <value>Console</value>
    </variable>
    <variable>
      <name>SOPC_KIT_NIOS2</name>
      <value>C:\altera\15.0\nios2eds</value>
    </variable>
    <variable>
      <name>SystemDrive</name>
      <value>C:</value>
    </variable>
    <variable>
      <name>SystemRoot</name>
      <value>C:\Windows</value>
    </variable>
    <variable>
      <name>TEMP</name>
      <value>C:\Users\cpp8013\AppData\Local\Temp</value>
    </variable>
    <variable>
      <name>TMP</name>
      <value>C:\Users\cpp8013\AppData\Local\Temp</value>
    </variable>
    <variable>
      <name>USERDNSDOMAIN</name>
      <value>HIKYJY.COM.CN</value>
    </variable>
    <variable>
      <name>USERDOMAIN</name>
      <value>HIKYJY</value>
    </variable>
    <variable>
      <name>USERNAME</name>
      <value>cpp8013</value>
    </variable>
    <variable>
      <name>USERPROFILE</name>
      <value>C:\Users\cpp8013</value>
    </variable>
    <variable>
      <name>VBOX_MSI_INSTALL_PATH</name>
      <value>C:\Program Files\Oracle\VirtualBox\</value>
    </variable>
    <variable>
      <name>windir</name>
      <value>C:\Windows</value>
    </variable>
    <variable>
      <name>windows_tracing_flags</name>
      <value>3</value>
    </variable>
    <variable>
      <name>windows_tracing_logfile</name>
      <value>C:\BVTBin\Tests\installpackage\csilogfile.log</value>
    </variable>
    <variable>
      <name>XML4C2INTLDIR</name>
      <value>C:\Cadence\SPB_16.6//share/cdssetup/lman/intlfiles/locales</value>
    </variable>
  </environment>
</report>