<?xml version="1.0" encoding="UTF-8"?>
<sc:shoppingCart xmlns:sc="http://www.cadence.com/SPB/shopping_cart" xmlns:xsi="http://www.w3.org/2001/XMLSchema-instance" checksum="0">
	<component cell="c" library="kvm_matrix_lib" partname="C" partno="" quantity="1" >
		<property name="CODE"  value="08070391"/>
		<property name="VALUE"  value="10uF"/>
	</component>
	<component cell="c" library="kvm_matrix_lib" partname="C" partno="" quantity="1" >
		<property name="CODE"  value="08070248"/>
		<property name="VALUE"  value="6800P"/>
	</component>
	<component cell="r" library="kvm_matrix_lib" partname="R" partno="" quantity="1" >
		<property name="CODE"  value="97090132"/>
		<property name="VALUE"  value="1.8k-1%"/>
	</component>
	<component cell="r" library="kvm_matrix_lib" partname="R" partno="" quantity="1" >
		<property name="CODE"  value="07090592"/>
		<property name="VALUE"  value="4.42K"/>
	</component>
	<component cell="c" library="kvm_matrix_lib" partname="C" partno="" quantity="1" >
		<property name="CODE"  value="98070522"/>
		<property name="VALUE"  value="1.5nF"/>
	</component>
	<component cell="r" library="kvm_matrix_lib" partname="R" partno="" quantity="1" >
		<property name="CODE"  value="97090140"/>
		<property name="VALUE"  value="4.02K-1%"/>
	</component>
	<component cell="c" library="kvm_matrix_lib" partname="C" partno="" quantity="1" >
		<property name="CODE"  value="08070484"/>
		<property name="VALUE"  value="1800P"/>
	</component>
	<component cell="r" library="kvm_matrix_lib" partname="R" partno="" quantity="1" >
		<property name="CODE"  value="07090362"/>
		<property name="VALUE"  value="75"/>
	</component>
	<component cell="r" library="kvm_matrix_lib" partname="R" partno="" quantity="1" >
		<property name="CODE"  value="97090154"/>
		<property name="VALUE"  value="1.2K-1%"/>
	</component>
	<component cell="r" library="kvm_matrix_lib" partname="R" partno="" quantity="1" >
		<property name="CODE"  value="07090246"/>
		<property name="VALUE"  value="4.7K"/>
	</component>
	<component cell="r" library="kvm_matrix_lib" partname="R" partno="" quantity="1" >
		<property name="CODE"  value="07092148"/>
		<property name="VALUE"  value="100K-1%"/>
	</component>
	<component cell="r" library="kvm_matrix_lib" partname="R" partno="" quantity="1" >
		<property name="CODE"  value="07090475"/>
		<property name="VALUE"  value="24.9k"/>
	</component>
	<component cell="r" library="kvm_matrix_lib" partname="R" partno="" quantity="1" >
		<property name="CODE"  value="07090603"/>
		<property name="VALUE"  value="100"/>
	</component>
	<component cell="c" library="kvm_matrix_lib" partname="C" partno="" quantity="1" >
		<property name="CODE"  value="08070228"/>
		<property name="VALUE"  value="220P"/>
	</component>
	<component cell="r" library="kvm_matrix_lib" partname="R" partno="" quantity="1" >
		<property name="CODE"  value="07090695"/>
		<property name="VALUE"  value="40.2k-1%"/>
	</component>
	<component cell="r" library="kvm_matrix_lib" partname="R" partno="" quantity="1" >
		<property name="CODE"  value="07090247"/>
		<property name="VALUE"  value="10K"/>
	</component>
	<component cell="r" library="kvm_matrix_lib" partname="R" partno="" quantity="1" >
		<property name="CODE"  value="07090265"/>
		<property name="VALUE"  value="22"/>
	</component>
	<component cell="r" library="kvm_matrix_lib" partname="R" partno="" quantity="1" >
		<property name="CODE"  value="07090266"/>
		<property name="VALUE"  value="51"/>
	</component>
	<component cell="r" library="kvm_matrix_lib" partname="R" partno="" quantity="1" >
		<property name="CODE"  value="07090035"/>
		<property name="VALUE"  value="10K"/>
	</component>
	<component cell="r" library="kvm_matrix_lib" partname="R" partno="" quantity="1" >
		<property name="CODE"  value="07090421"/>
		<property name="VALUE"  value="68k-1%"/>
	</component>
	<component cell="r" library="kvm_matrix_lib" partname="R" partno="" quantity="1" >
		<property name="CODE"  value="07090248"/>
		<property name="VALUE"  value="22K"/>
	</component>
	<component cell="r" library="kvm_matrix_lib" partname="R" partno="" quantity="1" >
		<property name="CODE"  value="07090600"/>
		<property name="VALUE"  value="16.5K"/>
	</component>
	<component cell="r" library="kvm_matrix_lib" partname="R" partno="" quantity="1" >
		<property name="CODE"  value="07090036"/>
		<property name="VALUE"  value="5.11K"/>
	</component>
	<component cell="c" library="kvm_matrix_lib" partname="C" partno="" quantity="1" >
		<property name="CODE"  value="98070524"/>
		<property name="VALUE"  value="82pF"/>
	</component>
	<component cell="r" library="kvm_matrix_lib" partname="R" partno="" quantity="1" >
		<property name="CODE"  value="07090449"/>
		<property name="VALUE"  value="47k-1%"/>
	</component>
	<component cell="r" library="kvm_matrix_lib" partname="R" partno="" quantity="1" >
		<property name="CODE"  value="07090121"/>
		<property name="VALUE"  value="22.1K"/>
	</component>
	<component cell="r" library="kvm_matrix_lib" partname="R" partno="" quantity="1" >
		<property name="CODE"  value="07090459"/>
		<property name="VALUE"  value="10"/>
	</component>
	<component cell="c" library="kvm_matrix_lib" partname="C" partno="" quantity="1" >
		<property name="CODE"  value="08070262"/>
		<property name="VALUE"  value="0.1U"/>
	</component>
	<component cell="c" library="kvm_matrix_lib" partname="C" partno="" quantity="1" >
		<property name="CODE"  value="08070230"/>
		<property name="VALUE"  value="100p"/>
	</component>
	<component cell="r" library="kvm_matrix_lib" partname="R" partno="" quantity="1" >
		<property name="CODE"  value="07090320"/>
		<property name="VALUE"  value="27.4K"/>
	</component>
	<component cell="r" library="kvm_matrix_lib" partname="R" partno="" quantity="1" >
		<property name="CODE"  value="07090021"/>
		<property name="VALUE"  value="220"/>
	</component>
	<component cell="l" library="kvm_matrix_lib" partname="L" partno="" quantity="1" >
		<property name="CODE"  value="10031070"/>
		<property name="VALUE"  value="2.7UH"/>
	</component>
	<component cell="fds9926a" library="kvm_matrix_lib" partname="FDS9926A" partno="" quantity="1" >
	</component>
	<component cell="l" library="kvm_matrix_lib" partname="L" partno="" quantity="1" >
		<property name="CODE"  value="10031009"/>
		<property name="VALUE"  value="2.2UH"/>
	</component>
	<component cell="cp" library="kvm_matrix_lib" partname="CP" partno="" quantity="1" >
		<property name="CODE"  value="98010240"/>
		<property name="VALUE"  value="100U-6.3V"/>
	</component>
	<component cell="cp" library="kvm_matrix_lib" partname="CP" partno="" quantity="1" >
		<property name="CODE"  value="10081731"/>
		<property name="VALUE"  value="22U-10V"/>
	</component>
	<component cell="l" library="kvm_matrix_lib" partname="L" partno="" quantity="1" >
		<property name="CODE"  value="10030103"/>
		<property name="VALUE"  value="10UH"/>
	</component>
	<component cell="l" library="kvm_matrix_lib" partname="L" partno="" quantity="1" >
		<property name="CODE"  value="10090821"/>
		<property name="VALUE"  value="8.2uH"/>
	</component>
	<component cell="c" library="kvm_matrix_lib" partname="C" partno="" quantity="1" >
		<property name="CODE"  value="98070403"/>
		<property name="VALUE"  value="1u"/>
	</component>
	<component cell="r" library="kvm_matrix_lib" partname="R" partno="" quantity="1" >
		<property name="CODE"  value="07090549"/>
		<property name="VALUE"  value="1K-1%"/>
	</component>
	<component cell="r" library="kvm_matrix_lib" partname="R" partno="" quantity="1" >
		<property name="CODE"  value="07090522"/>
		<property name="VALUE"  value="0"/>
	</component>
	<component cell="r" library="kvm_matrix_lib" partname="R" partno="" quantity="1" >
		<property name="CODE"  value="07090347"/>
		<property name="VALUE"  value="82K"/>
	</component>
	<component cell="npn" library="kvm_matrix_lib" partname="NPN_SOT23" partno="" quantity="1" >
		<property name="CODE"  value="15050026"/>
		<property name="VALUE"  value="MMBT4401LT1"/>
	</component>
	<component cell="led_s" library="kvm_matrix_lib" partname="SLED" partno="" quantity="1" >
		<property name="CODE"  value="15020063"/>
		<property name="VALUE"  value="HSMG-C170-b"/>
	</component>
	<component cell="r" library="kvm_matrix_lib" partname="R" partno="" quantity="1" >
		<property name="CODE"  value="07090514"/>
		<property name="VALUE"  value="100k-1%"/>
	</component>
	<component cell="r" library="kvm_matrix_lib" partname="R" partno="" quantity="1" >
		<property name="CODE"  value="07090922"/>
		<property name="VALUE"  value="0.27"/>
	</component>
	<component cell="resetkey" library="kvm_matrix_lib" partname="RESETKEY" partno="" quantity="1" >
		<property name="CODE"  value="16100017"/>
		<property name="VALUE"  value="RESET-SMT"/>
	</component>
	<component cell="adp3338" library="kvm_matrix_lib" partname="ADP3338" partno="" quantity="1" >
		<property name="VALUE"  value="SPX1117M3-1.5"/>
	</component>
	<component cell="adp3338" library="kvm_matrix_lib" partname="ADP3338" partno="" quantity="1" >
		<property name="VALUE"  value="SPX1117M3-1.8"/>
	</component>
	<component cell="r" library="kvm_matrix_lib" partname="R" partno="" quantity="1" >
		<property name="CODE"  value="07090197"/>
		<property name="VALUE"  value="82.5"/>
	</component>
	<component cell="c" library="kvm_matrix_lib" partname="C" partno="" quantity="1" >
		<property name="CODE"  value="98070506"/>
		<property name="VALUE"  value="4.7uF"/>
	</component>
	<component cell="adv7612bswz" library="kvm_matrix_lib" partname="ADV7612BSWZ" partno="ADV7612BSWZ" quantity="1" >
		<property name="PACK_TYPE"  value=""/>
		<property name="VALUE"  value=""/>
	</component>
	<component cell="l" library="kvm_matrix_lib" partname="L" partno="" quantity="1" >
		<property name="CODE"  value="10090946"/>
		<property name="VALUE"  value="2.2UH"/>
	</component>
	<component cell="r" library="kvm_matrix_lib" partname="R" partno="" quantity="1" >
		<property name="CODE"  value="07090584"/>
		<property name="VALUE"  value="392k"/>
	</component>
	<component cell="c" library="kvm_matrix_lib" partname="C" partno="" quantity="1" >
		<property name="CODE"  value="98070523"/>
		<property name="VALUE"  value="18pF"/>
	</component>
	<component cell="c" library="kvm_matrix_lib" partname="C" partno="" quantity="1" >
		<property name="CODE"  value="08070898"/>
		<property name="VALUE"  value="10UF"/>
	</component>
	<component cell="r" library="kvm_matrix_lib" partname="R" partno="" quantity="1" >
		<property name="CODE"  value="97090121"/>
		<property name="VALUE"  value="1M"/>
	</component>
	<component cell="lb" library="kvm_matrix_lib" partname="LB" partno="" quantity="1" >
		<property name="CODE"  value="10070008"/>
		<property name="VALUE"  value="100MOHM"/>
	</component>
	<component cell="c" library="kvm_matrix_lib" partname="C" partno="" quantity="1" >
		<property name="CODE"  value="08070247"/>
		<property name="VALUE"  value="0.01U"/>
	</component>
	<component cell="diode" library="kvm_matrix_lib" partname="DIODE" partno="" quantity="1" >
		<property name="CODE"  value="15010226"/>
		<property name="VALUE"  value="MBRS340T3"/>
	</component>
	<component cell="r" library="kvm_matrix_lib" partname="R" partno="" quantity="1" >
		<property name="CODE"  value="07090277"/>
		<property name="VALUE"  value="1K"/>
	</component>
	<component cell="diode" library="kvm_matrix_lib" partname="DIODE" partno="" quantity="1" >
		<property name="CODE"  value="95010058"/>
		<property name="VALUE"  value="1N4148"/>
	</component>
	<component cell="crystal" library="kvm_matrix_lib" partname="CRYSTAL" partno="" quantity="1" >
		<property name="CODE"  value="12020113"/>
		<property name="VALUE"  value="28.636MHz"/>
	</component>
	<component cell="c" library="kvm_matrix_lib" partname="C" partno="" quantity="1" >
		<property name="CODE"  value="98070500"/>
		<property name="VALUE"  value="47pF"/>
	</component>
	<component cell="c" library="kvm_matrix_lib" partname="C" partno="" quantity="1" >
		<property name="CODE"  value="08070403"/>
		<property name="VALUE"  value="1u-10V"/>
	</component>
	<component cell="r" library="kvm_matrix_lib" partname="R" partno="" quantity="1" >
		<property name="CODE"  value=""/>
		<property name="VALUE"  value="1.5K"/>
	</component>
	<component cell="r" library="kvm_matrix_lib" partname="R" partno="" quantity="1" >
		<property name="CODE"  value="07098624"/>
		<property name="VALUE"  value="4.7"/>
	</component>
	<component cell="r" library="kvm_matrix_lib" partname="R" partno="" quantity="1" >
		<property name="CODE"  value="07090198"/>
		<property name="VALUE"  value="49.9"/>
	</component>
	<component cell="diode" library="kvm_matrix_lib" partname="DIODE" partno="" quantity="1" >
		<property name="CODE"  value="15010058"/>
		<property name="VALUE"  value="MBRS120T3"/>
	</component>
	<component cell="88e1111" library="kvm_matrix_lib" partname="88E1111" partno="" quantity="1" >
	</component>
	<component cell="crystal" library="kvm_matrix_lib" partname="CRYSTAL" partno="" quantity="1" >
		<property name="CODE"  value="12020092"/>
		<property name="VALUE"  value="25MHz"/>
	</component>
	<component cell="c" library="kvm_matrix_lib" partname="C" partno="" quantity="1" >
		<property name="CODE"  value="98070510"/>
		<property name="VALUE"  value="22pF"/>
	</component>
	<component cell="r" library="kvm_matrix_lib" partname="R" partno="" quantity="1" >
		<property name="CODE"  value="07090387"/>
		<property name="VALUE"  value="330"/>
	</component>
	<component cell="r" library="kvm_matrix_lib" partname="R" partno="" quantity="1" >
		<property name="CODE"  value="97090147"/>
		<property name="VALUE"  value="4.99K-1%"/>
	</component>
	<component cell="cy7c67300" library="kvm_matrix_lib" partname="CY7C67300" partno="" quantity="1" >
	</component>
	<component cell="crystal" library="kvm_matrix_lib" partname="CRYSTAL" partno="" quantity="1" >
		<property name="CODE"  value="12020114"/>
		<property name="VALUE"  value="12MHz"/>
	</component>
	<component cell="tpd4s012" library="kvm_matrix_lib" partname="TPD4S012" partno="" quantity="1" >
	</component>
	<component cell="usb_dul" library="kvm_matrix_lib" partname="USB_DUL" partno="BT24500006" quantity="1" >
		<property name="VALUE"  value="USB_DUL"/>
	</component>
	<component cell="head1x2_s" library="kvm_matrix_lib" partname="HEAD1X2_S" partno="" quantity="1" >
		<property name="CODE"  value="14050028"/>
		<property name="VALUE"  value="HEAD1X2"/>
	</component>
	<component cell="cp" library="kvm_matrix_lib" partname="CP" partno="" quantity="1" >
		<property name="CODE"  value="08020065"/>
		<property name="VALUE"  value="100u-16V"/>
	</component>
	<component cell="head1x3_s" library="kvm_matrix_lib" partname="HEAD1X3_S" partno="" quantity="1" >
		<property name="CODE"  value=""/>
		<property name="VALUE"  value="head1x3"/>
	</component>
	<component cell="mt41k512m16ha-125" library="kvm_matrix_lib" partname="MT41K512M16HA-125" partno="" quantity="1" >
	</component>
	<component cell="r" library="kvm_matrix_lib" partname="R" partno="" quantity="1" >
		<property name="CODE"  value="07090111"/>
		<property name="VALUE"  value="240"/>
	</component>
	<component cell="xc7s50fgga484" library="kvm_matrix_lib" partname="XC7S50FGGA484" partno="BTxxxxxxxx" quantity="1" >
		<property name="VALUE"  value="XC7S50FGGA484"/>
	</component>
	<component cell="rn" library="kvm_matrix_lib" partname="RN" partno="" quantity="1" >
		<property name="CODE"  value="97080127"/>
		<property name="VALUE"  value="22X4"/>
	</component>
	<component cell="esd" library="kvm_matrix_lib" partname="ESD" partno="" quantity="1" >
		<property name="VALUE"  value="ESD-3.3v"/>
	</component>
	<component cell="head2x5" library="kvm_matrix_lib" partname="HEAD2X5" partno="" quantity="1" >
		<property name="CODE"  value="14050182"/>
	</component>
	<component cell="r" library="kvm_matrix_lib" partname="R" partno="" quantity="1" >
		<property name="CODE"  value="07090231"/>
		<property name="VALUE"  value="100"/>
	</component>
	<component cell="c" library="kvm_matrix_lib" partname="C" partno="" quantity="1" >
		<property name="CODE"  value="08070401"/>
		<property name="VALUE"  value="470nF"/>
	</component>
	<component cell="cp" library="kvm_matrix_lib" partname="CP" partno="" quantity="1" >
		<property name="CODE"  value="98010241"/>
		<property name="VALUE"  value="47U-6.3V"/>
	</component>
	<component cell="osc-4" library="kvm_matrix_lib" partname="OSC-4" partno="" quantity="1" >
		<property name="CODE"  value="20100705"/>
		<property name="VALUE"  value="125MHz-3.3V"/>
	</component>
	<component cell="osc-4" library="kvm_matrix_lib" partname="OSC-4" partno="" quantity="1" >
		<property name="CODE"  value="92010218"/>
		<property name="VALUE"  value="50MHz-3.3V"/>
	</component>
	<component cell="osc-4" library="kvm_matrix_lib" partname="OSC-4" partno="" quantity="1" >
		<property name="CODE"  value=""/>
		<property name="VALUE"  value="74.25MHz-3.3V"/>
	</component>
	<component cell="osc-4" library="kvm_matrix_lib" partname="OSC-4" partno="" quantity="1" >
		<property name="CODE"  value=""/>
		<property name="VALUE"  value="100MHz-3.3V"/>
	</component>
	<component cell="r" library="kvm_matrix_lib" partname="R" partno="" quantity="1" >
		<property name="CODE"  value="07090581"/>
		<property name="VALUE"  value="330"/>
	</component>
	<component cell="r" library="kvm_matrix_lib" partname="R" partno="" quantity="1" >
		<property name="CODE"  value=""/>
		<property name="VALUE"  value="887-1%"/>
	</component>
	<component cell="r" library="kvm_matrix_lib" partname="R" partno="" quantity="1" >
		<property name="CODE"  value="07090253"/>
		<property name="VALUE"  value="47K"/>
	</component>
	<component cell="r" library="kvm_matrix_lib" partname="R" partno="" quantity="1" >
		<property name="CODE"  value="97090133"/>
		<property name="VALUE"  value="3.09k-1%"/>
	</component>
	<component cell="r" library="kvm_matrix_lib" partname="R" partno="" quantity="1" >
		<property name="CODE"  value="07090432"/>
		<property name="VALUE"  value="120k-1%"/>
	</component>
	<component cell="c" library="kvm_matrix_lib" partname="C" partno="" quantity="1" >
		<property name="CODE"  value="08070246"/>
		<property name="VALUE"  value="22nF"/>
	</component>
	<component cell="r" library="kvm_matrix_lib" partname="R" partno="" quantity="1" >
		<property name="CODE"  value="07090233"/>
		<property name="VALUE"  value="10M"/>
	</component>
	<component cell="c" library="kvm_matrix_lib" partname="C" partno="" quantity="1" >
		<property name="CODE"  value="08070347"/>
		<property name="VALUE"  value="3.3n"/>
	</component>
	<component cell="r" library="kvm_matrix_lib" partname="R" partno="" quantity="1" >
		<property name="CODE"  value="07090585"/>
		<property name="VALUE"  value="2.74K"/>
	</component>
	<component cell="r" library="kvm_matrix_lib" partname="R" partno="" quantity="1" >
		<property name="CODE"  value="07090588"/>
		<property name="VALUE"  value="59"/>
	</component>
	<component cell="r" library="kvm_matrix_lib" partname="R" partno="" quantity="1" >
		<property name="CODE"  value="07090458"/>
		<property name="VALUE"  value="20k"/>
	</component>
	<component cell="c" library="kvm_matrix_lib" partname="C" partno="" quantity="1" >
		<property name="CODE"  value="08070229"/>
		<property name="VALUE"  value="150P"/>
	</component>
	<component cell="xc7a200tffg1156" library="kvm_matrix_lib" partname="XC7A200TFFG1156" partno="BTxxxxxxxx" quantity="1" >
		<property name="VALUE"  value="XC7A200TFFG1156"/>
	</component>
	<component cell="cp" library="kvm_matrix_lib" partname="CP" partno="" quantity="1" >
		<property name="CODE"  value="10081111"/>
		<property name="VALUE"  value="330U-10V"/>
	</component>
	<component cell="cp" library="kvm_matrix_lib" partname="CP" partno="" quantity="1" >
		<property name="CODE"  value="08020053"/>
		<property name="VALUE"  value="47U-16V"/>
	</component>
	<component cell="pcie_x16" library="kvm_matrix_lib" partname="PCIE_X16" partno="" quantity="1" >
	</component>
	<component cell="r" library="kvm_matrix_lib" partname="R" partno="" quantity="1" >
		<property name="CODE"  value="07090483"/>
		<property name="VALUE"  value="680"/>
	</component>
	<component cell="r" library="kvm_matrix_lib" partname="R" partno="" quantity="1" >
		<property name="CODE"  value="07090433"/>
		<property name="VALUE"  value="39.2K"/>
	</component>
	<component cell="r" library="kvm_matrix_lib" partname="R" partno="" quantity="1" >
		<property name="CODE"  value="97090172"/>
		<property name="VALUE"  value="2.26k"/>
	</component>
	<component cell="r" library="kvm_matrix_lib" partname="R" partno="" quantity="1" >
		<property name="CODE"  value="07090276"/>
		<property name="VALUE"  value="820"/>
	</component>
	<component cell="r" library="kvm_matrix_lib" partname="R" partno="" quantity="1" >
		<property name="CODE"  value="07090295"/>
		<property name="VALUE"  value="3.16K"/>
	</component>
	<component cell="c" library="kvm_matrix_lib" partname="C" partno="" quantity="1" >
		<property name="CODE"  value="08070477"/>
		<property name="VALUE"  value="2200P"/>
	</component>
	<component cell="c" library="kvm_matrix_lib" partname="C" partno="" quantity="1" >
		<property name="CODE"  value=""/>
		<property name="VALUE"  value="3.9nF"/>
	</component>
	<component cell="r" library="kvm_matrix_lib" partname="R" partno="" quantity="1" >
		<property name="CODE"  value="07090196"/>
		<property name="VALUE"  value="200"/>
	</component>
	<component cell="r" library="kvm_matrix_lib" partname="R" partno="" quantity="1" >
		<property name="CODE"  value="07090554"/>
		<property name="VALUE"  value="2.7K"/>
	</component>
	<component cell="mtfc8gacaaam-1m" library="kvm_matrix_lib" partname="MTFC8GACAAAM-1M" partno="" quantity="1" >
	</component>
	<component cell="rj45_1x1" library="kvm_matrix_lib" partname="RJ45_1X1" partno="" quantity="1" >
		<property name="VALUE"  value="6116075-4"/>
	</component>
	<component cell="osc-4" library="kvm_matrix_lib" partname="OSC-4" partno="" quantity="1" >
		<property name="CODE"  value="92010220"/>
		<property name="VALUE"  value="25MHz-3.3V"/>
	</component>
	<component cell="osc-4" library="kvm_matrix_lib" partname="OSC-4" partno="" quantity="1" >
		<property name="CODE"  value="90000019"/>
		<property name="VALUE"  value="54MHz-3.3V"/>
	</component>
	<component cell="lb" library="kvm_matrix_lib" partname="LB" partno="" quantity="1" >
		<property name="CODE"  value="90070011"/>
		<property name="VALUE"  value="120ohm"/>
	</component>
	<component cell="c" library="kvm_matrix_lib" partname="C" partno="" quantity="1" >
		<property name="CODE"  value="98070517"/>
		<property name="VALUE"  value="10uF"/>
	</component>
	<component cell="xc6slx16csg324" library="kvm_matrix_lib" partname="XC6SLX16CSG324" partno="" quantity="1" >
		<property name="VALUE1"  value="xc6slx16csg324"/>
	</component>
	<component cell="led_s" library="kvm_matrix_lib" partname="SLED" partno="" quantity="1" >
		<property name="CODE"  value="10520070"/>
		<property name="VALUE"  value="LED"/>
	</component>
	<component cell="m25p40" library="kvm_matrix_lib" partname="M25P40" partno="" quantity="1" >
		<property name="VALUE"  value="M25P16"/>
	</component>
	<component cell="r" library="kvm_matrix_lib" partname="R" partno="" quantity="1" >
		<property name="CODE"  value="97090157"/>
		<property name="VALUE"  value="10k-1%"/>
	</component>
	<component cell="tp" library="kvm_matrix_lib" partname="TP" partno="" quantity="1" >
		<property name="VALUE"  value="TP_SMD"/>
	</component>
	<component cell="cy22394fc" library="kvm_matrix_lib" partname="CY22394FC" partno="" quantity="1" >
		<property name="VALUE"  value="CY22394FC"/>
	</component>
	<component cell="c" library="kvm_matrix_lib" partname="C" partno="" quantity="1" >
		<property name="CODE"  value="98070518"/>
		<property name="VALUE"  value="10pF"/>
	</component>
	<component cell="xc7z015_1clg485c" library="kvm_matrix_lib" partname="XC7Z015_1CLG485C" partno="BTxxxxxxxx" quantity="1" >
		<property name="VALUE"  value="xc7z015_1clg485c"/>
	</component>
	<component cell="lb" library="kvm_matrix_lib" partname="LB" partno="" quantity="1" >
		<property name="CODE"  value="10070007"/>
		<property name="VALUE"  value="3A"/>
	</component>
	<component cell="mt41k256m16ha-125" library="kvm_matrix_lib" partname="MT41K256M16HA-125" partno="" quantity="1" >
	</component>
	<component cell="r" library="kvm_matrix_lib" partname="R" partno="" quantity="1" >
		<property name="CODE"  value=""/>
		<property name="VALUE"  value="80-1%"/>
	</component>
	<component cell="r" library="kvm_matrix_lib" partname="R" partno="" quantity="1" >
		<property name="CODE"  value="97090138"/>
		<property name="VALUE"  value="20k"/>
	</component>
	<component cell="r" library="kvm_matrix_lib" partname="R" partno="" quantity="1" >
		<property name="CODE"  value="07090639"/>
		<property name="VALUE"  value="33"/>
	</component>
	<component cell="head2x5" library="kvm_matrix_lib" partname="HEAD2X5" partno="" quantity="1" >
		<property name="CODE"  value="14050183"/>
	</component>
	<component cell="6pin" library="kvm_matrix_lib" partname="6PIN" partno="" quantity="1" >
		<property name="VALUE"  value="6pin"/>
	</component>
	<component cell="diode" library="kvm_matrix_lib" partname="DIODE" partno="" quantity="1" >
		<property name="CODE"  value="15010029"/>
		<property name="VALUE"  value="P600D"/>
	</component>
	<component cell="usb3300" library="kvm_matrix_lib" partname="USB3300" partno="" quantity="1" >
		<property name="VALUE"  value="USB3300"/>
	</component>
	<component cell="c" library="kvm_matrix_lib" partname="C" partno="" quantity="1" >
		<property name="CODE"  value="98070501"/>
		<property name="VALUE"  value="100pF"/>
	</component>
	<component cell="crystal" library="kvm_matrix_lib" partname="CRYSTAL" partno="" quantity="1" >
		<property name="CODE"  value="12020008"/>
		<property name="VALUE"  value="24MHz"/>
	</component>
	<component cell="c" library="kvm_matrix_lib" partname="C" partno="" quantity="1" >
		<property name="CODE"  value="98070530"/>
		<property name="VALUE"  value="33pF"/>
	</component>
	<component cell="r" library="kvm_matrix_lib" partname="R" partno="" quantity="1" >
		<property name="CODE"  value="97090163"/>
		<property name="VALUE"  value="12k-1%"/>
	</component>
	<component cell="gl850g" library="kvm_matrix_lib" partname="GL850G" partno="" quantity="1" >
		<property name="VALUE"  value="GL850G"/>
	</component>
	<component cell="cp" library="kvm_matrix_lib" partname="CP" partno="" quantity="1" >
		<property name="CODE"  value="08020082"/>
		<property name="VALUE"  value="22U-10V"/>
	</component>
	<component cell="crystal" library="kvm_matrix_lib" partname="CRYSTAL" partno="" quantity="1" >
		<property name="CODE"  value="12020007"/>
		<property name="VALUE"  value="12.288MHz"/>
	</component>
	<component cell="r" library="kvm_matrix_lib" partname="R" partno="" quantity="1" >
		<property name="CODE"  value="97090114"/>
		<property name="VALUE"  value="100K"/>
	</component>
	<component cell="r" library="kvm_matrix_lib" partname="R" partno="" quantity="1" >
		<property name="CODE"  value="97090129"/>
		<property name="VALUE"  value="15K"/>
	</component>
</sc:shoppingCart>
