FILE_TYPE = CONNECTIVITY;
{Allegro Design Entry HDL 16.6-p007 (v16-6-112F) 10/10/2012}
"PAGE_NUMBER" = 31;
0"NC";
1"GND_SIGNAL\g";
2"GND_SIGNAL\g";
3"GND_SIGNAL\g";
4"GND_SIGNAL\g";
5"GND_SIGNAL\g";
6"GND_SIGNAL\g";
7"GND_SIGNAL\g";
8"GND_SIGNAL\g";
9"GND_SIGNAL\g";
10"GND_SIGNAL\g";
11"GND_SIGNAL\g";
12"GND_SIGNAL\g";
13"GND_SIGNAL\g";
14"GND_SIGNAL\g";
15"GND_SIGNAL\g";
16"GND_SIGNAL\g";
17"GND_SIGNAL\g";
18"GND_SIGNAL\g";
19"GND_SIGNAL\g";
20"GND_SIGNAL\g";
21"GND_SIGNAL\g";
22"GND_SIGNAL\g";
23"GND_SIGNAL\g";
24"GND_SIGNAL\g";
25"GND_SIGNAL\g";
26"GND_SIGNAL\g";
27"GND_SIGNAL\g";
28"GND_SIGNAL\g";
29"GND_SIGNAL\g";
30"GND_SIGNAL\g";
31"V_A7_1V2_MGTAVTT";
32"V_A7_1V8";
33"V_A7_3V3";
34"V_A7_5053_VREG";
35"A7_5053_MR_N";
36"A7_5053_WDI";
37"V_A7_5053_VREG";
38"V_A7_1V0_MGTAVCC";
39"V_A7_5V0_IN";
40"V_A7_1V8_SW";
41"V_A7_1V8_R";
42"V_A7_3V3";
43"A7_RST_N";
44"UN$31$ADP5053$I123$6";
45"UN$31$ADP5053$I123$16";
46"V_A7_5053_VDD";
47"V_A7_5V0_IN";
48"A7_PG_LED";
49"V_A7_5053_VREG";
50"UN$31$ADP5053$I123$47";
51"UN$31$ADP5053$I123$38";
52"V_A7_5V0_IN";
53"UN$31$R$I128$A";
54"UN$31$ADP5053$I123$46";
55"V_A7_5V0_IN";
56"V_A7_1V0_MGTAVCC";
57"V_A7_5V0_IN";
58"V_A7_1V0_MGTAVCC";
59"V_A7_1V0_MGTAVCC";
60"UN$31$R$I36$B";
61"A7_1V0_VCCINT_PG";
62"V_A7_5V0_IN";
63"UN$31$ADP5053$I123$39";
64"UN$31$ADP5053$I123$37";
65"V_A7_1V2_R";
66"V_A7_3V3_R";
67"UN$31$ADP5053$I123$29";
68"UN$31$ADP5053$I123$21";
69"UN$31$ADP5053$I123$45";
70"UN$31$R$I85$B";
71"UN$31$R$I131$B";
72"UN$31$C$I127$1";
73"V_A7_1V2_SW";
74"UN$31$ADP5053$I123$14";
75"V_A7_3V3_SW";
76"UN$31$R$I121$B";
77"UN$31$ADP5053$I123$48";
78"UN$31$R$I16$B";
79"UN$31$C$I26$1";
80"UN$31$ADP5053$I123$15";
81"A7_PG_LED";
82"V_A7_1V0_MGTAVCC_SW";
83"UN$31$ADP5053$I123$32";
84"UN$31$ADP5053$I123$1";
85"UN$31$ADP5053$I123$31";
86"UN$31$ADP5053$I123$40";
87"V_A7_1V0_MGTAVCC_R";
88"UN$31$R$I98$B";
89"UN$31$ADP5053$I123$23";
90"UN$31$ADP5053$I123$28";
91"UN$31$C$I47$1";
92"UN$31$LEDS$I116$B";
93"UN$31$LEDS$I116$A";
94"UN$31$ADP5053$I123$12";
95"UN$31$ADP5053$I123$22";
96"UN$31$C$I43$1";
97"UN$31$ADP5053$I123$41";
98"UN$31$ADP5053$I123$43";
99"V_A7_5053_VREG";
%"GND_SIGNAL"
"1","(-6150,2200)","5","standard","I1";
;
CDS_LIB"standard"
HDL_POWER"GND_SIGNAL"
BODY_TYPE"PLUMBING";
"GND"1;
%"R"
"1","(-5800,2450)","0","kvm_matrix_lib","I10";
;
$LOCATION"?"
VALUE"0"
CDS_LIB"kvm_matrix_lib"
CDS_LMAN_SYM_OUTLINE"-100,25,100,-25"
CODE"07090522";
"A"34;
"B"98;
%"GND_SIGNAL"
"1","(-3550,7350)","3","standard","I100";
;
CDS_LIB"standard"
BODY_TYPE"PLUMBING"
HDL_POWER"GND_SIGNAL";
"GND"2;
%"GND_SIGNAL"
"1","(-2700,5150)","3","standard","I101";
;
CDS_LIB"standard"
BODY_TYPE"PLUMBING"
HDL_POWER"GND_SIGNAL";
"GND"3;
%"L"
"1","(-2800,5550)","0","kvm_matrix_lib","I102";
;
VALUE"2.2UH"
$LOCATION"?"
CODE"10031009"
CDS_LMAN_SYM_OUTLINE"-125,50,125,0"
CDS_LIB"kvm_matrix_lib";
"A"75;
"B"66;
%"CP"
"1","(-2200,5850)","6","kvm_matrix_lib","I103";
;
$LOCATION"?"
VALUE"22U-10V"
CDS_LIB"kvm_matrix_lib"
CDS_LMAN_SYM_OUTLINE"-50,0,50,-50"
CODE"10081731";
"2"4;
"1"66;
%"CP"
"1","(-2200,6600)","0","kvm_matrix_lib","I104";
;
$LOCATION"?"
VALUE"100U-6.3V"
CDS_LIB"kvm_matrix_lib"
CDS_LMAN_SYM_OUTLINE"-50,0,50,-50"
CODE"98010240";
"2"4;
"1"87;
%"R"
"1","(-1400,5500)","0","kvm_matrix_lib","I105";
;
$LOCATION"?"
VALUE"0.27"
CDS_LIB"kvm_matrix_lib"
CDS_LMAN_SYM_OUTLINE"-100,25,100,-25"
CODE"07090922";
"A"66;
"B"33;
%"R"
"1","(-1400,5550)","0","kvm_matrix_lib","I106";
;
$LOCATION"?"
VALUE"0.27"
CDS_LIB"kvm_matrix_lib"
CDS_LMAN_SYM_OUTLINE"-100,25,100,-25"
CODE"07090922";
"A"66;
"B"33;
%"R"
"1","(-1400,5650)","0","kvm_matrix_lib","I107";
;
$LOCATION"?"
VALUE"0.27"
CDS_LIB"kvm_matrix_lib"
CDS_LMAN_SYM_OUTLINE"-100,25,100,-25"
CODE"07090922";
"A"66;
"B"33;
%"R"
"1","(-1400,5600)","0","kvm_matrix_lib","I108";
;
VALUE"0.27"
$LOCATION"?"
CDS_LIB"kvm_matrix_lib"
CDS_LMAN_SYM_OUTLINE"-100,25,100,-25"
CODE"07090922";
"A"66;
"B"33;
%"GND_SIGNAL"
"1","(-1600,6250)","3","standard","I109";
;
CDS_LIB"standard"
HDL_POWER"GND_SIGNAL"
BODY_TYPE"PLUMBING";
"GND"4;
%"GND_SIGNAL"
"1","(-6150,2750)","5","standard","I11";
;
CDS_LIB"standard"
HDL_POWER"GND_SIGNAL"
BODY_TYPE"PLUMBING";
"GND"5;
%"L"
"1","(-2800,6950)","0","kvm_matrix_lib","I110";
;
$LOCATION"?"
VALUE"2.7UH"
CDS_LIB"kvm_matrix_lib"
CDS_LMAN_SYM_OUTLINE"-125,50,125,0"
CODE"10031070";
"A"82;
"B"87;
%"R"
"1","(-1400,6950)","0","kvm_matrix_lib","I111";
;
$LOCATION"?"
VALUE"0.27"
CDS_LIB"kvm_matrix_lib"
CDS_LMAN_SYM_OUTLINE"-100,25,100,-25"
CODE"07090922";
"A"87;
"B"58;
%"R"
"1","(-1400,6900)","0","kvm_matrix_lib","I112";
;
$LOCATION"?"
VALUE"0.27"
CDS_LIB"kvm_matrix_lib"
CDS_LMAN_SYM_OUTLINE"-100,25,100,-25"
CODE"07090922";
"A"87;
"B"58;
%"R"
"1","(-1400,7000)","0","kvm_matrix_lib","I113";
;
VALUE"0.27"
$LOCATION"?"
CDS_LIB"kvm_matrix_lib"
CDS_LMAN_SYM_OUTLINE"-100,25,100,-25"
CODE"07090922";
"A"87;
"B"58;
%"R"
"1","(-1400,7050)","0","kvm_matrix_lib","I114";
;
VALUE"0.27"
$LOCATION"?"
CDS_LIB"kvm_matrix_lib"
CDS_LMAN_SYM_OUTLINE"-100,25,100,-25"
CODE"07090922";
"A"87;
"B"58;
%"GND_SIGNAL"
"1","(-900,1400)","0","standard","I115";
;
CDS_LIB"standard"
HDL_POWER"GND_SIGNAL"
BODY_TYPE"PLUMBING";
"GND"6;
%"LED_S"
"1","(-850,2100)","1","kvm_matrix_lib","I116";
;
$LOCATION"?"
VALUE"HSMG-C170-B"
CDS_LIB"kvm_matrix_lib"
CDS_LMAN_SYM_OUTLINE"-150,50,50,-75"
CODE"15020063";
"A"93;
"B"92;
%"R"
"1","(-850,2600)","1","kvm_matrix_lib","I117";
;
$LOCATION"?"
VALUE"4.7K"
CDS_LIB"kvm_matrix_lib"
CDS_LMAN_SYM_OUTLINE"-100,25,100,-25"
CODE"07090246";
"A"93;
"B"47;
%"NPN"
"1","(-900,1650)","0","kvm_matrix_lib","I118";
;
$LOCATION"?"
VALUE"MMBT4401LT1"
CDS_LIB"kvm_matrix_lib"
CDS_LMAN_SYM_OUTLINE"0,50,50,-50"
CODE"15050026";
"C"92;
"E"6;
"B"81;
%"OUTPORT"
"1","(-2850,2700)","0","standard","I119";
;
CDS_LIB"standard"
OFFPAGE"TRUE";
"A"
VHDL_PORT"OUT"
HDL_PORT"OUT"43;
%"R"
"1","(-5800,2700)","0","kvm_matrix_lib","I12";
;
$LOCATION"?"
VALUE"47K-1%"
CDS_LIB"kvm_matrix_lib"
CDS_LMAN_SYM_OUTLINE"-100,25,100,-25"
CODE"07090449";
"A"5;
"B"97;
%"GND_SIGNAL"
"1","(-3750,3300)","3","standard","I120";
;
CDS_LIB"standard"
HDL_POWER"GND_SIGNAL"
BODY_TYPE"PLUMBING";
"GND"7;
%"R"
"1","(-4100,3350)","0","kvm_matrix_lib","I121";
;
VALUE"27.4K"
$LOCATION"?"
CDS_LIB"kvm_matrix_lib"
CDS_LMAN_SYM_OUTLINE"-100,25,100,-25"
CODE"07090320";
"A"45;
"B"76;
%"C"
"1","(-4200,3450)","1","kvm_matrix_lib","I122";
;
VALUE"100P"
$LOCATION"?"
CDS_LIB"kvm_matrix_lib"
CDS_LMAN_SYM_OUTLINE"-50,0,50,-50"
CODE"08070230";
"1"45;
"2"41;
%"ADP5053"
"1","(-4850,4550)","0","kvm_matrix_lib","I123";
;
CDS_LIB"kvm_matrix_lib"
CDS_LMAN_SYM_OUTLINE"-450,2750,350,-2950";
"49"24;
"48"77;
"47"50;
"46"54;
"45"69;
"44"49;
"43"98;
"42"46;
"41"97;
"40"86;
"39"63;
"38"51;
"37"64;
"36"52;
"35"52;
"34"82;
"33"82;
"32"83;
"31"85;
"30"4;
"29"67;
"28"90;
"27"75;
"26"75;
"25"62;
"24"62;
"23"89;
"22"95;
"21"68;
"20"48;
"19"21;
"18"21;
"17"21;
"16"45;
"15"80;
"14"74;
"13"21;
"12"94;
"11"29;
"10"40;
"9"57;
"8"43;
"7"35;
"6"44;
"5"36;
"4"55;
"3"73;
"2"3;
"1"84;
%"R"
"1","(-5700,3700)","0","kvm_matrix_lib","I124";
;
$LOCATION"?"
VALUE"1K-1%"
CDS_LIB"kvm_matrix_lib"
CDS_LMAN_SYM_OUTLINE"-100,25,100,-25"
CODE"07090549";
"A"56;
"B"74;
%"L"
"1","(-3400,4600)","0","kvm_matrix_lib","I125";
;
$LOCATION"?"
VALUE"8.2UH"
CODE"10090821"
CDS_LMAN_SYM_OUTLINE"-125,50,125,0"
CDS_LIB"kvm_matrix_lib";
"A"73;
"B"65;
%"CP"
"1","(-3000,4800)","6","kvm_matrix_lib","I126";
;
$LOCATION"?"
VALUE"22U-10V"
CODE"10081731"
CDS_LMAN_SYM_OUTLINE"-50,0,50,-50"
CDS_LIB"kvm_matrix_lib";
"2"3;
"1"65;
%"C"
"1","(-5650,4350)","1","kvm_matrix_lib","I127";
;
VALUE"3.3N"
$LOCATION"?"
CDS_LMAN_SYM_OUTLINE"-50,0,50,-50"
CDS_LIB"kvm_matrix_lib"
CODE"08070347";
"1"72;
"2"54;
%"R"
"1","(-6100,4350)","0","kvm_matrix_lib","I128";
;
$LOCATION"?"
VALUE"2.74K"
CDS_LMAN_SYM_OUTLINE"-100,25,100,-25"
CDS_LIB"kvm_matrix_lib"
CODE"07090585";
"A"53;
"B"72;
%"R"
"1","(-6650,4350)","0","kvm_matrix_lib","I129";
;
VALUE"59"
$LOCATION"?"
CODE"07090588"
CDS_LIB"kvm_matrix_lib"
CDS_LMAN_SYM_OUTLINE"-100,25,100,-25";
"A"12;
"B"53;
%"INPORT"
"1","(-6900,2950)","0","standard","I13";
;
CDS_LIB"standard"
OFFPAGE"TRUE";
"A"
VHDL_PORT"IN"
HDL_PORT"IN"35;
%"R"
"1","(-3550,4200)","0","kvm_matrix_lib","I130";
;
VALUE"40.2K-1%"
$LOCATION"?"
CODE"07090695"
CDS_LIB"kvm_matrix_lib"
CDS_LMAN_SYM_OUTLINE"-100,25,100,-25";
"A"69;
"B"28;
%"R"
"1","(-3800,4300)","0","kvm_matrix_lib","I131";
;
$LOCATION"?"
VALUE"100"
CDS_LMAN_SYM_OUTLINE"-100,25,100,-25"
CDS_LIB"kvm_matrix_lib"
CODE"07090231";
"A"69;
"B"71;
%"R"
"1","(-3250,4300)","0","kvm_matrix_lib","I132";
;
$LOCATION"?"
VALUE"20K"
CDS_LMAN_SYM_OUTLINE"-100,25,100,-25"
CDS_LIB"kvm_matrix_lib"
CODE"07090458";
"A"71;
"B"65;
%"C"
"1","(-3500,4450)","1","kvm_matrix_lib","I133";
;
$LOCATION"?"
VALUE"150P"
CODE"08070229"
CDS_LIB"kvm_matrix_lib"
CDS_LMAN_SYM_OUTLINE"-50,0,50,-50";
"1"69;
"2"65;
%"INPORT"
"1","(-6900,3150)","0","standard","I14";
;
CDS_LIB"standard"
OFFPAGE"TRUE";
"A"
VHDL_PORT"IN"
HDL_PORT"IN"36;
%"GND_SIGNAL"
"1","(-6950,3500)","5","standard","I15";
;
CDS_LIB"standard"
HDL_POWER"GND_SIGNAL"
BODY_TYPE"PLUMBING";
"GND"8;
%"R"
"1","(-6650,3450)","0","kvm_matrix_lib","I16";
;
VALUE"4.7K"
$LOCATION"?"
CDS_LIB"kvm_matrix_lib"
CDS_LMAN_SYM_OUTLINE"-100,25,100,-25"
CODE"07090246";
"A"8;
"B"78;
%"GND_SIGNAL"
"1","(-6550,2900)","5","standard","I17";
;
CDS_LIB"standard"
BODY_TYPE"PLUMBING"
HDL_POWER"GND_SIGNAL";
"GND"9;
%"C"
"1","(-6250,2850)","1","kvm_matrix_lib","I18";
;
$LOCATION"?"
VALUE"0.1U"
CDS_LIB"kvm_matrix_lib"
CDS_LMAN_SYM_OUTLINE"-50,0,50,-50"
CODE"08070262";
"1"9;
"2"35;
%"RESETKEY"
"1","(-6100,2850)","0","kvm_matrix_lib","I19";
;
VALUE"RESET-SMT"
$LOCATION"?"
CDS_LIB"kvm_matrix_lib"
CDS_LMAN_SYM_OUTLINE"200,50,450,-100"
CODE"16100017";
"B2"35;
"B1"0;
"A1"9;
"A2"0;
%"GND_SIGNAL"
"1","(-6150,2000)","5","standard","I2";
;
CDS_LIB"standard"
HDL_POWER"GND_SIGNAL"
BODY_TYPE"PLUMBING";
"GND"10;
%"R"
"1","(-6100,3450)","0","kvm_matrix_lib","I20";
;
$LOCATION"?"
VALUE"1.2K-1%"
CDS_LIB"kvm_matrix_lib"
CDS_LMAN_SYM_OUTLINE"-100,25,100,-25"
CODE"97090154";
"A"78;
"B"79;
%"GND_SIGNAL"
"1","(-6100,3600)","5","standard","I21";
;
CDS_LIB"standard"
BODY_TYPE"PLUMBING"
HDL_POWER"GND_SIGNAL";
"GND"11;
%"GND_SIGNAL"
"1","(-6950,4400)","5","standard","I22";
;
CDS_LIB"standard"
BODY_TYPE"PLUMBING"
HDL_POWER"GND_SIGNAL";
"GND"12;
%"GND_SIGNAL"
"1","(-6100,4550)","5","standard","I24";
;
CDS_LIB"standard"
BODY_TYPE"PLUMBING"
HDL_POWER"GND_SIGNAL";
"GND"13;
%"R"
"1","(-5700,3550)","0","kvm_matrix_lib","I25";
;
VALUE"10K"
$LOCATION"?"
CDS_LIB"kvm_matrix_lib"
CDS_LMAN_SYM_OUTLINE"-100,25,100,-25"
CODE"07090035";
"A"11;
"B"74;
%"C"
"1","(-5650,3450)","1","kvm_matrix_lib","I26";
;
$LOCATION"?"
VALUE"1.5NF"
CDS_LIB"kvm_matrix_lib"
CDS_LMAN_SYM_OUTLINE"-50,0,50,-50"
CODE"98070522";
"1"79;
"2"80;
%"GND_SIGNAL"
"1","(-5900,3950)","5","standard","I27";
;
CDS_LIB"standard"
BODY_TYPE"PLUMBING"
HDL_POWER"GND_SIGNAL";
"GND"14;
%"C"
"1","(-5650,3900)","1","kvm_matrix_lib","I28";
;
$LOCATION"?"
VALUE"10UF"
CDS_LIB"kvm_matrix_lib"
CDS_LMAN_SYM_OUTLINE"-50,0,50,-50"
CODE"08070391";
"1"14;
"2"57;
%"R"
"1","(-5700,4650)","0","kvm_matrix_lib","I29";
;
$LOCATION"?"
VALUE"1K-1%"
CDS_LIB"kvm_matrix_lib"
CDS_LMAN_SYM_OUTLINE"-100,25,100,-25"
CODE"07090549";
"A"38;
"B"77;
%"GND_SIGNAL"
"1","(-6150,2450)","5","standard","I3";
;
CDS_LIB"standard"
BODY_TYPE"PLUMBING"
HDL_POWER"GND_SIGNAL";
"GND"15;
%"R"
"1","(-5700,4500)","0","kvm_matrix_lib","I30";
;
$LOCATION"?"
VALUE"10K"
CDS_LIB"kvm_matrix_lib"
CDS_LMAN_SYM_OUTLINE"-100,25,100,-25"
CODE"07090035";
"A"13;
"B"77;
%"GND_SIGNAL"
"1","(-6450,5450)","5","standard","I32";
;
CDS_LIB"standard"
BODY_TYPE"PLUMBING"
HDL_POWER"GND_SIGNAL";
"GND"16;
%"R"
"1","(-6100,5400)","0","kvm_matrix_lib","I33";
;
$LOCATION"?"
VALUE"4.42K"
CDS_LIB"kvm_matrix_lib"
CDS_LMAN_SYM_OUTLINE"-100,25,100,-25"
CODE"07090592";
"A"16;
"B"96;
%"GND_SIGNAL"
"1","(-6100,5650)","5","standard","I34";
;
CDS_LIB"standard"
HDL_POWER"GND_SIGNAL"
BODY_TYPE"PLUMBING";
"GND"17;
%"GND_SIGNAL"
"1","(-6900,6500)","5","standard","I35";
;
CDS_LIB"standard"
HDL_POWER"GND_SIGNAL"
BODY_TYPE"PLUMBING";
"GND"18;
%"R"
"1","(-6600,6450)","0","kvm_matrix_lib","I36";
;
$LOCATION"?"
VALUE"75"
CDS_LIB"kvm_matrix_lib"
CDS_LMAN_SYM_OUTLINE"-100,25,100,-25"
CODE"07090362";
"A"18;
"B"60;
%"R"
"1","(-6100,6450)","0","kvm_matrix_lib","I37";
;
$LOCATION"?"
VALUE"1.8K-1%"
CDS_LIB"kvm_matrix_lib"
CDS_LMAN_SYM_OUTLINE"-100,25,100,-25"
CODE"97090132";
"A"60;
"B"91;
%"GND_SIGNAL"
"1","(-6100,6700)","5","standard","I38";
;
CDS_LIB"standard"
BODY_TYPE"PLUMBING"
HDL_POWER"GND_SIGNAL";
"GND"19;
%"GND_SIGNAL"
"1","(-5900,4900)","5","standard","I39";
;
CDS_LIB"standard"
HDL_POWER"GND_SIGNAL"
BODY_TYPE"PLUMBING";
"GND"20;
%"GND_SIGNAL"
"1","(-5650,1700)","5","standard","I4";
;
CDS_LIB"standard"
BODY_TYPE"PLUMBING"
HDL_POWER"GND_SIGNAL";
"GND"21;
%"C"
"1","(-5650,4850)","1","kvm_matrix_lib","I40";
;
$LOCATION"?"
VALUE"10UF"
CDS_LIB"kvm_matrix_lib"
CDS_LMAN_SYM_OUTLINE"-50,0,50,-50"
CODE"08070391";
"1"20;
"2"55;
%"R"
"1","(-5700,5600)","0","kvm_matrix_lib","I41";
;
VALUE"10K"
$LOCATION"?"
CDS_LIB"kvm_matrix_lib"
CDS_LMAN_SYM_OUTLINE"-100,25,100,-25"
CODE"07090035";
"A"17;
"B"89;
%"R"
"1","(-5700,5750)","0","kvm_matrix_lib","I42";
;
$LOCATION"?"
VALUE"1K-1%"
CDS_LIB"kvm_matrix_lib"
CDS_LMAN_SYM_OUTLINE"-100,25,100,-25"
CODE"07090549";
"A"59;
"B"89;
%"C"
"1","(-5650,5400)","1","kvm_matrix_lib","I43";
;
$LOCATION"?"
VALUE"1.5NF"
CDS_LIB"kvm_matrix_lib"
CDS_LMAN_SYM_OUTLINE"-50,0,50,-50"
CODE"98070522";
"1"96;
"2"95;
%"GND_SIGNAL"
"1","(-5900,6000)","5","standard","I44";
;
CDS_LIB"standard"
BODY_TYPE"PLUMBING"
HDL_POWER"GND_SIGNAL";
"GND"22;
%"C"
"1","(-5650,5950)","1","kvm_matrix_lib","I45";
;
VALUE"10UF"
$LOCATION"?"
CDS_LIB"kvm_matrix_lib"
CDS_LMAN_SYM_OUTLINE"-50,0,50,-50"
CODE"08070391";
"1"22;
"2"62;
%"R"
"1","(-5700,6650)","0","kvm_matrix_lib","I46";
;
$LOCATION"?"
VALUE"47K-1%"
CDS_LIB"kvm_matrix_lib"
CDS_LMAN_SYM_OUTLINE"-100,25,100,-25"
CODE"07090449";
"A"19;
"B"64;
%"C"
"1","(-5650,6450)","1","kvm_matrix_lib","I47";
;
$LOCATION"?"
VALUE"6800P"
CDS_LIB"kvm_matrix_lib"
CDS_LMAN_SYM_OUTLINE"-50,0,50,-50"
CODE"08070248";
"1"91;
"2"63;
%"R"
"1","(-5700,6800)","0","kvm_matrix_lib","I48";
;
VALUE"47K-1%"
$LOCATION"?"
CDS_LIB"kvm_matrix_lib"
CDS_LMAN_SYM_OUTLINE"-100,25,100,-25"
CODE"07090449";
"A"61;
"B"64;
%"GND_SIGNAL"
"1","(-5900,7100)","5","standard","I49";
;
CDS_LIB"standard"
BODY_TYPE"PLUMBING"
HDL_POWER"GND_SIGNAL";
"GND"23;
%"R"
"1","(-5800,1950)","0","kvm_matrix_lib","I5";
;
$LOCATION"?"
VALUE"0"
CDS_LIB"kvm_matrix_lib"
CDS_LMAN_SYM_OUTLINE"-100,25,100,-25"
CODE"07090522";
"A"10;
"B"50;
%"C"
"1","(-5650,7050)","3","kvm_matrix_lib","I50";
;
VALUE"10UF"
$LOCATION"?"
CDS_LIB"kvm_matrix_lib"
CDS_LMAN_SYM_OUTLINE"-50,0,50,-50"
CODE"08070391";
"1"23;
"2"52;
%"C"
"1","(-4250,2100)","1","kvm_matrix_lib","I51";
;
VALUE"1U"
$LOCATION"?"
CDS_LIB"kvm_matrix_lib"
CDS_LMAN_SYM_OUTLINE"-50,0,50,-50"
CODE"98070403";
"1"49;
"2"25;
%"GND_SIGNAL"
"1","(-4150,1800)","3","standard","I52";
;
CDS_LIB"standard"
BODY_TYPE"PLUMBING"
HDL_POWER"GND_SIGNAL";
"GND"24;
%"C"
"1","(-4250,2350)","1","kvm_matrix_lib","I53";
;
$LOCATION"?"
VALUE"1U"
CDS_LIB"kvm_matrix_lib"
CDS_LMAN_SYM_OUTLINE"-50,0,50,-50"
CODE"98070403";
"1"46;
"2"26;
%"GND_SIGNAL"
"1","(-3950,2150)","3","standard","I54";
;
CDS_LIB"standard"
BODY_TYPE"PLUMBING"
HDL_POWER"GND_SIGNAL";
"GND"25;
%"GND_SIGNAL"
"1","(-3950,2400)","3","standard","I55";
;
CDS_LIB"standard"
BODY_TYPE"PLUMBING"
HDL_POWER"GND_SIGNAL";
"GND"26;
%"R"
"1","(-4100,2900)","0","kvm_matrix_lib","I56";
;
$LOCATION"?"
VALUE"10K"
CDS_LIB"kvm_matrix_lib"
CDS_LMAN_SYM_OUTLINE"-100,25,100,-25"
CODE"07090247";
"A"44;
"B"27;
%"R"
"1","(-4100,2800)","0","kvm_matrix_lib","I57";
;
$LOCATION"?"
VALUE"4.7K"
CDS_LIB"kvm_matrix_lib"
CDS_LMAN_SYM_OUTLINE"-100,25,100,-25"
CODE"07090246";
"A"43;
"B"42;
%"R"
"1","(-4100,3000)","0","kvm_matrix_lib","I58";
;
$LOCATION"?"
VALUE"82K"
CDS_LIB"kvm_matrix_lib"
CDS_LMAN_SYM_OUTLINE"-100,25,100,-25"
CODE"07090347";
"A"44;
"B"39;
%"R"
"1","(-4100,3250)","0","kvm_matrix_lib","I59";
;
$LOCATION"?"
VALUE"22.1K"
CDS_LIB"kvm_matrix_lib"
CDS_LMAN_SYM_OUTLINE"-100,25,100,-25"
CODE"07090121";
"A"45;
"B"7;
%"R"
"1","(-5800,2150)","0","kvm_matrix_lib","I6";
;
$LOCATION"?"
VALUE"0"
CDS_LIB"kvm_matrix_lib"
CDS_LMAN_SYM_OUTLINE"-100,25,100,-25"
CODE"07090522";
"A"1;
"B"51;
%"C"
"1","(-4250,3950)","1","kvm_matrix_lib","I60";
;
$LOCATION"?"
VALUE"0.1U"
CDS_LIB"kvm_matrix_lib"
CDS_LMAN_SYM_OUTLINE"-50,0,50,-50"
CODE"08070262";
"1"94;
"2"40;
%"GND_SIGNAL"
"1","(-3750,2950)","3","standard","I64";
;
CDS_LIB"standard"
BODY_TYPE"PLUMBING"
HDL_POWER"GND_SIGNAL";
"GND"27;
%"R"
"1","(-3550,3350)","0","kvm_matrix_lib","I65";
;
$LOCATION"?"
VALUE"220"
CDS_LIB"kvm_matrix_lib"
CDS_LMAN_SYM_OUTLINE"-100,25,100,-25"
CODE"07090021";
"A"76;
"B"41;
%"L"
"1","(-3400,3600)","0","kvm_matrix_lib","I66";
;
$LOCATION"?"
VALUE"8.2UH"
CDS_LMAN_SYM_OUTLINE"-125,50,125,0"
CDS_LIB"kvm_matrix_lib"
CODE"10090821";
"A"40;
"B"41;
%"CP"
"1","(-3000,3800)","6","kvm_matrix_lib","I67";
;
VALUE"22U-10V"
$LOCATION"?"
CDS_LMAN_SYM_OUTLINE"-50,0,50,-50"
CDS_LIB"kvm_matrix_lib"
CODE"10081731";
"2"29;
"1"41;
%"R"
"1","(-5800,2000)","0","kvm_matrix_lib","I7";
;
$LOCATION"?"
VALUE"0"
CDS_LIB"kvm_matrix_lib"
CDS_LMAN_SYM_OUTLINE"-100,25,100,-25"
CODE"07090522";
"A"99;
"B"50;
%"GND_SIGNAL"
"1","(-3200,4250)","3","standard","I70";
;
CDS_LIB"standard"
BODY_TYPE"PLUMBING"
HDL_POWER"GND_SIGNAL";
"GND"28;
%"INPORT"
"1","(-1950,1650)","0","standard","I72";
;
CDS_LIB"standard"
OFFPAGE"TRUE";
"A"
VHDL_PORT"IN"
HDL_PORT"IN"81;
%"OUTPORT"
"1","(-2850,2000)","0","standard","I73";
;
CDS_LIB"standard"
OFFPAGE"TRUE";
"A"
VHDL_PORT"OUT"
HDL_PORT"OUT"48;
%"R"
"1","(-1250,2250)","1","kvm_matrix_lib","I74";
;
VALUE"47K-1%"
$LOCATION"?"
CDS_LIB"kvm_matrix_lib"
CDS_LMAN_SYM_OUTLINE"-100,25,100,-25"
CODE"07090449";
"A"81;
"B"47;
%"GND_SIGNAL"
"1","(-2700,4150)","3","standard","I75";
;
CDS_LIB"standard"
HDL_POWER"GND_SIGNAL"
BODY_TYPE"PLUMBING";
"GND"29;
%"R"
"1","(-1400,3700)","0","kvm_matrix_lib","I76";
;
VALUE"0.27"
$LOCATION"?"
CDS_LIB"kvm_matrix_lib"
CDS_LMAN_SYM_OUTLINE"-100,25,100,-25"
CODE"07090922";
"A"41;
"B"32;
%"R"
"1","(-1400,3650)","0","kvm_matrix_lib","I77";
;
VALUE"0.27"
$LOCATION"?"
CDS_LIB"kvm_matrix_lib"
CDS_LMAN_SYM_OUTLINE"-100,25,100,-25"
CODE"07090922";
"A"41;
"B"32;
%"R"
"1","(-1400,3550)","0","kvm_matrix_lib","I78";
;
$LOCATION"?"
VALUE"0.27"
CDS_LIB"kvm_matrix_lib"
CDS_LMAN_SYM_OUTLINE"-100,25,100,-25"
CODE"07090922";
"A"41;
"B"32;
%"R"
"1","(-1400,3600)","0","kvm_matrix_lib","I79";
;
$LOCATION"?"
VALUE"0.27"
CDS_LIB"kvm_matrix_lib"
CDS_LMAN_SYM_OUTLINE"-100,25,100,-25"
CODE"07090922";
"A"41;
"B"32;
%"R"
"1","(-5800,2200)","0","kvm_matrix_lib","I8";
;
$LOCATION"?"
VALUE"0"
CDS_LIB"kvm_matrix_lib"
CDS_LMAN_SYM_OUTLINE"-100,25,100,-25"
CODE"07090522";
"A"37;
"B"51;
%"R"
"1","(-1400,4550)","0","kvm_matrix_lib","I80";
;
VALUE"0.27"
$LOCATION"?"
CDS_LIB"kvm_matrix_lib"
CDS_LMAN_SYM_OUTLINE"-100,25,100,-25"
CODE"07090922";
"A"65;
"B"31;
%"R"
"1","(-1400,4700)","0","kvm_matrix_lib","I81";
;
$LOCATION"?"
VALUE"0.27"
CDS_LIB"kvm_matrix_lib"
CDS_LMAN_SYM_OUTLINE"-100,25,100,-25"
CODE"07090922";
"A"65;
"B"31;
%"R"
"1","(-1400,4650)","0","kvm_matrix_lib","I82";
;
$LOCATION"?"
VALUE"0.27"
CDS_LIB"kvm_matrix_lib"
CDS_LMAN_SYM_OUTLINE"-100,25,100,-25"
CODE"07090922";
"A"65;
"B"31;
%"R"
"1","(-1400,4600)","0","kvm_matrix_lib","I83";
;
VALUE"0.27"
$LOCATION"?"
CDS_LIB"kvm_matrix_lib"
CDS_LMAN_SYM_OUTLINE"-100,25,100,-25"
CODE"07090922";
"A"65;
"B"31;
%"C"
"1","(-4250,4950)","1","kvm_matrix_lib","I84";
;
VALUE"0.1U"
$LOCATION"?"
CDS_LIB"kvm_matrix_lib"
CDS_LMAN_SYM_OUTLINE"-50,0,50,-50"
CODE"08070262";
"1"84;
"2"73;
%"R"
"1","(-4100,5200)","0","kvm_matrix_lib","I85";
;
$LOCATION"?"
VALUE"16.5K"
CDS_LIB"kvm_matrix_lib"
CDS_LMAN_SYM_OUTLINE"-100,25,100,-25"
CODE"07090600";
"A"68;
"B"70;
%"R"
"1","(-4100,5300)","0","kvm_matrix_lib","I86";
;
VALUE"68K-1%"
$LOCATION"?"
CDS_LIB"kvm_matrix_lib"
CDS_LMAN_SYM_OUTLINE"-100,25,100,-25"
CODE"07090421";
"A"68;
"B"66;
%"C"
"1","(-4200,5400)","1","kvm_matrix_lib","I87";
;
VALUE"82PF"
$LOCATION"?"
CDS_LIB"kvm_matrix_lib"
CDS_LMAN_SYM_OUTLINE"-50,0,50,-50"
CODE"98070524";
"1"68;
"2"66;
%"C"
"1","(-4250,5800)","1","kvm_matrix_lib","I88";
;
VALUE"0.1U"
$LOCATION"?"
CDS_LIB"kvm_matrix_lib"
CDS_LMAN_SYM_OUTLINE"-50,0,50,-50"
CODE"08070262";
"1"90;
"2"75;
%"R"
"1","(-4050,6100)","0","kvm_matrix_lib","I89";
;
$LOCATION"?"
VALUE"47K-1%"
CDS_LIB"kvm_matrix_lib"
CDS_LMAN_SYM_OUTLINE"-100,25,100,-25"
CODE"07090449";
"A"67;
"B"4;
%"R"
"1","(-5800,2400)","0","kvm_matrix_lib","I9";
;
$LOCATION"?"
VALUE"0"
CDS_LIB"kvm_matrix_lib"
CDS_LMAN_SYM_OUTLINE"-100,25,100,-25"
CODE"07090522";
"A"15;
"B"98;
%"R"
"1","(-4050,6300)","0","kvm_matrix_lib","I90";
;
$LOCATION"?"
VALUE"47K-1%"
CDS_LIB"kvm_matrix_lib"
CDS_LMAN_SYM_OUTLINE"-100,25,100,-25"
CODE"07090449";
"A"85;
"B"4;
%"C"
"1","(-4200,6650)","1","kvm_matrix_lib","I91";
;
$LOCATION"?"
VALUE"0.1U"
CDS_LIB"kvm_matrix_lib"
CDS_LMAN_SYM_OUTLINE"-50,0,50,-50"
CODE"08070262";
"1"83;
"2"82;
%"R"
"1","(-3550,5200)","0","kvm_matrix_lib","I92";
;
$LOCATION"?"
VALUE"5.11K"
CDS_LIB"kvm_matrix_lib"
CDS_LMAN_SYM_OUTLINE"-100,25,100,-25"
CODE"07090036";
"A"70;
"B"30;
%"GND_SIGNAL"
"1","(-3200,5250)","3","standard","I93";
;
CDS_LIB"standard"
HDL_POWER"GND_SIGNAL"
BODY_TYPE"PLUMBING";
"GND"30;
%"FDS9926A"
"2","(-3200,6000)","6","kvm_matrix_lib","I94";
;
CDS_LIB"kvm_matrix_lib"
CDS_LMAN_SYM_OUTLINE"-125,325,175,-125";
"8"75;
"7"75;
"2"67;
"1"4;
%"FDS9926A"
"1","(-3200,6450)","0","kvm_matrix_lib","I95";
;
CDS_LIB"kvm_matrix_lib"
CDS_LMAN_SYM_OUTLINE"-125,375,175,-75";
"6"82;
"5"82;
"4"85;
"3"4;
%"C"
"1","(-4200,7100)","1","kvm_matrix_lib","I96";
;
$LOCATION"?"
VALUE"220P"
CDS_LIB"kvm_matrix_lib"
CDS_LMAN_SYM_OUTLINE"-50,0,50,-50"
CODE"08070228";
"1"86;
"2"87;
%"R"
"1","(-4100,7300)","0","kvm_matrix_lib","I97";
;
$LOCATION"?"
VALUE"40.2K-1%"
CDS_LIB"kvm_matrix_lib"
CDS_LMAN_SYM_OUTLINE"-100,25,100,-25"
CODE"07090695";
"A"86;
"B"2;
%"R"
"1","(-4100,7200)","0","kvm_matrix_lib","I98";
;
$LOCATION"?"
VALUE"10K"
CDS_LIB"kvm_matrix_lib"
CDS_LMAN_SYM_OUTLINE"-100,25,100,-25"
CODE"07090035";
"A"86;
"B"88;
%"R"
"1","(-3550,7200)","0","kvm_matrix_lib","I99";
;
$LOCATION"?"
VALUE"51"
CDS_LIB"kvm_matrix_lib"
CDS_LMAN_SYM_OUTLINE"-100,25,100,-25"
CODE"07090266";
"A"88;
"B"87;
END.
