FILE_TYPE = CONNECTIVITY;
{Allegro Design Entry HDL 16.6-p007 (v16-6-112F) 10/10/2012}
"PAGE_NUMBER" = 37;
0"NC";
1"GND_SIGNAL\g";
2"GND_SIGNAL\g";
3"GND_SIGNAL\g";
4"GND_SIGNAL\g";
5"GND_SIGNAL\g";
6"GND_SIGNAL\g";
7"GND_SIGNAL\g";
8"GND_SIGNAL\g";
9"GND_SIGNAL\g";
10"UN$37$R$I16$B";
11"A7_7511_SCL";
12"A7_7511_SDA";
13"A7_7511_DATA0_P";
14"V_A7_7511_5V0";
15"A7_7511_CEC";
16"V_A7_5V0_IN";
17"A7_7511_HEAC_P_C";
18"A7_7511_CLK_N";
19"A7_7511_CLK_N";
20"A7_7511_SCL";
21"A7_7511_CLK_N";
22"A7_7511_HP";
23"A7_7511_SCL";
24"A7_7511_CEC";
25"A7_7511_HP";
26"A7_7511_SCL";
27"A7_7511_SDA";
28"V_A7_7511_5V0";
29"A7_7511_HEAC_P_C";
30"A7_7511_DATA2_P";
31"A7_7511_DATA1_P";
32"A7_7511_DATA1_N";
33"A7_7511_DATA0_P";
34"A7_7511_DATA0_P";
35"A7_7511_DATA0_N";
36"A7_7511_DATA1_P";
37"A7_7511_DATA1_N";
38"A7_7511_CEC";
39"A7_7511_HP";
40"A7_7511_SDA";
41"A7_7511_DATA0_N";
42"A7_7511_DATA1_P";
43"A7_7511_DATA1_N";
44"A7_7511_DATA2_N";
45"V_A7_3V3_7511_MVDD";
46"V_A7_1V8_7511_DVDD";
47"UN$37$DIODE$I23$A";
48"A7_7511_HEAC_N";
49"A7_7511_HEAC_P";
50"A7_7511_HP";
51"V_A7_7511_5V0";
52"A7_7511_CLK_P";
53"A7_7511_DATA2_P";
54"A7_7511_DATA0_N";
55"A7_7511_DATA2_N";
56"A7_7511_CLK_P";
57"A7_7511_DATA2_P";
58"A7_7511_CLK_P";
59"A7_7511_DATA2_N";
60"A7_7511_SDA";
61"A7_7511_CEC";
%"GND_SIGNAL"
"1","(-8750,2550)","0","standard","I1";
;
CDS_LIB"standard"
BODY_TYPE"PLUMBING"
HDL_POWER"GND_SIGNAL";
"GND"8;
%"R"
"1","(-2350,1350)","0","kvm_matrix_lib","I10";
;
$LOCATION"?"
VALUE"1.8K-1%"
CDS_LIB"kvm_matrix_lib"
CDS_LMAN_SYM_OUTLINE"-100,25,100,-25"
CODE"97090132";
"A"11;
"B"51;
%"GND_SIGNAL"
"1","(-3300,2700)","0","standard","I11";
;
CDS_LIB"standard"
BODY_TYPE"PLUMBING"
HDL_POWER"GND_SIGNAL";
"GND"7;
%"PESD0402-140"
"1","(-3250,3050)","0","kvm_matrix_lib","I12";
;
CDS_LIB"kvm_matrix_lib"
CDS_LMAN_SYM_OUTLINE"-75,125,75,-175";
"2"7;
"1"29;
%"GND_SIGNAL"
"1","(-3050,2700)","0","standard","I13";
;
CDS_LIB"standard"
BODY_TYPE"PLUMBING"
HDL_POWER"GND_SIGNAL";
"GND"9;
%"R"
"1","(-3000,3100)","1","kvm_matrix_lib","I14";
;
$LOCATION"?"
VALUE"10K"
CDS_LIB"kvm_matrix_lib"
CDS_LMAN_SYM_OUTLINE"-100,25,100,-25"
CODE"07090035";
"A"9;
"B"50;
%"GND_SIGNAL"
"1","(-2200,2050)","0","standard","I15";
;
CDS_LIB"standard"
BODY_TYPE"PLUMBING"
HDL_POWER"GND_SIGNAL";
"GND"6;
%"R"
"1","(-2150,2450)","1","kvm_matrix_lib","I16";
;
$LOCATION"?"
VALUE"4.7"
CDS_LIB"kvm_matrix_lib"
CDS_LMAN_SYM_OUTLINE"-100,25,100,-25"
CODE"07098624";
"A"6;
"B"10;
%"R"
"1","(-2150,3100)","1","kvm_matrix_lib","I17";
;
$LOCATION"?"
VALUE"49.9"
CDS_LIB"kvm_matrix_lib"
CDS_LMAN_SYM_OUTLINE"-100,25,100,-25"
CODE"07090198";
"A"10;
"B"49;
%"C"
"1","(-2800,3450)","1","kvm_matrix_lib","I18";
;
$LOCATION"?"
VALUE"1U-10V"
CDS_LIB"kvm_matrix_lib"
CDS_LMAN_SYM_OUTLINE"-50,0,50,-50"
CODE"08070403";
"1"50;
"2"48;
%"C"
"1","(-2800,3650)","1","kvm_matrix_lib","I19";
;
$LOCATION"?"
VALUE"1U-10V"
CDS_LIB"kvm_matrix_lib"
CDS_LMAN_SYM_OUTLINE"-50,0,50,-50"
CODE"08070403";
"1"29;
"2"49;
%"RCLAMP0524P"
"1","(-8700,3050)","0","kvm_matrix_lib","I2";
;
CDS_LIB"kvm_matrix_lib"
CDS_LMAN_SYM_OUTLINE"-125,275,200,-250";
"10"38;
"9"39;
"8"8;
"7"20;
"6"40;
"5"60;
"4"23;
"3"8;
"2"22;
"1"61;
%"R"
"1","(-2150,4050)","1","kvm_matrix_lib","I20";
;
$LOCATION"?"
VALUE"49.9"
CDS_LIB"kvm_matrix_lib"
CDS_LMAN_SYM_OUTLINE"-100,25,100,-25"
CODE"07090198";
"A"49;
"B"46;
%"R"
"1","(-1850,3100)","1","kvm_matrix_lib","I21";
;
$LOCATION"?"
VALUE"49.9"
CDS_LIB"kvm_matrix_lib"
CDS_LMAN_SYM_OUTLINE"-100,25,100,-25"
CODE"07090198";
"A"10;
"B"48;
%"R"
"1","(-1850,4050)","1","kvm_matrix_lib","I22";
;
$LOCATION"?"
VALUE"49.9"
CDS_LIB"kvm_matrix_lib"
CDS_LMAN_SYM_OUTLINE"-100,25,100,-25"
CODE"07090198";
"A"48;
"B"46;
%"DIODE"
"1","(-2350,5700)","0","kvm_matrix_lib","I23";
;
$LOCATION"?"
VALUE"1N4148"
CDS_LIB"kvm_matrix_lib"
CDS_LMAN_SYM_OUTLINE"-50,50,50,-50"
CODE"95010058";
"K"15;
"A"47;
%"R"
"1","(-1850,5700)","0","kvm_matrix_lib","I24";
;
VALUE"27.4K"
$LOCATION"?"
CDS_LIB"kvm_matrix_lib"
CDS_LMAN_SYM_OUTLINE"-100,25,100,-25"
CODE"07090320";
"A"47;
"B"45;
%"GND_SIGNAL"
"1","(-2500,6500)","0","standard","I25";
;
CDS_LIB"standard"
BODY_TYPE"PLUMBING"
HDL_POWER"GND_SIGNAL";
"GND"5;
%"C"
"1","(-2450,6850)","2","kvm_matrix_lib","I26";
;
$LOCATION"?"
VALUE"10UF"
CDS_LIB"kvm_matrix_lib"
CDS_LMAN_SYM_OUTLINE"-50,0,50,-50"
CODE"08070391";
"1"14;
"2"5;
%"LB"
"1","(-2150,7050)","0","kvm_matrix_lib","I27";
;
$LOCATION"?"
VALUE"100MOHM"
CDS_LIB"kvm_matrix_lib"
CDS_LMAN_SYM_OUTLINE"-125,50,125,0"
CODE"10070008";
"B"16;
"A"14;
%"HDMI-A"
"1","(-5650,5050)","0","kvm_matrix_lib","I28";
;
CDS_LIB"kvm_matrix_lib"
CDS_LMAN_SYM_OUTLINE"-125,500,325,-1150";
"23"2;
"22"2;
"21"2;
"20"2;
"19"25;
"18"28;
"17"1;
"16"27;
"15"26;
"14"17;
"13"24;
"12"18;
"11"2;
"10"52;
"9"41;
"8"2;
"7"13;
"6"43;
"5"2;
"4"42;
"3"44;
"2"2;
"1"53;
%"GND_SIGNAL"
"1","(-8750,3800)","0","standard","I3";
;
CDS_LIB"standard"
BODY_TYPE"PLUMBING"
HDL_POWER"GND_SIGNAL";
"GND"4;
%"RCLAMP0524P"
"1","(-8700,4300)","0","kvm_matrix_lib","I4";
;
CDS_LIB"kvm_matrix_lib"
CDS_LMAN_SYM_OUTLINE"-125,275,200,-250";
"10"30;
"9"55;
"8"4;
"7"56;
"6"21;
"5"19;
"4"58;
"3"4;
"2"59;
"1"57;
%"GND_SIGNAL"
"1","(-8750,5050)","0","standard","I5";
;
CDS_LIB"standard"
HDL_POWER"GND_SIGNAL"
BODY_TYPE"PLUMBING";
"GND"3;
%"RCLAMP0524P"
"1","(-8700,5550)","0","kvm_matrix_lib","I6";
;
CDS_LIB"kvm_matrix_lib"
CDS_LMAN_SYM_OUTLINE"-125,275,200,-250";
"10"33;
"9"54;
"8"3;
"7"31;
"6"32;
"5"37;
"4"36;
"3"3;
"2"35;
"1"34;
%"GND_SIGNAL"
"1","(-6000,3500)","0","standard","I7";
;
CDS_LIB"standard"
HDL_POWER"GND_SIGNAL"
BODY_TYPE"PLUMBING";
"GND"2;
%"GND_SIGNAL"
"1","(-5200,3500)","0","standard","I8";
;
CDS_LIB"standard"
BODY_TYPE"PLUMBING"
HDL_POWER"GND_SIGNAL";
"GND"1;
%"R"
"1","(-2350,1200)","0","kvm_matrix_lib","I9";
;
$LOCATION"?"
VALUE"1.8K-1%"
CDS_LIB"kvm_matrix_lib"
CDS_LMAN_SYM_OUTLINE"-100,25,100,-25"
CODE"97090132";
"A"12;
"B"51;
END.
