FILE_TYPE = CONNECTIVITY;
{Allegro Design Entry HDL 16.6-p007 (v16-6-112F) 10/10/2012}
"PAGE_NUMBER" = 11;
0"NC";
1"GND_SIGNAL\g";
2"GND_SIGNAL\g";
3"GND_SIGNAL\g";
4"GND_SIGNAL\g";
5"GND_SIGNAL\g";
6"GND_SIGNAL\g";
7"GND_SIGNAL\g";
8"GND_SIGNAL\g";
9"GND_SIGNAL\g";
10"GND_SIGNAL\g";
11"GND_SIGNAL\g";
12"GND_SIGNAL\g";
13"GND_SIGNAL\g";
14"GND_SIGNAL\g";
15"GND_SIGNAL\g";
16"S7_88E_INT_N";
17"S7_88E_MDIO";
18"S7_88E_XTAL1";
19"S7_88E_CONFIG6";
20"S7_88E_CONFIG5";
21"S7_88E_CONFIG4";
22"S7_88E_CONFIG3";
23"S7_88E_CONFIG2";
24"S7_88E_CONFIG1";
25"S7_88E_CONFIG0";
26"S7_88E_XTAL2";
27"S7_88E_RESET_N";
28"V_S7_2V5_88E_VDDO";
29"S7_88E_RXD2";
30"S7_88E_RXD3";
31"S7_88E_RXD4";
32"S7_88E_TXD6";
33"S7_88E_TX_ER";
34"S7_88E_TX_CLK";
35"S7_88E_RXD1";
36"S7_88E_TXD7";
37"S7_88E_TXD5";
38"S7_88E_RX_DV";
39"S7_88E_RXD0";
40"S7_88E_CRS";
41"S7_88E_RX_ER";
42"S7_88E_RX_CLK";
43"S7_88E_COL";
44"S7_88E_SOUT_P";
45"S7_88E_SCLK_N_TP";
46"S7_88E_SCLK_P_TP";
47"S7_88E_SIN_N";
48"S7_88E_SIN_P";
49"S7_88E_HSDAC_N_TP";
50"S7_88E_RSET";
51"S7_88E_HSDAC_P_TP";
52"S7_88E_INT_N";
53"S7_88E_MDIO";
54"S7_88E_MDC";
55"S7_88E_LED_TX";
56"S7_88E_LED_RX";
57"S7_88E_MDI3_N";
58"S7_88E_TXD4";
59"S7_88E_TXD3";
60"S7_88E_LED_LINK10";
61"V_S7_2V5_88E_VDDO";
62"S7_88E_LED_RX";
63"UN$11$C$I74$1";
64"S7_88E_GTX_CLK";
65"UN$11$C$I78$1";
66"S7_88E_RXD7";
67"S7_88E_RXD6";
68"S7_88E_MDI2_N";
69"S7_88E_TXD2";
70"S7_88E_TXD1";
71"S7_88E_SOUT_N";
72"S7_88E_TX_EN";
73"S7_88E_RXD5";
74"S7_88E_TXD0";
75"V_S7_2V5";
76"V_S7_1V0_VCCINT";
77"V_S7_1V0_VCCINT";
78"V_S7_1V0_88E_DVDD2";
79"S7_88E_XTAL2";
80"S7_88E_XTAL1";
81"UN$11$C$I65$1";
82"UN$11$C$I70$1";
83"S7_88E_LED_LINK1000";
84"S7_88E_LED_LINK100";
85"S7_88E_LED_DUPLEX";
86"UN$11$88E1111$I1$L4";
87"UN$11$88E1111$I1$M9";
88"S7_88E_MDI0_P";
89"S7_88E_MDI0_N";
90"S7_88E_MDI1_P";
91"S7_88E_MDI1_N";
92"S7_88E_MDI2_P";
93"S7_88E_MDI3_P";
94"V_S7_2V5";
95"V_S7_1V0_88E_DVDD1";
96"V_S7_1V0_88E_DVDD2";
97"V_S7_2V5_88E_VDDO";
98"V_S7_1V0_88E_DVDD1";
99"V_S7_2V5_88E_AVDD";
100"V_S7_2V5_88E_VDDO";
101"V_S7_2V5_88E_AVDD";
102"V_S7_2V5_88E_VDDO";
103"S7_88E_LED_RX";
104"S7_88E_LED_TX";
105"UN$11$LEDS$I40$A";
106"UN$11$LEDS$I39$A";
107"S7_88E_LED_LINK10";
108"UN$11$LEDS$I36$A";
109"S7_88E_LED_LINK100";
110"UN$11$LEDS$I37$A";
111"S7_88E_LED_LINK1000";
112"UN$11$LEDS$I38$A";
113"S7_88E_LED_DUPLEX";
114"UN$11$LEDS$I41$A";
115"S7_88E_LED_LINK100";
116"S7_88E_CONFIG2";
117"S7_88E_LED_DUPLEX";
118"S7_88E_CONFIG3";
119"V_S7_2V5_88E_2V5";
120"S7_88E_CONFIG0";
121"S7_88E_CONFIG1";
122"V_S7_2V5_88E_2V5";
123"S7_88E_CONFIG4";
124"S7_88E_CONFIG5";
125"S7_88E_LED_RX";
126"S7_88E_CONFIG6";
%"88E1111"
"1","(-5950,5050)","0","kvm_matrix_lib","I1";
;
CDS_LIB"kvm_matrix_lib"
CDS_LMAN_SYM_OUTLINE"-250,1775,375,-2475";
"N9"57;
"N8"93;
"N7"68;
"N6"92;
"N4"91;
"N3"90;
"N2"89;
"N1"88;
"M9"87;
"M6"49;
"M5"51;
"M2"50;
"M1"53;
"L9"0;
"L8"0;
"L7"0;
"L4"86;
"L3"54;
"L1"52;
"K8"0;
"K7"0;
"K3"27;
"K2"0;
"J9"26;
"J2"36;
"J1"32;
"H9"18;
"H8"0;
"H3"37;
"H2"59;
"H1"58;
"G9"20;
"G8"19;
"G7"22;
"G3"69;
"G2"70;
"G1"0;
"F9"21;
"F8"23;
"F2"33;
"F1"74;
"E9"24;
"E8"85;
"E2"64;
"E1"72;
"D9"55;
"D8"25;
"D3"35;
"D2"41;
"D1"34;
"C9"56;
"C8"60;
"C5"66;
"C4"31;
"C3"29;
"C1"42;
"B8"84;
"B6"43;
"B5"40;
"B3"30;
"B2"39;
"B1"38;
"A9"83;
"A8"71;
"A7"44;
"A6"45;
"A5"46;
"A4"47;
"A3"48;
"A2"67;
"A1"73;
%"C"
"1","(-1200,4600)","0","kvm_matrix_lib","I10";
;
$LOCATION"?"
VALUE"0.1U"
CDS_LMAN_SYM_OUTLINE"-50,0,50,-50"
CDS_LIB"kvm_matrix_lib"
CODE"08070262";
"1"98;
"2"2;
%"C"
"1","(-1050,4600)","0","kvm_matrix_lib","I11";
;
$LOCATION"?"
VALUE"0.1U"
CDS_LMAN_SYM_OUTLINE"-50,0,50,-50"
CDS_LIB"kvm_matrix_lib"
CODE"08070262";
"1"98;
"2"2;
%"GND_SIGNAL"
"1","(-1500,5200)","0","standard","I17";
;
CDS_LIB"standard"
BODY_TYPE"PLUMBING"
HDL_POWER"GND_SIGNAL";
"GND"1;
%"GND_SIGNAL"
"1","(-1500,4200)","0","standard","I18";
;
CDS_LIB"standard"
BODY_TYPE"PLUMBING"
HDL_POWER"GND_SIGNAL";
"GND"2;
%"C"
"1","(-1450,3600)","0","kvm_matrix_lib","I19";
;
$LOCATION"?"
VALUE"10UF"
CDS_LMAN_SYM_OUTLINE"-50,0,50,-50"
CDS_LIB"kvm_matrix_lib"
CODE"08070391";
"1"78;
"2"3;
%"88E1111"
"2","(-1150,6350)","0","kvm_matrix_lib","I2";
;
CDS_LIB"kvm_matrix_lib"
CDS_LMAN_SYM_OUTLINE"-200,1150,125,-200";
"N5"101;
"M8"101;
"M7"101;
"M4"101;
"M3"101;
"L6"5;
"L5"5;
"L2"100;
"K9"100;
"K6"5;
"K5"5;
"K4"5;
"K1"100;
"J8"100;
"J7"96;
"J6"5;
"J5"5;
"J4"5;
"J3"96;
"H7"5;
"H6"5;
"H5"5;
"H4"5;
"G6"5;
"G5"5;
"G4"5;
"F7"100;
"F6"5;
"F5"5;
"F4"5;
"F3"96;
"E7"96;
"E6"5;
"E5"5;
"E4"5;
"E3"95;
"D7"95;
"D6"5;
"D5"5;
"D4"5;
"C7"95;
"C6"95;
"C2"100;
"B9"100;
"B7"101;
"B4"100;
%"C"
"1","(-1050,3600)","0","kvm_matrix_lib","I20";
;
$LOCATION"?"
VALUE"0.1U"
CDS_LMAN_SYM_OUTLINE"-50,0,50,-50"
CDS_LIB"kvm_matrix_lib"
CODE"08070262";
"1"78;
"2"3;
%"C"
"1","(-1200,3600)","0","kvm_matrix_lib","I21";
;
$LOCATION"?"
VALUE"0.1U"
CDS_LMAN_SYM_OUTLINE"-50,0,50,-50"
CDS_LIB"kvm_matrix_lib"
CODE"08070262";
"1"78;
"2"3;
%"GND_SIGNAL"
"1","(-1500,3200)","0","standard","I22";
;
CDS_LIB"standard"
BODY_TYPE"PLUMBING"
HDL_POWER"GND_SIGNAL";
"GND"3;
%"LB"
"1","(-1750,3800)","0","kvm_matrix_lib","I23";
;
$LOCATION"?"
VALUE"100MOHM"
CDS_LMAN_SYM_OUTLINE"-125,50,125,0"
CDS_LIB"kvm_matrix_lib"
CODE"10070008";
"B"78;
"A"76;
%"C"
"1","(-1450,2600)","0","kvm_matrix_lib","I24";
;
$LOCATION"?"
VALUE"10UF"
CODE"08070391"
CDS_LMAN_SYM_OUTLINE"-50,0,50,-50"
CDS_LIB"kvm_matrix_lib";
"1"97;
"2"4;
%"C"
"1","(-1200,2600)","0","kvm_matrix_lib","I25";
;
VALUE"0.1U"
$LOCATION"?"
CODE"08070262"
CDS_LMAN_SYM_OUTLINE"-50,0,50,-50"
CDS_LIB"kvm_matrix_lib";
"1"97;
"2"4;
%"C"
"1","(-1050,2600)","0","kvm_matrix_lib","I26";
;
$LOCATION"?"
VALUE"0.1U"
CODE"08070262"
CDS_LIB"kvm_matrix_lib"
CDS_LMAN_SYM_OUTLINE"-50,0,50,-50";
"1"97;
"2"4;
%"GND_SIGNAL"
"1","(-1500,2200)","0","standard","I27";
;
HDL_POWER"GND_SIGNAL"
BODY_TYPE"PLUMBING"
CDS_LIB"standard";
"GND"4;
%"LB"
"1","(-1750,2800)","0","kvm_matrix_lib","I28";
;
VALUE"100MOHM"
$LOCATION"?"
CODE"10070008"
CDS_LMAN_SYM_OUTLINE"-125,50,125,0"
CDS_LIB"kvm_matrix_lib";
"B"97;
"A"94;
%"C"
"1","(-900,2600)","0","kvm_matrix_lib","I29";
;
$LOCATION"?"
VALUE"0.1U"
CODE"08070262"
CDS_LIB"kvm_matrix_lib"
CDS_LMAN_SYM_OUTLINE"-50,0,50,-50";
"1"97;
"2"4;
%"LB"
"1","(-1750,5800)","0","kvm_matrix_lib","I3";
;
VALUE"100MOHM"
$LOCATION"?"
CDS_LIB"kvm_matrix_lib"
CDS_LMAN_SYM_OUTLINE"-125,50,125,0"
CODE"10070008";
"B"99;
"A"75;
%"C"
"1","(-750,2600)","0","kvm_matrix_lib","I30";
;
$LOCATION"?"
VALUE"0.1U"
CDS_LIB"kvm_matrix_lib"
CDS_LMAN_SYM_OUTLINE"-50,0,50,-50"
CODE"08070262";
"1"97;
"2"4;
%"GND_SIGNAL"
"1","(-950,6100)","0","standard","I31";
;
CDS_LIB"standard"
HDL_POWER"GND_SIGNAL"
BODY_TYPE"PLUMBING";
"GND"5;
%"CRYSTAL"
"1","(-8850,2700)","1","kvm_matrix_lib","I32";
;
$LOCATION"?"
VALUE"25MHZ"
CDS_LMAN_SYM_OUTLINE"50,100,225,-100"
CDS_LIB"kvm_matrix_lib"
CODE"12020092";
"A1"79;
"A2"80;
%"C"
"1","(-8600,3050)","1","kvm_matrix_lib","I33";
;
$LOCATION"?"
VALUE"22PF"
CDS_LMAN_SYM_OUTLINE"-50,0,50,-50"
CDS_LIB"kvm_matrix_lib"
CODE"98070510";
"1"80;
"2"6;
%"C"
"1","(-8600,2600)","1","kvm_matrix_lib","I34";
;
$LOCATION"?"
VALUE"22PF"
CDS_LMAN_SYM_OUTLINE"-50,0,50,-50"
CDS_LIB"kvm_matrix_lib"
CODE"98070510";
"1"79;
"2"6;
%"GND_SIGNAL"
"1","(-8100,2550)","1","standard","I35";
;
CDS_LIB"standard"
HDL_POWER"GND_SIGNAL"
BODY_TYPE"PLUMBING";
"GND"6;
%"LED_S"
"1","(-5800,1650)","0","kvm_matrix_lib","I36";
;
VALUE"HSMG-C170-B"
$LOCATION"?"
CODE"15020063"
CDS_LIB"kvm_matrix_lib"
CDS_LMAN_SYM_OUTLINE"-150,50,50,-75";
"A"108;
"B"107;
%"LED_S"
"1","(-5800,1550)","0","kvm_matrix_lib","I37";
;
VALUE"HSMG-C170-B"
$LOCATION"?"
CODE"15020063"
CDS_LIB"kvm_matrix_lib"
CDS_LMAN_SYM_OUTLINE"-150,50,50,-75";
"A"110;
"B"109;
%"LED_S"
"1","(-5800,1450)","0","kvm_matrix_lib","I38";
;
VALUE"HSMG-C170-B"
$LOCATION"?"
CODE"15020063"
CDS_LIB"kvm_matrix_lib"
CDS_LMAN_SYM_OUTLINE"-150,50,50,-75";
"A"112;
"B"111;
%"LED_S"
"1","(-5800,1350)","0","kvm_matrix_lib","I39";
;
VALUE"HSMG-C170-B"
$LOCATION"?"
CODE"15020063"
CDS_LIB"kvm_matrix_lib"
CDS_LMAN_SYM_OUTLINE"-150,50,50,-75";
"A"106;
"B"103;
%"C"
"1","(-1200,5600)","0","kvm_matrix_lib","I4";
;
$LOCATION"?"
VALUE"0.1U"
CODE"08070262"
CDS_LMAN_SYM_OUTLINE"-50,0,50,-50"
CDS_LIB"kvm_matrix_lib";
"1"99;
"2"1;
%"LED_S"
"1","(-5800,1250)","0","kvm_matrix_lib","I40";
;
VALUE"HSMG-C170-B"
$LOCATION"?"
CODE"15020063"
CDS_LIB"kvm_matrix_lib"
CDS_LMAN_SYM_OUTLINE"-150,50,50,-75";
"A"105;
"B"104;
%"LED_S"
"1","(-5800,1150)","0","kvm_matrix_lib","I41";
;
VALUE"HSMG-C170-B"
$LOCATION"?"
CODE"15020063"
CDS_LIB"kvm_matrix_lib"
CDS_LMAN_SYM_OUTLINE"-150,50,50,-75";
"A"114;
"B"113;
%"R"
"1","(-5200,1650)","0","kvm_matrix_lib","I42";
;
VALUE"330"
$LOCATION"?"
CODE"07090387"
CDS_LIB"kvm_matrix_lib"
CDS_LMAN_SYM_OUTLINE"-100,25,100,-25";
"A"108;
"B"102;
%"R"
"1","(-5200,1550)","0","kvm_matrix_lib","I43";
;
VALUE"330"
$LOCATION"?"
CODE"07090387"
CDS_LIB"kvm_matrix_lib"
CDS_LMAN_SYM_OUTLINE"-100,25,100,-25";
"A"110;
"B"102;
%"R"
"1","(-5200,1450)","0","kvm_matrix_lib","I44";
;
VALUE"330"
$LOCATION"?"
CODE"07090387"
CDS_LIB"kvm_matrix_lib"
CDS_LMAN_SYM_OUTLINE"-100,25,100,-25";
"A"112;
"B"102;
%"R"
"1","(-5200,1350)","0","kvm_matrix_lib","I45";
;
VALUE"330"
$LOCATION"?"
CODE"07090387"
CDS_LIB"kvm_matrix_lib"
CDS_LMAN_SYM_OUTLINE"-100,25,100,-25";
"A"106;
"B"102;
%"R"
"1","(-5200,1250)","0","kvm_matrix_lib","I46";
;
VALUE"330"
$LOCATION"?"
CODE"07090387"
CDS_LIB"kvm_matrix_lib"
CDS_LMAN_SYM_OUTLINE"-100,25,100,-25";
"A"105;
"B"102;
%"R"
"1","(-5200,1150)","0","kvm_matrix_lib","I47";
;
VALUE"330"
$LOCATION"?"
CODE"07090387"
CDS_LIB"kvm_matrix_lib"
CDS_LMAN_SYM_OUTLINE"-100,25,100,-25";
"A"114;
"B"102;
%"R"
"1","(-8750,1750)","0","kvm_matrix_lib","I48";
;
VALUE"0"
$LOCATION"?"
CODE"07090522"
CDS_LIB"kvm_matrix_lib"
CDS_LMAN_SYM_OUTLINE"-100,25,100,-25";
"A"120;
"B"119;
%"R"
"1","(-8750,1650)","0","kvm_matrix_lib","I49";
;
VALUE"0"
$LOCATION"?"
CODE"07090522"
CDS_LIB"kvm_matrix_lib"
CDS_LMAN_SYM_OUTLINE"-100,25,100,-25";
"A"121;
"B"7;
%"C"
"1","(-1450,5600)","0","kvm_matrix_lib","I5";
;
VALUE"10UF"
$LOCATION"?"
CODE"08070391"
CDS_LMAN_SYM_OUTLINE"-50,0,50,-50"
CDS_LIB"kvm_matrix_lib";
"1"99;
"2"1;
%"R"
"1","(-8750,1550)","0","kvm_matrix_lib","I50";
;
VALUE"0"
$LOCATION"?"
CODE"07090522"
CDS_LIB"kvm_matrix_lib"
CDS_LMAN_SYM_OUTLINE"-100,25,100,-25";
"A"116;
"B"115;
%"R"
"1","(-8750,1450)","0","kvm_matrix_lib","I51";
;
$LOCATION"?"
VALUE"0"
CODE"07090522"
CDS_LIB"kvm_matrix_lib"
CDS_LMAN_SYM_OUTLINE"-100,25,100,-25";
"A"118;
"B"117;
%"R"
"1","(-8750,1350)","0","kvm_matrix_lib","I52";
;
$LOCATION"?"
VALUE"0"
CODE"07090522"
CDS_LIB"kvm_matrix_lib"
CDS_LMAN_SYM_OUTLINE"-100,25,100,-25";
"A"123;
"B"122;
%"R"
"1","(-8750,1250)","0","kvm_matrix_lib","I53";
;
$LOCATION"?"
VALUE"0"
CODE"07090522"
CDS_LIB"kvm_matrix_lib"
CDS_LMAN_SYM_OUTLINE"-100,25,100,-25";
"A"124;
"B"62;
%"R"
"1","(-8750,1150)","0","kvm_matrix_lib","I54";
;
$LOCATION"?"
VALUE"0"
CDS_LIB"kvm_matrix_lib"
CDS_LMAN_SYM_OUTLINE"-100,25,100,-25"
CODE"07090522";
"A"126;
"B"125;
%"GND_SIGNAL"
"1","(-8400,1600)","1","standard","I55";
;
HDL_POWER"GND_SIGNAL"
BODY_TYPE"PLUMBING"
CDS_LIB"standard";
"GND"7;
%"R"
"1","(-5150,3300)","2","kvm_matrix_lib","I56";
;
$LOCATION"?"
VALUE"4.7K"
CODE"07090246"
CDS_LIB"kvm_matrix_lib"
CDS_LMAN_SYM_OUTLINE"-100,25,100,-25";
"A"8;
"B"87;
%"GND_SIGNAL"
"1","(-4800,3250)","1","standard","I57";
;
HDL_POWER"GND_SIGNAL"
BODY_TYPE"PLUMBING"
CDS_LIB"standard";
"GND"8;
%"R"
"1","(-6600,3500)","2","kvm_matrix_lib","I58";
;
$LOCATION"?"
VALUE"4.7K"
CDS_LIB"kvm_matrix_lib"
CDS_LMAN_SYM_OUTLINE"-100,25,100,-25"
CODE"07090246";
"A"86;
"B"9;
%"GND_SIGNAL"
"1","(-7000,3450)","7","standard","I59";
;
CDS_LIB"standard"
HDL_POWER"GND_SIGNAL"
BODY_TYPE"PLUMBING";
"GND"9;
%"C"
"1","(-1050,5600)","0","kvm_matrix_lib","I6";
;
$LOCATION"?"
VALUE"0.1U"
CDS_LIB"kvm_matrix_lib"
CDS_LMAN_SYM_OUTLINE"-50,0,50,-50"
CODE"08070262";
"1"99;
"2"1;
%"R"
"1","(-4350,5400)","2","kvm_matrix_lib","I60";
;
VALUE"49.9"
$LOCATION"?"
CODE"07090198"
CDS_LIB"kvm_matrix_lib"
CDS_LMAN_SYM_OUTLINE"-100,25,100,-25";
"A"10;
"B"51;
%"R"
"1","(-4350,5300)","2","kvm_matrix_lib","I61";
;
VALUE"49.9"
$LOCATION"?"
CODE"07090198"
CDS_LMAN_SYM_OUTLINE"-100,25,100,-25"
CDS_LIB"kvm_matrix_lib";
"A"10;
"B"49;
%"GND_SIGNAL"
"1","(-3900,5350)","1","standard","I62";
;
CDS_LIB"standard"
BODY_TYPE"PLUMBING"
HDL_POWER"GND_SIGNAL";
"GND"10;
%"R"
"1","(-4350,5500)","0","kvm_matrix_lib","I63";
;
$LOCATION"?"
VALUE"4.99K-1%"
CODE"97090147"
CDS_LIB"kvm_matrix_lib"
CDS_LMAN_SYM_OUTLINE"-100,25,100,-25";
"A"50;
"B"10;
%"R"
"1","(-4400,6800)","2","kvm_matrix_lib","I64";
;
VALUE"49.9"
$LOCATION"?"
CODE"07090198"
CDS_LMAN_SYM_OUTLINE"-100,25,100,-25"
CDS_LIB"kvm_matrix_lib";
"A"81;
"B"88;
%"C"
"1","(-3900,6750)","1","kvm_matrix_lib","I65";
;
VALUE"0.01U"
$LOCATION"?"
CODE"08070247"
CDS_LIB"kvm_matrix_lib"
CDS_LMAN_SYM_OUTLINE"-50,0,50,-50";
"1"81;
"2"11;
%"GND_SIGNAL"
"1","(-3600,6700)","1","standard","I66";
;
HDL_POWER"GND_SIGNAL"
BODY_TYPE"PLUMBING"
CDS_LIB"standard";
"GND"11;
%"R"
"1","(-4400,6700)","2","kvm_matrix_lib","I67";
;
VALUE"49.9"
$LOCATION"?"
CODE"07090198"
CDS_LIB"kvm_matrix_lib"
CDS_LMAN_SYM_OUTLINE"-100,25,100,-25";
"A"81;
"B"89;
%"R"
"1","(-4400,6600)","2","kvm_matrix_lib","I68";
;
$LOCATION"?"
VALUE"49.9"
CDS_LMAN_SYM_OUTLINE"-100,25,100,-25"
CDS_LIB"kvm_matrix_lib"
CODE"07090198";
"A"82;
"B"90;
%"GND_SIGNAL"
"1","(-3600,6500)","1","standard","I69";
;
CDS_LIB"standard"
BODY_TYPE"PLUMBING"
HDL_POWER"GND_SIGNAL";
"GND"12;
%"C"
"1","(-900,5600)","0","kvm_matrix_lib","I7";
;
$LOCATION"?"
VALUE"0.1U"
CDS_LIB"kvm_matrix_lib"
CDS_LMAN_SYM_OUTLINE"-50,0,50,-50"
CODE"08070262";
"1"99;
"2"1;
%"C"
"1","(-3900,6550)","1","kvm_matrix_lib","I70";
;
$LOCATION"?"
VALUE"0.01U"
CDS_LMAN_SYM_OUTLINE"-50,0,50,-50"
CDS_LIB"kvm_matrix_lib"
CODE"08070247";
"1"82;
"2"12;
%"R"
"1","(-4400,6500)","2","kvm_matrix_lib","I71";
;
$LOCATION"?"
VALUE"49.9"
CDS_LMAN_SYM_OUTLINE"-100,25,100,-25"
CDS_LIB"kvm_matrix_lib"
CODE"07090198";
"A"82;
"B"91;
%"R"
"1","(-4400,6400)","2","kvm_matrix_lib","I72";
;
$LOCATION"?"
VALUE"49.9"
CODE"07090198"
CDS_LIB"kvm_matrix_lib"
CDS_LMAN_SYM_OUTLINE"-100,25,100,-25";
"A"63;
"B"92;
%"GND_SIGNAL"
"1","(-3600,6300)","1","standard","I73";
;
HDL_POWER"GND_SIGNAL"
BODY_TYPE"PLUMBING"
CDS_LIB"standard";
"GND"13;
%"C"
"1","(-3900,6350)","1","kvm_matrix_lib","I74";
;
VALUE"0.01U"
$LOCATION"?"
CODE"08070247"
CDS_LIB"kvm_matrix_lib"
CDS_LMAN_SYM_OUTLINE"-50,0,50,-50";
"1"63;
"2"13;
%"R"
"1","(-4400,6300)","2","kvm_matrix_lib","I75";
;
$LOCATION"?"
VALUE"49.9"
CODE"07090198"
CDS_LIB"kvm_matrix_lib"
CDS_LMAN_SYM_OUTLINE"-100,25,100,-25";
"A"63;
"B"68;
%"R"
"1","(-4400,6200)","2","kvm_matrix_lib","I76";
;
$LOCATION"?"
VALUE"49.9"
CDS_LIB"kvm_matrix_lib"
CDS_LMAN_SYM_OUTLINE"-100,25,100,-25"
CODE"07090198";
"A"65;
"B"93;
%"GND_SIGNAL"
"1","(-3600,6100)","1","standard","I77";
;
CDS_LIB"standard"
BODY_TYPE"PLUMBING"
HDL_POWER"GND_SIGNAL";
"GND"14;
%"C"
"1","(-3900,6150)","1","kvm_matrix_lib","I78";
;
VALUE"0.01U"
$LOCATION"?"
CDS_LIB"kvm_matrix_lib"
CDS_LMAN_SYM_OUTLINE"-50,0,50,-50"
CODE"08070247";
"1"65;
"2"14;
%"R"
"1","(-4400,6100)","2","kvm_matrix_lib","I79";
;
VALUE"49.9"
$LOCATION"?"
CDS_LIB"kvm_matrix_lib"
CDS_LMAN_SYM_OUTLINE"-100,25,100,-25"
CODE"07090198";
"A"65;
"B"57;
%"LB"
"1","(-1750,4800)","0","kvm_matrix_lib","I8";
;
VALUE"100MOHM"
$LOCATION"?"
CDS_LMAN_SYM_OUTLINE"-125,50,125,0"
CDS_LIB"kvm_matrix_lib"
CODE"10070008";
"B"98;
"A"77;
%"R"
"1","(-4350,4900)","0","kvm_matrix_lib","I80";
;
VALUE"0"
$LOCATION"?"
CODE"07090522"
CDS_LIB"kvm_matrix_lib"
CDS_LMAN_SYM_OUTLINE"-100,25,100,-25";
"A"46;
"B"15;
%"R"
"1","(-4350,4800)","0","kvm_matrix_lib","I81";
;
$LOCATION"?"
VALUE"0"
CDS_LIB"kvm_matrix_lib"
CDS_LMAN_SYM_OUTLINE"-100,25,100,-25"
CODE"07090522";
"A"45;
"B"15;
%"GND_SIGNAL"
"1","(-3900,4850)","1","standard","I82";
;
HDL_POWER"GND_SIGNAL"
BODY_TYPE"PLUMBING"
CDS_LIB"standard";
"GND"15;
%"R"
"1","(-9550,6350)","1","kvm_matrix_lib","I83";
;
$LOCATION"?"
VALUE"4.7K"
CDS_LIB"kvm_matrix_lib"
CDS_LMAN_SYM_OUTLINE"-100,25,100,-25"
CODE"07090246";
"A"17;
"B"61;
%"R"
"1","(-9550,5600)","1","kvm_matrix_lib","I84";
;
$LOCATION"?"
VALUE"4.7K"
CODE"07090246"
CDS_LMAN_SYM_OUTLINE"-100,25,100,-25"
CDS_LIB"kvm_matrix_lib";
"A"16;
"B"28;
%"C"
"1","(-1450,4600)","0","kvm_matrix_lib","I9";
;
$LOCATION"?"
VALUE"10UF"
CDS_LIB"kvm_matrix_lib"
CDS_LMAN_SYM_OUTLINE"-50,0,50,-50"
CODE"08070391";
"1"98;
"2"2;
END.
