FILE_TYPE = CONNECTIVITY;
{Allegro Design Entry HDL 16.6-p007 (v16-6-112F) 10/10/2012}
"PAGE_NUMBER" = 81;
0"NC";
1"GND_SIGNAL\g";
2"GND_SIGNAL\g";
3"GND_SIGNAL\g";
4"Z7_S6_PL_DATA15";
5"CLK_Z7_S6_54M";
6"Z7_S6_PL_DATA1";
7"Z7_S6_PL_DATA0";
8"Z7_S6_PL_DATA6";
9"Z7_S6_PL_DATA7";
10"Z7_S6_PL_DATA5";
11"Z7_S6_PL_DATA4";
12"Z7_S6_PL_DATA3";
13"Z7_S6_PL_DATA2";
14"Z7_S6_PL_DATA10";
15"Z7_S6_PL_DATA11";
16"Z7_S6_PL_DATA12";
17"Z7_S6_PL_DATA13";
18"Z7_S6_PL_DATA8";
19"Z7_S6_PL_DATA9";
20"Z7_S6_PL_DATA14";
21"V_Z7_S6_3V3_VCCO";
22"V_Z7_3V3";
23"CLK_Z7_S6_54M";
24"UN$81$C$I51$1";
25"V_Z7_3V3";
26"UN$81$OSC-4$I37$NNC";
27"UN$81$C$I41$1";
28"V_Z7_S6_3V3_VCCO";
29"CLK_Z7_S6_25M";
30"UN$81$OSC-4$I38$NNC";
31"UN$81$OSC-4$I37$OUT";
32"UN$81$OSC-4$I38$OUT";
33"V_Z7_3V3";
%"OSC-4"
"1","(-7600,2400)","0","kvm_matrix_lib","I37";
;
VALUE"25MHZ-3.3V"
$LOCATION"?"
CDS_LMAN_SYM_OUTLINE"-200,150,200,-100"
CDS_LIB"kvm_matrix_lib"
CODE" 92010220";
"GND"1;
"NNC"26;
"OUT"31;
"VDD"27;
%"OSC-4"
"1","(-4350,2450)","0","kvm_matrix_lib","I38";
;
$LOCATION"?"
VALUE"54MHZ-3.3V"
CDS_LMAN_SYM_OUTLINE"-200,150,200,-100"
CDS_LIB"kvm_matrix_lib"
CODE" 90000019";
"GND"2;
"NNC"30;
"OUT"32;
"VDD"24;
%"LB"
"1","(-6750,2300)","0","kvm_matrix_lib","I39";
;
VALUE"120OHM"
$LOCATION"?"
CDS_LMAN_SYM_OUTLINE"-125,50,125,0"
CDS_LIB"kvm_matrix_lib"
CODE"90070011";
"B"25;
"A"27;
%"C"
"1","(-6450,2050)","0","kvm_matrix_lib","I40";
;
$LOCATION"?"
VALUE"0.1U"
CODE"08070262"
CDS_LIB"kvm_matrix_lib"
CDS_LMAN_SYM_OUTLINE"-50,0,50,-50";
"1"25;
"2"1;
%"C"
"1","(-7050,2050)","0","kvm_matrix_lib","I41";
;
$LOCATION"?"
VALUE"10UF"
CODE"98070517"
CDS_LIB"kvm_matrix_lib"
CDS_LMAN_SYM_OUTLINE"-50,0,50,-50";
"1"27;
"2"1;
%"R"
"1","(-7600,2800)","0","kvm_matrix_lib","I42";
;
VALUE"0"
$LOCATION"?"
CODE"07090522"
CDS_LIB"kvm_matrix_lib"
CDS_LMAN_SYM_OUTLINE"-100,25,100,-25";
"A"26;
"B"27;
%"R"
"1","(-6750,2450)","0","kvm_matrix_lib","I43";
;
VALUE"22"
$LOCATION"?"
CODE"07090265"
CDS_LIB"kvm_matrix_lib"
CDS_LMAN_SYM_OUTLINE"-100,25,100,-25";
"A"31;
"B"29;
%"C"
"1","(-7200,2050)","0","kvm_matrix_lib","I44";
;
VALUE"0.1U"
$LOCATION"?"
CDS_LIB"kvm_matrix_lib"
CDS_LMAN_SYM_OUTLINE"-50,0,50,-50"
CODE"08070262";
"1"27;
"2"1;
%"GND_SIGNAL"
"1","(-7250,1550)","0","standard","I45";
;
BODY_TYPE"PLUMBING"
HDL_POWER"GND_SIGNAL"
CDS_LIB"standard";
"GND"1;
%"C"
"1","(-3200,2100)","0","kvm_matrix_lib","I47";
;
VALUE"0.1U"
$LOCATION"?"
CODE"08070262"
CDS_LMAN_SYM_OUTLINE"-50,0,50,-50"
CDS_LIB"kvm_matrix_lib";
"1"33;
"2"2;
%"R"
"1","(-4350,2850)","0","kvm_matrix_lib","I48";
;
$LOCATION"?"
VALUE"0"
CODE"07090522"
CDS_LMAN_SYM_OUTLINE"-100,25,100,-25"
CDS_LIB"kvm_matrix_lib";
"A"30;
"B"24;
%"LB"
"1","(-3500,2350)","0","kvm_matrix_lib","I49";
;
VALUE"120OHM"
$LOCATION"?"
CODE"90070011"
CDS_LMAN_SYM_OUTLINE"-125,50,125,0"
CDS_LIB"kvm_matrix_lib";
"B"33;
"A"24;
%"R"
"1","(-3500,2500)","0","kvm_matrix_lib","I50";
;
VALUE"22"
$LOCATION"?"
CODE"07090265"
CDS_LMAN_SYM_OUTLINE"-100,25,100,-25"
CDS_LIB"kvm_matrix_lib";
"A"32;
"B"23;
%"C"
"1","(-3800,2100)","0","kvm_matrix_lib","I51";
;
VALUE"10UF"
$LOCATION"?"
CODE"98070517"
CDS_LMAN_SYM_OUTLINE"-50,0,50,-50"
CDS_LIB"kvm_matrix_lib";
"1"24;
"2"2;
%"C"
"1","(-3950,2100)","0","kvm_matrix_lib","I52";
;
VALUE"0.1U"
$LOCATION"?"
CODE"08070262"
CDS_LMAN_SYM_OUTLINE"-50,0,50,-50"
CDS_LIB"kvm_matrix_lib";
"1"24;
"2"2;
%"GND_SIGNAL"
"1","(-4000,1600)","0","standard","I53";
;
BODY_TYPE"PLUMBING"
HDL_POWER"GND_SIGNAL"
CDS_LIB"standard";
"GND"2;
%"XC6SLX16CSG324"
"2","(-5550,6200)","0","kvm_matrix_lib","I54";
;
VALUE1"XC6SLX16CSG324"
$LOCATION"?"
CDS_LIB"kvm_matrix_lib"
CDS_LMAN_SYM_OUTLINE"-600,125,600,-1650";
"VCCO6_1"28;
"VCCO5_1"28;
"VCCO4_1"28;
"VCCO3_1"28;
"VCCO2_1"28;
"VCCO1_1"28;
"IO_L74N_DOUT_BUSY_1"0;
"IO_L74P_AWAKE_1"0;
"IO_L61N_1"0;
"IO_L61P_1"0;
"IO_L53N_VREF_1"0;
"IO_L53P_1"0;
"IO_L52N_M1DQ15_1"0;
"IO_L52P_M1DQ14_1"0;
"IO_L51N_M1DQ13_1"0;
"IO_L51P_M1DQ12_1"0;
"IO_L50N_M1UDQSN_1"0;
"IO_L50P_M1UDQS_1"0;
"IO_L49N_M1DQ11_1"0;
"IO_L49P_M1DQ10_1"0;
"IO_L48N_M1DQ9_1"0;
"IO_L48P_HDC_M1DQ8_1"0;
"IO_L47N_LDC_M1DQ1_1"0;
"IO_L47P_FWE_B_M1DQ0_1"0;
"IO_L46N_FOE_B_M1DQ3_1"0;
"IO_L46P_FCS_B_M1DQ2_1"0;
"IO_L45N_A0_M1LDQSN_1"0;
"IO_L45P_A1_M1LDQS_1"0;
"IO_L44N_A2_M1DQ7_1"0;
"IO_L44P_A3_M1DQ6_1"0;
"IO_L43N_GCLK4_M1DQ5_1"0;
"IO_L43P_GCLK5_M1DQ4_1"0;
"IO_L42N_GCLK6_TRDY1_M1LDM_1"0;
"IO_L42P_GCLK7_M1UDM_1"0;
"IO_L41N_GCLK8_M1CASN_1"4;
"IO_L41P_GCLK9_IRDY1_M1RASN_1"0;
"IO_L40N_GCLK10_M1A6_1"5;
"IO_L40P_GCLK11_M1A5_1"0;
"IO_L39N_M1ODT_1"0;
"IO_L39P_M1A3_1"0;
"IO_L38N_A4_M1CLKN_1"0;
"IO_L38P_A5_M1CLK_1"0;
"IO_L37N_A6_M1A1_1"0;
"IO_L37P_A7_M1A0_1"0;
"IO_L36N_A8_M1BA1_1"0;
"IO_L36P_A9_M1BA0_1"0;
"IO_L35N_A10_M1A2_1"0;
"IO_L35P_A11_M1A7_1"20;
"IO_L34N_A12_M1BA2_1"17;
"IO_L34P_A13_M1WE_1"16;
"IO_L33N_A14_M1A4_1"15;
"IO_L33P_A15_M1A10_1"14;
"IO_L32N_A16_M1A9_1"19;
"IO_L32P_A17_M1A8_1"18;
"IO_L31N_A18_M1A12_1"9;
"IO_L31P_A19_M1CKE_1"8;
"IO_L30N_A20_M1A11_1"10;
"IO_L30P_A21_M1RESET_1"11;
"IO_L29N_A22_M1A14_1"12;
"IO_L29P_A23_M1A13_1"13;
"IO_L1N_A24_VREF_1"6;
"IO_L1P_A25_1"7;
%"GND_SIGNAL"
"1","(-5600,3400)","0","standard","I55";
;
CDS_LIB"standard"
HDL_POWER"GND_SIGNAL"
BODY_TYPE"PLUMBING";
"GND"3;
%"C"
"1","(-5550,3800)","0","kvm_matrix_lib","I56";
;
VALUE"0.1U"
$LOCATION"?"
CODE"08070262"
CDS_LIB"kvm_matrix_lib"
CDS_LMAN_SYM_OUTLINE"-50,0,50,-50";
"1"21;
"2"3;
%"C"
"1","(-5400,3800)","0","kvm_matrix_lib","I57";
;
VALUE"0.1U"
$LOCATION"?"
CODE"08070262"
CDS_LIB"kvm_matrix_lib"
CDS_LMAN_SYM_OUTLINE"-50,0,50,-50";
"1"21;
"2"3;
%"C"
"1","(-5250,3800)","0","kvm_matrix_lib","I58";
;
VALUE"0.1U"
$LOCATION"?"
CODE"08070262"
CDS_LIB"kvm_matrix_lib"
CDS_LMAN_SYM_OUTLINE"-50,0,50,-50";
"1"21;
"2"3;
%"C"
"1","(-5100,3800)","0","kvm_matrix_lib","I59";
;
VALUE"0.1U"
$LOCATION"?"
CODE"08070262"
CDS_LIB"kvm_matrix_lib"
CDS_LMAN_SYM_OUTLINE"-50,0,50,-50";
"1"21;
"2"3;
%"C"
"1","(-4950,3800)","0","kvm_matrix_lib","I60";
;
$LOCATION"?"
VALUE"0.1U"
CODE"08070262"
CDS_LIB"kvm_matrix_lib"
CDS_LMAN_SYM_OUTLINE"-50,0,50,-50";
"1"21;
"2"3;
%"C"
"1","(-4800,3800)","0","kvm_matrix_lib","I61";
;
$LOCATION"?"
VALUE"0.1U"
CDS_LIB"kvm_matrix_lib"
CDS_LMAN_SYM_OUTLINE"-50,0,50,-50"
CODE"08070262";
"1"21;
"2"3;
%"LB"
"1","(-5950,4000)","0","kvm_matrix_lib","I62";
;
$LOCATION"?"
VALUE"100MOHM"
CDS_LIB"kvm_matrix_lib"
CDS_LMAN_SYM_OUTLINE"-125,50,125,0"
CODE"10070008";
"B"21;
"A"22;
END.
