FILE_TYPE = CONNECTIVITY;
{Allegro Design Entry HDL 16.6-p007 (v16-6-112F) 10/10/2012}
"PAGE_NUMBER" = 80;
0"NC";
1"GND_SIGNAL\g";
2"GND_SIGNAL\g";
3"Z7_S6_PS_DATA15";
4"Z7_S6_PS_DATA13";
5"Z7_S6_PS_DATA14";
6"Z7_S6_PS_DATA12";
7"Z7_S6_PS_DATA7";
8"Z7_S6_PS_DATA8";
9"Z7_S6_PS_DATA9";
10"Z7_S6_PS_DATA10";
11"Z7_S6_PS_DATA11";
12"Z7_S6_PS_DATA5";
13"Z7_S6_PS_DATA4";
14"Z7_S6_PS_DATA3";
15"Z7_S6_PS_DATA2";
16"Z7_S6_PS_DATA1";
17"Z7_S6_PS_DATA0";
18"Z7_S6_PS_DATA6";
19"V_Z7_S6_2V5_VCCO";
20"V_Z7_S6_2V5_VCCO";
21"Z7_S6_HSWAPEN";
22"V_Z7_2V5";
23"Z7_S6_HSWAPEN";
%"C"
"1","(-6000,2550)","0","kvm_matrix_lib","I10";
;
$LOCATION"?"
VALUE"0.1UF"
CODE"98070502"
CDS_LMAN_SYM_OUTLINE"-50,0,50,-50"
CDS_LIB"kvm_matrix_lib";
"1"20;
"2"2;
%"C"
"1","(-5900,2550)","0","kvm_matrix_lib","I11";
;
VALUE"0.1UF"
$LOCATION"?"
CODE"98070502"
CDS_LMAN_SYM_OUTLINE"-50,0,50,-50"
CDS_LIB"kvm_matrix_lib";
"1"20;
"2"2;
%"C"
"1","(-6400,2550)","0","kvm_matrix_lib","I2";
;
VALUE"0.1UF"
$LOCATION"?"
CODE"98070502"
CDS_LMAN_SYM_OUTLINE"-50,0,50,-50"
CDS_LIB"kvm_matrix_lib";
"1"20;
"2"2;
%"XC6SLX16CSG324"
"1","(-6225,4950)","0","kvm_matrix_lib","I23";
;
VALUE"XC6SLX16CSG324"
$LOCATION"?"
CDS_LMAN_SYM_OUTLINE"-600,125,600,-1750"
CDS_LIB"kvm_matrix_lib";
"VCCO6_0"19;
"VCCO5_0"19;
"VCCO4_0"19;
"VCCO3_0"19;
"VCCO2_0"19;
"VCCO1_0"19;
"IO_L66N_SCP0_0"0;
"IO_L66P_SCP1_0"0;
"IO_L65N_SCP2_0"0;
"IO_L65P_SCP3_0"0;
"IO_L64N_SCP4_0"0;
"IO_L64P_SCP5_0"0;
"IO_L63N_SCP6_0"0;
"IO_L63P_SCP7_0"0;
"IO_L62N_VREF_0"0;
"IO_L62P_0"0;
"IO_L51N_0"0;
"IO_L51P_0"0;
"IO_L50N_0"0;
"IO_L50P_0"0;
"IO_L47N_0"0;
"IO_L47P_0"0;
"IO_L42N_0"0;
"IO_L42P_0"0;
"IO_L41N_0"0;
"IO_L41P_0"0;
"IO_L40N_0"0;
"IO_L40P_0"0;
"IO_L39N_0"0;
"IO_L39P_0"0;
"IO_L38N_VREF_0"0;
"IO_L38P_0"0;
"IO_L37N_GCLK12_0"0;
"IO_L37P_GCLK13_0"0;
"IO_L36N_GCLK14_0"0;
"IO_L36P_GCLK15_0"0;
"IO_L35N_GCLK16_0"0;
"IO_L35P_GCLK17_0"0;
"IO_L34N_GCLK18_0"0;
"IO_L34P_GCLK19_0"3;
"IO_L33N_0"0;
"IO_L33P_0"0;
"IO_L32N_0"5;
"IO_L32P_0"4;
"IO_L11N_0"6;
"IO_L11P_0"11;
"IO_L10N_0"10;
"IO_L10P_0"9;
"IO_L9N_0"8;
"IO_L9P_0"7;
"IO_L8N_VREF_0"18;
"IO_L8P_0"12;
"IO_L7N_0"13;
"IO_L7P_0"14;
"IO_L6N_0"15;
"IO_L6P_0"16;
"IO_L5N_0"17;
"IO_L5P_0"0;
"IO_L4N_0"0;
"IO_L4P_0"0;
"IO_L3N_0"0;
"IO_L3P_0"0;
"IO_L2N_0"0;
"IO_L2P_0"0;
"IO_L1N_VREF_0"0;
"IO_L1P_HSWAPEN_0"21;
%"R"
"1","(-7400,5700)","0","kvm_matrix_lib","I24";
;
VALUE"1K"
$LOCATION"?"
CODE"07090277"
CDS_LIB"kvm_matrix_lib"
CDS_LMAN_SYM_OUTLINE"-100,25,100,-25";
"A"1;
"B"23;
%"GND_SIGNAL"
"1","(-7900,5650)","7","standard","I25";
;
CDS_LIB"standard"
HDL_POWER"GND_SIGNAL"
BODY_TYPE"PLUMBING";
"GND"1;
%"LB"
"1","(-6950,2750)","0","kvm_matrix_lib","I26";
;
VALUE"100MOHM"
$LOCATION"?"
CODE"10070008"
CDS_LMAN_SYM_OUTLINE"-125,50,125,0"
CDS_LIB"kvm_matrix_lib";
"B"20;
"A"22;
%"GND_SIGNAL"
"1","(-6450,2050)","0","standard","I27";
;
CDS_LIB"standard"
BODY_TYPE"PLUMBING"
HDL_POWER"GND_SIGNAL";
"GND"2;
%"C"
"1","(-6300,2550)","0","kvm_matrix_lib","I7";
;
$LOCATION"?"
VALUE"0.1UF"
CODE"98070502"
CDS_LMAN_SYM_OUTLINE"-50,0,50,-50"
CDS_LIB"kvm_matrix_lib";
"1"20;
"2"2;
%"C"
"1","(-6200,2550)","0","kvm_matrix_lib","I8";
;
$LOCATION"?"
VALUE"0.1UF"
CODE"98070502"
CDS_LMAN_SYM_OUTLINE"-50,0,50,-50"
CDS_LIB"kvm_matrix_lib";
"1"20;
"2"2;
%"C"
"1","(-6100,2550)","0","kvm_matrix_lib","I9";
;
$LOCATION"?"
VALUE"0.1UF"
CODE"98070502"
CDS_LMAN_SYM_OUTLINE"-50,0,50,-50"
CDS_LIB"kvm_matrix_lib";
"1"20;
"2"2;
END.
