FILE_TYPE = CONNECTIVITY;
{Allegro Design Entry HDL 16.6-p007 (v16-6-112F) 10/10/2012}
"PAGE_NUMBER" = 90;
0"NC";
1"GND_SIGNAL\g";
2"GND_SIGNAL\g";
3"GND_SIGNAL\g";
4"GND_SIGNAL\g";
5"GND_SIGNAL\g";
6"GND_SIGNAL\g";
7"Z7_CONFIG_CFGBVS";
8"UN$90$LEDS$I17$A";
9"V_Z7_3V3_VCCO";
10"V_Z7_3V3_VCCO";
11"V_Z7_3V3_VCCO";
12"Z7_CONFIG_INIT_B";
13"V_Z7_3V3_VCCO";
14"Z7_JTAG_TDI";
15"Z7_JTAG_TDO";
16"Z7_JTAG_TMS";
17"Z7_JTAG_TCK";
18"Z7_JTAG_TMS";
19"Z7_CONFIG_PROGRAM_B";
20"Z7_CONFIG_CFGBVS";
21"Z7_JTAG_TDO";
22"Z7_JTAG_TDI";
23"Z7_CONFIG_INIT_B";
24"Z7_JTAG_TCK";
25"V_Z7_1V8_VCCAUX";
26"V_Z7_1V8_VCCAUX";
27"Z7_CONFIG_DONE";
28"Z7_JTAG_TCK_R";
29"Z7_JTAG_TDO_R";
30"Z7_JTAG_TMS_R";
31"Z7_JTAG_TDI_R";
32"Z7_CONFIG_DONE";
33"Z7_CONFIG_PROGRAM_B";
34"V_Z7_3V3_VCCO";
35"V_Z7_3V3_VCCO";
%"XC7Z015_1CLG485C"
"1","(-3350,5350)","0","kvm_matrix_lib","I1";
;
VALUE"XC7Z015_1CLG485C"
CDS_LIB"kvm_matrix_lib"
CDS_LMAN_SYM_OUTLINE"-125,575,400,-425";
"W3"0;
"V7"0;
"H10"18;
"V10"19;
"T9"20;
"T15"35;
"G9"21;
"H9"22;
"T8"23;
"T14"35;
"T11"35;
"G12"6;
"L12"5;
"L11"6;
"N11"5;
"H11"24;
"G14"25;
"M11"5;
"M12"6;
"K12"26;
"K11"6;
"N12"5;
"T10"27;
%"R"
"1","(-4200,3550)","0","kvm_matrix_lib","I10";
;
VALUE"100"
$LOCATION"?"
CODE"07090603"
CDS_LMAN_SYM_OUTLINE"-100,25,100,-25"
CDS_LIB"kvm_matrix_lib";
"A"17;
"B"28;
%"GND_SIGNAL"
"1","(-2250,2500)","0","standard","I11";
;
BODY_TYPE"PLUMBING"
HDL_POWER"GND_SIGNAL"
CDS_LIB"standard";
"GND"1;
%"C"
"1","(-2050,3200)","0","kvm_matrix_lib","I12";
;
VALUE"0.1U"
$LOCATION"?"
CODE"08070262"
CDS_LMAN_SYM_OUTLINE"-50,0,50,-50"
CDS_LIB"kvm_matrix_lib";
"1"34;
"2"1;
%"HEAD2X5"
"1","(-2550,3350)","0","kvm_matrix_lib","I13";
;
VALUE"HEAD2X5"
$LOCATION"?"
CODE"14050182"
CDS_LMAN_SYM_OUTLINE"-150,300,150,-300"
CDS_LIB"kvm_matrix_lib";
"P2"1;
"P4"34;
"P6"0;
"P10"1;
"P8"0;
"P1"28;
"P3"29;
"P5"30;
"P9"31;
"P7"0;
%"R"
"1","(-7800,5950)","2","kvm_matrix_lib","I14";
;
$LOCATION"?"
VALUE"4.7K"
CODE"07090246"
CDS_LMAN_SYM_OUTLINE"-100,25,100,-25"
CDS_LIB"kvm_matrix_lib";
"A"13;
"B"7;
%"R"
"1","(-7800,2450)","0","kvm_matrix_lib","I15";
;
$LOCATION"?"
VALUE"100"
CDS_LIB"kvm_matrix_lib"
CDS_LMAN_SYM_OUTLINE"-100,25,100,-25"
CODE"07090231";
"A"32;
"B"8;
%"GND_SIGNAL"
"1","(-6850,2400)","1","standard","I16";
;
CDS_LIB"standard"
BODY_TYPE"PLUMBING"
HDL_POWER"GND_SIGNAL";
"GND"2;
%"LED_S"
"1","(-7250,2450)","2","kvm_matrix_lib","I17";
;
$LOCATION"?"
VALUE"HSMG-C170-B"
CDS_LIB"kvm_matrix_lib"
CDS_LMAN_SYM_OUTLINE"-150,50,50,-75"
CODE"15020063";
"A"8;
"B"2;
%"R"
"1","(-7800,2650)","0","kvm_matrix_lib","I18";
;
$LOCATION"?"
VALUE"330"
CDS_LIB"kvm_matrix_lib"
CDS_LMAN_SYM_OUTLINE"-100,25,100,-25"
CODE"07090387";
"A"32;
"B"9;
%"R"
"1","(-7750,4300)","2","kvm_matrix_lib","I19";
;
$LOCATION"?"
VALUE"4.7K"
CDS_LIB"kvm_matrix_lib"
CDS_LMAN_SYM_OUTLINE"-100,25,100,-25"
CODE"07090246";
"A"10;
"B"33;
%"GND_SIGNAL"
"1","(-3250,2450)","0","standard","I2";
;
HDL_POWER"GND_SIGNAL"
BODY_TYPE"PLUMBING"
CDS_LIB"standard";
"GND"3;
%"GND_SIGNAL"
"1","(-7350,3950)","1","standard","I20";
;
HDL_POWER"GND_SIGNAL"
BODY_TYPE"PLUMBING"
CDS_LIB"standard";
"GND"4;
%"RESETKEY"
"1","(-8050,4050)","0","kvm_matrix_lib","I21";
;
$LOCATION"?"
VALUE"RESET-SMT"
CDS_LIB"kvm_matrix_lib"
CDS_LMAN_SYM_OUTLINE"200,50,450,-100"
CODE"16100017";
"B2"0;
"B1"4;
"A1"0;
"A2"33;
%"R"
"1","(-7800,5650)","2","kvm_matrix_lib","I22";
;
VALUE"4.7K"
$LOCATION"?"
CDS_LIB"kvm_matrix_lib"
CDS_LMAN_SYM_OUTLINE"-100,25,100,-25"
CODE"07090246";
"A"11;
"B"12;
%"GND_SIGNAL"
"1","(-2700,5450)","3","standard","I23";
;
BODY_TYPE"PLUMBING"
HDL_POWER"GND_SIGNAL"
CDS_LIB"standard";
"GND"5;
%"GND_SIGNAL"
"1","(-3650,4800)","0","standard","I24";
;
CDS_LIB"standard"
BODY_TYPE"PLUMBING"
HDL_POWER"GND_SIGNAL";
"GND"6;
%"ESD"
"1","(-3200,2700)","0","kvm_matrix_lib","I3";
;
$LOCATION"?"
VALUE"ESD-3.3V"
CDS_LMAN_SYM_OUTLINE"-50,50,50,-50"
CDS_LIB"kvm_matrix_lib";
"1"31;
"2"3;
%"ESD"
"1","(-3100,2700)","0","kvm_matrix_lib","I4";
;
$LOCATION"?"
VALUE"ESD-3.3V"
CDS_LMAN_SYM_OUTLINE"-50,50,50,-50"
CDS_LIB"kvm_matrix_lib";
"1"30;
"2"3;
%"ESD"
"1","(-3000,2700)","0","kvm_matrix_lib","I5";
;
$LOCATION"?"
VALUE"ESD-3.3V"
CDS_LMAN_SYM_OUTLINE"-50,50,50,-50"
CDS_LIB"kvm_matrix_lib";
"1"29;
"2"3;
%"ESD"
"1","(-2900,2700)","0","kvm_matrix_lib","I6";
;
$LOCATION"?"
VALUE"ESD-3.3V"
CDS_LMAN_SYM_OUTLINE"-50,50,50,-50"
CDS_LIB"kvm_matrix_lib";
"1"28;
"2"3;
%"R"
"1","(-4200,3150)","0","kvm_matrix_lib","I7";
;
VALUE"100"
$LOCATION"?"
CODE"07090603"
CDS_LMAN_SYM_OUTLINE"-100,25,100,-25"
CDS_LIB"kvm_matrix_lib";
"A"14;
"B"31;
%"R"
"1","(-4200,3350)","0","kvm_matrix_lib","I8";
;
$LOCATION"?"
VALUE"100"
CODE"07090603"
CDS_LMAN_SYM_OUTLINE"-100,25,100,-25"
CDS_LIB"kvm_matrix_lib";
"A"16;
"B"30;
%"R"
"1","(-4200,3450)","0","kvm_matrix_lib","I9";
;
VALUE"100"
$LOCATION"?"
CODE"07090603"
CDS_LMAN_SYM_OUTLINE"-100,25,100,-25"
CDS_LIB"kvm_matrix_lib";
"A"15;
"B"29;
END.
