FILE_TYPE = CONNECTIVITY;
{Allegro Design Entry HDL 16.6-p007 (v16-6-112F) 10/10/2012}
"PAGE_NUMBER" = 44;
0"NC";
1"GND_SIGNAL\g";
2"GND_SIGNAL\g";
3"GND_SIGNAL\g";
4"GND_SIGNAL\g";
5"GND_SIGNAL\g";
6"GND_SIGNAL\g";
7"V_A7_3V3";
8"V_A7_3V3_SFP4_VCCT";
9"V_A7_3V3_SFP4_VCCR";
10"V_A7_3V3_SFP4_VCCR";
11"V_A7_3V3_SFP4_VCCT";
12"A7_SFP4_RS0";
13"A7_SFP4_RS1";
14"V_A7_3V3_SFP4_VCCT";
15"V_A7_3V3_SFP4_VCCR";
16"V_A7_3V3_SFP4_VCCR";
17"V_A7_3V3";
18"V_A7_3V3_SFP4_VCCT";
19"A7_SFP4_RS0";
20"A7_SFP4_SOUT_N";
21"A7_SFP4_SIN_N";
22"A7_SFP4_SIN_P";
23"A7_SFP4_SOUT_P";
24"A7_SFP4_RX_LOS";
25"A7_SFP4_MOD_ABS";
26"A7_SFP4_SCL";
27"A7_SFP4_SDA";
28"A7_SFP4_TX_DISABLE";
29"A7_SFP4_TX_FAULT";
30"A7_SFP4_RS1";
31"A7_SFP4_MOD_ABS";
32"A7_SFP4_TX_DISABLE";
33"A7_SFP4_TX_FAULT";
34"A7_SFP4_SDA";
35"A7_SFP4_SCL";
36"A7_SFP4_RX_LOS";
%"R"
"1","(-8150,2000)","1","kvm_matrix_lib","I1";
;
VALUE"4.7K"
$LOCATION"?"
CODE"07090246"
CDS_LMAN_SYM_OUTLINE"-100,25,100,-25"
CDS_LIB"kvm_matrix_lib";
"A"35;
"B"10;
%"R"
"1","(-6000,3850)","1","kvm_matrix_lib","I10";
;
VALUE"0"
$LOCATION"?"
CODE"07090522"
CDS_LMAN_SYM_OUTLINE"-100,25,100,-25"
CDS_LIB"kvm_matrix_lib";
"A"5;
"B"30;
%"R"
"1","(-8000,4400)","1","kvm_matrix_lib","I11";
;
VALUE"4.7K"
$LOCATION"?"
CODE"07090246"
CDS_LMAN_SYM_OUTLINE"-100,25,100,-25"
CDS_LIB"kvm_matrix_lib";
"A"12;
"B"15;
%"SFP_CONN"
"1","(-7100,6150)","0","kvm_matrix_lib","I12";
;
CDS_LMAN_SYM_OUTLINE"-125,500,250,-775"
CDS_LIB"kvm_matrix_lib";
"20"1;
"19"20;
"18"23;
"17"1;
"16"18;
"15"16;
"14"1;
"13"22;
"12"21;
"11"1;
"10"1;
"9"13;
"8"24;
"7"19;
"6"25;
"5"26;
"4"27;
"3"28;
"2"29;
"1"1;
%"GND_SIGNAL"
"1","(-6750,5300)","0","standard","I13";
;
HDL_POWER"GND_SIGNAL"
BODY_TYPE"PLUMBING"
CDS_LIB"standard";
"GND"1;
%"R"
"1","(-6000,4400)","1","kvm_matrix_lib","I14";
;
VALUE"4.7K"
$LOCATION"?"
CODE"07090246"
CDS_LMAN_SYM_OUTLINE"-100,25,100,-25"
CDS_LIB"kvm_matrix_lib";
"A"30;
"B"14;
%"LB"
"1","(-2850,3750)","0","kvm_matrix_lib","I15";
;
VALUE"100MOHM"
$LOCATION"?"
CODE"10070008"
CDS_LMAN_SYM_OUTLINE"-125,50,125,0"
CDS_LIB"kvm_matrix_lib";
"B"9;
"A"17;
%"GND_SIGNAL"
"1","(-2600,3200)","0","standard","I16";
;
BODY_TYPE"PLUMBING"
HDL_POWER"GND_SIGNAL"
CDS_LIB"standard";
"GND"6;
%"C"
"1","(-2550,3550)","0","kvm_matrix_lib","I17";
;
VALUE"10UF"
$LOCATION"?"
CODE"08070391"
CDS_LMAN_SYM_OUTLINE"-50,0,50,-50"
CDS_LIB"kvm_matrix_lib";
"1"9;
"2"6;
%"C"
"1","(-2300,3550)","0","kvm_matrix_lib","I18";
;
VALUE"0.1U"
$LOCATION"?"
CODE"08070262"
CDS_LMAN_SYM_OUTLINE"-50,0,50,-50"
CDS_LIB"kvm_matrix_lib";
"1"9;
"2"6;
%"GND_SIGNAL"
"1","(-2600,4100)","0","standard","I19";
;
HDL_POWER"GND_SIGNAL"
BODY_TYPE"PLUMBING"
CDS_LIB"standard";
"GND"2;
%"R"
"1","(-7950,2000)","1","kvm_matrix_lib","I2";
;
VALUE"4.7K"
$LOCATION"?"
CODE"07090246"
CDS_LMAN_SYM_OUTLINE"-100,25,100,-25"
CDS_LIB"kvm_matrix_lib";
"A"34;
"B"10;
%"LB"
"1","(-2850,4650)","0","kvm_matrix_lib","I20";
;
VALUE"100MOHM"
$LOCATION"?"
CODE"10070008"
CDS_LMAN_SYM_OUTLINE"-125,50,125,0"
CDS_LIB"kvm_matrix_lib";
"B"8;
"A"7;
%"C"
"1","(-2550,4450)","0","kvm_matrix_lib","I21";
;
VALUE"10UF"
$LOCATION"?"
CODE"08070391"
CDS_LMAN_SYM_OUTLINE"-50,0,50,-50"
CDS_LIB"kvm_matrix_lib";
"1"8;
"2"2;
%"C"
"1","(-2300,4450)","0","kvm_matrix_lib","I22";
;
VALUE"0.1U"
$LOCATION"?"
CODE"08070262"
CDS_LMAN_SYM_OUTLINE"-50,0,50,-50"
CDS_LIB"kvm_matrix_lib";
"1"8;
"2"2;
%"GND_SIGNAL"
"1","(-2950,5450)","0","standard","I23";
;
BODY_TYPE"PLUMBING"
HDL_POWER"GND_SIGNAL"
CDS_LIB"standard";
"GND"3;
%"SFP_CAGE"
"1","(-2650,6150)","0","kvm_matrix_lib","I24";
;
CDS_LMAN_SYM_OUTLINE"-125,500,125,-550"
CDS_LIB"kvm_matrix_lib";
"20"3;
"19"3;
"18"3;
"17"3;
"16"3;
"15"3;
"14"3;
"13"3;
"12"3;
"11"3;
"10"3;
"9"3;
"8"3;
"7"3;
"6"3;
"5"3;
"4"3;
"3"3;
"2"3;
"1"3;
%"R"
"1","(-7750,2000)","1","kvm_matrix_lib","I3";
;
VALUE"4.7K"
$LOCATION"?"
CODE"07090246"
CDS_LMAN_SYM_OUTLINE"-100,25,100,-25"
CDS_LIB"kvm_matrix_lib";
"A"36;
"B"10;
%"GND_SIGNAL"
"1","(-8050,3500)","0","standard","I4";
;
HDL_POWER"GND_SIGNAL"
BODY_TYPE"PLUMBING"
CDS_LIB"standard";
"GND"4;
%"R"
"1","(-8000,3850)","1","kvm_matrix_lib","I5";
;
VALUE"0"
$LOCATION"?"
CODE"07090522"
CDS_LMAN_SYM_OUTLINE"-100,25,100,-25"
CDS_LIB"kvm_matrix_lib";
"A"4;
"B"12;
%"R"
"1","(-6000,2000)","1","kvm_matrix_lib","I6";
;
VALUE"4.7K"
$LOCATION"?"
CODE"07090246"
CDS_LMAN_SYM_OUTLINE"-100,25,100,-25"
CDS_LIB"kvm_matrix_lib";
"A"31;
"B"11;
%"R"
"1","(-5800,2000)","1","kvm_matrix_lib","I7";
;
VALUE"4.7K"
$LOCATION"?"
CODE"07090246"
CDS_LMAN_SYM_OUTLINE"-100,25,100,-25"
CDS_LIB"kvm_matrix_lib";
"A"32;
"B"11;
%"R"
"1","(-5600,2000)","1","kvm_matrix_lib","I8";
;
VALUE"4.7K"
$LOCATION"?"
CODE"07090246"
CDS_LMAN_SYM_OUTLINE"-100,25,100,-25"
CDS_LIB"kvm_matrix_lib";
"A"33;
"B"11;
%"GND_SIGNAL"
"1","(-6050,3500)","0","standard","I9";
;
HDL_POWER"GND_SIGNAL"
BODY_TYPE"PLUMBING"
CDS_LIB"standard";
"GND"5;
END.
