FILE_TYPE = CONNECTIVITY;
{Allegro Design Entry HDL 16.6-p007 (v16-6-112F) 10/10/2012}
"PAGE_NUMBER" = 13;
0"NC";
1"GND_SIGNAL\g";
2"GND_SIGNAL\g";
3"GND_SIGNAL\g";
4"GND_SIGNAL\g";
5"GND_SIGNAL\g";
6"GND_SIGNAL\g";
7"V_S7_3V3_SFP_VCCR";
8"V_S7_3V3_SFP_VCCR";
9"S7_SFP_RX_LOS";
10"S7_SFP_SDA";
11"S7_SFP_SCL";
12"S7_SFP_TX_FAULT";
13"S7_SFP_TX_DISABLE";
14"S7_SFP_RX_LOS";
15"S7_SFP_MOD_ABS";
16"S7_SFP_SDA";
17"S7_SFP_SCL";
18"S7_SFP_SOUT_P";
19"S7_SFP_MOD_ABS";
20"S7_SFP_TX_DISABLE";
21"V_S7_3V3_SFP_VCCT";
22"S7_SFP_TX_FAULT";
23"V_S7_3V3";
24"V_S7_3V3";
25"S7_SFP_SOUT_N";
26"V_S7_3V3_SFP_VCCT";
27"V_S7_3V3_SFP_VCCR";
28"S7_SFP_SIN_P";
29"S7_SFP_SIN_N";
30"S7_SFP_RS1";
31"S7_SFP_RS0";
32"S7_SFP_RS0";
33"S7_SFP_RS1";
34"V_S7_3V3_SFP_VCCR";
35"V_S7_3V3_SFP_VCCT";
36"V_S7_3V3_SFP_VCCT";
%"R"
"1","(-6000,4450)","1","kvm_matrix_lib","I10";
;
$LOCATION"?"
VALUE"4.7K"
CDS_LIB"kvm_matrix_lib"
CDS_LMAN_SYM_OUTLINE"-100,25,100,-25"
CODE"07090246";
"A"33;
"B"36;
%"SFP_CONN"
"1","(-7100,6200)","0","kvm_matrix_lib","I11";
;
CDS_LIB"kvm_matrix_lib"
CDS_LMAN_SYM_OUTLINE"-125,500,250,-775";
"20"6;
"19"25;
"18"18;
"17"6;
"16"26;
"15"27;
"14"6;
"13"28;
"12"29;
"11"6;
"10"6;
"9"30;
"8"14;
"7"31;
"6"15;
"5"17;
"4"16;
"3"13;
"2"12;
"1"6;
%"GND_SIGNAL"
"1","(-6750,5350)","0","standard","I12";
;
CDS_LIB"standard"
HDL_POWER"GND_SIGNAL"
BODY_TYPE"PLUMBING";
"GND"6;
%"GND_SIGNAL"
"1","(-2600,3250)","0","standard","I13";
;
CDS_LIB"standard"
BODY_TYPE"PLUMBING"
HDL_POWER"GND_SIGNAL";
"GND"5;
%"C"
"1","(-2550,3600)","0","kvm_matrix_lib","I14";
;
$LOCATION"?"
VALUE"10UF"
CDS_LIB"kvm_matrix_lib"
CDS_LMAN_SYM_OUTLINE"-50,0,50,-50"
CODE"08070391";
"1"34;
"2"5;
%"C"
"1","(-2300,3600)","0","kvm_matrix_lib","I15";
;
$LOCATION"?"
VALUE"0.1U"
CDS_LIB"kvm_matrix_lib"
CDS_LMAN_SYM_OUTLINE"-50,0,50,-50"
CODE"08070262";
"1"34;
"2"5;
%"LB"
"1","(-2850,3800)","0","kvm_matrix_lib","I16";
;
$LOCATION"?"
VALUE"100MOHM"
CDS_LIB"kvm_matrix_lib"
CDS_LMAN_SYM_OUTLINE"-125,50,125,0"
CODE"10070008";
"B"34;
"A"23;
%"GND_SIGNAL"
"1","(-2600,4150)","0","standard","I17";
;
CDS_LIB"standard"
HDL_POWER"GND_SIGNAL"
BODY_TYPE"PLUMBING";
"GND"4;
%"LB"
"1","(-2850,4700)","0","kvm_matrix_lib","I18";
;
$LOCATION"?"
VALUE"100MOHM"
CDS_LIB"kvm_matrix_lib"
CDS_LMAN_SYM_OUTLINE"-125,50,125,0"
CODE"10070008";
"B"35;
"A"24;
%"C"
"1","(-2550,4500)","0","kvm_matrix_lib","I19";
;
$LOCATION"?"
VALUE"10UF"
CDS_LIB"kvm_matrix_lib"
CDS_LMAN_SYM_OUTLINE"-50,0,50,-50"
CODE"08070391";
"1"35;
"2"4;
%"C"
"1","(-2300,4500)","0","kvm_matrix_lib","I20";
;
$LOCATION"?"
VALUE"0.1U"
CDS_LIB"kvm_matrix_lib"
CDS_LMAN_SYM_OUTLINE"-50,0,50,-50"
CODE"08070262";
"1"35;
"2"4;
%"GND_SIGNAL"
"1","(-2950,5500)","0","standard","I21";
;
CDS_LIB"standard"
BODY_TYPE"PLUMBING"
HDL_POWER"GND_SIGNAL";
"GND"3;
%"SFP_CAGE"
"1","(-2650,6200)","0","kvm_matrix_lib","I22";
;
CDS_LIB"kvm_matrix_lib"
CDS_LMAN_SYM_OUTLINE"-125,500,125,-550";
"20"3;
"19"3;
"18"3;
"17"3;
"16"3;
"15"3;
"14"3;
"13"3;
"12"3;
"11"3;
"10"3;
"9"3;
"8"3;
"7"3;
"6"3;
"5"3;
"4"3;
"3"3;
"2"3;
"1"3;
%"R"
"1","(-8150,2050)","1","kvm_matrix_lib","I23";
;
$LOCATION"?"
VALUE"4.7K"
CDS_LIB"kvm_matrix_lib"
CDS_LMAN_SYM_OUTLINE"-100,25,100,-25"
CODE"07090246";
"A"11;
"B"8;
%"R"
"1","(-7750,2050)","1","kvm_matrix_lib","I24";
;
$LOCATION"?"
VALUE"4.7K"
CDS_LIB"kvm_matrix_lib"
CDS_LMAN_SYM_OUTLINE"-100,25,100,-25"
CODE"07090246";
"A"9;
"B"8;
%"R"
"1","(-6000,2050)","1","kvm_matrix_lib","I25";
;
$LOCATION"?"
VALUE"4.7K"
CDS_LIB"kvm_matrix_lib"
CDS_LMAN_SYM_OUTLINE"-100,25,100,-25"
CODE"07090246";
"A"19;
"B"21;
%"R"
"1","(-5800,2050)","1","kvm_matrix_lib","I26";
;
$LOCATION"?"
VALUE"4.7K"
CDS_LIB"kvm_matrix_lib"
CDS_LMAN_SYM_OUTLINE"-100,25,100,-25"
CODE"07090246";
"A"20;
"B"21;
%"R"
"1","(-5600,2050)","1","kvm_matrix_lib","I27";
;
$LOCATION"?"
VALUE"4.7K"
CDS_LIB"kvm_matrix_lib"
CDS_LMAN_SYM_OUTLINE"-100,25,100,-25"
CODE"07090246";
"A"22;
"B"21;
%"R"
"1","(-7950,2050)","1","kvm_matrix_lib","I28";
;
$LOCATION"?"
VALUE"4.7K"
CDS_LIB"kvm_matrix_lib"
CDS_LMAN_SYM_OUTLINE"-100,25,100,-25"
CODE"07090246";
"A"10;
"B"8;
%"R"
"1","(-8000,3900)","1","kvm_matrix_lib","I5";
;
$LOCATION"?"
VALUE"0"
CDS_LMAN_SYM_OUTLINE"-100,25,100,-25"
CDS_LIB"kvm_matrix_lib"
CODE"07090522";
"A"2;
"B"32;
%"GND_SIGNAL"
"1","(-8050,3550)","0","standard","I6";
;
CDS_LIB"standard"
HDL_POWER"GND_SIGNAL"
BODY_TYPE"PLUMBING";
"GND"2;
%"R"
"1","(-8000,4450)","1","kvm_matrix_lib","I7";
;
$LOCATION"?"
VALUE"4.7K"
CDS_LIB"kvm_matrix_lib"
CDS_LMAN_SYM_OUTLINE"-100,25,100,-25"
CODE"07090246";
"A"32;
"B"7;
%"R"
"1","(-6000,3900)","1","kvm_matrix_lib","I8";
;
$LOCATION"?"
VALUE"0"
CDS_LIB"kvm_matrix_lib"
CDS_LMAN_SYM_OUTLINE"-100,25,100,-25"
CODE"07090522";
"A"1;
"B"33;
%"GND_SIGNAL"
"1","(-6050,3550)","0","standard","I9";
;
CDS_LIB"standard"
HDL_POWER"GND_SIGNAL"
BODY_TYPE"PLUMBING";
"GND"1;
END.
