FILE_TYPE = CONNECTIVITY;
{Allegro Design Entry HDL 16.6-p007 (v16-6-112F) 10/10/2012}
"PAGE_NUMBER" = 5;
0"NC";
1"GND_SIGNAL\g";
2"GND_SIGNAL\g";
3"GND_SIGNAL\g";
4"GND_SIGNAL\g";
5"GND_SIGNAL\g";
6"GND_SIGNAL\g";
7"GND_SIGNAL\g";
8"S7_7612_A_HP";
9"V_S7_7612_A_5V0";
10"S7_7612_MCLK";
11"S7_7612_INT1";
12"S7_7612_B_HP";
13"S7_7612_DE";
14"S7_7612_XTAL_P";
15"S7_7612_INT2";
16"V_S7_7612_B_5V0";
17"S7_7612_SCL";
18"S7_7612_XTAL_N";
19"S7_7612_SDA";
20"S7_7612_A_CLK_P";
21"S7_7612_A_CLK_N";
22"S7_7612_A_DATA2_N";
23"S7_7612_A_DATA1_N";
24"S7_7612_A_DATA0_N";
25"S7_7612_A_DATA2_P";
26"S7_7612_AP5";
27"S7_7612_AP4";
28"S7_7612_AP3";
29"S7_7612_AP0";
30"S7_7612_AP1";
31"S7_7612_AP2";
32"S7_7612_A_SCL";
33"S7_7612_RESET_N";
34"S7_7612_B_SDA";
35"S7_7612_B_SCL";
36"S7_7612_A_SDA";
37"S7_7612_AP1";
38"S7_7612_AP0";
39"S7_7612_B_DATA1_N";
40"S7_7612_B_DATA2_N";
41"S7_7612_B_CLK_N";
42"S7_7612_B_CLK_P";
43"S7_7612_A_DATA1_P";
44"S7_7612_A_DATA0_P";
45"S7_7612_AP5";
46"S7_7612_SDA";
47"S7_7612_SCL";
48"S7_7612_AP4";
49"S7_7612_CS_N";
50"S7_7612_AP3";
51"S7_7612_XTAL_P";
52"S7_7612_XTAL_N";
53"S7_7612_B_DATA0_P";
54"S7_7612_B_DATA1_P";
55"S7_7612_B_DATA2_P";
56"S7_7612_B_DATA0_N";
57"V_S7_3V3_7612_TVDD";
58"V_S7_3V3_7612_DVDDIO";
59"V_S7_1V8_7612_CVDD";
60"V_S7_3V3_7612_DVDDIO";
61"V_S7_1V8_7612_DVDD";
62"V_S7_3V3_7612_TVDD";
63"S7_7612_AP2";
64"V_S7_1V8_7612_PVDD";
65"V_S7_3V3";
66"V_S7_3V3";
67"V_S7_1V8_7612_CVDD";
68"V_S7_1V8_7612_DVDD";
69"V_S7_1V8_7612_PVDD";
70"V_S7_3V3_7612_DVDDIO";
71"S7_7612_CS_N";
72"S7_7612_MCLK";
73"V_S7_1V8";
74"V_S7_1V8";
75"V_S7_1V8";
%"ADV7612BSWZ"
"1","(-4000,5600)","0","kvm_matrix_lib","I1";
;
$LOCATION"?"
CDS_LMAN_SYM_OUTLINE"-1400,1800,1400,-1700"
CDS_LIB"kvm_matrix_lib"
VALUE"VALUE"
PACK_TYPE"PACK_TYPE";
"DE"13;
"XTALP"14;
"XTALN"18;
"SDA"19;
"SCLK/INT2"15;
"SCL"17;
"RXB_5V"16;
"RXA_5V"9;
"MCLK/INT2"10;
"INT1"11;
"HPA_B"12;
"HPA_A/INT2"8;
"RXB_C+"42;
"RXB_C-"41;
"RXB_2-"40;
"RXB_1-"39;
"RXB_0-"56;
"RXB_2+"55;
"RXB_1+"54;
"RXB_0+"53;
"RXA_C+"20;
"RXA_C-"21;
"RXA_2-"22;
"RXA_1-"23;
"RXA_0-"24;
"RXA_2+"25;
"RXA_1+"43;
"RXA_0+"44;
"DDCB_SDA"34;
"DDCB_SCL"35;
"DDCA_SDA"36;
"DDCA_SCL"32;
"RESET"33;
"CS"49;
"AP5"45;
"AP4"48;
"AP3"50;
"AP2"63;
"AP1/I2S_TDM"37;
"AP0"38;
"TVDD_6"62;
"TVDD_5"62;
"TVDD_4"62;
"TVDD_3"62;
"TVDD_2"62;
"TVDD"62;
"PVDD"64;
"DVDD_4"61;
"DVDD_3"61;
"DVDD"61;
"DVDDIO_4"60;
"DVDDIO_3"60;
"DVDDIO_2"60;
"DVDDIO"60;
"CVDD_3"59;
"CVDD_2"59;
"DVDD_2"61;
"CVDD"59;
%"GND_SIGNAL"
"1","(-8850,1500)","0","standard","I10";
;
CDS_LIB"standard"
BODY_TYPE"PLUMBING"
HDL_POWER"GND_SIGNAL";
"GND"1;
%"LB"
"1","(-9150,1050)","0","kvm_matrix_lib","I11";
;
$LOCATION"?"
VALUE"100MOHM"
CDS_LIB"kvm_matrix_lib"
CDS_LMAN_SYM_OUTLINE"-125,50,125,0"
CODE"10070008";
"B"68;
"A"75;
%"C"
"1","(-8800,850)","0","kvm_matrix_lib","I12";
;
VALUE"0.1U"
$LOCATION"?"
CDS_LMAN_SYM_OUTLINE"-50,0,50,-50"
CDS_LIB"kvm_matrix_lib"
CODE"08070262";
"1"68;
"2"2;
%"C"
"1","(-8650,850)","0","kvm_matrix_lib","I13";
;
VALUE"0.1U"
$LOCATION"?"
CDS_LMAN_SYM_OUTLINE"-50,0,50,-50"
CDS_LIB"kvm_matrix_lib"
CODE"08070262";
"1"68;
"2"2;
%"C"
"1","(-8500,850)","0","kvm_matrix_lib","I14";
;
VALUE"0.1U"
$LOCATION"?"
CODE"08070262"
CDS_LMAN_SYM_OUTLINE"-50,0,50,-50"
CDS_LIB"kvm_matrix_lib";
"1"68;
"2"2;
%"C"
"1","(-8300,850)","0","kvm_matrix_lib","I15";
;
VALUE"0.01U"
$LOCATION"?"
CODE"08070247"
CDS_LMAN_SYM_OUTLINE"-50,0,50,-50"
CDS_LIB"kvm_matrix_lib";
"1"68;
"2"2;
%"C"
"1","(-8150,850)","0","kvm_matrix_lib","I16";
;
VALUE"0.01U"
$LOCATION"?"
CODE"08070247"
CDS_LMAN_SYM_OUTLINE"-50,0,50,-50"
CDS_LIB"kvm_matrix_lib";
"1"68;
"2"2;
%"C"
"1","(-8000,850)","0","kvm_matrix_lib","I17";
;
VALUE"0.01U"
$LOCATION"?"
CODE"08070247"
CDS_LMAN_SYM_OUTLINE"-50,0,50,-50"
CDS_LIB"kvm_matrix_lib";
"1"68;
"2"2;
%"GND_SIGNAL"
"1","(-8850,450)","0","standard","I18";
;
BODY_TYPE"PLUMBING"
HDL_POWER"GND_SIGNAL"
CDS_LIB"standard";
"GND"2;
%"LB"
"1","(-9150,3200)","0","kvm_matrix_lib","I19";
;
$LOCATION"?"
VALUE"100MOHM"
CDS_LIB"kvm_matrix_lib"
CDS_LMAN_SYM_OUTLINE"-125,50,125,0"
CODE"10070008";
"B"69;
"A"73;
%"LB"
"1","(-9150,2100)","0","kvm_matrix_lib","I2";
;
$LOCATION"?"
VALUE"100MOHM"
CDS_LMAN_SYM_OUTLINE"-125,50,125,0"
CDS_LIB"kvm_matrix_lib"
CODE"10070008";
"B"67;
"A"74;
%"C"
"1","(-8800,3000)","0","kvm_matrix_lib","I20";
;
$LOCATION"?"
VALUE"0.1U"
CDS_LMAN_SYM_OUTLINE"-50,0,50,-50"
CDS_LIB"kvm_matrix_lib"
CODE"08070262";
"1"69;
"2"3;
%"C"
"1","(-8650,3000)","0","kvm_matrix_lib","I21";
;
$LOCATION"?"
VALUE"0.01U"
CDS_LMAN_SYM_OUTLINE"-50,0,50,-50"
CDS_LIB"kvm_matrix_lib"
CODE"08070247";
"1"69;
"2"3;
%"GND_SIGNAL"
"1","(-8850,2550)","0","standard","I22";
;
CDS_LIB"standard"
BODY_TYPE"PLUMBING"
HDL_POWER"GND_SIGNAL";
"GND"3;
%"C"
"1","(-5350,1850)","0","kvm_matrix_lib","I23";
;
$LOCATION"?"
VALUE"0.1U"
CDS_LIB"kvm_matrix_lib"
CDS_LMAN_SYM_OUTLINE"-50,0,50,-50"
CODE"08070262";
"1"58;
"2"4;
%"C"
"1","(-5200,1850)","0","kvm_matrix_lib","I24";
;
$LOCATION"?"
VALUE"0.1U"
CDS_LIB"kvm_matrix_lib"
CDS_LMAN_SYM_OUTLINE"-50,0,50,-50"
CODE"08070262";
"1"58;
"2"4;
%"C"
"1","(-5050,1850)","0","kvm_matrix_lib","I25";
;
$LOCATION"?"
VALUE"0.1U"
CDS_LIB"kvm_matrix_lib"
CDS_LMAN_SYM_OUTLINE"-50,0,50,-50"
CODE"08070262";
"1"58;
"2"4;
%"C"
"1","(-4900,1850)","0","kvm_matrix_lib","I26";
;
$LOCATION"?"
VALUE"0.1U"
CDS_LIB"kvm_matrix_lib"
CDS_LMAN_SYM_OUTLINE"-50,0,50,-50"
CODE"08070262";
"1"58;
"2"4;
%"C"
"1","(-4700,1850)","0","kvm_matrix_lib","I27";
;
$LOCATION"?"
VALUE"0.01U"
CDS_LMAN_SYM_OUTLINE"-50,0,50,-50"
CDS_LIB"kvm_matrix_lib"
CODE"08070247";
"1"58;
"2"4;
%"C"
"1","(-4550,1850)","0","kvm_matrix_lib","I28";
;
$LOCATION"?"
VALUE"0.01U"
CDS_LIB"kvm_matrix_lib"
CDS_LMAN_SYM_OUTLINE"-50,0,50,-50"
CODE"08070247";
"1"58;
"2"4;
%"C"
"1","(-4400,1850)","0","kvm_matrix_lib","I29";
;
$LOCATION"?"
VALUE"0.01U"
CDS_LIB"kvm_matrix_lib"
CDS_LMAN_SYM_OUTLINE"-50,0,50,-50"
CODE"08070247";
"1"58;
"2"4;
%"C"
"1","(-8600,1900)","0","kvm_matrix_lib","I3";
;
$LOCATION"?"
VALUE"0.1U"
CDS_LIB"kvm_matrix_lib"
CDS_LMAN_SYM_OUTLINE"-50,0,50,-50"
CODE"08070262";
"1"67;
"2"1;
%"C"
"1","(-4250,1850)","0","kvm_matrix_lib","I30";
;
$LOCATION"?"
VALUE"0.01U"
CDS_LIB"kvm_matrix_lib"
CDS_LMAN_SYM_OUTLINE"-50,0,50,-50"
CODE"08070247";
"1"58;
"2"4;
%"GND_SIGNAL"
"1","(-5400,1450)","0","standard","I31";
;
CDS_LIB"standard"
HDL_POWER"GND_SIGNAL"
BODY_TYPE"PLUMBING";
"GND"4;
%"LB"
"1","(-5750,2100)","0","kvm_matrix_lib","I32";
;
$LOCATION"?"
VALUE"100MOHM"
CDS_LIB"kvm_matrix_lib"
CDS_LMAN_SYM_OUTLINE"-125,50,125,0"
CODE"10070008";
"B"58;
"A"65;
%"C"
"1","(-4900,3000)","0","kvm_matrix_lib","I33";
;
$LOCATION"?"
VALUE"0.1U"
CDS_LMAN_SYM_OUTLINE"-50,0,50,-50"
CDS_LIB"kvm_matrix_lib"
CODE"08070262";
"1"57;
"2"5;
%"C"
"1","(-5050,3000)","0","kvm_matrix_lib","I34";
;
$LOCATION"?"
VALUE"0.1U"
CDS_LMAN_SYM_OUTLINE"-50,0,50,-50"
CDS_LIB"kvm_matrix_lib"
CODE"08070262";
"1"57;
"2"5;
%"C"
"1","(-5200,3000)","0","kvm_matrix_lib","I35";
;
$LOCATION"?"
VALUE"0.1U"
CDS_LMAN_SYM_OUTLINE"-50,0,50,-50"
CDS_LIB"kvm_matrix_lib"
CODE"08070262";
"1"57;
"2"5;
%"C"
"1","(-5350,3000)","0","kvm_matrix_lib","I36";
;
$LOCATION"?"
VALUE"0.1U"
CDS_LMAN_SYM_OUTLINE"-50,0,50,-50"
CDS_LIB"kvm_matrix_lib"
CODE"08070262";
"1"57;
"2"5;
%"C"
"1","(-4750,3000)","0","kvm_matrix_lib","I37";
;
$LOCATION"?"
VALUE"0.1U"
CDS_LMAN_SYM_OUTLINE"-50,0,50,-50"
CDS_LIB"kvm_matrix_lib"
CODE"08070262";
"1"57;
"2"5;
%"C"
"1","(-4600,3000)","0","kvm_matrix_lib","I38";
;
$LOCATION"?"
VALUE"0.1U"
CDS_LMAN_SYM_OUTLINE"-50,0,50,-50"
CDS_LIB"kvm_matrix_lib"
CODE"08070262";
"1"57;
"2"5;
%"C"
"1","(-4400,3000)","0","kvm_matrix_lib","I39";
;
$LOCATION"?"
VALUE"0.01U"
CDS_LMAN_SYM_OUTLINE"-50,0,50,-50"
CDS_LIB"kvm_matrix_lib"
CODE"08070247";
"1"57;
"2"5;
%"C"
"1","(-7800,1900)","0","kvm_matrix_lib","I4";
;
$LOCATION"?"
VALUE"0.01U"
CDS_LMAN_SYM_OUTLINE"-50,0,50,-50"
CDS_LIB"kvm_matrix_lib"
CODE"08070247";
"1"67;
"2"1;
%"C"
"1","(-4250,3000)","0","kvm_matrix_lib","I40";
;
$LOCATION"?"
VALUE"0.01U"
CDS_LMAN_SYM_OUTLINE"-50,0,50,-50"
CDS_LIB"kvm_matrix_lib"
CODE"08070247";
"1"57;
"2"5;
%"C"
"1","(-4100,3000)","0","kvm_matrix_lib","I41";
;
$LOCATION"?"
VALUE"0.01U"
CDS_LMAN_SYM_OUTLINE"-50,0,50,-50"
CDS_LIB"kvm_matrix_lib"
CODE"08070247";
"1"57;
"2"5;
%"C"
"1","(-3950,3000)","0","kvm_matrix_lib","I42";
;
$LOCATION"?"
VALUE"0.01U"
CDS_LMAN_SYM_OUTLINE"-50,0,50,-50"
CDS_LIB"kvm_matrix_lib"
CODE"08070247";
"1"57;
"2"5;
%"C"
"1","(-3800,3000)","0","kvm_matrix_lib","I43";
;
$LOCATION"?"
VALUE"0.01U"
CDS_LMAN_SYM_OUTLINE"-50,0,50,-50"
CDS_LIB"kvm_matrix_lib"
CODE"08070247";
"1"57;
"2"5;
%"C"
"1","(-3650,3000)","0","kvm_matrix_lib","I44";
;
$LOCATION"?"
VALUE"0.01U"
CDS_LMAN_SYM_OUTLINE"-50,0,50,-50"
CDS_LIB"kvm_matrix_lib"
CODE"08070247";
"1"57;
"2"5;
%"GND_SIGNAL"
"1","(-5400,2550)","0","standard","I45";
;
CDS_LIB"standard"
BODY_TYPE"PLUMBING"
HDL_POWER"GND_SIGNAL";
"GND"5;
%"LB"
"1","(-5750,3200)","0","kvm_matrix_lib","I46";
;
$LOCATION"?"
VALUE"100MOHM"
CDS_LMAN_SYM_OUTLINE"-125,50,125,0"
CDS_LIB"kvm_matrix_lib"
CODE"10070008";
"B"57;
"A"66;
%"CRYSTAL"
"1","(-2500,1650)","1","kvm_matrix_lib","I47";
;
$LOCATION"?"
VALUE"28.636MHZ"
CDS_LIB"kvm_matrix_lib"
CDS_LMAN_SYM_OUTLINE"50,100,225,-100"
CODE"12020113";
"A1"52;
"A2"51;
%"C"
"1","(-2800,2100)","1","kvm_matrix_lib","I48";
;
$LOCATION"?"
VALUE"47PF"
CDS_LMAN_SYM_OUTLINE"-50,0,50,-50"
CDS_LIB"kvm_matrix_lib"
CODE"98070500";
"1"6;
"2"51;
%"C"
"1","(-2800,1450)","1","kvm_matrix_lib","I49";
;
$LOCATION"?"
VALUE"47PF"
CDS_LMAN_SYM_OUTLINE"-50,0,50,-50"
CDS_LIB"kvm_matrix_lib"
CODE"98070500";
"1"6;
"2"52;
%"C"
"1","(-8800,1900)","0","kvm_matrix_lib","I5";
;
$LOCATION"?"
VALUE"1U"
CDS_LIB"kvm_matrix_lib"
CDS_LMAN_SYM_OUTLINE"-50,0,50,-50"
CODE"98070403";
"1"67;
"2"1;
%"R"
"1","(-2150,1750)","1","kvm_matrix_lib","I50";
;
$LOCATION"?"
VALUE"392K"
CDS_LIB"kvm_matrix_lib"
CDS_LMAN_SYM_OUTLINE"-100,25,100,-25"
CODE"07090584";
"A"52;
"B"51;
%"GND_SIGNAL"
"1","(-3300,1400)","7","standard","I51";
;
CDS_LIB"standard"
BODY_TYPE"PLUMBING"
HDL_POWER"GND_SIGNAL";
"GND"6;
%"R"
"1","(-9200,4650)","0","kvm_matrix_lib","I52";
;
$LOCATION"?"
VALUE"0"
CDS_LIB"kvm_matrix_lib"
CDS_LMAN_SYM_OUTLINE"-100,25,100,-25"
CODE"07090522";
"A"29;
"B"7;
%"R"
"1","(-9200,4550)","0","kvm_matrix_lib","I53";
;
$LOCATION"?"
VALUE"0"
CDS_LMAN_SYM_OUTLINE"-100,25,100,-25"
CDS_LIB"kvm_matrix_lib"
CODE"07090522";
"A"30;
"B"7;
%"R"
"1","(-9200,4450)","0","kvm_matrix_lib","I54";
;
$LOCATION"?"
VALUE"0"
CDS_LMAN_SYM_OUTLINE"-100,25,100,-25"
CDS_LIB"kvm_matrix_lib"
CODE"07090522";
"A"31;
"B"7;
%"R"
"1","(-9200,4350)","0","kvm_matrix_lib","I55";
;
$LOCATION"?"
VALUE"0"
CDS_LMAN_SYM_OUTLINE"-100,25,100,-25"
CDS_LIB"kvm_matrix_lib"
CODE"07090522";
"A"28;
"B"7;
%"R"
"1","(-9200,4250)","0","kvm_matrix_lib","I56";
;
$LOCATION"?"
VALUE"0"
CDS_LMAN_SYM_OUTLINE"-100,25,100,-25"
CDS_LIB"kvm_matrix_lib"
CODE"07090522";
"A"27;
"B"7;
%"R"
"1","(-9200,4150)","0","kvm_matrix_lib","I57";
;
$LOCATION"?"
VALUE"0"
CDS_LMAN_SYM_OUTLINE"-100,25,100,-25"
CDS_LIB"kvm_matrix_lib"
CODE"07090522";
"A"26;
"B"7;
%"GND_SIGNAL"
"1","(-8600,4100)","1","standard","I58";
;
CDS_LIB"standard"
BODY_TYPE"PLUMBING"
HDL_POWER"GND_SIGNAL";
"GND"7;
%"R"
"1","(-9200,5000)","0","kvm_matrix_lib","I59";
;
$LOCATION"?"
VALUE"47K"
CDS_LIB"kvm_matrix_lib"
CDS_LMAN_SYM_OUTLINE"-100,25,100,-25"
CODE"07090253";
"A"71;
"B"7;
%"C"
"1","(-8450,1900)","0","kvm_matrix_lib","I6";
;
$LOCATION"?"
VALUE"0.1U"
CDS_LMAN_SYM_OUTLINE"-50,0,50,-50"
CDS_LIB"kvm_matrix_lib"
CODE"08070262";
"1"67;
"2"1;
%"R"
"1","(-9000,6650)","1","kvm_matrix_lib","I60";
;
$LOCATION"?"
VALUE"4.7K"
CDS_LMAN_SYM_OUTLINE"-100,25,100,-25"
CDS_LIB"kvm_matrix_lib"
CODE"07090246";
"A"47;
"B"70;
%"R"
"1","(-8800,6650)","1","kvm_matrix_lib","I61";
;
$LOCATION"?"
VALUE"4.7K"
CDS_LMAN_SYM_OUTLINE"-100,25,100,-25"
CDS_LIB"kvm_matrix_lib"
CODE"07090246";
"A"46;
"B"70;
%"R"
"1","(-9200,4750)","0","kvm_matrix_lib","I62";
;
$LOCATION"?"
VALUE"0"
CDS_LMAN_SYM_OUTLINE"-100,25,100,-25"
CDS_LIB"kvm_matrix_lib"
CODE"07090522";
"A"72;
"B"7;
%"C"
"1","(-8300,1900)","0","kvm_matrix_lib","I7";
;
$LOCATION"?"
VALUE"0.1U"
CDS_LMAN_SYM_OUTLINE"-50,0,50,-50"
CDS_LIB"kvm_matrix_lib"
CODE"08070262";
"1"67;
"2"1;
%"C"
"1","(-8100,1900)","0","kvm_matrix_lib","I8";
;
$LOCATION"?"
VALUE"0.01U"
CDS_LMAN_SYM_OUTLINE"-50,0,50,-50"
CDS_LIB"kvm_matrix_lib"
CODE"08070247";
"1"67;
"2"1;
%"C"
"1","(-7950,1900)","0","kvm_matrix_lib","I9";
;
$LOCATION"?"
VALUE"0.01U"
CDS_LMAN_SYM_OUTLINE"-50,0,50,-50"
CDS_LIB"kvm_matrix_lib"
CODE"08070247";
"1"67;
"2"1;
END.
