FILE_TYPE = CONNECTIVITY;
{Allegro Design Entry HDL 16.6-p007 (v16-6-112F) 10/10/2012}
"PAGE_NUMBER" = 68;
0"NC";
1"GND_SIGNAL\g";
2"GND_SIGNAL\g";
3"GND_SIGNAL\g";
4"GND_SIGNAL\g";
5"GND_SIGNAL\g";
6"GND_SIGNAL\g";
7"GND_SIGNAL\g";
8"GND_SIGNAL\g";
9"Z7_7511_D2";
10"Z7_7511_D3";
11"Z7_7511_HSYNC";
12"Z7_FPGA_7511_PD";
13"Z7_7511_SPDIF";
14"Z7_7511_SPDIF_OUT";
15"Z7_7511_VSYNC";
16"Z7_FPGA_7511_INT";
17"Z7_FPGA_7511_SDA";
18"Z7_7511_R_EXT";
19"Z7_FPGA_7511_SCL";
20"Z7_7511_HP";
21"Z7_7511_HEAC_N";
22"Z7_7511_HEAC_P";
23"Z7_7511_SDA";
24"Z7_7511_SCL";
25"Z7_7511_MCLK";
26"Z7_7511_CEC_CLK";
27"Z7_7511_SCLK";
28"Z7_7511_LRCLK";
29"Z7_7511_CEC";
30"Z7_7511_PD";
31"Z7_7511_DSD4";
32"Z7_7511_DSD1";
33"Z7_7511_DSD0";
34"Z7_7511_LRCLK";
35"Z7_7511_SCLK";
36"Z7_7511_D10";
37"Z7_7511_D9";
38"Z7_7511_D8";
39"Z7_7511_D7";
40"Z7_7511_D0";
41"V_Z7_1V8_7511_AVDD";
42"Z7_7511_D24";
43"Z7_7511_D25";
44"Z7_7511_D27";
45"Z7_7511_D29";
46"Z7_7511_D30";
47"Z7_7511_D31";
48"Z7_7511_D28";
49"Z7_7511_D26";
50"Z7_FPGA_7511_CEC_CLK";
51"Z7_7511_D1";
52"Z7_7511_CLK_P";
53"Z7_7511_CLK_N";
54"Z7_7511_DATA1_P";
55"V_Z7_3V3_7511_MVDD";
56"Z7_7511_DE";
57"Z7_7511_DSD3";
58"Z7_7511_DSD2";
59"Z7_7511_D15";
60"Z7_7511_D14";
61"Z7_FPGA_7511_ISO2";
62"Z7_FPGA_7511_ISO3";
63"Z7_FPGA_7511_ISO1";
64"Z7_FPGA_7511_ISO0";
65"V_Z7_1V8_7511_PVDD";
66"Z7_7511_CLK";
67"V_Z7_1V8_7511_PVDD";
68"V_Z7_1V8_7511_DVDD";
69"Z7_7511_D35";
70"Z7_7511_D34";
71"Z7_7511_D32";
72"Z7_7511_D33";
73"Z7_7511_DSD0";
74"Z7_7511_DSD1";
75"Z7_7511_DSD2";
76"Z7_7511_DATA0_P";
77"Z7_7511_DATA1_N";
78"Z7_7511_DATA2_N";
79"Z7_7511_DATA2_P";
80"Z7_7511_DSD_CLK";
81"Z7_7511_DSD5";
82"Z7_7511_DSD4";
83"Z7_7511_DSD3";
84"Z7_7511_D23";
85"Z7_7511_D19";
86"Z7_7511_D16";
87"Z7_7511_D17";
88"Z7_7511_D18";
89"Z7_7511_D22";
90"Z7_7511_D20";
91"Z7_7511_D21";
92"Z7_7511_D4";
93"Z7_7511_D5";
94"Z7_7511_D6";
95"V_Z7_1V8";
96"V_Z7_3V3";
97"V_Z7_1V8";
98"V_Z7_1V8";
99"V_Z7_1V8_7511_DVDD";
100"Z7_FPGA_7511_PD";
101"V_Z7_1V8_7511_AVDD";
102"Z7_7511_DSD_CLK";
103"Z7_FPGA_7511_ISO2";
104"Z7_7511_MCLK";
105"V_Z7_3V3_7511_MVDD";
106"Z7_FPGA_7511_SDA";
107"Z7_FPGA_7511_SCL";
108"Z7_FPGA_7511_INT";
109"V_Z7_3V3_7511_MVDD";
110"V_Z7_3V3_7511_MVDD";
111"Z7_7511_CEC_CLK_R";
112"Z7_7511_CEC_CLK";
113"V_Z7_3V3_7511_MVDD";
114"Z7_7511_CEC_CLK_R";
115"V_Z7_1V8_7511_PVDD";
116"Z7_7511_DATA0_N";
117"Z7_7511_DSD5";
118"Z7_FPGA_7511_ISO3";
119"Z7_FPGA_7511_ISO1";
120"Z7_FPGA_7511_ISO0";
121"Z7_7511_D13";
122"Z7_7511_D12";
123"Z7_7511_D11";
%"R"
"1","(-9200,1000)","1","kvm_matrix_lib","I1";
;
VALUE"887-1%"
$LOCATION"?"
CODE""
CDS_LMAN_SYM_OUTLINE"-100,25,100,-25"
CDS_LIB"kvm_matrix_lib";
"A"0;
"B"18;
%"C"
"1","(-2900,2200)","0","kvm_matrix_lib","I10";
;
VALUE"0.01U"
$LOCATION"?"
CODE"08070247"
CDS_LMAN_SYM_OUTLINE"-50,0,50,-50"
CDS_LIB"kvm_matrix_lib";
"1"115;
"2"6;
%"C"
"1","(-2750,2200)","0","kvm_matrix_lib","I11";
;
VALUE"0.01U"
$LOCATION"?"
CODE"08070247"
CDS_LMAN_SYM_OUTLINE"-50,0,50,-50"
CDS_LIB"kvm_matrix_lib";
"1"115;
"2"6;
%"C"
"1","(-2600,2200)","0","kvm_matrix_lib","I12";
;
$LOCATION"?"
VALUE"0.01U"
CODE"08070247"
CDS_LMAN_SYM_OUTLINE"-50,0,50,-50"
CDS_LIB"kvm_matrix_lib";
"1"115;
"2"6;
%"LB"
"1","(-1700,1650)","0","kvm_matrix_lib","I13";
;
VALUE"100MOHM"
$LOCATION"?"
CODE"10070008"
CDS_LMAN_SYM_OUTLINE"-125,50,125,0"
CDS_LIB"kvm_matrix_lib";
"B"99;
"A"97;
%"GND_SIGNAL"
"1","(-1450,1100)","0","standard","I14";
;
BODY_TYPE"PLUMBING"
HDL_POWER"GND_SIGNAL"
CDS_LIB"standard";
"GND"1;
%"C"
"1","(-1400,1450)","0","kvm_matrix_lib","I15";
;
VALUE"0.1U"
$LOCATION"?"
CODE"08070262"
CDS_LMAN_SYM_OUTLINE"-50,0,50,-50"
CDS_LIB"kvm_matrix_lib";
"1"99;
"2"1;
%"GND_SIGNAL"
"1","(-1500,1850)","0","standard","I16";
;
HDL_POWER"GND_SIGNAL"
BODY_TYPE"PLUMBING"
CDS_LIB"standard";
"GND"2;
%"C"
"1","(-600,1450)","0","kvm_matrix_lib","I17";
;
VALUE"0.01U"
$LOCATION"?"
CODE"08070247"
CDS_LMAN_SYM_OUTLINE"-50,0,50,-50"
CDS_LIB"kvm_matrix_lib";
"1"99;
"2"1;
%"C"
"1","(-450,1450)","0","kvm_matrix_lib","I18";
;
VALUE"0.01U"
$LOCATION"?"
CODE"08070247"
CDS_LMAN_SYM_OUTLINE"-50,0,50,-50"
CDS_LIB"kvm_matrix_lib";
"1"99;
"2"1;
%"C"
"1","(-300,1450)","0","kvm_matrix_lib","I19";
;
VALUE"0.01U"
$LOCATION"?"
CODE"08070247"
CDS_LMAN_SYM_OUTLINE"-50,0,50,-50"
CDS_LIB"kvm_matrix_lib";
"1"99;
"2"1;
%"LB"
"1","(-3700,1650)","0","kvm_matrix_lib","I2";
;
VALUE"100MOHM"
$LOCATION"?"
CODE"10070008"
CDS_LMAN_SYM_OUTLINE"-125,50,125,0"
CDS_LIB"kvm_matrix_lib";
"B"110;
"A"96;
%"LB"
"1","(-1750,2400)","0","kvm_matrix_lib","I20";
;
VALUE"100MOHM"
$LOCATION"?"
CODE"10070008"
CDS_LMAN_SYM_OUTLINE"-125,50,125,0"
CDS_LIB"kvm_matrix_lib";
"B"101;
"A"98;
%"R"
"1","(-1900,3250)","1","kvm_matrix_lib","I21";
;
VALUE"1K-1%"
$LOCATION"?"
CODE"07090549"
CDS_LMAN_SYM_OUTLINE"-100,25,100,-25"
CDS_LIB"kvm_matrix_lib";
"A"3;
"B"30;
%"GND_SIGNAL"
"1","(-1950,2900)","0","standard","I22";
;
BODY_TYPE"PLUMBING"
HDL_POWER"GND_SIGNAL"
CDS_LIB"standard";
"GND"3;
%"C"
"1","(-1450,2200)","0","kvm_matrix_lib","I23";
;
VALUE"0.1U"
$LOCATION"?"
CODE"08070262"
CDS_LMAN_SYM_OUTLINE"-50,0,50,-50"
CDS_LIB"kvm_matrix_lib";
"1"101;
"2"2;
%"C"
"1","(-1300,2200)","0","kvm_matrix_lib","I24";
;
VALUE"0.1U"
$LOCATION"?"
CODE"08070262"
CDS_LMAN_SYM_OUTLINE"-50,0,50,-50"
CDS_LIB"kvm_matrix_lib";
"1"101;
"2"2;
%"C"
"1","(-1150,2200)","0","kvm_matrix_lib","I25";
;
VALUE"0.1U"
$LOCATION"?"
CODE"08070262"
CDS_LMAN_SYM_OUTLINE"-50,0,50,-50"
CDS_LIB"kvm_matrix_lib";
"1"101;
"2"2;
%"R"
"1","(-1550,3600)","0","kvm_matrix_lib","I26";
;
VALUE"0"
$LOCATION"?"
CODE"07090522"
CDS_LMAN_SYM_OUTLINE"-100,25,100,-25"
CDS_LIB"kvm_matrix_lib";
"A"30;
"B"100;
%"R"
"1","(-1900,3950)","1","kvm_matrix_lib","I27";
;
VALUE"4.7K"
$LOCATION"?"
CODE"07090246"
CDS_LMAN_SYM_OUTLINE"-100,25,100,-25"
CDS_LIB"kvm_matrix_lib";
"A"30;
"B"105;
%"C"
"1","(-950,2200)","0","kvm_matrix_lib","I28";
;
VALUE"0.01U"
$LOCATION"?"
CODE"08070247"
CDS_LMAN_SYM_OUTLINE"-50,0,50,-50"
CDS_LIB"kvm_matrix_lib";
"1"101;
"2"2;
%"C"
"1","(-800,2200)","0","kvm_matrix_lib","I29";
;
VALUE"0.01U"
$LOCATION"?"
CODE"08070247"
CDS_LMAN_SYM_OUTLINE"-50,0,50,-50"
CDS_LIB"kvm_matrix_lib";
"1"101;
"2"2;
%"GND_SIGNAL"
"1","(-3450,1100)","0","standard","I3";
;
BODY_TYPE"PLUMBING"
HDL_POWER"GND_SIGNAL"
CDS_LIB"standard";
"GND"4;
%"C"
"1","(-650,2200)","0","kvm_matrix_lib","I30";
;
VALUE"0.01U"
$LOCATION"?"
CODE"08070247"
CDS_LMAN_SYM_OUTLINE"-50,0,50,-50"
CDS_LIB"kvm_matrix_lib";
"1"101;
"2"2;
%"R"
"1","(-2550,4550)","0","kvm_matrix_lib","I31";
;
VALUE"0"
$LOCATION"?"
CODE"07090522"
CDS_LMAN_SYM_OUTLINE"-100,25,100,-25"
CDS_LIB"kvm_matrix_lib";
"A"117;
"B"5;
%"R"
"1","(-2550,4650)","0","kvm_matrix_lib","I32";
;
VALUE"0"
$LOCATION"?"
CODE"07090522"
CDS_LMAN_SYM_OUTLINE"-100,25,100,-25"
CDS_LIB"kvm_matrix_lib";
"A"31;
"B"5;
%"R"
"1","(-2550,4850)","0","kvm_matrix_lib","I33";
;
VALUE"0"
$LOCATION"?"
CODE"07090522"
CDS_LMAN_SYM_OUTLINE"-100,25,100,-25"
CDS_LIB"kvm_matrix_lib";
"A"58;
"B"5;
%"R"
"1","(-2550,4750)","0","kvm_matrix_lib","I34";
;
VALUE"0"
$LOCATION"?"
CODE"07090522"
CDS_LMAN_SYM_OUTLINE"-100,25,100,-25"
CDS_LIB"kvm_matrix_lib";
"A"57;
"B"5;
%"R"
"1","(-2550,4950)","0","kvm_matrix_lib","I35";
;
VALUE"0"
$LOCATION"?"
CODE"07090522"
CDS_LMAN_SYM_OUTLINE"-100,25,100,-25"
CDS_LIB"kvm_matrix_lib";
"A"32;
"B"5;
%"R"
"1","(-2550,5050)","0","kvm_matrix_lib","I36";
;
VALUE"0"
$LOCATION"?"
CODE"07090522"
CDS_LMAN_SYM_OUTLINE"-100,25,100,-25"
CDS_LIB"kvm_matrix_lib";
"A"33;
"B"5;
%"R"
"1","(-2550,5250)","0","kvm_matrix_lib","I37";
;
VALUE"0"
$LOCATION"?"
CODE"07090522"
CDS_LMAN_SYM_OUTLINE"-100,25,100,-25"
CDS_LIB"kvm_matrix_lib";
"A"118;
"B"5;
%"R"
"1","(-2550,5350)","0","kvm_matrix_lib","I38";
;
VALUE"0"
$LOCATION"?"
CODE"07090522"
CDS_LMAN_SYM_OUTLINE"-100,25,100,-25"
CDS_LIB"kvm_matrix_lib";
"A"103;
"B"5;
%"R"
"1","(-2550,5150)","0","kvm_matrix_lib","I39";
;
VALUE"0"
$LOCATION"?"
CODE"07090522"
CDS_LMAN_SYM_OUTLINE"-100,25,100,-25"
CDS_LIB"kvm_matrix_lib";
"A"102;
"B"5;
%"C"
"1","(-3200,1450)","0","kvm_matrix_lib","I4";
;
VALUE"0.01U"
$LOCATION"?"
CODE"08070247"
CDS_LMAN_SYM_OUTLINE"-50,0,50,-50"
CDS_LIB"kvm_matrix_lib";
"1"110;
"2"4;
%"R"
"1","(-2550,5550)","0","kvm_matrix_lib","I40";
;
VALUE"0"
$LOCATION"?"
CODE"07090522"
CDS_LMAN_SYM_OUTLINE"-100,25,100,-25"
CDS_LIB"kvm_matrix_lib";
"A"120;
"B"5;
%"R"
"1","(-2550,5450)","0","kvm_matrix_lib","I41";
;
VALUE"0"
$LOCATION"?"
CODE"07090522"
CDS_LMAN_SYM_OUTLINE"-100,25,100,-25"
CDS_LIB"kvm_matrix_lib";
"A"119;
"B"5;
%"R"
"1","(-2550,5650)","0","kvm_matrix_lib","I42";
;
VALUE"0"
$LOCATION"?"
CODE"07090522"
CDS_LMAN_SYM_OUTLINE"-100,25,100,-25"
CDS_LIB"kvm_matrix_lib";
"A"104;
"B"5;
%"R"
"1","(-2550,5750)","0","kvm_matrix_lib","I43";
;
VALUE"0"
$LOCATION"?"
CODE"07090522"
CDS_LMAN_SYM_OUTLINE"-100,25,100,-25"
CDS_LIB"kvm_matrix_lib";
"A"34;
"B"5;
%"R"
"1","(-2550,5850)","0","kvm_matrix_lib","I44";
;
VALUE"0"
$LOCATION"?"
CODE"07090522"
CDS_LMAN_SYM_OUTLINE"-100,25,100,-25"
CDS_LIB"kvm_matrix_lib";
"A"35;
"B"5;
%"GND_SIGNAL"
"1","(-1850,4500)","1","standard","I45";
;
HDL_POWER"GND_SIGNAL"
BODY_TYPE"PLUMBING"
CDS_LIB"standard";
"GND"5;
%"R"
"1","(-700,5250)","1","kvm_matrix_lib","I46";
;
VALUE"4.7K"
$LOCATION"?"
CODE"07090246"
CDS_LMAN_SYM_OUTLINE"-100,25,100,-25"
CDS_LIB"kvm_matrix_lib";
"A"108;
"B"109;
%"R"
"1","(-550,5250)","1","kvm_matrix_lib","I47";
;
VALUE"4.7K"
$LOCATION"?"
CODE"07090246"
CDS_LMAN_SYM_OUTLINE"-100,25,100,-25"
CDS_LIB"kvm_matrix_lib";
"A"107;
"B"109;
%"R"
"1","(-400,5250)","1","kvm_matrix_lib","I48";
;
VALUE"4.7K"
$LOCATION"?"
CODE"07090246"
CDS_LMAN_SYM_OUTLINE"-100,25,100,-25"
CDS_LIB"kvm_matrix_lib";
"A"106;
"B"109;
%"R"
"1","(-1600,6450)","0","kvm_matrix_lib","I49";
;
VALUE"49.9"
$LOCATION"?"
CODE"07090198"
CDS_LMAN_SYM_OUTLINE"-100,25,100,-25"
CDS_LIB"kvm_matrix_lib";
"A"114;
"B"112;
%"GND_SIGNAL"
"1","(-3450,1850)","0","standard","I5";
;
BODY_TYPE"PLUMBING"
HDL_POWER"GND_SIGNAL"
CDS_LIB"standard";
"GND"6;
%"R"
"1","(-1600,6300)","0","kvm_matrix_lib","I50";
;
$LOCATION"?"
VALUE"49.9"
CODE"07090198"
CDS_LMAN_SYM_OUTLINE"-100,25,100,-25"
CDS_LIB"kvm_matrix_lib";
"A"50;
"B"112;
%"GND_SIGNAL"
"1","(-2000,6750)","0","standard","I51";
;
HDL_POWER"GND_SIGNAL"
BODY_TYPE"PLUMBING"
CDS_LIB"standard";
"GND"7;
%"C"
"1","(-1950,7100)","0","kvm_matrix_lib","I52";
;
VALUE"0.1U"
$LOCATION"?"
CODE"08070262"
CDS_LMAN_SYM_OUTLINE"-50,0,50,-50"
CDS_LIB"kvm_matrix_lib";
"1"113;
"2"7;
%"OSC-12MHZ"
"1","(-1600,7200)","0","kvm_matrix_lib","I53";
;
CDS_LMAN_SYM_OUTLINE"-125,125,125,-125"
CDS_LIB"kvm_matrix_lib";
"VDD"113;
"OUT"111;
"GND"7;
"NNC"0;
%"C"
"1","(-750,1450)","0","kvm_matrix_lib","I54";
;
VALUE"0.01U"
$LOCATION"?"
CODE"08070247"
CDS_LMAN_SYM_OUTLINE"-50,0,50,-50"
CDS_LIB"kvm_matrix_lib";
"1"99;
"2"1;
%"C"
"1","(-950,1450)","0","kvm_matrix_lib","I55";
;
VALUE"0.1U"
$LOCATION"?"
CODE"08070262"
CDS_LMAN_SYM_OUTLINE"-50,0,50,-50"
CDS_LIB"kvm_matrix_lib";
"1"99;
"2"1;
%"C"
"1","(-1100,1450)","0","kvm_matrix_lib","I56";
;
VALUE"0.1U"
$LOCATION"?"
CODE"08070262"
CDS_LMAN_SYM_OUTLINE"-50,0,50,-50"
CDS_LIB"kvm_matrix_lib";
"1"99;
"2"1;
%"C"
"1","(-1250,1450)","0","kvm_matrix_lib","I57";
;
VALUE"0.1U"
$LOCATION"?"
CODE"08070262"
CDS_LMAN_SYM_OUTLINE"-50,0,50,-50"
CDS_LIB"kvm_matrix_lib";
"1"99;
"2"1;
%"C"
"1","(-3400,1450)","0","kvm_matrix_lib","I58";
;
VALUE"0.1U"
$LOCATION"?"
CODE"08070262"
CDS_LMAN_SYM_OUTLINE"-50,0,50,-50"
CDS_LIB"kvm_matrix_lib";
"1"110;
"2"4;
%"GND_SIGNAL"
"1","(-5800,500)","0","standard","I59";
;
BODY_TYPE"PLUMBING"
HDL_POWER"GND_SIGNAL"
CDS_LIB"standard";
"GND"8;
%"LB"
"1","(-3700,2400)","0","kvm_matrix_lib","I6";
;
VALUE"100MOHM"
$LOCATION"?"
CODE"10070008"
CDS_LMAN_SYM_OUTLINE"-125,50,125,0"
CDS_LIB"kvm_matrix_lib";
"B"115;
"A"95;
%"GND_SIGNAL"
"1","(-9250,600)","0","standard","I60";
;
HDL_POWER"GND_SIGNAL"
BODY_TYPE"PLUMBING"
CDS_LIB"standard";
"GND"0;
%"ADV7511KSTZ"
"1","(-7450,4000)","0","kvm_matrix_lib","I61";
;
$LOCATION"?"
VALUE"VALUE"
PACK_TYPE"PACK_TYPE"
CDS_LMAN_SYM_OUTLINE"-1200,3500,1200,-3500"
CDS_LIB"kvm_matrix_lib";
"AVDD_3"41;
"GND_11"8;
"GND_8"8;
"GND_10"8;
"GND_7"8;
"GND_9"8;
"GND_6"8;
"GND_5"8;
"GND_4"8;
"GND_3"8;
"GND_2"8;
"GND"8;
"TXC+"52;
"TXC-"53;
"TX2+"79;
"TX2-"78;
"TX1+"54;
"TX1-"77;
"TX0+"76;
"TX0-"116;
"DSD5"81;
"DSD4"82;
"DSD3"83;
"DSD2"75;
"DSD1"74;
"DSD0"73;
"DSD_CLK"80;
"D35"69;
"D34"70;
"D33"72;
"D32"71;
"D31"47;
"D30"46;
"D29"45;
"D28"48;
"D27"44;
"D26"49;
"D25"43;
"D24"42;
"D23"84;
"D22"89;
"D21"91;
"D20"90;
"D19"85;
"D18"88;
"D17"87;
"D16"86;
"D15"59;
"D14"60;
"D13"121;
"D12"122;
"D11"123;
"D10"36;
"D9"37;
"D8"38;
"D7"39;
"D6"94;
"D5"93;
"D4"92;
"D3"10;
"D2"9;
"D1"51;
"D0"40;
"R_EXT"18;
"SYNC"15;
"SPDIF_OUT"14;
"SPDIF"13;
"PD"12;
"INT"16;
"ISO3"62;
"ISO2"61;
"ISO1"63;
"ISO0"64;
"SDA"17;
"SCL"19;
"HSYNC"11;
"HPD"20;
"HEAC-"21;
"HEAC+"22;
"DE"56;
"DDCSDA"23;
"DDCSCL"24;
"MCLK"25;
"LRCLK"28;
"SCLK"27;
"CEC_CLK"26;
"CEC"29;
"CLK"66;
"PVDD_2"67;
"PVDD"67;
"PLVDD"67;
"MVDD"55;
"DVDD_5"68;
"DVDD_4"68;
"DVDD_3"68;
"DVDD_2"68;
"DVDD"68;
"BGVDD"65;
"AVDD_2"41;
"AVDD"41;
%"C"
"1","(-3400,2200)","0","kvm_matrix_lib","I7";
;
VALUE"0.1U"
$LOCATION"?"
CODE"08070262"
CDS_LMAN_SYM_OUTLINE"-50,0,50,-50"
CDS_LIB"kvm_matrix_lib";
"1"115;
"2"6;
%"C"
"1","(-3250,2200)","0","kvm_matrix_lib","I8";
;
VALUE"0.1U"
$LOCATION"?"
CODE"08070262"
CDS_LMAN_SYM_OUTLINE"-50,0,50,-50"
CDS_LIB"kvm_matrix_lib";
"1"115;
"2"6;
%"C"
"1","(-3100,2200)","0","kvm_matrix_lib","I9";
;
VALUE"0.1U"
$LOCATION"?"
CODE"08070262"
CDS_LMAN_SYM_OUTLINE"-50,0,50,-50"
CDS_LIB"kvm_matrix_lib";
"1"115;
"2"6;
END.
