FILE_TYPE = CONNECTIVITY;
{Allegro Design Entry HDL 16.6-p007 (v16-6-112F) 10/10/2012}
"PAGE_NUMBER" = 89;
0"NC";
1"GND_SIGNAL\g";
2"GND_SIGNAL\g";
3"GND_SIGNAL\g";
4"GND_SIGNAL\g";
5"CLK_Z7_PL_74M25_HDMI";
6"V_Z7_PL_3V3_VCCO";
7"V_Z7_PS_3V3_VCCO";
8"V_Z7_PL_3V3_VCCO";
9"CLK_Z7_PS_50M_MAIN";
10"CLK_Z7_PL_50M_MAIN";
11"CLK_Z7_PL_125M_B112_C_P";
12"CLK_Z7_PL_125M_B112_N";
13"CLK_Z7_PL_125M_B112_P";
14"CLK_Z7_PL_125M_B112_C_N";
15"V_Z7_PL_3V3_VCCO";
%"GND_SIGNAL"
"1","(-8100,5200)","0","standard","I1";
;
CDS_LIB"standard"
HDL_POWER"GND_SIGNAL"
BODY_TYPE"PLUMBING";
"GND"1;
%"C"
"1","(-7300,3550)","0","kvm_matrix_lib","I10";
;
VALUE"0.1U"
$LOCATION"?"
CODE"08070262"
CDS_LMAN_SYM_OUTLINE"-50,0,50,-50"
CDS_LIB"kvm_matrix_lib";
"1"15;
"2"4;
%"OSC-4"
"1","(-7700,3750)","0","kvm_matrix_lib","I11";
;
$LOCATION"?"
VALUE"74.25MHZ-3.3V"
CODE""
CDS_LMAN_SYM_OUTLINE"-200,150,200,-100"
CDS_LIB"kvm_matrix_lib";
"GND"4;
"NNC"0;
"OUT"5;
"VDD"15;
%"OSC-4"
"1","(-5400,3900)","0","kvm_matrix_lib","I12";
;
VALUE"50MHZ-3.3V"
$LOCATION"?"
CODE" 92010218"
CDS_LMAN_SYM_OUTLINE"-200,150,200,-100"
CDS_LIB"kvm_matrix_lib";
"GND"2;
"NNC"0;
"OUT"9;
"VDD"7;
%"C"
"1","(-5000,3700)","0","kvm_matrix_lib","I13";
;
VALUE"0.1U"
$LOCATION"?"
CODE"08070262"
CDS_LMAN_SYM_OUTLINE"-50,0,50,-50"
CDS_LIB"kvm_matrix_lib";
"1"7;
"2"2;
%"GND_SIGNAL"
"1","(-5750,3350)","0","standard","I14";
;
BODY_TYPE"PLUMBING"
HDL_POWER"GND_SIGNAL"
CDS_LIB"standard";
"GND"2;
%"GND_SIGNAL"
"1","(-5750,5250)","0","standard","I2";
;
CDS_LIB"standard"
BODY_TYPE"PLUMBING"
HDL_POWER"GND_SIGNAL";
"GND"3;
%"C"
"1","(-5700,5600)","0","kvm_matrix_lib","I3";
;
$LOCATION"?"
VALUE"0.1U"
CDS_LIB"kvm_matrix_lib"
CDS_LMAN_SYM_OUTLINE"-50,0,50,-50"
CODE"08070262";
"1"6;
"2"3;
%"OSC-125M-DIF"
"1","(-4700,5750)","0","kvm_matrix_lib","I4";
;
CDS_LMAN_SYM_OUTLINE"-125,150,125,-150"
CDS_LIB"kvm_matrix_lib";
"6"6;
"5"11;
"4"14;
"3"3;
"2"0;
"1"6;
%"C"
"1","(-3250,5850)","1","kvm_matrix_lib","I5";
;
$LOCATION"?"
VALUE"0.1U"
CDS_LIB"kvm_matrix_lib"
CDS_LMAN_SYM_OUTLINE"-50,0,50,-50"
CODE"08070262";
"1"11;
"2"13;
%"C"
"1","(-3250,5750)","1","kvm_matrix_lib","I6";
;
$LOCATION"?"
VALUE"0.1U"
CDS_LIB"kvm_matrix_lib"
CDS_LMAN_SYM_OUTLINE"-50,0,50,-50"
CODE"08070262";
"1"14;
"2"12;
%"C"
"1","(-7350,5550)","0","kvm_matrix_lib","I7";
;
$LOCATION"?"
VALUE"0.1U"
CDS_LIB"kvm_matrix_lib"
CDS_LMAN_SYM_OUTLINE"-50,0,50,-50"
CODE"08070262";
"1"8;
"2"1;
%"OSC-4"
"1","(-7750,5750)","0","kvm_matrix_lib","I8";
;
$LOCATION"?"
VALUE"50MHZ-3.3V"
CDS_LIB"kvm_matrix_lib"
CDS_LMAN_SYM_OUTLINE"-200,150,200,-100"
CODE" 92010218";
"GND"1;
"NNC"0;
"OUT"10;
"VDD"8;
%"GND_SIGNAL"
"1","(-8050,3200)","0","standard","I9";
;
BODY_TYPE"PLUMBING"
HDL_POWER"GND_SIGNAL"
CDS_LIB"standard";
"GND"4;
END.
