FILE_TYPE = CONNECTIVITY;
{Allegro Design Entry HDL 16.6-p007 (v16-6-112F) 10/10/2012}
"PAGE_NUMBER" = 48;
0"NC";
1"GND_SIGNAL\g";
2"GND_SIGNAL\g";
3"GND_SIGNAL\g";
4"GND_SIGNAL\g";
5"GND_SIGNAL\g";
6"GND_SIGNAL\g";
7"GND_SIGNAL\g";
8"GND_SIGNAL\g";
9"V_A7_3V3_VCCO";
10"V_A7_3V3_VCCO";
11"V_A7_1V0_VCCBRAM";
12"V_A7_1V0_VCCINT";
13"V_A7_1V35_VCCO";
14"V_A7_3V3_VCCO";
15"V_A7_1V35_VCCO";
16"V_A7_1V35_VCCO";
17"V_A7_1V0_VCCINT";
18"V_A7_1V0_VCCINT";
19"V_A7_1V0_VCCBRAM";
20"V_A7_1V8_VCCAUX";
21"V_A7_1V8_VCCAUX";
22"V_A7_1V8";
23"V_A7_3V3_VCCO";
24"V_A7_3V3_VCCO";
25"V_A7_1V8_VCCAUX";
26"V_A7_1V0_VCCINT";
%"XC7A200TFFG1156"
"25","(-4850,6050)","0","kvm_matrix_lib","I1";
;
VALUE"XC7A200TFFG1156"
CDS_LMAN_SYM_OUTLINE"-125,925,300,-125"
CDS_LIB"kvm_matrix_lib";
"AC21"11;
"AB20"11;
"AA21"11;
"Y20"11;
"W21"11;
"V20"11;
"U21"11;
"T20"11;
"R21"11;
"P20"11;
"N21"11;
"M20"11;
"F11"9;
"E4"9;
"D7"9;
"C10"9;
"B3"9;
"A6"9;
"L6"10;
"K9"24;
"J12"24;
"J2"24;
"H5"24;
"G8"24;
"F1"24;
"U8"23;
"T1"23;
"R4"23;
"P7"23;
"N10"23;
"M3"23;
"AC10"16;
"AB3"16;
"AA6"16;
"Y9"16;
"W2"16;
"V5"16;
%"CP"
"1","(-9300,1250)","0","kvm_matrix_lib","I10";
;
$LOCATION"?"
VALUE"47U-16V"
CODE"08020053"
CDS_LIB"kvm_matrix_lib"
CDS_LMAN_SYM_OUTLINE"-50,0,50,-50";
"2"8;
"1"17;
%"CP"
"1","(-9600,1250)","0","kvm_matrix_lib","I11";
;
VALUE"330U-10V"
$LOCATION"?"
CDS_LIB"kvm_matrix_lib"
CDS_LMAN_SYM_OUTLINE"-50,0,50,-50"
CODE"10081111";
"2"8;
"1"17;
%"C"
"1","(-8950,1250)","0","kvm_matrix_lib","I12";
;
$LOCATION"?"
VALUE"4.7UF"
CODE"98070506"
CDS_LMAN_SYM_OUTLINE"-50,0,50,-50"
CDS_LIB"kvm_matrix_lib";
"1"17;
"2"8;
%"C"
"1","(-6950,1250)","0","kvm_matrix_lib","I13";
;
$LOCATION"?"
VALUE"470NF"
CODE"08070401"
CDS_LMAN_SYM_OUTLINE"-50,0,50,-50"
CDS_LIB"kvm_matrix_lib";
"1"17;
"2"8;
%"C"
"1","(-8800,1250)","0","kvm_matrix_lib","I14";
;
VALUE"4.7UF"
$LOCATION"?"
CODE"98070506"
CDS_LMAN_SYM_OUTLINE"-50,0,50,-50"
CDS_LIB"kvm_matrix_lib";
"1"17;
"2"8;
%"C"
"1","(-8500,1250)","0","kvm_matrix_lib","I15";
;
$LOCATION"?"
VALUE"4.7UF"
CODE"98070506"
CDS_LMAN_SYM_OUTLINE"-50,0,50,-50"
CDS_LIB"kvm_matrix_lib";
"1"17;
"2"8;
%"C"
"1","(-8650,1250)","0","kvm_matrix_lib","I16";
;
VALUE"4.7UF"
$LOCATION"?"
CODE"98070506"
CDS_LMAN_SYM_OUTLINE"-50,0,50,-50"
CDS_LIB"kvm_matrix_lib";
"1"17;
"2"8;
%"C"
"1","(-8050,1250)","0","kvm_matrix_lib","I17";
;
$LOCATION"?"
VALUE"4.7UF"
CODE"98070506"
CDS_LMAN_SYM_OUTLINE"-50,0,50,-50"
CDS_LIB"kvm_matrix_lib";
"1"17;
"2"8;
%"C"
"1","(-7900,1250)","0","kvm_matrix_lib","I18";
;
$LOCATION"?"
VALUE"4.7UF"
CODE"98070506"
CDS_LMAN_SYM_OUTLINE"-50,0,50,-50"
CDS_LIB"kvm_matrix_lib";
"1"17;
"2"8;
%"C"
"1","(-8350,1250)","0","kvm_matrix_lib","I19";
;
$LOCATION"?"
VALUE"4.7UF"
CODE"98070506"
CDS_LMAN_SYM_OUTLINE"-50,0,50,-50"
CDS_LIB"kvm_matrix_lib";
"1"17;
"2"8;
%"XC7A200TFFG1156"
"23","(-9050,6450)","0","kvm_matrix_lib","I2";
;
VALUE"XC7A200TFFG1156"
CDS_LMAN_SYM_OUTLINE"-125,600,250,-100"
CDS_LIB"kvm_matrix_lib";
"AD12"25;
"AC23"25;
"AC13"25;
"AB22"25;
"AB12"25;
"AA23"25;
"AA13"25;
"Y22"25;
"Y12"25;
"W23"25;
"W13"25;
"V22"25;
"V12"20;
"U23"20;
"U13"20;
"T22"20;
"T12"20;
"R23"20;
"R13"20;
"P22"20;
"P12"20;
"N23"20;
"N13"20;
"M22"20;
%"C"
"1","(-8200,1250)","0","kvm_matrix_lib","I20";
;
$LOCATION"?"
VALUE"4.7UF"
CODE"98070506"
CDS_LMAN_SYM_OUTLINE"-50,0,50,-50"
CDS_LIB"kvm_matrix_lib";
"1"17;
"2"8;
%"C"
"1","(-7600,1250)","0","kvm_matrix_lib","I21";
;
$LOCATION"?"
VALUE"4.7UF"
CDS_LIB"kvm_matrix_lib"
CDS_LMAN_SYM_OUTLINE"-50,0,50,-50"
CODE"98070506";
"1"17;
"2"8;
%"C"
"1","(-7750,1250)","0","kvm_matrix_lib","I22";
;
$LOCATION"?"
VALUE"4.7UF"
CDS_LIB"kvm_matrix_lib"
CDS_LMAN_SYM_OUTLINE"-50,0,50,-50"
CODE"98070506";
"1"17;
"2"8;
%"C"
"1","(-7300,1250)","0","kvm_matrix_lib","I23";
;
$LOCATION"?"
VALUE"4.7UF"
CDS_LIB"kvm_matrix_lib"
CDS_LMAN_SYM_OUTLINE"-50,0,50,-50"
CODE"98070506";
"1"17;
"2"8;
%"C"
"1","(-7450,1250)","0","kvm_matrix_lib","I24";
;
$LOCATION"?"
VALUE"4.7UF"
CDS_LIB"kvm_matrix_lib"
CDS_LMAN_SYM_OUTLINE"-50,0,50,-50"
CODE"98070506";
"1"17;
"2"8;
%"C"
"1","(-6800,1250)","0","kvm_matrix_lib","I25";
;
$LOCATION"?"
VALUE"470NF"
CODE"08070401"
CDS_LMAN_SYM_OUTLINE"-50,0,50,-50"
CDS_LIB"kvm_matrix_lib";
"1"17;
"2"8;
%"C"
"1","(-6500,1250)","0","kvm_matrix_lib","I26";
;
$LOCATION"?"
VALUE"470NF"
CODE"08070401"
CDS_LMAN_SYM_OUTLINE"-50,0,50,-50"
CDS_LIB"kvm_matrix_lib";
"1"17;
"2"8;
%"C"
"1","(-6650,1250)","0","kvm_matrix_lib","I27";
;
$LOCATION"?"
VALUE"470NF"
CODE"08070401"
CDS_LMAN_SYM_OUTLINE"-50,0,50,-50"
CDS_LIB"kvm_matrix_lib";
"1"17;
"2"8;
%"C"
"1","(-6050,1250)","0","kvm_matrix_lib","I28";
;
$LOCATION"?"
VALUE"470NF"
CODE"08070401"
CDS_LMAN_SYM_OUTLINE"-50,0,50,-50"
CDS_LIB"kvm_matrix_lib";
"1"17;
"2"8;
%"C"
"1","(-5900,1250)","0","kvm_matrix_lib","I29";
;
$LOCATION"?"
VALUE"470NF"
CODE"08070401"
CDS_LMAN_SYM_OUTLINE"-50,0,50,-50"
CDS_LIB"kvm_matrix_lib";
"1"17;
"2"8;
%"XC7A200TFFG1156"
"22","(-7650,2150)","0","kvm_matrix_lib","I3";
;
VALUE"XC7A200TFFG1156"
CDS_LIB"kvm_matrix_lib"
CDS_LMAN_SYM_OUTLINE"-125,1225,300,-125";
"AE21"26;
"AE19"26;
"AE17"26;
"AE15"26;
"AD22"26;
"AD20"26;
"AD18"26;
"AD16"26;
"AD14"26;
"AC19"26;
"AC17"26;
"AC15"26;
"AB18"26;
"AB16"26;
"AB14"26;
"AA19"26;
"AA17"26;
"AA15"26;
"Y18"26;
"Y16"26;
"Y14"26;
"W19"26;
"W15"26;
"V16"26;
"V14"18;
"U19"18;
"U15"18;
"T16"18;
"T14"18;
"R19"18;
"R17"18;
"R15"18;
"P18"18;
"P16"18;
"P14"18;
"N19"18;
"N17"18;
"N15"18;
"M18"18;
"M16"18;
"M14"18;
"L21"18;
"L19"18;
"L17"18;
"L15"18;
"K20"18;
"K18"18;
"K16"18;
"K14"18;
%"C"
"1","(-6200,1250)","0","kvm_matrix_lib","I30";
;
$LOCATION"?"
VALUE"470NF"
CODE"08070401"
CDS_LMAN_SYM_OUTLINE"-50,0,50,-50"
CDS_LIB"kvm_matrix_lib";
"1"17;
"2"8;
%"C"
"1","(-6350,1250)","0","kvm_matrix_lib","I31";
;
$LOCATION"?"
VALUE"470NF"
CODE"08070401"
CDS_LMAN_SYM_OUTLINE"-50,0,50,-50"
CDS_LIB"kvm_matrix_lib";
"1"17;
"2"8;
%"C"
"1","(-5750,1250)","0","kvm_matrix_lib","I32";
;
$LOCATION"?"
VALUE"470NF"
CDS_LIB"kvm_matrix_lib"
CDS_LMAN_SYM_OUTLINE"-50,0,50,-50"
CODE"08070401";
"1"17;
"2"8;
%"C"
"1","(-5600,1250)","0","kvm_matrix_lib","I33";
;
$LOCATION"?"
VALUE"470NF"
CDS_LIB"kvm_matrix_lib"
CDS_LMAN_SYM_OUTLINE"-50,0,50,-50"
CODE"08070401";
"1"17;
"2"8;
%"C"
"1","(-5300,1250)","0","kvm_matrix_lib","I34";
;
$LOCATION"?"
VALUE"470NF"
CDS_LIB"kvm_matrix_lib"
CDS_LMAN_SYM_OUTLINE"-50,0,50,-50"
CODE"08070401";
"1"17;
"2"8;
%"C"
"1","(-5450,1250)","0","kvm_matrix_lib","I35";
;
$LOCATION"?"
VALUE"470NF"
CDS_LIB"kvm_matrix_lib"
CDS_LMAN_SYM_OUTLINE"-50,0,50,-50"
CODE"08070401";
"1"17;
"2"8;
%"C"
"1","(-5000,1250)","0","kvm_matrix_lib","I36";
;
VALUE"470NF"
$LOCATION"?"
CODE"08070401"
CDS_LMAN_SYM_OUTLINE"-50,0,50,-50"
CDS_LIB"kvm_matrix_lib";
"1"17;
"2"8;
%"C"
"1","(-5150,1250)","0","kvm_matrix_lib","I37";
;
VALUE"470NF"
$LOCATION"?"
CODE"08070401"
CDS_LMAN_SYM_OUTLINE"-50,0,50,-50"
CDS_LIB"kvm_matrix_lib";
"1"17;
"2"8;
%"GND_SIGNAL"
"1","(-9650,700)","0","standard","I38";
;
HDL_POWER"GND_SIGNAL"
BODY_TYPE"PLUMBING"
CDS_LIB"standard";
"GND"8;
%"GND_SIGNAL"
"1","(-3100,4900)","0","standard","I39";
;
CDS_LIB"standard"
HDL_POWER"GND_SIGNAL"
BODY_TYPE"PLUMBING";
"GND"7;
%"C"
"1","(-2150,5300)","0","kvm_matrix_lib","I41";
;
VALUE"470NF"
$LOCATION"?"
CODE"08070401"
CDS_LIB"kvm_matrix_lib"
CDS_LMAN_SYM_OUTLINE"-50,0,50,-50";
"1"19;
"2"7;
%"CP"
"1","(-3050,5300)","0","kvm_matrix_lib","I43";
;
$LOCATION"?"
VALUE"100U-6.3V"
CDS_LIB"kvm_matrix_lib"
CDS_LMAN_SYM_OUTLINE"-50,0,50,-50"
CODE"98010240";
"2"7;
"1"19;
%"LB"
"1","(-3550,5500)","0","kvm_matrix_lib","I44";
;
$LOCATION"?"
VALUE"100MOHM"
CDS_LIB"kvm_matrix_lib"
CDS_LMAN_SYM_OUTLINE"-125,50,125,0"
CODE"10070008";
"B"19;
"A"12;
%"C"
"1","(-2450,5300)","0","kvm_matrix_lib","I45";
;
VALUE"470NF"
$LOCATION"?"
CODE"08070401"
CDS_LIB"kvm_matrix_lib"
CDS_LMAN_SYM_OUTLINE"-50,0,50,-50";
"1"19;
"2"7;
%"C"
"1","(-2750,5300)","0","kvm_matrix_lib","I46";
;
$LOCATION"?"
VALUE"470NF"
CDS_LIB"kvm_matrix_lib"
CDS_LMAN_SYM_OUTLINE"-50,0,50,-50"
CODE"08070401";
"1"19;
"2"7;
%"GND_SIGNAL"
"1","(-9000,5050)","0","standard","I47";
;
BODY_TYPE"PLUMBING"
HDL_POWER"GND_SIGNAL"
CDS_LIB"standard";
"GND"6;
%"C"
"1","(-7400,5450)","0","kvm_matrix_lib","I48";
;
VALUE"470NF"
$LOCATION"?"
CDS_LIB"kvm_matrix_lib"
CDS_LMAN_SYM_OUTLINE"-50,0,50,-50"
CODE"08070401";
"1"21;
"2"6;
%"C"
"1","(-7250,5450)","0","kvm_matrix_lib","I49";
;
$LOCATION"?"
VALUE"470NF"
CDS_LIB"kvm_matrix_lib"
CDS_LMAN_SYM_OUTLINE"-50,0,50,-50"
CODE"08070401";
"1"21;
"2"6;
%"XC7A200TFFG1156"
"20","(-900,3950)","0","kvm_matrix_lib","I5";
;
VALUE"XC7A200TFFG1156"
CDS_LIB"kvm_matrix_lib"
CDS_LMAN_SYM_OUTLINE"-125,1250,250,-100";
"AG3"1;
"AF31"1;
"AF22"1;
"AF21"1;
"AF20"1;
"AF19"1;
"AF18"1;
"AF17"1;
"AF16"1;
"AF15"1;
"AF14"1;
"AF13"1;
"AF6"1;
"AE34"1;
"AE24"1;
"AE22"1;
"AE20"1;
"AE18"1;
"AE16"1;
"AE9"1;
"AD27"1;
"AD21"1;
"AD19"1;
"AD17"1;
"AD15"1;
"AD2"5;
"AC30"5;
"AC22"5;
"AC20"5;
"AC18"5;
"AC16"5;
"AC14"5;
"AC12"5;
"AC5"5;
"AB33"5;
"AB23"5;
"AB21"5;
"AB19"5;
"AB17"5;
"AB15"5;
"AB13"5;
"AB8"5;
"AA26"5;
"AA22"5;
"AA20"5;
"AA18"5;
"AA16"5;
"AA14"5;
"AA12"5;
"AA11"5;
%"C"
"1","(-7100,5450)","0","kvm_matrix_lib","I50";
;
$LOCATION"?"
VALUE"470NF"
CDS_LIB"kvm_matrix_lib"
CDS_LMAN_SYM_OUTLINE"-50,0,50,-50"
CODE"08070401";
"1"21;
"2"6;
%"C"
"1","(-6950,5450)","0","kvm_matrix_lib","I51";
;
$LOCATION"?"
VALUE"470NF"
CDS_LIB"kvm_matrix_lib"
CDS_LMAN_SYM_OUTLINE"-50,0,50,-50"
CODE"08070401";
"1"21;
"2"6;
%"C"
"1","(-8500,5450)","0","kvm_matrix_lib","I52";
;
VALUE"4.7UF"
$LOCATION"?"
CODE"98070506"
CDS_LMAN_SYM_OUTLINE"-50,0,50,-50"
CDS_LIB"kvm_matrix_lib";
"1"21;
"2"6;
%"C"
"1","(-8650,5450)","0","kvm_matrix_lib","I53";
;
VALUE"4.7UF"
$LOCATION"?"
CODE"98070506"
CDS_LMAN_SYM_OUTLINE"-50,0,50,-50"
CDS_LIB"kvm_matrix_lib";
"1"21;
"2"6;
%"CP"
"1","(-8950,5450)","0","kvm_matrix_lib","I54";
;
VALUE"47U-6.3V"
$LOCATION"?"
CODE"98010241"
CDS_LMAN_SYM_OUTLINE"-50,0,50,-50"
CDS_LIB"kvm_matrix_lib";
"2"6;
"1"21;
%"LB"
"1","(-9450,5650)","0","kvm_matrix_lib","I55";
;
VALUE"100MOHM"
$LOCATION"?"
CODE"10070008"
CDS_LMAN_SYM_OUTLINE"-125,50,125,0"
CDS_LIB"kvm_matrix_lib";
"B"21;
"A"22;
%"C"
"1","(-8350,5450)","0","kvm_matrix_lib","I56";
;
$LOCATION"?"
VALUE"4.7UF"
CDS_LIB"kvm_matrix_lib"
CDS_LMAN_SYM_OUTLINE"-50,0,50,-50"
CODE"98070506";
"1"21;
"2"6;
%"C"
"1","(-8200,5450)","0","kvm_matrix_lib","I57";
;
$LOCATION"?"
VALUE"4.7UF"
CDS_LIB"kvm_matrix_lib"
CDS_LMAN_SYM_OUTLINE"-50,0,50,-50"
CODE"98070506";
"1"21;
"2"6;
%"C"
"1","(-8050,5450)","0","kvm_matrix_lib","I58";
;
$LOCATION"?"
VALUE"4.7UF"
CDS_LIB"kvm_matrix_lib"
CDS_LMAN_SYM_OUTLINE"-50,0,50,-50"
CODE"98070506";
"1"21;
"2"6;
%"C"
"1","(-7550,5450)","0","kvm_matrix_lib","I59";
;
$LOCATION"?"
VALUE"470NF"
CDS_LIB"kvm_matrix_lib"
CDS_LMAN_SYM_OUTLINE"-50,0,50,-50"
CODE"08070401";
"1"21;
"2"6;
%"XC7A200TFFG1156"
"19","(-900,5700)","0","kvm_matrix_lib","I6";
;
VALUE"XC7A200TFFG1156"
CDS_LIB"kvm_matrix_lib"
CDS_LMAN_SYM_OUTLINE"-125,1250,225,-100";
"AA1"1;
"Y29"1;
"Y23"1;
"Y21"1;
"Y19"1;
"Y17"1;
"Y15"1;
"Y13"1;
"Y4"1;
"W32"1;
"W22"1;
"W20"1;
"W16"1;
"W14"1;
"W12"1;
"W7"1;
"V25"1;
"V23"1;
"V21"1;
"V19"1;
"V15"1;
"V13"1;
"V10"1;
"U28"1;
"U22"1;
"U20"5;
"U16"5;
"U14"5;
"U12"5;
"U3"5;
"T31"5;
"T23"5;
"T21"5;
"T19"5;
"T15"5;
"T13"5;
"T6"5;
"R34"5;
"R24"5;
"R22"5;
"R20"5;
"R18"5;
"R16"5;
"R14"5;
"R12"5;
"R9"5;
"P27"5;
"P23"5;
"P21"5;
"P19"5;
%"C"
"1","(-7700,5450)","0","kvm_matrix_lib","I60";
;
$LOCATION"?"
VALUE"470NF"
CDS_LIB"kvm_matrix_lib"
CDS_LMAN_SYM_OUTLINE"-50,0,50,-50"
CODE"08070401";
"1"21;
"2"6;
%"C"
"1","(-6800,5450)","0","kvm_matrix_lib","I61";
;
$LOCATION"?"
VALUE"470NF"
CDS_LIB"kvm_matrix_lib"
CDS_LMAN_SYM_OUTLINE"-50,0,50,-50"
CODE"08070401";
"1"21;
"2"6;
%"C"
"1","(-6650,5450)","0","kvm_matrix_lib","I62";
;
VALUE"470NF"
$LOCATION"?"
CODE"08070401"
CDS_LMAN_SYM_OUTLINE"-50,0,50,-50"
CDS_LIB"kvm_matrix_lib";
"1"21;
"2"6;
%"C"
"1","(-6500,5450)","0","kvm_matrix_lib","I63";
;
VALUE"470NF"
$LOCATION"?"
CODE"08070401"
CDS_LMAN_SYM_OUTLINE"-50,0,50,-50"
CDS_LIB"kvm_matrix_lib";
"1"21;
"2"6;
%"C"
"1","(-4150,4350)","0","kvm_matrix_lib","I64";
;
$LOCATION"?"
VALUE"470NF"
CDS_LMAN_SYM_OUTLINE"-50,0,50,-50"
CDS_LIB"kvm_matrix_lib"
CODE"08070401";
"1"14;
"2"4;
%"C"
"1","(-4000,4350)","0","kvm_matrix_lib","I65";
;
$LOCATION"?"
VALUE"470NF"
CDS_LMAN_SYM_OUTLINE"-50,0,50,-50"
CDS_LIB"kvm_matrix_lib"
CODE"08070401";
"1"14;
"2"4;
%"C"
"1","(-3700,4350)","0","kvm_matrix_lib","I66";
;
$LOCATION"?"
VALUE"470NF"
CDS_LMAN_SYM_OUTLINE"-50,0,50,-50"
CDS_LIB"kvm_matrix_lib"
CODE"08070401";
"1"14;
"2"4;
%"C"
"1","(-3850,4350)","0","kvm_matrix_lib","I67";
;
$LOCATION"?"
VALUE"470NF"
CDS_LMAN_SYM_OUTLINE"-50,0,50,-50"
CDS_LIB"kvm_matrix_lib"
CODE"08070401";
"1"14;
"2"4;
%"C"
"1","(-4400,4350)","0","kvm_matrix_lib","I68";
;
$LOCATION"?"
VALUE"4.7UF"
CDS_LMAN_SYM_OUTLINE"-50,0,50,-50"
CDS_LIB"kvm_matrix_lib"
CODE"98070506";
"1"14;
"2"4;
%"C"
"1","(-4550,4350)","0","kvm_matrix_lib","I69";
;
$LOCATION"?"
VALUE"4.7UF"
CDS_LMAN_SYM_OUTLINE"-50,0,50,-50"
CDS_LIB"kvm_matrix_lib"
CODE"98070506";
"1"14;
"2"4;
%"GND_SIGNAL"
"1","(-1200,3550)","0","standard","I7";
;
CDS_LIB"standard"
HDL_POWER"GND_SIGNAL"
BODY_TYPE"PLUMBING";
"GND"5;
%"GND_SIGNAL"
"1","(-4600,3900)","0","standard","I70";
;
HDL_POWER"GND_SIGNAL"
BODY_TYPE"PLUMBING"
CDS_LIB"standard";
"GND"4;
%"GND_SIGNAL"
"1","(-5500,3000)","0","standard","I71";
;
CDS_LIB"standard"
BODY_TYPE"PLUMBING"
HDL_POWER"GND_SIGNAL";
"GND"3;
%"CP"
"1","(-5450,3300)","0","kvm_matrix_lib","I72";
;
CDS_LIB"kvm_matrix_lib"
CDS_LMAN_SYM_OUTLINE"-50,0,50,-50"
$LOCATION"?"
VALUE"47U-6.3V"
CODE"98010241";
"2"3;
"1"13;
%"C"
"1","(-4150,3400)","0","kvm_matrix_lib","I73";
;
CDS_LIB"kvm_matrix_lib"
CDS_LMAN_SYM_OUTLINE"-50,0,50,-50"
$LOCATION"?"
VALUE"470NF"
CODE"08070401";
"1"15;
"2"2;
%"C"
"1","(-4000,3400)","0","kvm_matrix_lib","I74";
;
CDS_LIB"kvm_matrix_lib"
CDS_LMAN_SYM_OUTLINE"-50,0,50,-50"
$LOCATION"?"
VALUE"470NF"
CODE"08070401";
"1"15;
"2"2;
%"C"
"1","(-3700,3400)","0","kvm_matrix_lib","I75";
;
CDS_LIB"kvm_matrix_lib"
CDS_LMAN_SYM_OUTLINE"-50,0,50,-50"
$LOCATION"?"
VALUE"470NF"
CODE"08070401";
"1"15;
"2"2;
%"C"
"1","(-3850,3400)","0","kvm_matrix_lib","I76";
;
CDS_LIB"kvm_matrix_lib"
CDS_LMAN_SYM_OUTLINE"-50,0,50,-50"
$LOCATION"?"
VALUE"470NF"
CODE"08070401";
"1"15;
"2"2;
%"C"
"1","(-4400,3400)","0","kvm_matrix_lib","I77";
;
CDS_LIB"kvm_matrix_lib"
CDS_LMAN_SYM_OUTLINE"-50,0,50,-50"
$LOCATION"?"
VALUE"4.7UF"
CODE"98070506";
"1"15;
"2"2;
%"C"
"1","(-4550,3400)","0","kvm_matrix_lib","I78";
;
CDS_LIB"kvm_matrix_lib"
CDS_LMAN_SYM_OUTLINE"-50,0,50,-50"
$LOCATION"?"
VALUE"4.7UF"
CODE"98070506";
"1"15;
"2"2;
%"GND_SIGNAL"
"1","(-4600,2950)","0","standard","I79";
;
CDS_LIB"standard"
HDL_POWER"GND_SIGNAL"
BODY_TYPE"PLUMBING";
"GND"2;
%"GND_SIGNAL"
"1","(-550,3550)","0","standard","I8";
;
CDS_LIB"standard"
BODY_TYPE"PLUMBING"
HDL_POWER"GND_SIGNAL";
"GND"1;
%"CP"
"1","(-9450,1250)","0","kvm_matrix_lib","I9";
;
$LOCATION"?"
VALUE"330U-10V"
CODE"10081111"
CDS_LIB"kvm_matrix_lib"
CDS_LMAN_SYM_OUTLINE"-50,0,50,-50";
"2"8;
"1"17;
END.
