FILE_TYPE = CONNECTIVITY;
{Allegro Design Entry HDL 16.6-p007 (v16-6-112F) 10/10/2012}
"PAGE_NUMBER" = 46;
0"NC";
1"GND_SIGNAL\g";
2"GND_SIGNAL\g";
3"GND_SIGNAL\g";
4"GND_SIGNAL\g";
5"A7_DDR_CLK_N";
6"A7_DDR_DQ15";
7"A7_DDR_A12";
8"A7_DDR_DQ2";
9"A7_DDR_DQ1";
10"A7_DDR_DQ3";
11"A7_DDR_DQ4";
12"A7_DDR_DQ6";
13"A7_DDR_DQ8";
14"A7_DDR_DQ7";
15"A7_DDR_DQ14";
16"A7_DDR_RESET_N";
17"A7_DDR_ODT";
18"A7_DDR_DM1";
19"A7_DDR_DM0";
20"A7_DDR_BA2";
21"A7_DDR_DQ11";
22"V_A7_1V35";
23"V_A7_1V35_DDR";
24"V_A7_1V35_DDR";
25"UN$46$C$I19$1";
26"V_A7_1V35_DDR";
27"A7_DDR_DQ13";
28"A7_DDR_DQ12";
29"A7_DDR_DQ9";
30"A7_DDR_DQ10";
31"A7_DDR_DQ5";
32"A7_DDR_DQ0";
33"UN$46$MT41K512M16HA-125$I25$L8";
34"A7_DDR_DQS1_P";
35"A7_DDR_DQS1_N";
36"A7_DDR_DQS0_P";
37"A7_DDR_DQS0_N";
38"A7_DDR_A10";
39"A7_DDR_A15";
40"A7_DDR_A3";
41"A7_DDR_A5";
42"A7_DDR_A2";
43"A7_DDR_A4";
44"A7_DDR_A7";
45"A7_DDR_A9";
46"A7_DDR_A11";
47"A7_DDR_A6";
48"A7_DDR_A13";
49"A7_DDR_A14";
50"A7_DDR_A8";
51"A7_DDR_A0";
52"A7_DDR_BA1";
53"A7_DDR_CLK_P";
54"A7_DDR_A1";
55"A7_DDR_BA0";
56"A7_DDR_CLK_N";
57"A7_DDR_CKE";
58"A7_DDR_CS_N";
59"A7_DDR_RAS_N";
60"A7_DDR_CAS_N";
61"A7_DDR_WE_N";
62"A7_DDR_CLK_P";
%"R"
"1","(-9750,3550)","1","kvm_matrix_lib","I1";
;
VALUE"80-1%"
CODE""
$LOCATION"?"
CDS_LMAN_SYM_OUTLINE"-100,25,100,-25"
CDS_LIB"kvm_matrix_lib";
"A"5;
"B"62;
%"R"
"1","(-2050,4200)","1","kvm_matrix_lib","I10";
;
VALUE"1K-1%"
$LOCATION"?"
CODE"07090549"
CDS_LMAN_SYM_OUTLINE"-100,25,100,-25"
CDS_LIB"kvm_matrix_lib";
"A"4;
"B"25;
%"C"
"1","(-1900,3150)","0","kvm_matrix_lib","I11";
;
VALUE"0.1U"
$LOCATION"?"
CODE"08070262"
CDS_LMAN_SYM_OUTLINE"-50,0,50,-50"
CDS_LIB"kvm_matrix_lib";
"1"26;
"2"3;
%"C"
"1","(-1750,3150)","0","kvm_matrix_lib","I12";
;
VALUE"0.1U"
$LOCATION"?"
CODE"08070262"
CDS_LMAN_SYM_OUTLINE"-50,0,50,-50"
CDS_LIB"kvm_matrix_lib";
"1"26;
"2"3;
%"C"
"1","(-1600,3150)","0","kvm_matrix_lib","I13";
;
VALUE"0.1U"
$LOCATION"?"
CODE"08070262"
CDS_LMAN_SYM_OUTLINE"-50,0,50,-50"
CDS_LIB"kvm_matrix_lib";
"1"26;
"2"3;
%"C"
"1","(-1350,3150)","0","kvm_matrix_lib","I14";
;
VALUE"0.1U"
$LOCATION"?"
CODE"08070262"
CDS_LMAN_SYM_OUTLINE"-50,0,50,-50"
CDS_LIB"kvm_matrix_lib";
"1"26;
"2"3;
%"C"
"1","(-1200,3150)","0","kvm_matrix_lib","I15";
;
VALUE"0.1U"
$LOCATION"?"
CODE"08070262"
CDS_LMAN_SYM_OUTLINE"-50,0,50,-50"
CDS_LIB"kvm_matrix_lib";
"1"26;
"2"3;
%"C"
"1","(-1050,3150)","0","kvm_matrix_lib","I16";
;
VALUE"0.1U"
$LOCATION"?"
CODE"08070262"
CDS_LMAN_SYM_OUTLINE"-50,0,50,-50"
CDS_LIB"kvm_matrix_lib";
"1"26;
"2"3;
%"C"
"1","(-900,3150)","0","kvm_matrix_lib","I17";
;
VALUE"0.1U"
$LOCATION"?"
CODE"08070262"
CDS_LMAN_SYM_OUTLINE"-50,0,50,-50"
CDS_LIB"kvm_matrix_lib";
"1"26;
"2"3;
%"C"
"1","(-750,3150)","0","kvm_matrix_lib","I18";
;
VALUE"0.1U"
$LOCATION"?"
CODE"08070262"
CDS_LMAN_SYM_OUTLINE"-50,0,50,-50"
CDS_LIB"kvm_matrix_lib";
"1"26;
"2"3;
%"C"
"1","(-2500,4250)","2","kvm_matrix_lib","I19";
;
VALUE"1U"
$LOCATION"?"
CODE"98070403"
CDS_LMAN_SYM_OUTLINE"-50,0,50,-50"
CDS_LIB"kvm_matrix_lib";
"1"25;
"2"4;
%"R"
"1","(-6750,3050)","0","kvm_matrix_lib","I2";
;
VALUE"240"
$LOCATION"?"
CODE"07090111"
CDS_LMAN_SYM_OUTLINE"-100,25,100,-25"
CDS_LIB"kvm_matrix_lib";
"A"33;
"B"2;
%"C"
"1","(-2300,4250)","0","kvm_matrix_lib","I20";
;
VALUE"0.01U"
$LOCATION"?"
CODE"08070247"
CDS_LMAN_SYM_OUTLINE"-50,0,50,-50"
CDS_LIB"kvm_matrix_lib";
"1"25;
"2"4;
%"R"
"1","(-2050,4800)","1","kvm_matrix_lib","I21";
;
VALUE"1K-1%"
$LOCATION"?"
CODE"07090549"
CDS_LMAN_SYM_OUTLINE"-100,25,100,-25"
CDS_LIB"kvm_matrix_lib";
"A"25;
"B"24;
%"C"
"1","(-2300,4850)","0","kvm_matrix_lib","I22";
;
VALUE"0.01U"
$LOCATION"?"
CODE"08070247"
CDS_LMAN_SYM_OUTLINE"-50,0,50,-50"
CDS_LIB"kvm_matrix_lib";
"1"24;
"2"25;
%"MT41K512M16HA-125"
"2","(-1550,4850)","0","kvm_matrix_lib","I23";
;
CDS_LMAN_SYM_OUTLINE"-125,1100,250,-425"
CDS_LIB"kvm_matrix_lib";
"T9"1;
"T1"1;
"R9"24;
"R1"24;
"P9"1;
"P1"1;
"N9"24;
"N1"24;
"M9"1;
"M8"25;
"M1"1;
"K8"24;
"K2"24;
"J8"1;
"J2"1;
"H9"23;
"H2"23;
"H1"25;
"G9"1;
"G8"1;
"G7"24;
"G1"1;
"F9"1;
"F1"23;
"E9"23;
"E8"1;
"E2"1;
"E1"1;
"D9"24;
"D8"1;
"D2"23;
"D1"1;
"C9"23;
"C1"23;
"B9"1;
"B3"1;
"B2"24;
"B1"1;
"A9"1;
"A8"23;
"A1"23;
%"GND_SIGNAL"
"1","(-1250,4600)","0","standard","I24";
;
HDL_POWER"GND_SIGNAL"
BODY_TYPE"PLUMBING"
CDS_LIB"standard";
"GND"1;
%"MT41K512M16HA-125"
"1","(-7450,4400)","0","kvm_matrix_lib","I25";
;
CDS_LMAN_SYM_OUTLINE"-125,1400,325,-1850"
CDS_LIB"kvm_matrix_lib";
"F8"10;
"T8"50;
"T7"49;
"T3"48;
"T2"16;
"R8"47;
"R7"46;
"R3"45;
"R2"44;
"P8"43;
"P7"54;
"P3"42;
"P2"41;
"N8"52;
"N7"7;
"N3"51;
"N2"40;
"M7"39;
"M3"20;
"M2"55;
"L9"0;
"L8"33;
"L7"38;
"L3"61;
"L2"58;
"L1"0;
"K9"57;
"K7"56;
"K3"60;
"K1"17;
"J9"0;
"J7"53;
"J3"59;
"J1"0;
"H8"31;
"H7"14;
"H3"11;
"G3"37;
"G2"12;
"F7"9;
"F3"36;
"F2"8;
"E7"19;
"E3"32;
"D7"13;
"D3"18;
"C8"30;
"C7"34;
"C3"29;
"C2"21;
"B8"15;
"B7"35;
"A7"28;
"A3"6;
"A2"27;
%"GND_SIGNAL"
"1","(-6350,3000)","1","standard","I3";
;
BODY_TYPE"PLUMBING"
HDL_POWER"GND_SIGNAL"
CDS_LIB"standard";
"GND"2;
%"LB"
"1","(-2800,3350)","0","kvm_matrix_lib","I4";
;
VALUE"100MOHM"
$LOCATION"?"
CODE"10070008"
CDS_LMAN_SYM_OUTLINE"-125,50,125,0"
CDS_LIB"kvm_matrix_lib";
"B"26;
"A"22;
%"GND_SIGNAL"
"1","(-2500,2750)","0","standard","I5";
;
BODY_TYPE"PLUMBING"
HDL_POWER"GND_SIGNAL"
CDS_LIB"standard";
"GND"3;
%"C"
"1","(-2450,3150)","0","kvm_matrix_lib","I6";
;
VALUE"10UF"
$LOCATION"?"
CODE"08070391"
CDS_LMAN_SYM_OUTLINE"-50,0,50,-50"
CDS_LIB"kvm_matrix_lib";
"1"26;
"2"3;
%"C"
"1","(-2200,3150)","0","kvm_matrix_lib","I7";
;
VALUE"0.1U"
$LOCATION"?"
CODE"08070262"
CDS_LMAN_SYM_OUTLINE"-50,0,50,-50"
CDS_LIB"kvm_matrix_lib";
"1"26;
"2"3;
%"C"
"1","(-2050,3150)","0","kvm_matrix_lib","I8";
;
VALUE"0.1U"
$LOCATION"?"
CODE"08070262"
CDS_LMAN_SYM_OUTLINE"-50,0,50,-50"
CDS_LIB"kvm_matrix_lib";
"1"26;
"2"3;
%"GND_SIGNAL"
"1","(-2100,3800)","0","standard","I9";
;
BODY_TYPE"PLUMBING"
HDL_POWER"GND_SIGNAL"
CDS_LIB"standard";
"GND"4;
END.
