FILE_TYPE = CONNECTIVITY;
{Allegro Design Entry HDL 16.6-p007 (v16-6-112F) 10/10/2012}
"PAGE_NUMBER" = 3;
0"NC";
1"GND_SIGNAL\g";
2"GND_SIGNAL\g";
3"GND_SIGNAL\g";
4"GND_SIGNAL\g";
5"GND_SIGNAL\g";
6"GND_SIGNAL\g";
7"GND_SIGNAL\g";
8"GND_SIGNAL\g";
9"GND_SIGNAL\g";
10"GND_SIGNAL\g";
11"GND_SIGNAL\g";
12"GND_SIGNAL\g";
13"GND_SIGNAL\g";
14"GND_SIGNAL\g";
15"GND_SIGNAL\g";
16"GND_SIGNAL\g";
17"GND_SIGNAL\g";
18"GND_SIGNAL\g";
19"GND_SIGNAL\g";
20"GND_SIGNAL\g";
21"GND_SIGNAL\g";
22"GND_SIGNAL\g";
23"GND_SIGNAL\g";
24"GND_SIGNAL\g";
25"GND_SIGNAL\g";
26"GND_SIGNAL\g";
27"GND_SIGNAL\g";
28"GND_SIGNAL\g";
29"GND_SIGNAL\g";
30"GND_SIGNAL\g";
31"S7_PG_LED";
32"V_S7_5053_VDD";
33"S7_RST_N";
34"UN$3$ADP5053$I8$6";
35"V_S7_1V0";
36"V_S7_1V8_R";
37"V_S7_5053_VREG";
38"S7_5053_MR_N";
39"V_S7_5053_VREG";
40"V_S7_5053_VREG";
41"V_S7_5V0_IN";
42"UN$3$C$I31$1";
43"V_S7_1V0_R";
44"V_S7_1V0_SW";
45"UN$3$ADP5053$I8$29";
46"V_S7_5053_VREG";
47"V_S7_1V0_VCCINT";
48"V_S7_3V3";
49"V_S7_2V5";
50"V_S7_5V0_IN";
51"UN$3$ADP5053$I8$37";
52"V_S7_5V0_IN";
53"UN$3$ADP5053$I8$46";
54"V_S7_1V0";
55"V_S7_5V0_IN";
56"S7_5053_WDI";
57"UN$3$ADP5053$I8$48";
58"UN$3$ADP5053$I8$23";
59"UN$3$C$I17$1";
60"UN$3$ADP5053$I8$14";
61"UN$3$C$I20$1";
62"V_S7_1V8";
63"V_S7_2V5_R";
64"UN$3$ADP5053$I8$47";
65"UN$3$ADP5053$I8$38";
66"UN$3$R$I24$A";
67"UN$3$C$I22$1";
68"UN$3$ADP5053$I8$15";
69"UN$3$ADP5053$I8$39";
70"UN$3$ADP5053$I8$12";
71"S7_PG_LED";
72"V_S7_3V3";
73"UN$3$C$I52$1";
74"V_S7_1V8_SW";
75"UN$3$ADP5053$I8$43";
76"UN$3$ADP5053$I8$41";
77"V_S7_5V0_IN";
78"UN$3$R$I35$A";
79"UN$3$R$I39$B";
80"UN$3$C$I13$1";
81"UN$3$C$I47$1";
82"UN$3$ADP5053$I8$22";
83"UN$3$R$I44$B";
84"UN$3$R$I48$B";
85"UN$3$LEDS$I101$A";
86"UN$3$LEDS$I101$B";
87"UN$3$ADP5053$I8$28";
88"UN$3$C$I41$1";
89"V_S7_3V3_SW";
90"V_S7_3V3_R";
91"UN$3$ADP5053$I8$32";
92"UN$3$ADP5053$I8$31";
93"V_S7_2V5_SW";
94"UN$3$ADP5053$I8$1";
95"V_S7_1V0";
96"V_S7_5V0_IN";
97"UN$3$R$I14$A";
98"V_S7_5V0_IN";
%"GND_SIGNAL"
"1","(-13150,5350)","5","standard","I10";
;
BODY_TYPE"PLUMBING"
HDL_POWER"GND_SIGNAL"
CDS_LIB"standard";
"GND"1;
%"NPN"
"1","(-8150,1000)","0","kvm_matrix_lib","I100";
;
$LOCATION"?"
VALUE"MMBT4401LT1"
CODE"15050026"
CDS_LIB"kvm_matrix_lib"
CDS_LMAN_SYM_OUTLINE"0,50,50,-50";
"C"86;
"E"2;
"B"31;
%"LED_S"
"1","(-8100,1450)","1","kvm_matrix_lib","I101";
;
CODE"15020063"
VALUE"HSMG-C170-B"
$LOCATION"?"
CDS_LMAN_SYM_OUTLINE"-150,50,50,-75"
CDS_LIB"kvm_matrix_lib";
"A"85;
"B"86;
%"GND_SIGNAL"
"1","(-8150,750)","0","standard","I102";
;
HDL_POWER"GND_SIGNAL"
BODY_TYPE"PLUMBING"
CDS_LIB"standard";
"GND"2;
%"R"
"1","(-8100,1950)","1","kvm_matrix_lib","I103";
;
VALUE"4.7K"
$LOCATION"?"
CODE"07090246"
CDS_LIB"kvm_matrix_lib"
CDS_LMAN_SYM_OUTLINE"-100,25,100,-25";
"A"85;
"B"52;
%"R"
"1","(-8650,6300)","0","kvm_matrix_lib","I105";
;
$LOCATION"?"
VALUE"0.27"
CDS_LIB"kvm_matrix_lib"
CDS_LMAN_SYM_OUTLINE"-100,25,100,-25"
CODE"07090922";
"A"43;
"B"47;
%"R"
"1","(-8650,6350)","0","kvm_matrix_lib","I106";
;
$LOCATION"?"
VALUE"0.27"
CDS_LMAN_SYM_OUTLINE"-100,25,100,-25"
CDS_LIB"kvm_matrix_lib"
CODE"07090922";
"A"43;
"B"47;
%"R"
"1","(-8650,6250)","0","kvm_matrix_lib","I107";
;
VALUE"0.27"
$LOCATION"?"
CODE"07090922"
CDS_LIB"kvm_matrix_lib"
CDS_LMAN_SYM_OUTLINE"-100,25,100,-25";
"A"43;
"B"47;
%"R"
"1","(-8650,6400)","0","kvm_matrix_lib","I108";
;
$LOCATION"?"
VALUE"0.27"
CODE"07090922"
CDS_LMAN_SYM_OUTLINE"-100,25,100,-25"
CDS_LIB"kvm_matrix_lib";
"A"43;
"B"47;
%"R"
"1","(-8650,4900)","0","kvm_matrix_lib","I109";
;
VALUE"0.27"
$LOCATION"?"
CDS_LMAN_SYM_OUTLINE"-100,25,100,-25"
CDS_LIB"kvm_matrix_lib"
CODE"07090922";
"A"90;
"B"48;
%"GND_SIGNAL"
"1","(-13150,4250)","5","standard","I11";
;
CDS_LIB"standard"
HDL_POWER"GND_SIGNAL"
BODY_TYPE"PLUMBING";
"GND"3;
%"R"
"1","(-8650,4950)","0","kvm_matrix_lib","I110";
;
VALUE"0.27"
$LOCATION"?"
CDS_LMAN_SYM_OUTLINE"-100,25,100,-25"
CDS_LIB"kvm_matrix_lib"
CODE"07090922";
"A"90;
"B"48;
%"R"
"1","(-8650,5000)","0","kvm_matrix_lib","I111";
;
VALUE"0.27"
$LOCATION"?"
CDS_LMAN_SYM_OUTLINE"-100,25,100,-25"
CDS_LIB"kvm_matrix_lib"
CODE"07090922";
"A"90;
"B"48;
%"R"
"1","(-8650,4850)","0","kvm_matrix_lib","I112";
;
VALUE"0.27"
$LOCATION"?"
CODE"07090922"
CDS_LIB"kvm_matrix_lib"
CDS_LMAN_SYM_OUTLINE"-100,25,100,-25";
"A"90;
"B"48;
%"R"
"1","(-8650,3950)","0","kvm_matrix_lib","I113";
;
VALUE"0.27"
$LOCATION"?"
CODE"07090922"
CDS_LMAN_SYM_OUTLINE"-100,25,100,-25"
CDS_LIB"kvm_matrix_lib";
"A"63;
"B"49;
%"R"
"1","(-8650,4000)","0","kvm_matrix_lib","I114";
;
VALUE"0.27"
$LOCATION"?"
CODE"07090922"
CDS_LIB"kvm_matrix_lib"
CDS_LMAN_SYM_OUTLINE"-100,25,100,-25";
"A"63;
"B"49;
%"R"
"1","(-8650,4050)","0","kvm_matrix_lib","I115";
;
VALUE"0.27"
$LOCATION"?"
CODE"07090922"
CDS_LIB"kvm_matrix_lib"
CDS_LMAN_SYM_OUTLINE"-100,25,100,-25";
"A"63;
"B"49;
%"R"
"1","(-8650,3900)","0","kvm_matrix_lib","I116";
;
VALUE"0.27"
$LOCATION"?"
CODE"07090922"
CDS_LMAN_SYM_OUTLINE"-100,25,100,-25"
CDS_LIB"kvm_matrix_lib";
"A"63;
"B"49;
%"R"
"1","(-8650,2950)","0","kvm_matrix_lib","I117";
;
VALUE"0.27"
$LOCATION"?"
CODE"07090922"
CDS_LIB"kvm_matrix_lib"
CDS_LMAN_SYM_OUTLINE"-100,25,100,-25";
"A"36;
"B"62;
%"R"
"1","(-8650,2900)","0","kvm_matrix_lib","I118";
;
VALUE"0.27"
$LOCATION"?"
CODE"07090922"
CDS_LIB"kvm_matrix_lib"
CDS_LMAN_SYM_OUTLINE"-100,25,100,-25";
"A"36;
"B"62;
%"R"
"1","(-8650,3000)","0","kvm_matrix_lib","I119";
;
VALUE"0.27"
$LOCATION"?"
CODE"07090922"
CDS_LIB"kvm_matrix_lib"
CDS_LMAN_SYM_OUTLINE"-100,25,100,-25";
"A"36;
"B"62;
%"GND_SIGNAL"
"1","(-13150,3300)","5","standard","I12";
;
BODY_TYPE"PLUMBING"
HDL_POWER"GND_SIGNAL"
CDS_LIB"standard";
"GND"4;
%"R"
"1","(-8650,3050)","0","kvm_matrix_lib","I120";
;
VALUE"0.27"
$LOCATION"?"
CDS_LIB"kvm_matrix_lib"
CDS_LMAN_SYM_OUTLINE"-100,25,100,-25"
CODE"07090922";
"A"36;
"B"62;
%"R"
"1","(-11350,2150)","0","kvm_matrix_lib","I121";
;
VALUE"4.7K"
$LOCATION"?"
CODE"07090246"
CDS_LMAN_SYM_OUTLINE"-100,25,100,-25"
CDS_LIB"kvm_matrix_lib";
"A"33;
"B"72;
%"OUTPORT"
"1","(-10100,2050)","0","standard","I122";
;
OFFPAGE"TRUE"
CDS_LIB"standard";
"A"
VHDL_PORT"OUT"
HDL_PORT"OUT"33;
%"OUTPORT"
"1","(-10100,1350)","0","standard","I123";
;
CDS_LIB"standard"
OFFPAGE"TRUE";
"A"
VHDL_PORT"OUT"
HDL_PORT"OUT"71;
%"INPORT"
"1","(-9200,1000)","0","standard","I124";
;
CDS_LIB"standard"
OFFPAGE"TRUE";
"A"
VHDL_PORT"IN"
HDL_PORT"IN"31;
%"INPORT"
"1","(-14150,2500)","0","standard","I125";
;
OFFPAGE"TRUE"
CDS_LIB"standard";
"A"
VHDL_PORT"IN"
HDL_PORT"IN"56;
%"RESETKEY"
"1","(-13350,2200)","0","kvm_matrix_lib","I126";
;
$LOCATION"?"
VALUE"RESET-SMT"
CDS_LMAN_SYM_OUTLINE"200,50,450,-100"
CDS_LIB"kvm_matrix_lib"
CODE"16100017";
"B2"38;
"B1"0;
"A1"5;
"A2"0;
%"C"
"1","(-13500,2200)","1","kvm_matrix_lib","I127";
;
$LOCATION"?"
VALUE"0.1U"
CDS_LIB"kvm_matrix_lib"
CDS_LMAN_SYM_OUTLINE"-50,0,50,-50"
CODE"08070262";
"1"5;
"2"38;
%"GND_SIGNAL"
"1","(-13800,2250)","5","standard","I128";
;
CDS_LIB"standard"
BODY_TYPE"PLUMBING"
HDL_POWER"GND_SIGNAL";
"GND"5;
%"INPORT"
"1","(-14150,2300)","0","standard","I129";
;
CDS_LIB"standard"
OFFPAGE"TRUE";
"A"
VHDL_PORT"IN"
HDL_PORT"IN"38;
%"C"
"1","(-12900,5800)","1","kvm_matrix_lib","I13";
;
$LOCATION"?"
VALUE"6800P"
CDS_LMAN_SYM_OUTLINE"-50,0,50,-50"
CDS_LIB"kvm_matrix_lib"
CODE"08070248";
"1"80;
"2"69;
%"R"
"1","(-8500,1600)","1","kvm_matrix_lib","I136";
;
VALUE"47K-1%"
$LOCATION"?"
CODE"07090449"
CDS_LMAN_SYM_OUTLINE"-100,25,100,-25"
CDS_LIB"kvm_matrix_lib";
"A"31;
"B"52;
%"R"
"1","(-12950,3050)","0","kvm_matrix_lib","I137";
;
VALUE"1K-1%"
$LOCATION"?"
CODE"07090549"
CDS_LIB"kvm_matrix_lib"
CDS_LMAN_SYM_OUTLINE"-100,25,100,-25";
"A"35;
"B"60;
%"R"
"1","(-12950,2900)","0","kvm_matrix_lib","I138";
;
VALUE"10K"
$LOCATION"?"
CODE"07090035"
CDS_LIB"kvm_matrix_lib"
CDS_LMAN_SYM_OUTLINE"-100,25,100,-25";
"A"30;
"B"60;
%"GND_SIGNAL"
"1","(-13350,2950)","5","standard","I139";
;
BODY_TYPE"PLUMBING"
HDL_POWER"GND_SIGNAL"
CDS_LIB"standard";
"GND"30;
%"R"
"1","(-13350,5800)","0","kvm_matrix_lib","I14";
;
$LOCATION"?"
VALUE"1.8K-1%"
CDS_LMAN_SYM_OUTLINE"-100,25,100,-25"
CDS_LIB"kvm_matrix_lib"
CODE"97090132";
"A"97;
"B"80;
%"R"
"1","(-12950,4000)","0","kvm_matrix_lib","I140";
;
VALUE"1K-1%"
$LOCATION"?"
CODE"07090549"
CDS_LIB"kvm_matrix_lib"
CDS_LMAN_SYM_OUTLINE"-100,25,100,-25";
"A"54;
"B"57;
%"GND_SIGNAL"
"1","(-13350,3900)","5","standard","I141";
;
BODY_TYPE"PLUMBING"
HDL_POWER"GND_SIGNAL"
CDS_LIB"standard";
"GND"6;
%"R"
"1","(-12950,3850)","0","kvm_matrix_lib","I142";
;
VALUE"10K"
$LOCATION"?"
CODE"07090035"
CDS_LIB"kvm_matrix_lib"
CDS_LMAN_SYM_OUTLINE"-100,25,100,-25";
"A"6;
"B"57;
%"R"
"1","(-12950,4950)","0","kvm_matrix_lib","I143";
;
$LOCATION"?"
VALUE"10K"
CODE"07090035"
CDS_LMAN_SYM_OUTLINE"-100,25,100,-25"
CDS_LIB"kvm_matrix_lib";
"A"7;
"B"58;
%"GND_SIGNAL"
"1","(-13350,5000)","5","standard","I144";
;
CDS_LIB"standard"
HDL_POWER"GND_SIGNAL"
BODY_TYPE"PLUMBING";
"GND"7;
%"R"
"1","(-12950,5100)","0","kvm_matrix_lib","I145";
;
VALUE"1K-1%"
$LOCATION"?"
CDS_LIB"kvm_matrix_lib"
CDS_LMAN_SYM_OUTLINE"-100,25,100,-25"
CODE"07090549";
"A"95;
"B"58;
%"GND_SIGNAL"
"1","(-14150,5850)","5","standard","I15";
;
HDL_POWER"GND_SIGNAL"
BODY_TYPE"PLUMBING"
CDS_LIB"standard";
"GND"8;
%"R"
"1","(-13350,4750)","0","kvm_matrix_lib","I16";
;
VALUE"4.42K"
$LOCATION"?"
CDS_LMAN_SYM_OUTLINE"-100,25,100,-25"
CDS_LIB"kvm_matrix_lib"
CODE"07090592";
"A"9;
"B"59;
%"C"
"1","(-12900,4750)","1","kvm_matrix_lib","I17";
;
$LOCATION"?"
VALUE"1.5NF"
CODE"98070522"
CDS_LIB"kvm_matrix_lib"
CDS_LMAN_SYM_OUTLINE"-50,0,50,-50";
"1"59;
"2"82;
%"GND_SIGNAL"
"1","(-13700,4800)","5","standard","I18";
;
CDS_LIB"standard"
BODY_TYPE"PLUMBING"
HDL_POWER"GND_SIGNAL";
"GND"9;
%"R"
"1","(-13350,3700)","0","kvm_matrix_lib","I19";
;
VALUE"4.02K-1%"
$LOCATION"?"
CODE"97090140"
CDS_LIB"kvm_matrix_lib"
CDS_LMAN_SYM_OUTLINE"-100,25,100,-25";
"A"10;
"B"61;
%"C"
"1","(-12900,3250)","1","kvm_matrix_lib","I2";
;
$LOCATION"?"
VALUE"10UF"
CODE"08070391"
CDS_LIB"kvm_matrix_lib"
CDS_LMAN_SYM_OUTLINE"-50,0,50,-50";
"1"4;
"2"55;
%"C"
"1","(-12900,3700)","1","kvm_matrix_lib","I20";
;
VALUE"1800P"
$LOCATION"?"
CDS_LMAN_SYM_OUTLINE"-50,0,50,-50"
CDS_LIB"kvm_matrix_lib"
CODE"08070484";
"1"61;
"2"53;
%"GND_SIGNAL"
"1","(-13700,3750)","5","standard","I21";
;
CDS_LIB"standard"
BODY_TYPE"PLUMBING"
HDL_POWER"GND_SIGNAL";
"GND"10;
%"C"
"1","(-12900,2800)","1","kvm_matrix_lib","I22";
;
VALUE"1.5NF"
$LOCATION"?"
CODE"98070522"
CDS_LIB"kvm_matrix_lib"
CDS_LMAN_SYM_OUTLINE"-50,0,50,-50";
"1"67;
"2"68;
%"R"
"1","(-13850,5800)","0","kvm_matrix_lib","I23";
;
$LOCATION"?"
VALUE"75"
CDS_LMAN_SYM_OUTLINE"-100,25,100,-25"
CDS_LIB"kvm_matrix_lib"
CODE"07090362";
"A"8;
"B"97;
%"R"
"1","(-13350,2800)","0","kvm_matrix_lib","I24";
;
VALUE"1.2K-1%"
$LOCATION"?"
CODE"97090154"
CDS_LIB"kvm_matrix_lib"
CDS_LMAN_SYM_OUTLINE"-100,25,100,-25";
"A"66;
"B"67;
%"R"
"1","(-13900,2800)","0","kvm_matrix_lib","I25";
;
$LOCATION"?"
VALUE"4.7K"
CDS_LMAN_SYM_OUTLINE"-100,25,100,-25"
CDS_LIB"kvm_matrix_lib"
CODE"07090246";
"A"11;
"B"66;
%"GND_SIGNAL"
"1","(-14200,2850)","5","standard","I26";
;
HDL_POWER"GND_SIGNAL"
BODY_TYPE"PLUMBING"
CDS_LIB"standard";
"GND"11;
%"C"
"1","(-12900,4200)","1","kvm_matrix_lib","I3";
;
$LOCATION"?"
VALUE"10UF"
CODE"08070391"
CDS_LIB"kvm_matrix_lib"
CDS_LMAN_SYM_OUTLINE"-50,0,50,-50";
"1"3;
"2"50;
%"GND_SIGNAL"
"1","(-10800,6700)","3","standard","I30";
;
CDS_LIB"standard"
BODY_TYPE"PLUMBING"
HDL_POWER"GND_SIGNAL";
"GND"12;
%"C"
"1","(-11450,6450)","1","kvm_matrix_lib","I31";
;
$LOCATION"?"
VALUE"220P"
CODE"08070228"
CDS_LIB"kvm_matrix_lib"
CDS_LMAN_SYM_OUTLINE"-50,0,50,-50";
"1"42;
"2"43;
%"R"
"1","(-11350,6650)","0","kvm_matrix_lib","I32";
;
VALUE"40.2K-1%"
$LOCATION"?"
CODE"07090695"
CDS_LIB"kvm_matrix_lib"
CDS_LMAN_SYM_OUTLINE"-100,25,100,-25";
"A"42;
"B"12;
%"R"
"1","(-10800,6550)","0","kvm_matrix_lib","I35";
;
$LOCATION"?"
VALUE"51"
CODE"07090266"
CDS_LIB"kvm_matrix_lib"
CDS_LMAN_SYM_OUTLINE"-100,25,100,-25";
"A"78;
"B"43;
%"R"
"1","(-11350,6550)","0","kvm_matrix_lib","I36";
;
$LOCATION"?"
VALUE"10K"
CODE"07090035"
CDS_LMAN_SYM_OUTLINE"-100,25,100,-25"
CDS_LIB"kvm_matrix_lib";
"A"42;
"B"78;
%"R"
"1","(-11350,4650)","0","kvm_matrix_lib","I37";
;
VALUE"68K-1%"
$LOCATION"?"
CODE"07090421"
CDS_LIB"kvm_matrix_lib"
CDS_LMAN_SYM_OUTLINE"-100,25,100,-25";
"A"88;
"B"90;
%"R"
"1","(-11350,4550)","0","kvm_matrix_lib","I39";
;
$LOCATION"?"
VALUE"16.5K"
CODE"07090600"
CDS_LMAN_SYM_OUTLINE"-100,25,100,-25"
CDS_LIB"kvm_matrix_lib";
"A"88;
"B"79;
%"C"
"1","(-12900,5300)","1","kvm_matrix_lib","I4";
;
$LOCATION"?"
VALUE"10UF"
CODE"08070391"
CDS_LIB"kvm_matrix_lib"
CDS_LMAN_SYM_OUTLINE"-50,0,50,-50";
"1"1;
"2"96;
%"R"
"1","(-10800,4550)","0","kvm_matrix_lib","I40";
;
VALUE"5.11K"
$LOCATION"?"
CDS_LMAN_SYM_OUTLINE"-100,25,100,-25"
CDS_LIB"kvm_matrix_lib"
CODE"07090036";
"A"79;
"B"13;
%"C"
"1","(-11450,4750)","1","kvm_matrix_lib","I41";
;
$LOCATION"?"
VALUE"82PF"
CODE"98070524"
CDS_LIB"kvm_matrix_lib"
CDS_LMAN_SYM_OUTLINE"-50,0,50,-50";
"1"88;
"2"90;
%"GND_SIGNAL"
"1","(-10450,4600)","3","standard","I42";
;
HDL_POWER"GND_SIGNAL"
BODY_TYPE"PLUMBING"
CDS_LIB"standard";
"GND"13;
%"R"
"1","(-11350,3650)","0","kvm_matrix_lib","I43";
;
$LOCATION"?"
VALUE"47K-1%"
CDS_LMAN_SYM_OUTLINE"-100,25,100,-25"
CDS_LIB"kvm_matrix_lib"
CODE"07090449";
"A"81;
"B"63;
%"R"
"1","(-11350,3550)","0","kvm_matrix_lib","I44";
;
$LOCATION"?"
VALUE"22.1K"
CODE"07090121"
CDS_LIB"kvm_matrix_lib"
CDS_LMAN_SYM_OUTLINE"-100,25,100,-25";
"A"81;
"B"83;
%"R"
"1","(-10800,3550)","0","kvm_matrix_lib","I45";
;
$LOCATION"?"
VALUE"10"
CODE"07090459"
CDS_LIB"kvm_matrix_lib"
CDS_LMAN_SYM_OUTLINE"-100,25,100,-25";
"A"83;
"B"14;
%"GND_SIGNAL"
"1","(-10450,3600)","3","standard","I46";
;
BODY_TYPE"PLUMBING"
HDL_POWER"GND_SIGNAL"
CDS_LIB"standard";
"GND"14;
%"C"
"1","(-11450,3750)","1","kvm_matrix_lib","I47";
;
$LOCATION"?"
VALUE"100P"
CODE"08070230"
CDS_LIB"kvm_matrix_lib"
CDS_LMAN_SYM_OUTLINE"-50,0,50,-50";
"1"81;
"2"63;
%"R"
"1","(-11350,2700)","0","kvm_matrix_lib","I48";
;
VALUE"27.4K"
$LOCATION"?"
CODE"07090320"
CDS_LIB"kvm_matrix_lib"
CDS_LMAN_SYM_OUTLINE"-100,25,100,-25";
"A"73;
"B"84;
%"R"
"1","(-11350,2600)","0","kvm_matrix_lib","I49";
;
VALUE"22.1K"
$LOCATION"?"
CDS_LMAN_SYM_OUTLINE"-100,25,100,-25"
CDS_LIB"kvm_matrix_lib"
CODE"07090121";
"A"73;
"B"15;
%"C"
"1","(-12900,6400)","3","kvm_matrix_lib","I5";
;
$LOCATION"?"
VALUE"10UF"
CODE"08070391"
CDS_LIB"kvm_matrix_lib"
CDS_LMAN_SYM_OUTLINE"-50,0,50,-50";
"1"25;
"2"41;
%"R"
"1","(-10800,2700)","0","kvm_matrix_lib","I50";
;
VALUE"220"
$LOCATION"?"
CDS_LMAN_SYM_OUTLINE"-100,25,100,-25"
CDS_LIB"kvm_matrix_lib"
CODE"07090021";
"A"84;
"B"36;
%"GND_SIGNAL"
"1","(-11000,2650)","3","standard","I51";
;
HDL_POWER"GND_SIGNAL"
BODY_TYPE"PLUMBING"
CDS_LIB"standard";
"GND"15;
%"C"
"1","(-11450,2800)","1","kvm_matrix_lib","I52";
;
VALUE"100P"
$LOCATION"?"
CODE"08070230"
CDS_LMAN_SYM_OUTLINE"-50,0,50,-50"
CDS_LIB"kvm_matrix_lib";
"1"73;
"2"36;
%"R"
"1","(-11300,5650)","0","kvm_matrix_lib","I53";
;
VALUE"47K-1%"
$LOCATION"?"
CDS_LIB"kvm_matrix_lib"
CDS_LMAN_SYM_OUTLINE"-100,25,100,-25"
CODE"07090449";
"A"92;
"B"16;
%"R"
"1","(-11300,5450)","0","kvm_matrix_lib","I54";
;
$LOCATION"?"
VALUE"47K-1%"
CDS_LMAN_SYM_OUTLINE"-100,25,100,-25"
CDS_LIB"kvm_matrix_lib"
CODE"07090449";
"A"45;
"B"16;
%"GND_SIGNAL"
"1","(-8850,5600)","3","standard","I55";
;
CDS_LIB"standard"
HDL_POWER"GND_SIGNAL"
BODY_TYPE"PLUMBING";
"GND"16;
%"L"
"1","(-9800,6300)","0","kvm_matrix_lib","I56";
;
$LOCATION"?"
VALUE"2.7UH"
CDS_LMAN_SYM_OUTLINE"-125,50,125,0"
CDS_LIB"kvm_matrix_lib"
CODE"10031070";
"A"44;
"B"43;
%"C"
"1","(-11450,6000)","1","kvm_matrix_lib","I57";
;
VALUE"0.1U"
$LOCATION"?"
CODE"08070262"
CDS_LMAN_SYM_OUTLINE"-50,0,50,-50"
CDS_LIB"kvm_matrix_lib";
"1"91;
"2"44;
%"FDS9926A"
"1","(-10450,5800)","0","kvm_matrix_lib","I58";
;
CDS_LIB"kvm_matrix_lib"
CDS_LMAN_SYM_OUTLINE"-125,375,175,-75";
"6"44;
"5"44;
"4"92;
"3"16;
%"FDS9926A"
"2","(-10450,5350)","6","kvm_matrix_lib","I59";
;
CDS_LIB"kvm_matrix_lib"
CDS_LMAN_SYM_OUTLINE"-125,325,175,-125";
"8"89;
"7"89;
"2"45;
"1"16;
%"C"
"1","(-11500,5150)","1","kvm_matrix_lib","I60";
;
$LOCATION"?"
VALUE"0.1U"
CODE"08070262"
CDS_LMAN_SYM_OUTLINE"-50,0,50,-50"
CDS_LIB"kvm_matrix_lib";
"1"87;
"2"89;
%"L"
"1","(-9800,4900)","0","kvm_matrix_lib","I61";
;
VALUE"2.2UH"
$LOCATION"?"
CODE"10031009"
CDS_LIB"kvm_matrix_lib"
CDS_LMAN_SYM_OUTLINE"-125,50,125,0";
"A"89;
"B"90;
%"CP"
"1","(-9450,5950)","0","kvm_matrix_lib","I62";
;
VALUE"100U-6.3V"
$LOCATION"?"
CODE"98010240"
CDS_LIB"kvm_matrix_lib"
CDS_LMAN_SYM_OUTLINE"-50,0,50,-50";
"2"16;
"1"43;
%"CP"
"1","(-9450,5200)","6","kvm_matrix_lib","I63";
;
$LOCATION"?"
VALUE"22U-10V"
CODE"10081731"
CDS_LMAN_SYM_OUTLINE"-50,0,50,-50"
CDS_LIB"kvm_matrix_lib";
"2"16;
"1"90;
%"C"
"1","(-11500,4300)","1","kvm_matrix_lib","I64";
;
$LOCATION"?"
VALUE"0.1U"
CODE"08070262"
CDS_LMAN_SYM_OUTLINE"-50,0,50,-50"
CDS_LIB"kvm_matrix_lib";
"1"94;
"2"93;
%"L"
"1","(-10650,3950)","0","kvm_matrix_lib","I65";
;
$LOCATION"?"
VALUE"10UH"
CODE"10030103"
CDS_LIB"kvm_matrix_lib"
CDS_LMAN_SYM_OUTLINE"-125,50,125,0";
"A"93;
"B"63;
%"C"
"1","(-10250,4200)","0","kvm_matrix_lib","I66";
;
VALUE"10UF"
$LOCATION"?"
CDS_LMAN_SYM_OUTLINE"-50,0,50,-50"
CDS_LIB"kvm_matrix_lib"
CODE"08070391";
"1"17;
"2"63;
%"GND_SIGNAL"
"1","(-9950,4500)","3","standard","I67";
;
BODY_TYPE"PLUMBING"
HDL_POWER"GND_SIGNAL"
CDS_LIB"standard";
"GND"17;
%"C"
"1","(-11500,3300)","1","kvm_matrix_lib","I68";
;
VALUE"0.1U"
$LOCATION"?"
CDS_LIB"kvm_matrix_lib"
CDS_LMAN_SYM_OUTLINE"-50,0,50,-50"
CODE"08070262";
"1"70;
"2"74;
%"L"
"1","(-10650,2950)","0","kvm_matrix_lib","I69";
;
$LOCATION"?"
VALUE"8.2UH"
CODE"10090821"
CDS_LIB"kvm_matrix_lib"
CDS_LMAN_SYM_OUTLINE"-125,50,125,0";
"A"74;
"B"36;
%"CP"
"1","(-10250,3150)","6","kvm_matrix_lib","I70";
;
VALUE"22U-10V"
$LOCATION"?"
CDS_LIB"kvm_matrix_lib"
CDS_LMAN_SYM_OUTLINE"-50,0,50,-50"
CODE"10081731";
"2"18;
"1"36;
%"GND_SIGNAL"
"1","(-9950,3500)","3","standard","I71";
;
CDS_LIB"standard"
HDL_POWER"GND_SIGNAL"
BODY_TYPE"PLUMBING";
"GND"18;
%"C"
"1","(-11500,1700)","1","kvm_matrix_lib","I72";
;
$LOCATION"?"
VALUE"1U"
CDS_LMAN_SYM_OUTLINE"-50,0,50,-50"
CDS_LIB"kvm_matrix_lib"
CODE"98070403";
"1"32;
"2"19;
%"C"
"1","(-11500,1450)","1","kvm_matrix_lib","I73";
;
$LOCATION"?"
VALUE"1U"
CDS_LMAN_SYM_OUTLINE"-50,0,50,-50"
CDS_LIB"kvm_matrix_lib"
CODE"98070403";
"1"40;
"2"20;
%"GND_SIGNAL"
"1","(-11200,1750)","3","standard","I74";
;
BODY_TYPE"PLUMBING"
HDL_POWER"GND_SIGNAL"
CDS_LIB"standard";
"GND"19;
%"GND_SIGNAL"
"1","(-11200,1500)","3","standard","I75";
;
BODY_TYPE"PLUMBING"
HDL_POWER"GND_SIGNAL"
CDS_LIB"standard";
"GND"20;
%"GND_SIGNAL"
"1","(-12900,1050)","5","standard","I76";
;
BODY_TYPE"PLUMBING"
HDL_POWER"GND_SIGNAL"
CDS_LIB"standard";
"GND"21;
%"GND_SIGNAL"
"1","(-11400,1150)","3","standard","I77";
;
BODY_TYPE"PLUMBING"
HDL_POWER"GND_SIGNAL"
CDS_LIB"standard";
"GND"22;
%"ADP5053"
"1","(-12100,3900)","0","kvm_matrix_lib","I8";
;
CDS_LIB"kvm_matrix_lib"
CDS_LMAN_SYM_OUTLINE"-175,1225,200,-1150";
"49"22;
"48"57;
"47"64;
"46"53;
"45"81;
"44"40;
"43"75;
"42"32;
"41"76;
"40"42;
"39"69;
"38"65;
"37"51;
"36"41;
"35"41;
"34"44;
"33"44;
"32"91;
"31"92;
"30"16;
"29"45;
"28"87;
"27"89;
"26"89;
"25"96;
"24"96;
"23"58;
"22"82;
"21"88;
"20"71;
"19"21;
"18"21;
"17"21;
"16"73;
"15"68;
"14"60;
"13"21;
"12"70;
"11"18;
"10"74;
"9"55;
"8"33;
"7"38;
"6"34;
"5"56;
"4"50;
"3"93;
"2"17;
"1"94;
%"R"
"1","(-12950,6150)","0","kvm_matrix_lib","I81";
;
VALUE"47K-1%"
$LOCATION"?"
CDS_LIB"kvm_matrix_lib"
CDS_LMAN_SYM_OUTLINE"-100,25,100,-25"
CODE"07090449";
"A"98;
"B"51;
%"R"
"1","(-12950,6000)","0","kvm_matrix_lib","I83";
;
VALUE"47K-1%"
$LOCATION"?"
CDS_LIB"kvm_matrix_lib"
CDS_LMAN_SYM_OUTLINE"-100,25,100,-25"
CODE"07090449";
"A"23;
"B"51;
%"GND_SIGNAL"
"1","(-13350,6050)","5","standard","I84";
;
CDS_LIB"standard"
BODY_TYPE"PLUMBING"
HDL_POWER"GND_SIGNAL";
"GND"23;
%"R"
"1","(-13050,1500)","0","kvm_matrix_lib","I85";
;
VALUE"0"
$LOCATION"?"
CODE"07090522"
CDS_LIB"kvm_matrix_lib"
CDS_LMAN_SYM_OUTLINE"-100,25,100,-25";
"A"24;
"B"65;
%"R"
"1","(-13050,1550)","0","kvm_matrix_lib","I86";
;
VALUE"0"
$LOCATION"?"
CODE"07090522"
CDS_LMAN_SYM_OUTLINE"-100,25,100,-25"
CDS_LIB"kvm_matrix_lib";
"A"39;
"B"65;
%"GND_SIGNAL"
"1","(-13400,1550)","5","standard","I87";
;
HDL_POWER"GND_SIGNAL"
BODY_TYPE"PLUMBING"
CDS_LIB"standard";
"GND"24;
%"R"
"1","(-13050,1350)","0","kvm_matrix_lib","I88";
;
VALUE"0"
$LOCATION"?"
CODE"07090522"
CDS_LMAN_SYM_OUTLINE"-100,25,100,-25"
CDS_LIB"kvm_matrix_lib";
"A"46;
"B"64;
%"R"
"1","(-13050,1300)","0","kvm_matrix_lib","I89";
;
$LOCATION"?"
VALUE"0"
CDS_LIB"kvm_matrix_lib"
CDS_LMAN_SYM_OUTLINE"-100,25,100,-25"
CODE"07090522";
"A"26;
"B"64;
%"GND_SIGNAL"
"1","(-13150,6450)","5","standard","I9";
;
BODY_TYPE"PLUMBING"
HDL_POWER"GND_SIGNAL"
CDS_LIB"standard";
"GND"25;
%"GND_SIGNAL"
"1","(-13400,1350)","5","standard","I90";
;
CDS_LIB"standard"
HDL_POWER"GND_SIGNAL"
BODY_TYPE"PLUMBING";
"GND"26;
%"R"
"1","(-13050,1800)","0","kvm_matrix_lib","I91";
;
VALUE"0"
$LOCATION"?"
CODE"07090522"
CDS_LIB"kvm_matrix_lib"
CDS_LMAN_SYM_OUTLINE"-100,25,100,-25";
"A"37;
"B"75;
%"R"
"1","(-13050,1750)","0","kvm_matrix_lib","I92";
;
VALUE"0"
$LOCATION"?"
CDS_LIB"kvm_matrix_lib"
CDS_LMAN_SYM_OUTLINE"-100,25,100,-25"
CODE"07090522";
"A"27;
"B"75;
%"GND_SIGNAL"
"1","(-13400,1800)","5","standard","I93";
;
CDS_LIB"standard"
BODY_TYPE"PLUMBING"
HDL_POWER"GND_SIGNAL";
"GND"27;
%"R"
"1","(-13050,2050)","0","kvm_matrix_lib","I94";
;
VALUE"47K-1%"
$LOCATION"?"
CODE"07090449"
CDS_LMAN_SYM_OUTLINE"-100,25,100,-25"
CDS_LIB"kvm_matrix_lib";
"A"28;
"B"76;
%"GND_SIGNAL"
"1","(-13400,2100)","5","standard","I95";
;
HDL_POWER"GND_SIGNAL"
BODY_TYPE"PLUMBING"
CDS_LIB"standard";
"GND"28;
%"R"
"1","(-11350,2350)","0","kvm_matrix_lib","I97";
;
$LOCATION"?"
VALUE"82K"
CODE"07090347"
CDS_LIB"kvm_matrix_lib"
CDS_LMAN_SYM_OUTLINE"-100,25,100,-25";
"A"34;
"B"77;
%"R"
"1","(-11350,2250)","0","kvm_matrix_lib","I98";
;
$LOCATION"?"
VALUE"10K"
CODE"07090247"
CDS_LIB"kvm_matrix_lib"
CDS_LMAN_SYM_OUTLINE"-100,25,100,-25";
"A"34;
"B"29;
%"GND_SIGNAL"
"1","(-11000,2300)","3","standard","I99";
;
CDS_LIB"standard"
BODY_TYPE"PLUMBING"
HDL_POWER"GND_SIGNAL";
"GND"29;
END.
