FILE_TYPE = CONNECTIVITY;
{Allegro Design Entry HDL 16.6-p007 (v16-6-112F) 10/10/2012}
"PAGE_NUMBER" = 21;
0"NC";
1"GND_SIGNAL\g";
2"GND_SIGNAL\g";
3"GND_SIGNAL\g";
4"CLK_S7_74M25_HDMI";
5"V_S7_2V5_VCCO";
6"CLK_100M_DDR";
7"CLK_S7_50M_MAIN";
8"V_S7_3V3_VCCO";
9"V_S7_3V3_VCCO";
10"V_S7_3V3_VCCO";
11"CLK_100M_DDR_C";
%"GND_SIGNAL"
"1","(-5800,3800)","0","standard","I10";
;
CDS_LIB"standard"
HDL_POWER"GND_SIGNAL"
BODY_TYPE"PLUMBING";
"GND"1;
%"C"
"1","(-5050,4150)","0","kvm_matrix_lib","I11";
;
$LOCATION"?"
VALUE"0.1U"
CDS_LIB"kvm_matrix_lib"
CDS_LMAN_SYM_OUTLINE"-50,0,50,-50"
CODE"08070262";
"1"8;
"2"1;
%"GND_SIGNAL"
"1","(-5800,1950)","0","standard","I12";
;
CDS_LIB"standard"
BODY_TYPE"PLUMBING"
HDL_POWER"GND_SIGNAL";
"GND"2;
%"C"
"1","(-5050,2300)","0","kvm_matrix_lib","I13";
;
$LOCATION"?"
VALUE"0.1U"
CDS_LIB"kvm_matrix_lib"
CDS_LMAN_SYM_OUTLINE"-50,0,50,-50"
CODE"08070262";
"1"9;
"2"2;
%"OSC-4"
"1","(-5450,4350)","0","kvm_matrix_lib","I2";
;
$LOCATION"?"
VALUE"50MHZ-3.3V"
CDS_LIB"kvm_matrix_lib"
CDS_LMAN_SYM_OUTLINE"-200,150,200,-100"
CODE" 92010218";
"GND"1;
"NNC"0;
"OUT"7;
"VDD"8;
%"OSC-4"
"1","(-5450,2500)","0","kvm_matrix_lib","I3";
;
$LOCATION"?"
VALUE"74.25MHZ-3.3V"
CDS_LIB"kvm_matrix_lib"
CDS_LMAN_SYM_OUTLINE"-200,150,200,-100"
CODE"";
"GND"2;
"NNC"0;
"OUT"4;
"VDD"9;
%"OSC-4"
"1","(-6300,6100)","0","kvm_matrix_lib","I4";
;
$LOCATION"?"
VALUE"100MHZ-3.3V"
CDS_LMAN_SYM_OUTLINE"-200,150,200,-100"
CDS_LIB"kvm_matrix_lib"
CODE"";
"GND"3;
"NNC"0;
"OUT"11;
"VDD"10;
%"GND_SIGNAL"
"1","(-6650,5500)","0","standard","I5";
;
CDS_LIB"standard"
HDL_POWER"GND_SIGNAL"
BODY_TYPE"PLUMBING";
"GND"3;
%"C"
"1","(-5950,5850)","0","kvm_matrix_lib","I6";
;
$LOCATION"?"
VALUE"0.1U"
CDS_LMAN_SYM_OUTLINE"-50,0,50,-50"
CDS_LIB"kvm_matrix_lib"
CODE"08070262";
"1"10;
"2"3;
%"C"
"1","(-5100,6350)","1","kvm_matrix_lib","I7";
;
$LOCATION"?"
VALUE"0.1U"
CDS_LIB"kvm_matrix_lib"
CDS_LMAN_SYM_OUTLINE"-50,0,50,-50"
CODE"08070262";
"1"11;
"2"6;
%"R"
"1","(-4850,6600)","1","kvm_matrix_lib","I8";
;
VALUE"330"
$LOCATION"?"
CODE"07090581"
CDS_LIB"kvm_matrix_lib"
CDS_LMAN_SYM_OUTLINE"-100,25,100,-25";
"A"6;
"B"5;
%"R"
"1","(-4850,6050)","1","kvm_matrix_lib","I9";
;
$LOCATION"?"
VALUE"330"
CDS_LIB"kvm_matrix_lib"
CDS_LMAN_SYM_OUTLINE"-100,25,100,-25"
CODE"07090581";
"A"3;
"B"6;
END.
