FILE_TYPE = CONNECTIVITY;
{Allegro Design Entry HDL 16.6-p007 (v16-6-112F) 10/10/2012}
"PAGE_NUMBER" = 86;
0"NC";
1"GND_SIGNAL\g";
2"GND_SIGNAL\g";
3"GND_SIGNAL\g";
4"GND_SIGNAL\g";
5"GND_SIGNAL\g";
6"CLK_Z7_S6_DDR_N";
7"Z7_S6_DDR_LDM";
8"Z7_S6_DDR_UDM";
9"Z7_S6_DDR_UDM_R";
10"CLK_Z7_S6_DDR_N_R";
11"Z7_S6_DDR_LDM_R";
12"CLK_Z7_S6_DDR_P_R";
13"Z7_S6_DDR_CS_N_R";
14"Z7_S6_DDR_UDQS_N_R";
15"Z7_S6_DDR_DQ10_R";
16"Z7_S6_DDR_DQ13_R";
17"Z7_S6_DDR_DQ12_R";
18"Z7_S6_DDR_DQ15_R";
19"Z7_S6_DDR_DQ14_R";
20"Z7_S6_DDR_DQ11_R";
21"Z7_S6_DDR_DQ9_R";
22"Z7_S6_DDR_DQ8_R";
23"Z7_S6_DDR_A3_R";
24"Z7_S6_DDR_DQ7_R";
25"Z7_S6_DDR_ODT_R";
26"Z7_S6_DDR_DQ6_R";
27"Z7_S6_DDR_LDQS_P_R";
28"Z7_S6_DDR_LDQS_N_R";
29"Z7_S6_DDR_DQ1_R";
30"Z7_S6_DDR_DQ0_R";
31"Z7_S6_DDR_A1_R";
32"Z7_S6_DDR_A9";
33"Z7_S6_DDR_A10_R";
34"Z7_S6_DDR_DQ2";
35"Z7_S6_DDR_RAS_N";
36"Z7_S6_DDR_CAS_N";
37"Z7_S6_DDR_DQ3";
38"Z7_S6_DDR_DQ3_R";
39"Z7_S6_DDR_CAS_N_R";
40"Z7_S6_DDR_DQ2_R";
41"Z7_S6_DDR_RAS_N_R";
42"Z7_S6_DDR_A10";
43"Z7_S6_DDR_A4";
44"Z7_S6_DDR_BA1";
45"Z7_S6_DDR_BA0";
46"Z7_S6_DDR_BA0_R";
47"Z7_S6_DDR_BA1_R";
48"Z7_S6_DDR_A4_R";
49"Z7_S6_DDR_WE_N";
50"Z7_S6_DDR_A14";
51"Z7_S6_DDR_A12";
52"Z7_S6_DDR_DQ4";
53"Z7_S6_DDR_DQ4_R";
54"Z7_S6_DDR_A12_R";
55"Z7_S6_DDR_WE_N_R";
56"Z7_S6_DDR_A14_R";
57"Z7_S6_DDR_A11";
58"Z7_S6_DDR_BA2";
59"Z7_S6_DDR_A8";
60"Z7_S6_DDR_A9_R";
61"Z7_S6_DDR_A8_R";
62"Z7_S6_DDR_A11_R";
63"Z7_S6_DDR_BA2_R";
64"Z7_S6_DDR_DQ5";
65"Z7_S6_DDR_A6";
66"Z7_S6_DDR_A13";
67"Z7_S6_DDR_A5";
68"Z7_S6_DDR_A5_R";
69"Z7_S6_DDR_A13_R";
70"Z7_S6_DDR_DQ5_R";
71"Z7_S6_DDR_A6_R";
72"Z7_S6_DDR_CKE";
73"Z7_S6_DDR_A2";
74"Z7_S6_DDR_A0";
75"Z7_S6_DDR_A7";
76"Z7_S6_DDR_A2_R";
77"Z7_S6_DDR_A0_R";
78"Z7_S6_DDR_CKE_R";
79"Z7_S6_DDR_A7_R";
80"Z7_S6_DDR_ODT_R";
81"Z7_S6_DDR_LDQS_P_R";
82"Z7_S6_DDR_UDQS_P_R";
83"Z7_S6_DDR_LDQS_N_R";
84"CLK_Z7_S6_DDR_N_R";
85"CLK_Z7_S6_DDR_P_R";
86"Z7_S6_DDR_DQ14_R";
87"Z7_S6_DDR_DQ13_R";
88"Z7_S6_DDR_DQ12_R";
89"Z7_S6_DDR_DQ10_R";
90"Z7_S6_DDR_DQ8_R";
91"Z7_S6_DDR_DQ7_R";
92"Z7_S6_DDR_DQ6_R";
93"Z7_S6_DDR_DQ5_R";
94"Z7_S6_DDR_DQ4_R";
95"Z7_S6_DDR_DQ3_R";
96"Z7_S6_DDR_DQ2_R";
97"Z7_S6_DDR_DQ1_R";
98"Z7_S6_DDR_DQ0_R";
99"Z7_S6_DDR_DQ9_R";
100"Z7_S6_DDR_CS_N_R";
101"Z7_S6_DDR_CKE_R";
102"Z7_S6_DDR_WE_N_R";
103"Z7_S6_DDR_RAS_N_R";
104"Z7_S6_DDR_CAS_N_R";
105"Z7_S6_DDR_DQ15_R";
106"Z7_S6_DDR_DQ11_R";
107"V_Z7_S6_1V8_DDR";
108"Z7_S6_DDR_BA2_R";
109"Z7_S6_DDR_BA0_R";
110"Z7_S6_DDR_A14_R";
111"Z7_S6_DDR_A13_R";
112"Z7_S6_DDR_A12_R";
113"Z7_S6_DDR_A10_R";
114"Z7_S6_DDR_A9_R";
115"Z7_S6_DDR_A6_R";
116"Z7_S6_DDR_A7_R";
117"Z7_S6_DDR_A4_R";
118"Z7_S6_DDR_A5_R";
119"Z7_S6_DDR_A3_R";
120"Z7_S6_DDR_A2_R";
121"Z7_S6_DDR_A8_R";
122"Z7_S6_DDR_A11_R";
123"Z7_S6_DDR_BA1_R";
124"Z7_S6_DDR_A1_R";
125"Z7_S6_DDR_UDM_R";
126"Z7_S6_DDR_UDQS_N_R";
127"Z7_S6_DDR_CS_N";
128"Z7_S6_DDR_DQ10";
129"Z7_S6_DDR_UDQS_N";
130"CLK_Z7_S6_DDR_P";
131"Z7_S6_DDR_A3";
132"Z7_S6_DDR_DQ9";
133"Z7_S6_DDR_DQ8";
134"Z7_S6_DDR_DQ11";
135"Z7_S6_DDR_LDQS_P";
136"Z7_S6_DDR_A1";
137"Z7_S6_DDR_DQ6";
138"Z7_S6_DDR_ODT";
139"Z7_S6_DDR_DQ7";
140"Z7_S6_DDR_DQ1";
141"Z7_S6_DDR_DQ0";
142"Z7_S6_DDR_LDQS_N";
143"Z7_S6_DDR_DQ13";
144"Z7_S6_DDR_DQ12";
145"Z7_S6_DDR_DQ15";
146"Z7_S6_DDR_DQ14";
147"Z7_S6_DDR_UDQS_P_R";
148"Z7_S6_DDR_UDQS_P";
149"Z7_S6_DDR_LDM_R";
150"V_Z7_S6_1V8_DDR";
151"V_Z7_S6_0V9_DDR_VREF";
152"Z7_S6_DDR_A0_R";
153"V_Z7_S6_0V9_DDR_VREF";
154"V_Z7_S6_1V8_DDR";
155"V_Z7_1V8";
156"UN$86$HY5PS121621CFP$I44$A15";
%"R"
"1","(-8200,4550)","0","kvm_matrix_lib","I10";
;
$LOCATION"?"
VALUE"1K"
CDS_LIB"kvm_matrix_lib"
CDS_LMAN_SYM_OUTLINE"-100,25,100,-25"
CODE"07090277";
"A"1;
"B"156;
%"C"
"1","(-7450,2125)","0","kvm_matrix_lib","I11";
;
$LOCATION"?"
VALUE"0.1UF"
CDS_LIB"kvm_matrix_lib"
CDS_LMAN_SYM_OUTLINE"-50,0,50,-50"
CODE"98070502";
"1"107;
"2"4;
%"C"
"1","(-7350,2125)","0","kvm_matrix_lib","I12";
;
$LOCATION"?"
VALUE"0.1UF"
CDS_LIB"kvm_matrix_lib"
CDS_LMAN_SYM_OUTLINE"-50,0,50,-50"
CODE"98070502";
"1"107;
"2"4;
%"C"
"1","(-7250,2125)","0","kvm_matrix_lib","I13";
;
$LOCATION"?"
VALUE"0.1UF"
CDS_LIB"kvm_matrix_lib"
CDS_LMAN_SYM_OUTLINE"-50,0,50,-50"
CODE"98070502";
"1"107;
"2"4;
%"C"
"1","(-7150,2125)","0","kvm_matrix_lib","I14";
;
$LOCATION"?"
VALUE"0.1UF"
CDS_LIB"kvm_matrix_lib"
CDS_LMAN_SYM_OUTLINE"-50,0,50,-50"
CODE"98070502";
"1"107;
"2"4;
%"C"
"1","(-7050,2125)","0","kvm_matrix_lib","I15";
;
$LOCATION"?"
VALUE"0.1UF"
CDS_LIB"kvm_matrix_lib"
CDS_LMAN_SYM_OUTLINE"-50,0,50,-50"
CODE"98070502";
"1"107;
"2"4;
%"C"
"1","(-6950,2125)","0","kvm_matrix_lib","I16";
;
$LOCATION"?"
VALUE"0.1UF"
CDS_LIB"kvm_matrix_lib"
CDS_LMAN_SYM_OUTLINE"-50,0,50,-50"
CODE"98070502";
"1"107;
"2"4;
%"C"
"1","(-6850,2125)","0","kvm_matrix_lib","I17";
;
$LOCATION"?"
VALUE"0.1UF"
CDS_LIB"kvm_matrix_lib"
CDS_LMAN_SYM_OUTLINE"-50,0,50,-50"
CODE"98070502";
"1"107;
"2"4;
%"C"
"1","(-6750,2125)","0","kvm_matrix_lib","I18";
;
$LOCATION"?"
VALUE"0.1UF"
CDS_LIB"kvm_matrix_lib"
CDS_LMAN_SYM_OUTLINE"-50,0,50,-50"
CODE"98070502";
"1"107;
"2"4;
%"C"
"1","(-6650,2125)","0","kvm_matrix_lib","I19";
;
$LOCATION"?"
VALUE"0.1UF"
CDS_LIB"kvm_matrix_lib"
CDS_LMAN_SYM_OUTLINE"-50,0,50,-50"
CODE"98070502";
"1"107;
"2"4;
%"R"
"1","(-8500,2300)","0","kvm_matrix_lib","I2";
;
$LOCATION"?"
VALUE"0.025"
CDS_LIB"kvm_matrix_lib"
CDS_LMAN_SYM_OUTLINE"-100,25,100,-25"
CODE"97090143";
"A"155;
"B"107;
%"C"
"1","(-6550,2125)","0","kvm_matrix_lib","I20";
;
VALUE"0.1UF"
$LOCATION"?"
CDS_LIB"kvm_matrix_lib"
CDS_LMAN_SYM_OUTLINE"-50,0,50,-50"
CODE"98070502";
"1"107;
"2"4;
%"C"
"1","(-6450,2125)","0","kvm_matrix_lib","I24";
;
VALUE"0.1UF"
$LOCATION"?"
CDS_LIB"kvm_matrix_lib"
CDS_LMAN_SYM_OUTLINE"-50,0,50,-50"
CODE"98070502";
"1"107;
"2"4;
%"CP"
"1","(-6325,2125)","0","kvm_matrix_lib","I25";
;
$LOCATION"?"
VALUE"10U-16V"
CDS_LIB"kvm_matrix_lib"
CDS_LMAN_SYM_OUTLINE"-50,0,50,-50"
CODE"08020059";
"2"4;
"1"107;
%"C"
"1","(-6200,2125)","0","kvm_matrix_lib","I26";
;
$LOCATION"?"
VALUE"10UF"
CDS_LIB"kvm_matrix_lib"
CDS_LMAN_SYM_OUTLINE"-50,0,50,-50"
CODE"98070517";
"1"107;
"2"4;
%"C"
"1","(-6075,2125)","0","kvm_matrix_lib","I27";
;
$LOCATION"?"
VALUE"10UF"
CDS_LIB"kvm_matrix_lib"
CDS_LMAN_SYM_OUTLINE"-50,0,50,-50"
CODE"98070517";
"1"107;
"2"4;
%"C"
"1","(-7950,2125)","0","kvm_matrix_lib","I3";
;
$LOCATION"?"
VALUE"0.1UF"
CDS_LIB"kvm_matrix_lib"
CDS_LMAN_SYM_OUTLINE"-50,0,50,-50"
CODE"98070502";
"1"107;
"2"4;
%"R"
"1","(-2425,3350)","0","kvm_matrix_lib","I34";
;
VALUE"22"
$LOCATION"?"
CODE"07090265"
CDS_LMAN_SYM_OUTLINE"-100,25,100,-25"
CDS_LIB"kvm_matrix_lib";
"A"9;
"B"8;
%"R"
"1","(-2425,3400)","0","kvm_matrix_lib","I35";
;
VALUE"22"
$LOCATION"?"
CODE"07090265"
CDS_LMAN_SYM_OUTLINE"-100,25,100,-25"
CDS_LIB"kvm_matrix_lib";
"A"11;
"B"7;
%"R"
"1","(-2425,3500)","0","kvm_matrix_lib","I36";
;
VALUE"22"
$LOCATION"?"
CODE"07090265"
CDS_LMAN_SYM_OUTLINE"-100,25,100,-25"
CDS_LIB"kvm_matrix_lib";
"A"10;
"B"6;
%"R"
"1","(-2425,3550)","0","kvm_matrix_lib","I37";
;
VALUE"22"
$LOCATION"?"
CODE"07090265"
CDS_LMAN_SYM_OUTLINE"-100,25,100,-25"
CDS_LIB"kvm_matrix_lib";
"A"12;
"B"130;
%"C"
"1","(-7850,2125)","0","kvm_matrix_lib","I4";
;
$LOCATION"?"
VALUE"0.1UF"
CDS_LIB"kvm_matrix_lib"
CDS_LMAN_SYM_OUTLINE"-50,0,50,-50"
CODE"98070502";
"1"107;
"2"4;
%"RN"
"2","(-2600,6150)","0","kvm_matrix_lib","I41";
;
$LOCATION"?"
VALUE"22X4"
CDS_LMAN_SYM_OUTLINE"-25,150,175,-100"
CDS_LIB"kvm_matrix_lib"
CODE"97080127"
HAS_FIXED_SIZE"4B";
"A<0>"30;
"A<1>"29;
"A<3>"27;
"A<2>"28;
"B<0>"141;
"B<3>"135;
"B<2>"142;
"B<1>"140;
%"RN"
"2","(-4850,6100)","0","kvm_matrix_lib","I42";
;
VALUE"22X4"
$LOCATION"?"
CDS_LMAN_SYM_OUTLINE"-25,150,175,-100"
CDS_LIB"kvm_matrix_lib"
HAS_FIXED_SIZE"4B"
CODE"97080127";
"A<0>"76;
"A<1>"77;
"A<3>"78;
"A<2>"79;
"B<0>"73;
"B<3>"72;
"B<2>"75;
"B<1>"74;
%"HY5PS121621CFP"
"1","(-7650,4600)","0","kvm_matrix_lib","I44";
;
VALUE"HY5PS12621CFP"
$LOCATION"?"
CDS_LIB"kvm_matrix_lib"
CDS_LMAN_SYM_OUTLINE"-150,1875,450,-1200";
"A5"118;
"UDM"125;
"ODT"80;
"LDQS"81;
"LDM"149;
"UDQS"82;
"LDQS* \B"83;
"UDQS* \B"126;
"CK* \B"84;
"CK"85;
"DQ15"105;
"DQ14"86;
"DQ13"87;
"DQ11"106;
"DQ12"88;
"DQ10"89;
"DQ9"99;
"DQ8"90;
"DQ6"92;
"DQ7"91;
"DQ5"93;
"DQ4"94;
"DQ3"95;
"DQ1"97;
"DQ2"96;
"DQ0"98;
"CS* \B"100;
"RAS* \B"103;
"CKE"101;
"WE* \B"102;
"CAS* \B"104;
"NC1"0;
"NC2"0;
"VSSDL"3;
"VSSQ<0>"3;
"VSSQ<1>"3;
"VSSQ<2>"3;
"VSSQ<4>"3;
"VSSQ<3>"3;
"VSSQ<5>"3;
"VSSQ<6>"3;
"VSSQ<7>"3;
"VSSQ<9>"3;
"VSSQ<8>"3;
"VSS<0>"3;
"VSS<1>"3;
"VSS<2>"3;
"VSS<3>"3;
"VSS<4>"3;
"BA2"108;
"BA1"123;
"A15"156;
"BA0"109;
"A13"111;
"A14"110;
"A12"112;
"A11"122;
"A10"113;
"A8"121;
"A9"114;
"A7"116;
"A6"115;
"A3"119;
"A4"117;
"A2"120;
"A0"152;
"A1"124;
"VDDL"150;
"VDDQ<1>"150;
"VDDQ<0>"150;
"VDDQ<2>"150;
"VDDQ<3>"150;
"VDDQ<4>"150;
"VDDQ<6>"150;
"VDDQ<5>"150;
"VDDQ<7>"150;
"VDDQ<8>"150;
"VDDQ<9>"150;
"VDD<0>"150;
"VDD<1>"150;
"VDD<2>"150;
"VDD<3>"150;
"VDD<4>"150;
"VREF"153;
%"C"
"1","(-8700,800)","1","kvm_matrix_lib","I45";
;
$LOCATION"?"
VALUE"0.1U"
CDS_LIB"kvm_matrix_lib"
CDS_LMAN_SYM_OUTLINE"-50,0,50,-50"
CODE"08070262";
"1"5;
"2"151;
%"R"
"1","(-8650,950)","0","kvm_matrix_lib","I46";
;
$LOCATION"?"
VALUE"10K-1%"
CDS_LMAN_SYM_OUTLINE"-100,25,100,-25"
CDS_LIB"kvm_matrix_lib"
CODE"97090157";
"A"5;
"B"151;
%"R"
"1","(-7050,950)","0","kvm_matrix_lib","I47";
;
$LOCATION"?"
VALUE"10K-1%"
CDS_LIB"kvm_matrix_lib"
CDS_LMAN_SYM_OUTLINE"-100,25,100,-25"
CODE"97090157";
"A"151;
"B"154;
%"C"
"1","(-7100,800)","1","kvm_matrix_lib","I48";
;
$LOCATION"?"
VALUE"0.1U"
CDS_LIB"kvm_matrix_lib"
CDS_LMAN_SYM_OUTLINE"-50,0,50,-50"
CODE"08070262";
"1"151;
"2"154;
%"GND_SIGNAL"
"1","(-9300,750)","7","standard","I49";
;
HDL_POWER"GND_SIGNAL"
BODY_TYPE"PLUMBING"
CDS_LIB"standard";
"GND"5;
%"C"
"1","(-7750,2125)","0","kvm_matrix_lib","I5";
;
$LOCATION"?"
VALUE"0.1UF"
CDS_LIB"kvm_matrix_lib"
CDS_LMAN_SYM_OUTLINE"-50,0,50,-50"
CODE"98070502";
"1"107;
"2"4;
%"GND_SIGNAL"
"1","(-8000,1700)","0","standard","I50";
;
CDS_LIB"standard"
HDL_POWER"GND_SIGNAL"
BODY_TYPE"PLUMBING";
"GND"4;
%"TP"
"1","(-7250,1150)","2","kvm_matrix_lib","I51";
;
VALUE"TP_SMD"
$LOCATION"?"
CDS_LMAN_SYM_OUTLINE"-150,75,50,-75"
CDS_LIB"kvm_matrix_lib";
"P \B"151;
%"GND_SIGNAL"
"1","(-8050,3300)","0","standard","I52";
;
CDS_LIB"standard"
BODY_TYPE"PLUMBING"
HDL_POWER"GND_SIGNAL";
"GND"3;
%"GND_SIGNAL"
"1","(-8500,6600)","7","standard","I53";
;
HDL_POWER"GND_SIGNAL"
BODY_TYPE"PLUMBING"
CDS_LIB"standard";
"GND"2;
%"C"
"1","(-8250,6650)","1","kvm_matrix_lib","I54";
;
$LOCATION"?"
VALUE"0.1U"
CODE"08070262"
CDS_LIB"kvm_matrix_lib"
CDS_LMAN_SYM_OUTLINE"-50,0,50,-50";
"1"2;
"2"153;
%"GND_SIGNAL"
"1","(-8550,4500)","7","standard","I55";
;
BODY_TYPE"PLUMBING"
HDL_POWER"GND_SIGNAL"
CDS_LIB"standard";
"GND"1;
%"RN"
"2","(-4850,5700)","0","kvm_matrix_lib","I56";
;
CODE"97080127"
HAS_FIXED_SIZE"4B"
CDS_LIB"kvm_matrix_lib"
CDS_LMAN_SYM_OUTLINE"-25,150,175,-100"
$LOCATION"?"
VALUE"22X4";
"A<0>"68;
"A<1>"69;
"A<3>"70;
"A<2>"71;
"B<0>"67;
"B<3>"64;
"B<2>"65;
"B<1>"66;
%"RN"
"2","(-4850,5300)","0","kvm_matrix_lib","I57";
;
CDS_LIB"kvm_matrix_lib"
CDS_LMAN_SYM_OUTLINE"-25,150,175,-100"
HAS_FIXED_SIZE"4B"
CODE"97080127"
$LOCATION"?"
VALUE"22X4";
"A<0>"60;
"A<1>"61;
"A<3>"62;
"A<2>"63;
"B<0>"32;
"B<3>"57;
"B<2>"58;
"B<1>"59;
%"RN"
"2","(-4850,4900)","0","kvm_matrix_lib","I58";
;
CDS_LIB"kvm_matrix_lib"
CDS_LMAN_SYM_OUTLINE"-25,150,175,-100"
HAS_FIXED_SIZE"4B"
CODE"97080127"
$LOCATION"?"
VALUE"22X4";
"A<0>"53;
"A<1>"54;
"A<3>"55;
"A<2>"56;
"B<0>"52;
"B<3>"49;
"B<2>"50;
"B<1>"51;
%"RN"
"2","(-4850,4050)","0","kvm_matrix_lib","I59";
;
CDS_LIB"kvm_matrix_lib"
CDS_LMAN_SYM_OUTLINE"-25,150,175,-100"
CODE"97080127"
HAS_FIXED_SIZE"4B"
$LOCATION"?"
VALUE"22X4";
"A<0>"38;
"A<1>"39;
"A<3>"40;
"A<2>"41;
"B<0>"37;
"B<3>"34;
"B<2>"35;
"B<1>"36;
%"C"
"1","(-7650,2125)","0","kvm_matrix_lib","I6";
;
$LOCATION"?"
VALUE"0.1UF"
CDS_LIB"kvm_matrix_lib"
CDS_LMAN_SYM_OUTLINE"-50,0,50,-50"
CODE"98070502";
"1"107;
"2"4;
%"RN"
"2","(-4850,4450)","0","kvm_matrix_lib","I60";
;
CDS_LIB"kvm_matrix_lib"
CDS_LMAN_SYM_OUTLINE"-25,150,175,-100"
CODE"97080127"
HAS_FIXED_SIZE"4B"
$LOCATION"?"
VALUE"22X4";
"A<0>"46;
"A<1>"47;
"A<3>"33;
"A<2>"48;
"B<0>"45;
"B<3>"42;
"B<2>"43;
"B<1>"44;
%"RN"
"2","(-2600,5700)","0","kvm_matrix_lib","I61";
;
$LOCATION"?"
VALUE"22X4"
CDS_LMAN_SYM_OUTLINE"-25,150,175,-100"
CDS_LIB"kvm_matrix_lib"
CODE"97080127"
HAS_FIXED_SIZE"4B";
"A<0>"31;
"A<1>"26;
"A<3>"24;
"A<2>"25;
"B<0>"136;
"B<3>"139;
"B<2>"138;
"B<1>"137;
%"RN"
"2","(-2600,4800)","0","kvm_matrix_lib","I62";
;
$LOCATION"?"
VALUE"22X4"
CDS_LMAN_SYM_OUTLINE"-25,150,175,-100"
CDS_LIB"kvm_matrix_lib"
CODE"97080127"
HAS_FIXED_SIZE"4B";
"A<0>"19;
"A<1>"18;
"A<3>"16;
"A<2>"17;
"B<0>"146;
"B<3>"143;
"B<2>"144;
"B<1>"145;
%"RN"
"2","(-2600,5250)","0","kvm_matrix_lib","I63";
;
VALUE"22X4"
$LOCATION"?"
HAS_FIXED_SIZE"4B"
CODE"97080127"
CDS_LMAN_SYM_OUTLINE"-25,150,175,-100"
CDS_LIB"kvm_matrix_lib";
"A<0>"23;
"A<1>"21;
"A<3>"20;
"A<2>"22;
"B<0>"131;
"B<3>"134;
"B<2>"133;
"B<1>"132;
%"RN"
"2","(-2600,4300)","0","kvm_matrix_lib","I64";
;
VALUE"22X4"
$LOCATION"?"
HAS_FIXED_SIZE"4B"
CODE"97080127"
CDS_LMAN_SYM_OUTLINE"-25,150,175,-100"
CDS_LIB"kvm_matrix_lib";
"A<0>"147;
"A<1>"14;
"A<3>"13;
"A<2>"15;
"B<0>"148;
"B<3>"127;
"B<2>"128;
"B<1>"129;
%"C"
"1","(-7550,2125)","0","kvm_matrix_lib","I7";
;
VALUE"0.1UF"
$LOCATION"?"
CDS_LIB"kvm_matrix_lib"
CDS_LMAN_SYM_OUTLINE"-50,0,50,-50"
CODE"98070502";
"1"107;
"2"4;
END.
