FILE_TYPE = CONNECTIVITY;
{Allegro Design Entry HDL 16.6-p007 (v16-6-112F) 10/10/2012}
"PAGE_NUMBER" = 95;
0"NC";
1"GND_SIGNAL\g";
2"GND_SIGNAL\g";
3"GND_SIGNAL\g";
4"GND_SIGNAL\g";
5"GND_SIGNAL\g";
6"GND_SIGNAL\g";
7"V_Z7_PS_3V3_VCCO";
8"Z7_PS_MIO4_MODE2_QSPI_DQ2";
9"Z7_PS_MIO3_MODE1_QSPI_DQ1";
10"Z7_PS_MIO5_MODE0_QSPI_DQ3";
11"Z7_PS_MIO2_MODE3_QSPI_DQ0";
12"Z7_PS_MIO4_MODE2_QSPI_DQ2_R";
13"Z7_PS_MIO3_MODE1_QSPI_DQ1_R";
14"Z7_PS_MIO5_MODE0_QSPI_DQ3_R";
15"Z7_PS_MIO2_MODE3_QSPI_DQ0_R";
16"V_Z7_PS_2V5_VCCO";
17"Z7_PS_MIO1_QSPI_CS";
18"V_Z7_PS_2V5_VCCO";
19"Z7_PS_MIO1_QSPI_CS_R";
20"Z7_PS_MIO6_MODE4_QSPI_SCK";
21"Z7_PS_MIO1_QSPI_CS";
22"Z7_PS_MIO6_MODE4_QSPI_SCK_R";
23"V_Z7_PS_3V3_VCCO";
24"Z7_PS_MIO_VREF";
25"Z7_PS_MIO8_VCFG1";
26"Z7_PS_MIO7_VCFG0";
27"Z7_PS_MIO6_MODE4_QSPI_SCK";
28"Z7_PS_MIO5_MODE0_QSPI_DQ3";
29"Z7_PS_MIO4_MODE2_QSPI_DQ2";
30"Z7_PS_MIO2_MODE3_QSPI_DQ0";
31"Z7_PS_MIO3_MODE1_QSPI_DQ1";
32"V_Z7_PS_3V3_VCCO";
33"V_Z7_PS_2V5_VCCO";
34"Z7_PS_SRST_B";
35"Z7_PG_LED";
36"Z7_PS_POR_B";
37"Z7_PS_MIO1_QSPI_CS";
38"Z7_PS_MIO2_MODE3_QSPI_DQ0";
39"Z7_PS_MIO3_MODE1_QSPI_DQ1";
40"Z7_PS_MIO4_MODE2_QSPI_DQ2";
41"Z7_PS_MIO5_MODE0_QSPI_DQ3";
42"Z7_PS_MIO6_MODE4_QSPI_SCK";
43"Z7_PS_MIO7_VCFG0";
44"Z7_PS_MIO8_VCFG1";
45"Z7_PS_EMMC_DATA0";
46"Z7_PS_EMMC_CMD";
47"Z7_PS_EMMC_CLK";
48"Z7_PS_EMMC_DATA1";
49"Z7_PS_88E_MDIO";
50"Z7_S6_PS_DATA15";
51"Z7_S6_PS_DATA13";
52"Z7_S6_PS_DATA11";
53"Z7_S6_PS_DATA9";
54"Z7_S6_PS_DATA8";
55"Z7_S6_PS_DATA6";
56"Z7_S6_PS_DATA4";
57"Z7_S6_PS_DATA2";
58"Z7_S6_PS_DATA0";
59"Z7_PS_88E_RXD3";
60"Z7_PS_88E_RXD1";
61"Z7_PS_88E_RX_CLK";
62"Z7_PS_88E_TXD3";
63"Z7_PS_88E_TXD1";
64"Z7_PS_88E_GTX_CLK";
65"Z7_PS_EMMC_DATA2";
66"Z7_PS_SRST_B";
67"Z7_PS_88E_MDC";
68"Z7_S6_PS_DATA14";
69"Z7_S6_PS_DATA12";
70"Z7_S6_PS_DATA10";
71"Z7_S6_PS_DATA7";
72"Z7_S6_PS_DATA5";
73"Z7_S6_PS_DATA3";
74"Z7_S6_PS_DATA1";
75"Z7_PS_88E_DV";
76"Z7_PS_88E_RXD2";
77"Z7_PS_88E_RXD0";
78"Z7_PS_88E_TX_EN";
79"Z7_PS_88E_TXD2";
80"Z7_PS_88E_TXD0";
81"Z7_PS_EMMC_DATA3";
82"Z7_PS_MIO_VREF";
83"CLK_Z7_PS_50M_MAIN";
%"XC7Z015_1CLG485C"
"6","(-6000,5900)","0","kvm_matrix_lib","I1";
;
CDS_LIB"kvm_matrix_lib"
CDS_LMAN_SYM_OUTLINE"-125,1450,1025,-100"
VALUE"XC7Z015_1CLG485C";
"G17"0;
"A22"37;
"A21"38;
"F17"39;
"E19"40;
"A20"41;
"A19"42;
"D18"43;
"E18"44;
"C19"0;
"G16"45;
"B19"46;
"C18"47;
"A17"48;
"C11"49;
"C13"0;
"C9"0;
"B13"0;
"B14"0;
"B12"50;
"C15"51;
"C10"52;
"B9"53;
"A14"54;
"B11"55;
"C16"56;
"A12"57;
"A11"58;
"A10"59;
"B16"60;
"A9"61;
"A15"62;
"A16"63;
"D17"64;
"B17"65;
"C14"66;
"D13"67;
"D10"0;
"D12"0;
"D11"0;
"E10"0;
"D15"68;
"E9"69;
"F10"70;
"F9"71;
"G11"72;
"F14"73;
"E15"74;
"D16"75;
"F11"76;
"E12"77;
"F12"78;
"E13"79;
"E14"80;
"E17"81;
"B18"36;
"F15"82;
"F16"83;
%"GND_SIGNAL"
"1","(-7450,5500)","1","standard","I10";
;
HDL_POWER"GND_SIGNAL"
BODY_TYPE"PLUMBING"
CDS_LIB"standard";
"GND"6;
%"RESETKEY"
"1","(-8150,5600)","0","kvm_matrix_lib","I11";
;
VALUE"RESET-SMT"
$LOCATION"?"
CODE"16100017"
CDS_LMAN_SYM_OUTLINE"200,50,450,-100"
CDS_LIB"kvm_matrix_lib";
"B2"0;
"B1"6;
"A1"0;
"A2"34;
%"R"
"1","(-5050,1400)","1","kvm_matrix_lib","I12";
;
CODE"97090138"
CDS_LIB"kvm_matrix_lib"
CDS_LMAN_SYM_OUTLINE"-100,25,100,-25"
VALUE"20K"
$LOCATION"?";
"A"5;
"B"25;
%"R"
"1","(-5050,2050)","1","kvm_matrix_lib","I13";
;
CODE"97090138"
CDS_LMAN_SYM_OUTLINE"-100,25,100,-25"
CDS_LIB"kvm_matrix_lib"
VALUE"20K"
$LOCATION"?";
"A"25;
"B"18;
%"GND_SIGNAL"
"1","(-5100,1000)","0","standard","I14";
;
HDL_POWER"GND_SIGNAL"
BODY_TYPE"PLUMBING"
CDS_LIB"standard";
"GND"5;
%"R"
"1","(-4900,2050)","1","kvm_matrix_lib","I15";
;
CODE"97090138"
CDS_LMAN_SYM_OUTLINE"-100,25,100,-25"
CDS_LIB"kvm_matrix_lib"
$LOCATION"?"
VALUE"20K";
"A"26;
"B"18;
%"R"
"1","(-4900,1400)","1","kvm_matrix_lib","I16";
;
CODE"97090138"
CDS_LMAN_SYM_OUTLINE"-100,25,100,-25"
CDS_LIB"kvm_matrix_lib"
VALUE"20K"
$LOCATION"?";
"A"5;
"B"26;
%"R"
"1","(-8350,7200)","0","kvm_matrix_lib","I2";
;
CODE"07090522"
CDS_LIB"kvm_matrix_lib"
CDS_LMAN_SYM_OUTLINE"-100,25,100,-25"
$LOCATION"?"
VALUE"0";
"A"35;
"B"36;
%"R"
"1","(-9900,3400)","1","kvm_matrix_lib","I23";
;
CDS_LIB"kvm_matrix_lib"
CDS_LMAN_SYM_OUTLINE"-100,25,100,-25"
CODE"97090138"
$LOCATION"?"
VALUE"20K";
"A"29;
"B"32;
%"R"
"1","(-9800,3400)","1","kvm_matrix_lib","I24";
;
CDS_LIB"kvm_matrix_lib"
CDS_LMAN_SYM_OUTLINE"-100,25,100,-25"
CODE"97090138"
$LOCATION"?"
VALUE"20K";
"A"31;
"B"32;
%"R"
"1","(-9700,3400)","1","kvm_matrix_lib","I25";
;
CDS_LIB"kvm_matrix_lib"
CDS_LMAN_SYM_OUTLINE"-100,25,100,-25"
CODE"97090138"
$LOCATION"?"
VALUE"20K";
"A"30;
"B"32;
%"R"
"1","(-10100,3400)","1","kvm_matrix_lib","I26";
;
CDS_LIB"kvm_matrix_lib"
CDS_LMAN_SYM_OUTLINE"-100,25,100,-25"
CODE"97090138"
$LOCATION"?"
VALUE"20K";
"A"27;
"B"32;
%"R"
"1","(-10000,3400)","1","kvm_matrix_lib","I27";
;
CDS_LIB"kvm_matrix_lib"
CDS_LMAN_SYM_OUTLINE"-100,25,100,-25"
CODE"97090138"
$LOCATION"?"
VALUE"20K";
"A"28;
"B"32;
%"C"
"1","(-6650,1450)","2","kvm_matrix_lib","I3";
;
CODE"98070403"
CDS_LMAN_SYM_OUTLINE"-50,0,50,-50"
CDS_LIB"kvm_matrix_lib"
VALUE"1U"
$LOCATION"?";
"1"24;
"2"1;
%"HEAD2X5"
"1","(-8100,2950)","0","kvm_matrix_lib","I33";
;
CODE"14050183"
CDS_LIB"kvm_matrix_lib"
CDS_LMAN_SYM_OUTLINE"-150,300,150,-300"
$LOCATION"?"
VALUE"HEAD2X5";
"P2"4;
"P4"4;
"P6"4;
"P10"4;
"P8"4;
"P1"27;
"P3"28;
"P5"29;
"P9"30;
"P7"31;
%"GND_SIGNAL"
"1","(-7850,2500)","0","standard","I34";
;
CDS_LIB"standard"
HDL_POWER"GND_SIGNAL"
BODY_TYPE"PLUMBING";
"GND"4;
%"R"
"1","(-3750,3250)","2","kvm_matrix_lib","I35";
;
CDS_LIB"kvm_matrix_lib"
CDS_LMAN_SYM_OUTLINE"-100,25,100,-25"
CODE"07090246"
VALUE"4.7K"
$LOCATION"?";
"A"23;
"B"17;
%"R"
"1","(-5650,4150)","0","kvm_matrix_lib","I36";
;
CDS_LIB"kvm_matrix_lib"
CDS_LMAN_SYM_OUTLINE"-100,25,100,-25"
CODE"07090522"
$LOCATION"?"
VALUE"0";
"A"11;
"B"15;
%"R"
"1","(-5650,4250)","0","kvm_matrix_lib","I37";
;
CDS_LIB"kvm_matrix_lib"
CDS_LMAN_SYM_OUTLINE"-100,25,100,-25"
CODE"07090522"
$LOCATION"?"
VALUE"0";
"A"9;
"B"13;
%"R"
"1","(-5650,4350)","0","kvm_matrix_lib","I38";
;
CDS_LIB"kvm_matrix_lib"
CDS_LMAN_SYM_OUTLINE"-100,25,100,-25"
CODE"07090522"
$LOCATION"?"
VALUE"0";
"A"8;
"B"12;
%"R"
"1","(-5650,4450)","0","kvm_matrix_lib","I39";
;
CDS_LIB"kvm_matrix_lib"
CDS_LMAN_SYM_OUTLINE"-100,25,100,-25"
CODE"07090522"
$LOCATION"?"
VALUE"0";
"A"10;
"B"14;
%"C"
"1","(-6450,1450)","0","kvm_matrix_lib","I4";
;
CODE"08070247"
CDS_LMAN_SYM_OUTLINE"-50,0,50,-50"
CDS_LIB"kvm_matrix_lib"
VALUE"0.01U"
$LOCATION"?";
"1"24;
"2"1;
%"C"
"1","(-3250,4600)","1","kvm_matrix_lib","I40";
;
CDS_LIB"kvm_matrix_lib"
CDS_LMAN_SYM_OUTLINE"-50,0,50,-50"
CODE"08070262"
$LOCATION"?"
VALUE"0.1U";
"1"7;
"2"3;
%"R"
"1","(-2050,4050)","0","kvm_matrix_lib","I41";
;
VALUE"0"
$LOCATION"?"
CODE"07090522"
CDS_LMAN_SYM_OUTLINE"-100,25,100,-25"
CDS_LIB"kvm_matrix_lib";
"A"19;
"B"21;
%"R"
"1","(-2050,4150)","0","kvm_matrix_lib","I42";
;
VALUE"0"
$LOCATION"?"
CODE"07090522"
CDS_LMAN_SYM_OUTLINE"-100,25,100,-25"
CDS_LIB"kvm_matrix_lib";
"A"22;
"B"20;
%"GND_SIGNAL"
"1","(-2900,4550)","1","standard","I43";
;
CDS_LIB"standard"
BODY_TYPE"PLUMBING"
HDL_POWER"GND_SIGNAL";
"GND"3;
%"GND_SIGNAL"
"1","(-3200,3800)","1","standard","I44";
;
CDS_LIB"standard"
HDL_POWER"GND_SIGNAL"
BODY_TYPE"PLUMBING";
"GND"2;
%"S25FL128SAGMF"
"1","(-3850,4100)","0","kvm_matrix_lib","I45";
;
CDS_LIB"kvm_matrix_lib"
CDS_LMAN_SYM_OUTLINE"-125,400,275,-575";
"16"22;
"15"15;
"14"7;
"13"0;
"12"0;
"11"0;
"10"2;
"9"12;
"8"13;
"7"19;
"6"0;
"5"0;
"4"0;
"3"0;
"2"7;
"1"14;
%"GND_SIGNAL"
"1","(-6250,1000)","0","standard","I5";
;
HDL_POWER"GND_SIGNAL"
BODY_TYPE"PLUMBING"
CDS_LIB"standard";
"GND"1;
%"R"
"1","(-6200,1400)","1","kvm_matrix_lib","I6";
;
CODE"97090157"
CDS_LIB"kvm_matrix_lib"
CDS_LMAN_SYM_OUTLINE"-100,25,100,-25"
VALUE"10K-1%"
$LOCATION"?";
"A"1;
"B"24;
%"C"
"1","(-6450,2050)","0","kvm_matrix_lib","I7";
;
CODE"08070247"
CDS_LMAN_SYM_OUTLINE"-50,0,50,-50"
CDS_LIB"kvm_matrix_lib"
VALUE"0.01U"
$LOCATION"?";
"1"16;
"2"24;
%"R"
"1","(-6200,2000)","1","kvm_matrix_lib","I8";
;
CODE"97090157"
CDS_LIB"kvm_matrix_lib"
CDS_LMAN_SYM_OUTLINE"-100,25,100,-25"
VALUE"10K-1%"
$LOCATION"?";
"A"24;
"B"16;
%"R"
"1","(-7850,5850)","2","kvm_matrix_lib","I9";
;
$LOCATION"?"
VALUE"4.7K"
CODE"07090246"
CDS_LMAN_SYM_OUTLINE"-100,25,100,-25"
CDS_LIB"kvm_matrix_lib";
"A"33;
"B"34;
END.
