FILE_TYPE = CONNECTIVITY;
{Allegro Design Entry HDL 16.6-p007 (v16-6-112F) 10/10/2012}
"PAGE_NUMBER" = 30;
0"NC";
1"GND_SIGNAL\g";
2"GND_SIGNAL\g";
3"GND_SIGNAL\g";
4"GND_SIGNAL\g";
5"GND_SIGNAL\g";
6"GND_SIGNAL\g";
7"GND_SIGNAL\g";
8"GND_SIGNAL\g";
9"GND_SIGNAL\g";
10"UN$30$R$I21$B";
11"UN$30$R$I21$A";
12"V_A7_5V0_IN";
13"UN$30$R$I32$B";
14"UN$30$R$I19$B";
15"UN$30$TPSM84824$I1$16";
16"UN$30$C$I30$2";
17"UN$30$R$I26$B";
18"V_A7_1V0_VCCINT_R";
19"V_A7_1V0_VCCINT";
20"A7_1V0_VCCINT_PG";
21"V_A7_5V0_IN";
22"UN$30$R$I24$A";
%"TPSM84824"
"1","(-6700,5350)","0","kvm_matrix_lib","I1";
;
CDS_LIB"kvm_matrix_lib"
CDS_LMAN_SYM_OUTLINE"-125,600,325,-1100";
"24"11;
"23"3;
"22"12;
"21"7;
"20"7;
"19"7;
"18"7;
"17"15;
"16"15;
"15"7;
"14"7;
"13"7;
"12"7;
"11"12;
"10"13;
"9"3;
"8"18;
"7"20;
"6"16;
"5"14;
"4"0;
"3"3;
"2"22;
"1"18;
%"CP"
"1","(-3900,5450)","0","kvm_matrix_lib","I10";
;
VALUE"100U-6.3V"
$LOCATION"?"
CDS_LIB"kvm_matrix_lib"
CDS_LMAN_SYM_OUTLINE"-50,0,50,-50"
CODE"98010240";
"2"8;
"1"18;
%"GND_SIGNAL"
"1","(-4150,4900)","0","standard","I11";
;
HDL_POWER"GND_SIGNAL"
BODY_TYPE"PLUMBING"
CDS_LIB"standard";
"GND"8;
%"R"
"1","(-3500,6200)","0","kvm_matrix_lib","I12";
;
$LOCATION"?"
VALUE"0.27"
CDS_LIB"kvm_matrix_lib"
CDS_LMAN_SYM_OUTLINE"-100,25,100,-25"
CODE"07090922";
"A"18;
"B"19;
%"R"
"1","(-3500,6100)","0","kvm_matrix_lib","I13";
;
$LOCATION"?"
VALUE"0.27"
CDS_LIB"kvm_matrix_lib"
CDS_LMAN_SYM_OUTLINE"-100,25,100,-25"
CODE"07090922";
"A"18;
"B"19;
%"R"
"1","(-3500,6150)","0","kvm_matrix_lib","I14";
;
$LOCATION"?"
VALUE"0.27"
CDS_LIB"kvm_matrix_lib"
CDS_LMAN_SYM_OUTLINE"-100,25,100,-25"
CODE"07090922";
"A"18;
"B"19;
%"R"
"1","(-3500,5900)","0","kvm_matrix_lib","I15";
;
$LOCATION"?"
VALUE"0.27"
CDS_LIB"kvm_matrix_lib"
CDS_LMAN_SYM_OUTLINE"-100,25,100,-25"
CODE"07090922";
"A"18;
"B"19;
%"R"
"1","(-3500,5950)","0","kvm_matrix_lib","I16";
;
$LOCATION"?"
VALUE"0.27"
CDS_LIB"kvm_matrix_lib"
CDS_LMAN_SYM_OUTLINE"-100,25,100,-25"
CODE"07090922";
"A"18;
"B"19;
%"R"
"1","(-3500,6000)","0","kvm_matrix_lib","I17";
;
$LOCATION"?"
VALUE"0.27"
CDS_LIB"kvm_matrix_lib"
CDS_LMAN_SYM_OUTLINE"-100,25,100,-25"
CODE"07090922";
"A"18;
"B"19;
%"R"
"1","(-3500,6050)","0","kvm_matrix_lib","I18";
;
$LOCATION"?"
VALUE"0.27"
CDS_LIB"kvm_matrix_lib"
CDS_LMAN_SYM_OUTLINE"-100,25,100,-25"
CODE"07090922";
"A"18;
"B"19;
%"R"
"1","(-7450,5400)","0","kvm_matrix_lib","I19";
;
$LOCATION"?"
VALUE"3.09K-1%"
CODE"97090133"
CDS_LIB"kvm_matrix_lib"
CDS_LMAN_SYM_OUTLINE"-100,25,100,-25";
"A"6;
"B"14;
%"GND_SIGNAL"
"1","(-7000,4100)","0","standard","I2";
;
CDS_LIB"standard"
HDL_POWER"GND_SIGNAL"
BODY_TYPE"PLUMBING";
"GND"7;
%"GND_SIGNAL"
"1","(-7850,5350)","7","standard","I20";
;
HDL_POWER"GND_SIGNAL"
BODY_TYPE"PLUMBING"
CDS_LIB"standard";
"GND"6;
%"R"
"1","(-5750,4900)","0","kvm_matrix_lib","I21";
;
$LOCATION"?"
VALUE"120K-1%"
CDS_LMAN_SYM_OUTLINE"-100,25,100,-25"
CDS_LIB"kvm_matrix_lib"
CODE"07090432";
"A"11;
"B"10;
%"R"
"1","(-5200,4900)","0","kvm_matrix_lib","I22";
;
$LOCATION"?"
VALUE"4.02K-1%"
CDS_LMAN_SYM_OUTLINE"-100,25,100,-25"
CDS_LIB"kvm_matrix_lib"
CODE"97090140";
"A"10;
"B"5;
%"GND_SIGNAL"
"1","(-4850,4850)","1","standard","I23";
;
CDS_LIB"standard"
HDL_POWER"GND_SIGNAL"
BODY_TYPE"PLUMBING";
"GND"5;
%"R"
"1","(-6000,5600)","1","kvm_matrix_lib","I24";
;
VALUE"10K"
$LOCATION"?"
CODE"07090035"
CDS_LMAN_SYM_OUTLINE"-100,25,100,-25"
CDS_LIB"kvm_matrix_lib";
"A"22;
"B"18;
%"R"
"1","(-5750,5300)","0","kvm_matrix_lib","I26";
;
VALUE"4.7K"
$LOCATION"?"
CODE"07090246"
CDS_LIB"kvm_matrix_lib"
CDS_LMAN_SYM_OUTLINE"-100,25,100,-25";
"A"22;
"B"17;
%"R"
"1","(-5200,5300)","2","kvm_matrix_lib","I27";
;
$LOCATION"?"
VALUE"10K"
CDS_LIB"kvm_matrix_lib"
CDS_LMAN_SYM_OUTLINE"-100,25,100,-25"
CODE"07090035";
"A"4;
"B"17;
%"GND_SIGNAL"
"1","(-4850,5250)","1","standard","I28";
;
CDS_LIB"standard"
HDL_POWER"GND_SIGNAL"
BODY_TYPE"PLUMBING";
"GND"4;
%"GND_SIGNAL"
"1","(-6300,4100)","0","standard","I3";
;
BODY_TYPE"PLUMBING"
HDL_POWER"GND_SIGNAL"
CDS_LIB"standard";
"GND"3;
%"C"
"1","(-7450,5200)","1","kvm_matrix_lib","I30";
;
VALUE"22NF"
$LOCATION"?"
CODE"08070246"
CDS_LIB"kvm_matrix_lib"
CDS_LMAN_SYM_OUTLINE"-50,0,50,-50";
"1"9;
"2"16;
%"GND_SIGNAL"
"1","(-7850,5150)","7","standard","I31";
;
HDL_POWER"GND_SIGNAL"
BODY_TYPE"PLUMBING"
CDS_LIB"standard";
"GND"9;
%"R"
"1","(-7450,5600)","0","kvm_matrix_lib","I32";
;
$LOCATION"?"
VALUE"10M"
CDS_LIB"kvm_matrix_lib"
CDS_LMAN_SYM_OUTLINE"-100,25,100,-25"
CODE"07090233";
"A"2;
"B"13;
%"R"
"1","(-7450,5750)","0","kvm_matrix_lib","I33";
;
$LOCATION"?"
VALUE"10M"
CODE"07090233"
CDS_LMAN_SYM_OUTLINE"-100,25,100,-25"
CDS_LIB"kvm_matrix_lib";
"A"12;
"B"13;
%"GND_SIGNAL"
"1","(-7850,5550)","7","standard","I34";
;
BODY_TYPE"PLUMBING"
HDL_POWER"GND_SIGNAL"
CDS_LIB"standard";
"GND"2;
%"R"
"1","(-5350,5100)","0","kvm_matrix_lib","I35";
;
CDS_LIB"kvm_matrix_lib"
CDS_LMAN_SYM_OUTLINE"-100,25,100,-25"
$LOCATION"?"
VALUE"47K-1%"
CODE"07090449";
"A"20;
"B"21;
%"C"
"1","(-8800,5500)","0","kvm_matrix_lib","I4";
;
$LOCATION"?"
VALUE"10UF"
CODE"08070391"
CDS_LIB"kvm_matrix_lib"
CDS_LMAN_SYM_OUTLINE"-50,0,50,-50";
"1"12;
"2"1;
%"C"
"1","(-8650,5500)","0","kvm_matrix_lib","I5";
;
VALUE"10UF"
$LOCATION"?"
CODE"08070391"
CDS_LMAN_SYM_OUTLINE"-50,0,50,-50"
CDS_LIB"kvm_matrix_lib";
"1"12;
"2"1;
%"GND_SIGNAL"
"1","(-8850,4950)","0","standard","I6";
;
HDL_POWER"GND_SIGNAL"
BODY_TYPE"PLUMBING"
CDS_LIB"standard";
"GND"1;
%"CP"
"1","(-4100,5450)","0","kvm_matrix_lib","I7";
;
$LOCATION"?"
VALUE"100U-6.3V"
CDS_LIB"kvm_matrix_lib"
CDS_LMAN_SYM_OUTLINE"-50,0,50,-50"
CODE"98010240";
"2"8;
"1"18;
%"R"
"1","(-3500,6250)","0","kvm_matrix_lib","I8";
;
$LOCATION"?"
VALUE"0.27"
CODE"07090922"
CDS_LMAN_SYM_OUTLINE"-100,25,100,-25"
CDS_LIB"kvm_matrix_lib";
"A"18;
"B"19;
%"CP"
"1","(-4000,5450)","0","kvm_matrix_lib","I9";
;
VALUE"100U-6.3V"
$LOCATION"?"
CODE"98010240"
CDS_LMAN_SYM_OUTLINE"-50,0,50,-50"
CDS_LIB"kvm_matrix_lib";
"2"8;
"1"18;
END.
