FILE_TYPE = CONNECTIVITY;
{Allegro Design Entry HDL 16.6-p007 (v16-6-112F) 10/10/2012}
"PAGE_NUMBER" = 77;
0"NC";
1"GND_SIGNAL\g";
2"GND_SIGNAL\g";
3"GND_SIGNAL\g";
4"V_Z7_PS_3V3_EMMC";
5"V_Z7_PS_3V3_EMMC";
6"V_Z7_3V3";
7"Z7_PS_EMMC_RESET_N";
8"Z7_PS_EMMC_RESET_N";
9"Z7_PS_EMMC_DATA3";
10"Z7_PS_EMMC_DATA0";
11"Z7_PS_EMMC_CMD";
12"Z7_PS_EMMC_CLK";
13"V_Z7_PS_3V3_EMMC";
14"Z7_PS_EMMC_DATA2";
15"Z7_PS_EMMC_DATA1";
16"Z7_PS_EMMC_DATA4";
17"Z7_PS_EMMC_DATA7";
18"Z7_PS_EMMC_DATA6";
19"Z7_PS_EMMC_DATA5";
20"UN$77$C$I11$1";
21"V_Z7_PS_3V3_EMMC";
%"MTFC8GACAAAM-1M"
"1","(-8900,6550)","0","kvm_matrix_lib","I1";
;
CDS_LIB"kvm_matrix_lib"
CDS_LMAN_SYM_OUTLINE"-125,275,225,-500";
"M6"12;
"M5"11;
"K5"8;
"B6"17;
"B5"18;
"B4"19;
"B3"16;
"B2"9;
"A5"14;
"A4"15;
"A3"10;
%"GND_SIGNAL"
"1","(-5200,5600)","0","standard","I10";
;
CDS_LIB"standard"
HDL_POWER"GND_SIGNAL"
BODY_TYPE"PLUMBING";
"GND"3;
%"C"
"1","(-6100,5400)","0","kvm_matrix_lib","I11";
;
CDS_LIB"kvm_matrix_lib"
CDS_LMAN_SYM_OUTLINE"-50,0,50,-50"
$LOCATION"?"
VALUE"0.1U"
CODE"08070262";
"1"20;
"2"2;
%"C"
"1","(-5950,5400)","0","kvm_matrix_lib","I12";
;
VALUE"1U-10V"
CODE"08070403"
CDS_LIB"kvm_matrix_lib"
$LOCATION"?"
CDS_LMAN_SYM_OUTLINE"-50,0,50,-50";
"1"20;
"2"2;
%"GND_SIGNAL"
"1","(-6150,5000)","0","standard","I13";
;
BODY_TYPE"PLUMBING"
HDL_POWER"GND_SIGNAL"
CDS_LIB"standard";
"GND"2;
%"R"
"1","(-8600,5300)","0","kvm_matrix_lib","I14";
;
VALUE"10K"
CODE"07090035"
CDS_LIB"kvm_matrix_lib"
$LOCATION"?"
CDS_LMAN_SYM_OUTLINE"-100,25,100,-25";
"A"7;
"B"5;
%"MTFC8GACAAAM-1M"
"2","(-5550,5950)","0","kvm_matrix_lib","I2";
;
CDS_LIB"kvm_matrix_lib"
CDS_LMAN_SYM_OUTLINE"-125,900,225,-900";
"P10"0;
"P7"0;
"P6"3;
"P5"4;
"P4"3;
"P3"4;
"N5"3;
"N4"4;
"N2"3;
"M4"4;
"K10"0;
"K9"13;
"K8"3;
"K7"0;
"K6"0;
"J10"13;
"J5"0;
"H10"3;
"H5"0;
"G10"0;
"G5"3;
"G3"0;
"F10"0;
"F5"13;
"E10"0;
"E9"0;
"E8"0;
"E7"3;
"E6"13;
"E5"0;
"C6"4;
"C5"0;
"C4"3;
"C2"20;
"A7"0;
"A6"0;
%"MTFC8GACAAAM-1M"
"3","(-1800,4300)","0","kvm_matrix_lib","I3";
;
CDS_LIB"kvm_matrix_lib"
CDS_LMAN_SYM_OUTLINE"-125,2575,300,-125";
"P14"0;
"P13"0;
"P12"0;
"P11"0;
"P9"0;
"P8"0;
"P2"0;
"P1"0;
"N14"0;
"N13"0;
"N12"0;
"N11"0;
"N10"0;
"N9"0;
"N8"0;
"N7"0;
"N6"0;
"N3"0;
"N1"0;
"M14"0;
"M13"0;
"M12"0;
"M11"0;
"M10"0;
"M9"0;
"M8"0;
"M7"0;
"M3"0;
"M2"0;
"M1"0;
"L14"0;
"L13"0;
"L12"0;
"L3"0;
"L2"0;
"L1"0;
"K14"0;
"K13"0;
"K12"0;
"K3"0;
"K2"0;
"K1"0;
"J14"0;
"J13"0;
"J12"0;
"J3"0;
"J2"0;
"J1"0;
"H14"0;
"H13"0;
"H12"0;
"H3"0;
"H2"0;
"H1"0;
"G14"0;
"G13"0;
"G12"0;
"G2"0;
"G1"0;
"F14"0;
"F13"0;
"F12"0;
"F3"0;
"F2"0;
"F1"0;
"E14"0;
"E13"0;
"E12"0;
"E3"0;
"E2"0;
"E1"0;
"D14"0;
"D13"0;
"D12"0;
"D4"0;
"D3"0;
"D2"0;
"D1"0;
"C14"0;
"C13"0;
"C12"0;
"C11"0;
"C10"0;
"C9"0;
"C8"0;
"C7"0;
"C3"0;
"C1"0;
"B14"0;
"B13"0;
"B12"0;
"B11"0;
"B10"0;
"B9"0;
"B8"0;
"B7"0;
"B1"0;
"A14"0;
"A13"0;
"A12"0;
"A11"0;
"A10"0;
"A9"0;
"A8"0;
"A2"0;
"A1"0;
%"C"
"1","(-5500,3450)","0","kvm_matrix_lib","I4";
;
VALUE"0.1U"
$LOCATION"?"
CDS_LIB"kvm_matrix_lib"
CDS_LMAN_SYM_OUTLINE"-50,0,50,-50"
CODE"08070262";
"1"21;
"2"1;
%"C"
"1","(-5650,3450)","0","kvm_matrix_lib","I5";
;
VALUE"0.1U"
$LOCATION"?"
CDS_LIB"kvm_matrix_lib"
CDS_LMAN_SYM_OUTLINE"-50,0,50,-50"
CODE"08070262";
"1"21;
"2"1;
%"C"
"1","(-5800,3450)","0","kvm_matrix_lib","I6";
;
VALUE"0.1U"
$LOCATION"?"
CDS_LIB"kvm_matrix_lib"
CDS_LMAN_SYM_OUTLINE"-50,0,50,-50"
CODE"08070262";
"1"21;
"2"1;
%"C"
"1","(-5950,3450)","0","kvm_matrix_lib","I7";
;
$LOCATION"?"
VALUE"0.1U"
CDS_LIB"kvm_matrix_lib"
CDS_LMAN_SYM_OUTLINE"-50,0,50,-50"
CODE"08070262";
"1"21;
"2"1;
%"LB"
"1","(-6400,3650)","0","kvm_matrix_lib","I8";
;
$LOCATION"?"
VALUE"100MOHM"
CDS_LIB"kvm_matrix_lib"
CDS_LMAN_SYM_OUTLINE"-125,50,125,0"
CODE"10070008";
"B"21;
"A"6;
%"GND_SIGNAL"
"1","(-6000,3000)","0","standard","I9";
;
BODY_TYPE"PLUMBING"
HDL_POWER"GND_SIGNAL"
CDS_LIB"standard";
"GND"1;
END.
