FILE_TYPE = CONNECTIVITY;
{Allegro Design Entry HDL 16.6-p007 (v16-6-112F) 10/10/2012}
"PAGE_NUMBER" = 15;
0"NC";
1"GND_SIGNAL\g";
2"GND_SIGNAL\g";
3"GND_SIGNAL\g";
4"GND_SIGNAL\g";
5"GND_SIGNAL\g";
6"GND_SIGNAL\g";
7"GND_SIGNAL\g";
8"GND_SIGNAL\g";
9"GND_SIGNAL\g";
10"GND_SIGNAL\g";
11"GND_SIGNAL\g";
12"GND_SIGNAL\g";
13"GND_SIGNAL\g";
14"GND_SIGNAL\g";
15"GND_SIGNAL\g";
16"GND_SIGNAL\g";
17"GND_SIGNAL\g";
18"S7_CY7_GPIO26";
19"S7_CY7_D1A_N";
20"S7_CY7_D1A_P";
21"V_S7_5V0_CY7_USB1A";
22"S7_CY7_GPIO25";
23"V_S7_5V0_CY7_USB1B";
24"V_S7_5V0_CY7_USB1A";
25"S7_CY7_D1B_P";
26"V_S7_5V0_CY7_USB1B";
27"V_S7_5V0_IN";
28"V_S7_5V0_CY7_USB2B";
29"V_S7_5V0_CY7_USB2A";
30"V_S7_5V0_CY7_USB2B";
31"V_S7_5V0_CY7_USB2A";
32"S7_CY7_D2A_P";
33"S7_CY7_D2A_N";
34"S7_CY7_GPIO24";
35"V_S7_5V0_CY7_USB2A";
36"S7_CY7_D1B_N";
37"V_S7_5V0_CY7_USB1A";
38"V_S7_5V0_CY7_USB2B";
39"V_S7_5V0_CY7_USB2B_J";
40"V_S7_5V0_IN";
41"V_S7_5V0_CY7_USB2A";
42"V_S7_5V0_CY7_USB1B";
43"V_S7_5V0_IN";
44"V_S7_5V0_CY7_USB2A_J";
45"S7_CY7_GPIO18";
46"V_S7_5V0_CY7_USB1B";
47"V_S7_5V0_CY7_USB1B_J";
48"S7_CY7_D2B_N";
49"S7_CY7_D2B_P";
50"V_S7_5V0_CY7_USB2B";
51"S7_CY7_D2B_P";
52"S7_CY7_D2B_N";
53"S7_CY7_D2A_P";
54"S7_CY7_D2A_N";
55"UN$15$HEAD1X3S$I39$A1";
56"V_S7_3V3_CY7_VCC";
57"S7_CY7_GPIO29";
58"UN$15$HEAD1X3S$I39$A3";
59"V_S7_5V0_CY7_USB1A_J";
60"V_S7_5V0_IN";
61"V_S7_5V0_CY7_USB1A";
62"S7_CY7_D1B_P";
63"S7_CY7_D1B_N";
64"S7_CY7_D1A_P";
65"S7_CY7_D1A_N";
%"USB_A_X2"
"1","(-9050,5900)","0","kvm_matrix_lib","I1";
;
CDS_LMAN_SYM_OUTLINE"-125,300,225,-450"
CDS_LIB"kvm_matrix_lib";
"12"17;
"11"17;
"10"16;
"9"16;
"8"17;
"7"62;
"6"63;
"5"23;
"4"17;
"3"64;
"2"65;
"1"24;
%"GND_SIGNAL"
"1","(-8700,1950)","0","standard","I10";
;
CDS_LIB"standard"
HDL_POWER"GND_SIGNAL"
BODY_TYPE"PLUMBING";
"GND"1;
%"GND_SIGNAL"
"1","(-9300,1950)","0","standard","I11";
;
CDS_LIB"standard"
HDL_POWER"GND_SIGNAL"
BODY_TYPE"PLUMBING";
"GND"2;
%"GND_SIGNAL"
"1","(-6600,2650)","0","standard","I12";
;
BODY_TYPE"PLUMBING"
HDL_POWER"GND_SIGNAL"
CDS_LIB"standard";
"GND"3;
%"GND_SIGNAL"
"1","(-6650,6050)","0","standard","I13";
;
CDS_LIB"standard"
HDL_POWER"GND_SIGNAL"
BODY_TYPE"PLUMBING";
"GND"4;
%"GND_SIGNAL"
"1","(-6600,4350)","0","standard","I14";
;
CDS_LIB"standard"
HDL_POWER"GND_SIGNAL"
BODY_TYPE"PLUMBING";
"GND"5;
%"GND_SIGNAL"
"1","(-6550,1150)","0","standard","I15";
;
BODY_TYPE"PLUMBING"
HDL_POWER"GND_SIGNAL"
CDS_LIB"standard";
"GND"6;
%"LB"
"1","(-1500,6700)","0","kvm_matrix_lib","I21";
;
VALUE"100MOHM"
$LOCATION"?"
CDS_LMAN_SYM_OUTLINE"-125,50,125,0"
CDS_LIB"kvm_matrix_lib"
CODE"10070008";
"B"60;
"A"59;
%"HEAD1X2_S"
"1","(-2900,6650)","0","kvm_matrix_lib","I22";
;
$LOCATION"?"
VALUE"HEAD1X2"
CDS_LIB"kvm_matrix_lib"
CDS_LMAN_SYM_OUTLINE"-50,100,0,-50"
CODE"14050028";
"P1"59;
"P2"37;
%"LB"
"1","(-1400,4950)","0","kvm_matrix_lib","I23";
;
VALUE"100MOHM"
$LOCATION"?"
CODE"10070008"
CDS_LIB"kvm_matrix_lib"
CDS_LMAN_SYM_OUTLINE"-125,50,125,0";
"B"27;
"A"47;
%"HEAD1X2_S"
"1","(-2800,4900)","0","kvm_matrix_lib","I24";
;
$LOCATION"?"
VALUE"HEAD1X2"
CODE"14050028"
CDS_LIB"kvm_matrix_lib"
CDS_LMAN_SYM_OUTLINE"-50,100,0,-50";
"P1"47;
"P2"46;
%"R"
"1","(-4300,6350)","1","kvm_matrix_lib","I25";
;
$LOCATION"?"
VALUE"68K-1%"
CDS_LIB"kvm_matrix_lib"
CDS_LMAN_SYM_OUTLINE"-100,25,100,-25"
CODE"07090421";
"A"7;
"B"18;
%"C"
"1","(-4500,6400)","2","kvm_matrix_lib","I26";
;
$LOCATION"?"
VALUE"0.1U"
CODE"08070262"
CDS_LMAN_SYM_OUTLINE"-50,0,50,-50"
CDS_LIB"kvm_matrix_lib";
"1"18;
"2"7;
%"R"
"1","(-4800,6700)","0","kvm_matrix_lib","I27";
;
VALUE"47K-1%"
$LOCATION"?"
CODE"07090449"
CDS_LMAN_SYM_OUTLINE"-100,25,100,-25"
CDS_LIB"kvm_matrix_lib";
"A"61;
"B"18;
%"GND_SIGNAL"
"1","(-4450,5950)","0","standard","I28";
;
HDL_POWER"GND_SIGNAL"
BODY_TYPE"PLUMBING"
CDS_LIB"standard";
"GND"7;
%"C"
"1","(-4450,4700)","2","kvm_matrix_lib","I29";
;
VALUE"0.1U"
$LOCATION"?"
CODE"08070262"
CDS_LIB"kvm_matrix_lib"
CDS_LMAN_SYM_OUTLINE"-50,0,50,-50";
"1"22;
"2"8;
%"TPD4S012"
"1","(-6300,3150)","0","kvm_matrix_lib","I3";
;
CDS_LMAN_SYM_OUTLINE"-125,150,125,-400"
CDS_LIB"kvm_matrix_lib";
"6"31;
"5"0;
"4"3;
"3"0;
"2"33;
"1"32;
%"R"
"1","(-4250,4650)","1","kvm_matrix_lib","I30";
;
VALUE"68K-1%"
$LOCATION"?"
CODE"07090421"
CDS_LIB"kvm_matrix_lib"
CDS_LMAN_SYM_OUTLINE"-100,25,100,-25";
"A"8;
"B"22;
%"R"
"1","(-4750,5000)","0","kvm_matrix_lib","I31";
;
VALUE"47K-1%"
$LOCATION"?"
CODE"07090449"
CDS_LIB"kvm_matrix_lib"
CDS_LMAN_SYM_OUTLINE"-100,25,100,-25";
"A"42;
"B"22;
%"GND_SIGNAL"
"1","(-4400,4250)","0","standard","I32";
;
HDL_POWER"GND_SIGNAL"
BODY_TYPE"PLUMBING"
CDS_LIB"standard";
"GND"8;
%"CP"
"1","(-1150,6550)","0","kvm_matrix_lib","I33";
;
VALUE"100U-16V"
$LOCATION"?"
CODE"08020065"
CDS_LIB"kvm_matrix_lib"
CDS_LMAN_SYM_OUTLINE"-50,0,50,-50";
"2"9;
"1"60;
%"CP"
"1","(-1100,4800)","0","kvm_matrix_lib","I34";
;
VALUE"100U-16V"
$LOCATION"?"
CODE"08020065"
CDS_LIB"kvm_matrix_lib"
CDS_LMAN_SYM_OUTLINE"-50,0,50,-50";
"2"10;
"1"27;
%"GND_SIGNAL"
"1","(-1200,6300)","0","standard","I35";
;
BODY_TYPE"PLUMBING"
HDL_POWER"GND_SIGNAL"
CDS_LIB"standard";
"GND"9;
%"GND_SIGNAL"
"1","(-1150,4550)","0","standard","I36";
;
HDL_POWER"GND_SIGNAL"
BODY_TYPE"PLUMBING"
CDS_LIB"standard";
"GND"10;
%"R"
"1","(-1700,6050)","2","kvm_matrix_lib","I37";
;
$LOCATION"?"
VALUE"10K"
CDS_LIB"kvm_matrix_lib"
CDS_LMAN_SYM_OUTLINE"-100,25,100,-25"
CODE"07090035";
"A"56;
"B"55;
%"R"
"1","(-1700,5750)","2","kvm_matrix_lib","I38";
;
VALUE"0"
$LOCATION"?"
CODE"07090522"
CDS_LMAN_SYM_OUTLINE"-100,25,100,-25"
CDS_LIB"kvm_matrix_lib";
"A"11;
"B"58;
%"HEAD1X3_S"
"1","(-2150,5900)","2","kvm_matrix_lib","I39";
;
$LOCATION"?"
VALUE"HEAD1X3"
CDS_LMAN_SYM_OUTLINE"-100,150,125,-150"
CDS_LIB"kvm_matrix_lib"
CODE"";
"A3"58;
"A2"57;
"A1"55;
%"TPD4S012"
"1","(-6250,1650)","0","kvm_matrix_lib","I4";
;
CDS_LMAN_SYM_OUTLINE"-125,150,125,-400"
CDS_LIB"kvm_matrix_lib";
"6"50;
"5"0;
"4"6;
"3"0;
"2"48;
"1"49;
%"GND_SIGNAL"
"1","(-1300,5700)","1","standard","I40";
;
CDS_LIB"standard"
BODY_TYPE"PLUMBING"
HDL_POWER"GND_SIGNAL";
"GND"11;
%"C"
"1","(-4450,3000)","2","kvm_matrix_lib","I41";
;
VALUE"0.1U"
$LOCATION"?"
CODE"08070262"
CDS_LIB"kvm_matrix_lib"
CDS_LMAN_SYM_OUTLINE"-50,0,50,-50";
"1"45;
"2"13;
%"CP"
"1","(-1100,3100)","0","kvm_matrix_lib","I42";
;
VALUE"100U-16V"
$LOCATION"?"
CODE"08020065"
CDS_LIB"kvm_matrix_lib"
CDS_LMAN_SYM_OUTLINE"-50,0,50,-50";
"2"12;
"1"43;
%"GND_SIGNAL"
"1","(-1150,2850)","0","standard","I43";
;
HDL_POWER"GND_SIGNAL"
BODY_TYPE"PLUMBING"
CDS_LIB"standard";
"GND"12;
%"LB"
"1","(-1400,3250)","0","kvm_matrix_lib","I44";
;
VALUE"100MOHM"
$LOCATION"?"
CODE"10070008"
CDS_LIB"kvm_matrix_lib"
CDS_LMAN_SYM_OUTLINE"-125,50,125,0";
"B"43;
"A"44;
%"HEAD1X2_S"
"1","(-2800,3200)","0","kvm_matrix_lib","I45";
;
VALUE"HEAD1X2"
$LOCATION"?"
CODE"14050028"
CDS_LIB"kvm_matrix_lib"
CDS_LMAN_SYM_OUTLINE"-50,100,0,-50";
"P1"44;
"P2"35;
%"R"
"1","(-4250,2950)","1","kvm_matrix_lib","I46";
;
$LOCATION"?"
VALUE"68K-1%"
CODE"07090421"
CDS_LIB"kvm_matrix_lib"
CDS_LMAN_SYM_OUTLINE"-100,25,100,-25";
"A"13;
"B"45;
%"GND_SIGNAL"
"1","(-4400,2550)","0","standard","I47";
;
HDL_POWER"GND_SIGNAL"
BODY_TYPE"PLUMBING"
CDS_LIB"standard";
"GND"13;
%"R"
"1","(-4750,3300)","0","kvm_matrix_lib","I48";
;
VALUE"47K-1%"
$LOCATION"?"
CODE"07090449"
CDS_LIB"kvm_matrix_lib"
CDS_LMAN_SYM_OUTLINE"-100,25,100,-25";
"A"41;
"B"45;
%"C"
"1","(-4450,1550)","2","kvm_matrix_lib","I49";
;
VALUE"0.1U"
$LOCATION"?"
CDS_LIB"kvm_matrix_lib"
CDS_LMAN_SYM_OUTLINE"-50,0,50,-50"
CODE"08070262";
"1"34;
"2"15;
%"TPD4S012"
"1","(-6300,4850)","0","kvm_matrix_lib","I5";
;
CDS_LIB"kvm_matrix_lib"
CDS_LMAN_SYM_OUTLINE"-125,150,125,-400";
"6"26;
"5"0;
"4"5;
"3"0;
"2"36;
"1"25;
%"R"
"1","(-4250,1500)","1","kvm_matrix_lib","I50";
;
VALUE"68K-1%"
$LOCATION"?"
CDS_LIB"kvm_matrix_lib"
CDS_LMAN_SYM_OUTLINE"-100,25,100,-25"
CODE"07090421";
"A"15;
"B"34;
%"LB"
"1","(-1400,1800)","0","kvm_matrix_lib","I51";
;
$LOCATION"?"
VALUE"100MOHM"
CDS_LIB"kvm_matrix_lib"
CDS_LMAN_SYM_OUTLINE"-125,50,125,0"
CODE"10070008";
"B"40;
"A"39;
%"CP"
"1","(-1100,1650)","0","kvm_matrix_lib","I52";
;
$LOCATION"?"
VALUE"100U-16V"
CDS_LIB"kvm_matrix_lib"
CDS_LMAN_SYM_OUTLINE"-50,0,50,-50"
CODE"08020065";
"2"14;
"1"40;
%"GND_SIGNAL"
"1","(-1150,1400)","0","standard","I53";
;
CDS_LIB"standard"
BODY_TYPE"PLUMBING"
HDL_POWER"GND_SIGNAL";
"GND"14;
%"HEAD1X2_S"
"1","(-2800,1750)","0","kvm_matrix_lib","I54";
;
$LOCATION"?"
VALUE"HEAD1X2"
CDS_LIB"kvm_matrix_lib"
CDS_LMAN_SYM_OUTLINE"-50,100,0,-50"
CODE"14050028";
"P1"39;
"P2"38;
%"R"
"1","(-4750,1850)","0","kvm_matrix_lib","I55";
;
$LOCATION"?"
VALUE"47K-1%"
CDS_LIB"kvm_matrix_lib"
CDS_LMAN_SYM_OUTLINE"-100,25,100,-25"
CODE"07090449";
"A"28;
"B"34;
%"GND_SIGNAL"
"1","(-4400,1100)","0","standard","I56";
;
CDS_LIB"standard"
BODY_TYPE"PLUMBING"
HDL_POWER"GND_SIGNAL";
"GND"15;
%"TPD4S012"
"1","(-6350,6550)","0","kvm_matrix_lib","I6";
;
CDS_LMAN_SYM_OUTLINE"-125,150,125,-400"
CDS_LIB"kvm_matrix_lib";
"6"21;
"5"0;
"4"4;
"3"0;
"2"19;
"1"20;
%"GND_SIGNAL"
"1","(-9350,5300)","0","standard","I7";
;
CDS_LIB"standard"
HDL_POWER"GND_SIGNAL"
BODY_TYPE"PLUMBING";
"GND"16;
%"GND_SIGNAL"
"1","(-8750,5300)","0","standard","I8";
;
BODY_TYPE"PLUMBING"
HDL_POWER"GND_SIGNAL"
CDS_LIB"standard";
"GND"17;
%"USB_A_X2"
"1","(-9000,2550)","0","kvm_matrix_lib","I9";
;
CDS_LIB"kvm_matrix_lib"
CDS_LMAN_SYM_OUTLINE"-125,325,225,-425";
"12"1;
"11"1;
"10"2;
"9"2;
"8"1;
"7"51;
"6"52;
"5"30;
"4"1;
"3"53;
"2"54;
"1"29;
END.
