FILE_TYPE = CONNECTIVITY;
{Allegro Design Entry HDL 16.6-p007 (v16-6-112F) 10/10/2012}
"PAGE_NUMBER" = 25;
0"NC";
1"GND_SIGNAL\g";
2"S7_SFP_TX_FAULT";
3"S7_DDR_RESET_2V5_N";
4"S7_DDR_RESET_N";
5"S7_88E_MDC";
6"S7_88E_TXD5";
7"S7_88E_TXD6";
8"S7_88E_TXD7";
9"S7_88E_RXD0";
10"S7_88E_RXD1";
11"S7_88E_RESET_N";
12"S7_DDR_RESET_2V5_N";
13"S7_88E_RXD4";
14"S7_88E_RXD5";
15"S7_88E_INT_N";
16"S7_88E_SFP_RX_LOS";
17"S7_88E_SFP_MOD_ABS";
18"S7_88E_CRS";
19"S7_88E_TXD4";
20"S7_88E_TXD3";
21"S7_88E_TXD2";
22"S7_88E_TXD1";
23"S7_88E_TXD0";
24"S7_88E_TX_CLK";
25"S7_88E_SFP_TX_DISABLE";
26"S7_88E_SFP_SDA";
27"S7_88E_MDIO";
28"S7_88E_RXD3";
29"S7_88E_RXD6";
30"S7_88E_RXD7";
31"S7_88E_TX_EN";
32"S7_88E_TX_ER";
33"S7_88E_RX_DV";
34"S7_88E_RXD2";
35"S7_SFP_SDA";
36"S7_SFP_MOD_ABS";
37"S7_88E_COL";
38"S7_SFP_RX_LOS";
39"S7_88E_SFP_SCL";
40"S7_88E_SFP_TX_FAULT";
41"S7_SFP_SCL";
42"S7_SFP_TX_DISABLE";
43"CLK_100M_DDR";
44"S7_88E_GTX_CLK";
45"S7_88E_RX_CLK";
%"XC7S50FGGA484"
"7","(-7200,4650)","0","kvm_matrix_lib","I1";
;
VALUE"XC7S50FGGA484"
CDS_LIB"kvm_matrix_lib"
CDS_LMAN_SYM_OUTLINE"-125,1250,700,-100";
"H7"12;
"R3"11;
"R4"18;
"R5"37;
"R6"33;
"R7"32;
"N7"31;
"P7"30;
"N6"29;
"P6"14;
"M5"13;
"N5"28;
"N8"34;
"P8"10;
"P2"9;
"P3"8;
"N1"7;
"P1"6;
"N3"19;
"N4"20;
"M1"21;
"M2"22;
"K1"23;
"L1"24;
"M3"0;
"M4"43;
"M7"0;
"M8"44;
"K8"0;
"L8"45;
"K4"0;
"L4"0;
"K5"0;
"L5"0;
"L6"0;
"L7"2;
"J7"42;
"J8"38;
"J6"36;
"K6"35;
"H5"41;
"H6"40;
"K2"25;
"K3"16;
"J1"17;
"J2"26;
"H3"39;
"H4"15;
"H2"27;
"J3"5;
%"R"
"1","(-8050,3400)","1","kvm_matrix_lib","I2";
;
$LOCATION"?"
VALUE"4.7K"
CDS_LMAN_SYM_OUTLINE"-100,25,100,-25"
CDS_LIB"kvm_matrix_lib"
CODE"07090246";
"A"4;
"B"3;
%"GND_SIGNAL"
"1","(-8100,2450)","0","standard","I3";
;
HDL_POWER"GND_SIGNAL"
BODY_TYPE"PLUMBING"
CDS_LIB"standard";
"GND"1;
%"R"
"1","(-8050,2850)","1","kvm_matrix_lib","I4";
;
VALUE"4.7K"
$LOCATION"?"
CODE"07090246"
CDS_LMAN_SYM_OUTLINE"-100,25,100,-25"
CDS_LIB"kvm_matrix_lib";
"A"1;
"B"4;
END.
