FILE_TYPE = CONNECTIVITY;
{Allegro Design Entry HDL 16.6-p007 (v16-6-112F) 10/10/2012}
"PAGE_NUMBER" = 67;
0"NC";
1"V_Z7_2V5_R";
2"V_Z7_2V5_SW";
3"GND_SIGNAL\g";
4"V_Z7_2V5";
5"UN$67$C$I13$2";
6"UN$67$R$I19$A";
7"GND_SIGNAL\g";
8"V_Z7_1V2";
9"GND_SIGNAL\g";
10"V_Z7_5V0_IN";
11"GND_SIGNAL\g";
%"GND_SIGNAL"
"1","(-4900,3400)","0","standard","I1";
;
CDS_LIB"standard"
HDL_POWER"GND_SIGNAL"
BODY_TYPE"PLUMBING";
"GND"9;
%"GND_SIGNAL"
"1","(-2200,3350)","0","standard","I10";
;
CDS_LIB"standard"
BODY_TYPE"PLUMBING"
HDL_POWER"GND_SIGNAL";
"GND"3;
%"L"
"1","(-3250,5150)","0","inductor","I11";
;
VALUE"2.2UH"
CODE"90010078"
CDS_LIB"inductor"
$LOCATION"?"
CDS_LMAN_SYM_OUTLINE"-125,50,125,0";
"A"2;
"B"1;
%"C"
"1","(-2650,4850)","0","capcitor","I13";
;
VALUE"18PF"
CODE"98070523"
CDS_LIB"capcitor"
$LOCATION"?"
CDS_LMAN_SYM_OUTLINE"-50,0,50,-50";
"1"1;
"2"5;
%"C"
"1","(-2350,4450)","0","capcitor","I14";
;
VALUE"10UF"
CODE"08070898"
CDS_LIB"capcitor"
$LOCATION"?"
CDS_LMAN_SYM_OUTLINE"-50,0,50,-50";
"1"1;
"2"3;
%"C"
"1","(-2150,4450)","0","capcitor","I15";
;
VALUE"0.1U"
CODE"08070262"
CDS_LIB"capcitor"
$LOCATION"?"
CDS_LMAN_SYM_OUTLINE"-50,0,50,-50";
"1"1;
"2"3;
%"R"
"1","(-1750,5150)","0","resistor","I16";
;
VALUE"0.27"
CODE"07090922"
CDS_LIB"resistor"
$LOCATION"?"
CDS_LMAN_SYM_OUTLINE"-100,25,100,-25";
"A"1;
"B"4;
%"R"
"1","(-1750,5200)","0","resistor","I17";
;
VALUE"0.27"
CODE"07090922"
CDS_LIB"resistor"
$LOCATION"?"
CDS_LMAN_SYM_OUTLINE"-100,25,100,-25";
"A"1;
"B"4;
%"R"
"1","(-2900,4800)","1","resistor","I18";
;
VALUE"40.2K-1%"
CODE"07090695"
CDS_LIB"resistor"
$LOCATION"?"
CDS_LMAN_SYM_OUTLINE"-100,25,100,-25";
"A"5;
"B"1;
%"R"
"1","(-2900,4050)","1","resistor","I19";
;
VALUE"2.7K"
CODE"07090554"
CDS_LIB"resistor"
$LOCATION"?"
CDS_LMAN_SYM_OUTLINE"-100,25,100,-25";
"A"6;
"B"5;
%"R"
"1","(-4850,3950)","1","resistor","I2";
;
VALUE"1M"
CODE"97090121"
CDS_LIB"resistor"
$LOCATION"?"
CDS_LMAN_SYM_OUTLINE"-100,25,100,-25";
"A"9;
"B"8;
%"R"
"1","(-3250,3700)","0","resistor","I20";
;
VALUE"10K-1%"
CODE"97090157"
CDS_LIB"resistor"
$LOCATION"?"
CDS_LMAN_SYM_OUTLINE"-100,25,100,-25";
"A"7;
"B"6;
%"GND_SIGNAL"
"1","(-5500,4400)","7","standard","I3";
;
CDS_LIB"standard"
BODY_TYPE"PLUMBING"
HDL_POWER"GND_SIGNAL";
"GND"11;
%"C"
"1","(-5100,4550)","1","capcitor","I4";
;
VALUE"10UF"
CODE"08070898"
CDS_LIB"capcitor"
$LOCATION"?"
CDS_LMAN_SYM_OUTLINE"-50,0,50,-50";
"1"11;
"2"10;
%"C"
"1","(-5100,4450)","1","capcitor","I5";
;
VALUE"0.1U"
CODE"08070262"
CDS_LIB"capcitor"
$LOCATION"?"
CDS_LMAN_SYM_OUTLINE"-50,0,50,-50";
"1"11;
"2"10;
%"NCP1529"
"1","(-4200,4600)","0","power","I6";
;
CDS_LIB"power"
CDS_LMAN_SYM_OUTLINE"-200,150,175,-375";
"5"5;
"4"10;
"3"2;
"2"7;
"1"8;
%"GND_SIGNAL"
"1","(-3850,3400)","0","standard","I7";
;
CDS_LIB"standard"
HDL_POWER"GND_SIGNAL"
BODY_TYPE"PLUMBING";
"GND"7;
END.
