FILE_TYPE = CONNECTIVITY;
{Allegro Design Entry HDL 16.6-p007 (v16-6-112F) 10/10/2012}
"PAGE_NUMBER" = 51;
0"NC";
1"GND_SIGNAL\g";
2"GND_SIGNAL\g";
3"GND_SIGNAL\g";
4"GND_SIGNAL\g";
5"GND_SIGNAL\g";
6"GND_SIGNAL\g";
7"GND_SIGNAL\g";
8"GND_SIGNAL\g";
9"GND_SIGNAL\g";
10"A7_CONFIG_M0";
11"V_A7_3V3_VCCO";
12"V_A7_3V3_VCCO";
13"V_A7_3V3_VCCO";
14"A7_CONFIG_PROGRAM_B";
15"UN$51$LEDS$I36$A";
16"A7_CONFIG_DONE";
17"A7_CONFIG_INIT_B";
18"A7_CONFIG_CFGBVS";
19"V_A7_3V3_VCCO";
20"A7_QSPI_DQ0";
21"A7_JTAG_TCK";
22"A7_JTAG_TMS";
23"A7_JTAG_TDO";
24"A7_QSPI_DQ0_R";
25"A7_QSPI_DQ1_R";
26"A7_QSPI_DQ3_R";
27"V_A7_3V3_VCCO";
28"V_A7_3V3_VCCO";
29"A7_QSPI_CS_N";
30"A7_JTAG_TDI_R";
31"A7_QSPI_DQ1";
32"A7_QSPI_DQ2_R";
33"A7_CONFIG_M2";
34"V_A7_1V8_VCCAUX";
35"A7_CONFIG_M0";
36"A7_CONFIG_M2";
37"A7_JTAG_TDI";
38"A7_CONFIG_M1";
39"A7_QSPI_CLK";
40"A7_QSPI_CLK";
41"A7_JTAG_TMS_R";
42"A7_JTAG_TDO_R";
43"A7_JTAG_TCK_R";
44"V_A7_3V3_VCCO";
45"V_A7_3V3_VCCO";
46"A7_QSPI_CS_N_R";
47"A7_QSPI_CLK_R";
48"A7_QSPI_DQ2";
49"A7_QSPI_DQ3";
50"A7_QSPI_DQ2";
51"A7_QSPI_DQ0";
52"A7_JTAG_TMS";
53"A7_JTAG_TCK";
54"A7_JTAG_TDI";
55"A7_JTAG_TDO";
56"V_A7_1V8_VCCAUX";
57"A7_CONFIG_PROGRAM_B";
58"A7_CONFIG_INIT_B";
59"A7_CONFIG_DONE";
60"A7_QSPI_CS_N";
61"CLK_A7_50M_MAIN";
62"A7_QSPI_DQ1";
63"A7_QSPI_DQ3";
64"CLK_A7_74M25_HDMI";
65"A7_QSPI_CS_N";
66"A7_CONFIG_CFGBVS";
67"A7_CONFIG_M1";
%"XC7A200TFFG1156"
"1","(-8950,6850)","0","kvm_matrix_lib","I1";
;
VALUE"XC7A200TFFG1156"
CDS_LMAN_SYM_OUTLINE"-125,525,275,-200"
CDS_LIB"kvm_matrix_lib";
"K22"67;
"L22"35;
"K21"33;
"P11"59;
"M12"66;
"N11"57;
"V11"58;
"AE14"54;
"AD13"55;
"AE13"52;
"AE12"53;
"W11"39;
"K13"34;
"V17"5;
"U18"5;
"V18"5;
"U17"5;
"W18"5;
"T17"6;
"T18"56;
"W17"5;
%"R"
"1","(-2700,3800)","2","kvm_matrix_lib","I10";
;
VALUE"4.7K"
$LOCATION"?"
CODE"07090246"
CDS_LMAN_SYM_OUTLINE"-100,25,100,-25"
CDS_LIB"kvm_matrix_lib";
"A"27;
"B"65;
%"GND_SIGNAL"
"1","(-2900,5650)","0","standard","I11";
;
BODY_TYPE"PLUMBING"
HDL_POWER"GND_SIGNAL"
CDS_LIB"standard";
"GND"1;
%"ESD"
"1","(-2850,5900)","0","kvm_matrix_lib","I12";
;
$LOCATION"?"
VALUE"ESD-3.3V"
CDS_LMAN_SYM_OUTLINE"-50,50,50,-50"
CDS_LIB"kvm_matrix_lib";
"1"30;
"2"1;
%"ESD"
"1","(-2750,5900)","0","kvm_matrix_lib","I13";
;
$LOCATION"?"
VALUE"ESD-3.3V"
CDS_LMAN_SYM_OUTLINE"-50,50,50,-50"
CDS_LIB"kvm_matrix_lib";
"1"41;
"2"1;
%"ESD"
"1","(-2650,5900)","0","kvm_matrix_lib","I14";
;
$LOCATION"?"
VALUE"ESD-3.3V"
CDS_LMAN_SYM_OUTLINE"-50,50,50,-50"
CDS_LIB"kvm_matrix_lib";
"1"42;
"2"1;
%"ESD"
"1","(-2550,5900)","0","kvm_matrix_lib","I15";
;
$LOCATION"?"
VALUE"ESD-3.3V"
CDS_LMAN_SYM_OUTLINE"-50,50,50,-50"
CDS_LIB"kvm_matrix_lib";
"1"43;
"2"1;
%"GND_SIGNAL"
"1","(-2150,4350)","1","standard","I16";
;
BODY_TYPE"PLUMBING"
HDL_POWER"GND_SIGNAL"
CDS_LIB"standard";
"GND"2;
%"R"
"1","(-1500,4700)","0","kvm_matrix_lib","I17";
;
$LOCATION"?"
VALUE"0"
CODE"07090522"
CDS_LMAN_SYM_OUTLINE"-100,25,100,-25"
CDS_LIB"kvm_matrix_lib";
"A"47;
"B"40;
%"R"
"1","(-1500,4600)","0","kvm_matrix_lib","I18";
;
$LOCATION"?"
VALUE"0"
CODE"07090522"
CDS_LMAN_SYM_OUTLINE"-100,25,100,-25"
CDS_LIB"kvm_matrix_lib";
"A"46;
"B"29;
%"C"
"1","(-2200,5150)","1","kvm_matrix_lib","I19";
;
VALUE"0.1U"
$LOCATION"?"
CODE"08070262"
CDS_LMAN_SYM_OUTLINE"-50,0,50,-50"
CDS_LIB"kvm_matrix_lib";
"1"45;
"2"3;
%"R"
"1","(-3800,4700)","0","kvm_matrix_lib","I2";
;
VALUE"0"
$LOCATION"?"
CODE"07090522"
CDS_LMAN_SYM_OUTLINE"-100,25,100,-25"
CDS_LIB"kvm_matrix_lib";
"A"20;
"B"24;
%"GND_SIGNAL"
"1","(-1850,5100)","1","standard","I20";
;
HDL_POWER"GND_SIGNAL"
BODY_TYPE"PLUMBING"
CDS_LIB"standard";
"GND"3;
%"GND_SIGNAL"
"1","(-1900,5700)","0","standard","I21";
;
CDS_LIB"standard"
HDL_POWER"GND_SIGNAL"
BODY_TYPE"PLUMBING";
"GND"4;
%"HEAD2X5"
"1","(-2200,6550)","0","kvm_matrix_lib","I22";
;
VALUE"HEAD2X5"
$LOCATION"?"
CODE"14050182"
CDS_LMAN_SYM_OUTLINE"-150,300,150,-300"
CDS_LIB"kvm_matrix_lib";
"P2"4;
"P4"28;
"P6"0;
"P10"4;
"P8"0;
"P1"43;
"P3"42;
"P5"41;
"P9"30;
"P7"0;
%"C"
"1","(-1700,6400)","0","kvm_matrix_lib","I23";
;
VALUE"0.1U"
$LOCATION"?"
CODE"08070262"
CDS_LMAN_SYM_OUTLINE"-50,0,50,-50"
CDS_LIB"kvm_matrix_lib";
"1"28;
"2"4;
%"S25FL128SAGMF"
"1","(-2800,4650)","0","kvm_matrix_lib","I24";
;
CDS_LMAN_SYM_OUTLINE"-125,400,275,-575"
CDS_LIB"kvm_matrix_lib";
"16"47;
"15"24;
"14"45;
"13"0;
"12"0;
"11"0;
"10"2;
"9"32;
"8"25;
"7"46;
"6"0;
"5"0;
"4"0;
"3"0;
"2"45;
"1"26;
%"XC7A200TFFG1156"
"4","(-3150,1350)","0","kvm_matrix_lib","I25";
;
VALUE"XC7A200TFFG1156"
CDS_LIB"kvm_matrix_lib"
CDS_LMAN_SYM_OUTLINE"-125,1250,1100,-100";
"W24"0;
"AB25"0;
"AB24"0;
"AA25"0;
"AA24"0;
"AB29"0;
"AA29"0;
"AB27"0;
"AB26"0;
"AA28"0;
"AA27"0;
"AC29"0;
"AC28"0;
"AB34"0;
"AA34"0;
"AC32"0;
"AC31"0;
"AA33"0;
"AA32"0;
"AC34"0;
"AC33"0;
"AB32"0;
"AB31"0;
"AB30"0;
"AA30"64;
"Y31"0;
"Y30"61;
"W31"0;
"W30"0;
"Y33"0;
"Y32"0;
"V34"0;
"V33"0;
"W34"0;
"W33"0;
"V32"0;
"V31"0;
"Y28"0;
"Y27"60;
"Y25"0;
"W25"0;
"W29"0;
"W28"0;
"Y26"0;
"W26"0;
"V27"63;
"V26"50;
"V29"62;
"V28"51;
"V24"0;
%"GND_SIGNAL"
"1","(-9350,6950)","7","standard","I26";
;
HDL_POWER"GND_SIGNAL"
BODY_TYPE"PLUMBING"
CDS_LIB"standard";
"GND"5;
%"GND_SIGNAL"
"1","(-8500,6850)","1","standard","I27";
;
CDS_LIB"standard"
HDL_POWER"GND_SIGNAL"
BODY_TYPE"PLUMBING";
"GND"6;
%"R"
"1","(-8850,6150)","2","kvm_matrix_lib","I28";
;
VALUE"4.7K"
$LOCATION"?"
CODE"07090246"
CDS_LMAN_SYM_OUTLINE"-100,25,100,-25"
CDS_LIB"kvm_matrix_lib";
"A"19;
"B"18;
%"RESETKEY"
"1","(-9500,2000)","0","kvm_matrix_lib","I29";
;
$LOCATION"?"
VALUE"RESET-SMT"
CODE"16100017"
CDS_LMAN_SYM_OUTLINE"200,50,450,-100"
CDS_LIB"kvm_matrix_lib";
"B2"0;
"B1"8;
"A1"0;
"A2"14;
%"R"
"1","(-3800,4800)","0","kvm_matrix_lib","I3";
;
VALUE"0"
$LOCATION"?"
CODE"07090522"
CDS_LMAN_SYM_OUTLINE"-100,25,100,-25"
CDS_LIB"kvm_matrix_lib";
"A"31;
"B"25;
%"R"
"1","(-9200,1400)","0","kvm_matrix_lib","I30";
;
VALUE"100"
$LOCATION"?"
CODE"07090231"
CDS_LMAN_SYM_OUTLINE"-100,25,100,-25"
CDS_LIB"kvm_matrix_lib";
"A"16;
"B"15;
%"R"
"1","(-9200,1600)","0","kvm_matrix_lib","I31";
;
VALUE"330"
$LOCATION"?"
CODE"07090387"
CDS_LMAN_SYM_OUTLINE"-100,25,100,-25"
CDS_LIB"kvm_matrix_lib";
"A"16;
"B"12;
%"R"
"1","(-9200,2250)","2","kvm_matrix_lib","I32";
;
VALUE"4.7K"
$LOCATION"?"
CODE"07090246"
CDS_LMAN_SYM_OUTLINE"-100,25,100,-25"
CDS_LIB"kvm_matrix_lib";
"A"13;
"B"14;
%"R"
"1","(-9200,4100)","1","kvm_matrix_lib","I33";
;
VALUE"4.7K"
$LOCATION"?"
CODE"07090246"
CDS_LMAN_SYM_OUTLINE"-100,25,100,-25"
CDS_LIB"kvm_matrix_lib";
"A"38;
"B"44;
%"R"
"1","(-9400,4100)","1","kvm_matrix_lib","I34";
;
VALUE"4.7K"
$LOCATION"?"
CODE"07090246"
CDS_LMAN_SYM_OUTLINE"-100,25,100,-25"
CDS_LIB"kvm_matrix_lib";
"A"36;
"B"44;
%"R"
"1","(-9000,4100)","1","kvm_matrix_lib","I35";
;
VALUE"4.7K"
$LOCATION"?"
CODE"07090246"
CDS_LMAN_SYM_OUTLINE"-100,25,100,-25"
CDS_LIB"kvm_matrix_lib";
"A"10;
"B"44;
%"LED_S"
"1","(-8650,1400)","2","kvm_matrix_lib","I36";
;
VALUE"HSMG-C170-B"
$LOCATION"?"
CODE"15020063"
CDS_LMAN_SYM_OUTLINE"-150,50,50,-75"
CDS_LIB"kvm_matrix_lib";
"A"15;
"B"9;
%"GND_SIGNAL"
"1","(-8800,1900)","1","standard","I37";
;
HDL_POWER"GND_SIGNAL"
BODY_TYPE"PLUMBING"
CDS_LIB"standard";
"GND"8;
%"GND_SIGNAL"
"1","(-8250,1350)","1","standard","I38";
;
HDL_POWER"GND_SIGNAL"
BODY_TYPE"PLUMBING"
CDS_LIB"standard";
"GND"9;
%"GND_SIGNAL"
"1","(-8300,3050)","0","standard","I39";
;
HDL_POWER"GND_SIGNAL"
BODY_TYPE"PLUMBING"
CDS_LIB"standard";
"GND"7;
%"R"
"1","(-3800,4900)","0","kvm_matrix_lib","I4";
;
VALUE"0"
$LOCATION"?"
CODE"07090522"
CDS_LMAN_SYM_OUTLINE"-100,25,100,-25"
CDS_LIB"kvm_matrix_lib";
"A"48;
"B"32;
%"R"
"1","(-8650,3300)","2","kvm_matrix_lib","I40";
;
VALUE"0"
$LOCATION"?"
CODE"07090522"
CDS_LMAN_SYM_OUTLINE"-100,25,100,-25"
CDS_LIB"kvm_matrix_lib";
"A"7;
"B"10;
%"R"
"1","(-8650,3700)","2","kvm_matrix_lib","I41";
;
VALUE"0"
$LOCATION"?"
CODE"07090522"
CDS_LMAN_SYM_OUTLINE"-100,25,100,-25"
CDS_LIB"kvm_matrix_lib";
"A"7;
"B"36;
%"R"
"1","(-8650,3500)","2","kvm_matrix_lib","I42";
;
VALUE"0"
$LOCATION"?"
CODE"07090522"
CDS_LMAN_SYM_OUTLINE"-100,25,100,-25"
CDS_LIB"kvm_matrix_lib";
"A"7;
"B"38;
%"R"
"1","(-9200,2550)","2","kvm_matrix_lib","I43";
;
VALUE"4.7K"
$LOCATION"?"
CODE"07090246"
CDS_LMAN_SYM_OUTLINE"-100,25,100,-25"
CDS_LIB"kvm_matrix_lib";
"A"11;
"B"17;
%"R"
"1","(-3800,5000)","0","kvm_matrix_lib","I5";
;
VALUE"0"
$LOCATION"?"
CODE"07090522"
CDS_LMAN_SYM_OUTLINE"-100,25,100,-25"
CDS_LIB"kvm_matrix_lib";
"A"49;
"B"26;
%"R"
"1","(-3850,6350)","0","kvm_matrix_lib","I6";
;
$LOCATION"?"
VALUE"100"
CODE"07090603"
CDS_LMAN_SYM_OUTLINE"-100,25,100,-25"
CDS_LIB"kvm_matrix_lib";
"A"37;
"B"30;
%"R"
"1","(-3850,6650)","0","kvm_matrix_lib","I7";
;
VALUE"100"
$LOCATION"?"
CODE"07090603"
CDS_LMAN_SYM_OUTLINE"-100,25,100,-25"
CDS_LIB"kvm_matrix_lib";
"A"23;
"B"42;
%"R"
"1","(-3850,6550)","0","kvm_matrix_lib","I8";
;
VALUE"100"
$LOCATION"?"
CODE"07090603"
CDS_LMAN_SYM_OUTLINE"-100,25,100,-25"
CDS_LIB"kvm_matrix_lib";
"A"22;
"B"41;
%"R"
"1","(-3850,6750)","0","kvm_matrix_lib","I9";
;
VALUE"100"
$LOCATION"?"
CODE"07090603"
CDS_LMAN_SYM_OUTLINE"-100,25,100,-25"
CDS_LIB"kvm_matrix_lib";
"A"21;
"B"43;
END.
