FILE_TYPE = CONNECTIVITY;
{Allegro Design Entry HDL 16.6-p007 (v16-6-112F) 10/10/2012}
"PAGE_NUMBER" = 79;
0"NC";
1"GND_SIGNAL\g";
2"Z7_PS_88E_MDI3_N";
3"Z7_PS_88E_MDI3_P";
4"Z7_PS_88E_MDI2_N";
5"Z7_PS_88E_MDI0_P";
6"Z7_PS_88E_MDI0_N";
7"Z7_PS_88E_MDI2_P";
8"UN$79$LB$I2$B";
9"V_Z7_PS_2V5_88E_AVDD";
10"Z7_PS_88E_MDI1_N";
11"Z7_PS_88E_MDI1_P";
%"RJ45-GE-MAGNETICS"
"1","(-5650,4900)","0","kvm_matrix_lib","I1";
;
CDS_LMAN_SYM_OUTLINE"-125,300,300,-500"
CDS_LIB"kvm_matrix_lib";
"M2"8;
"M1"8;
"10"1;
"9"9;
"8"2;
"7"3;
"6"4;
"5"7;
"4"10;
"3"11;
"2"6;
"1"5;
%"LB"
"1","(-4950,4450)","2","kvm_matrix_lib","I2";
;
$LOCATION"?"
VALUE"100MOHM"
CDS_LIB"kvm_matrix_lib"
CDS_LMAN_SYM_OUTLINE"-125,50,125,0"
CODE"10070008";
"B"8;
"A"1;
%"GND_SIGNAL"
"1","(-4600,4250)","0","standard","I3";
;
CDS_LIB"standard"
BODY_TYPE"PLUMBING"
HDL_POWER"GND_SIGNAL";
"GND"1;
END.
