FILE_TYPE = CONNECTIVITY;
{Allegro Design Entry HDL 16.6-p007 (v16-6-112F) 10/10/2012}
"PAGE_NUMBER" = 49;
0"NC";
1"V_A7_3V3_VCCO";
2"V_A7_3V3_VCCO";
3"V_A7_3V3_VCCO";
4"GND_SIGNAL\g";
5"GND_SIGNAL\g";
6"GND_SIGNAL\g";
7"GND_SIGNAL\g";
8"GND_SIGNAL\g";
9"GND_SIGNAL\g";
10"GND_SIGNAL\g";
11"GND_SIGNAL\g";
12"GND_SIGNAL\g";
13"GND_SIGNAL\g";
14"GND_SIGNAL\g";
15"GND_SIGNAL\g";
16"GND_SIGNAL\g";
17"V_A7_3V3_VCCO";
18"V_A7_3V3_VCCO";
19"V_A7_3V3_VCCO";
20"V_A7_3V3_VCCO";
21"V_A7_1V35_VCCO";
22"V_A7_1V2_MGTAVTT";
23"V_A7_1V2_MGTAVTT";
24"V_A7_1V0_MGTAVCC";
25"V_A7_3V3_VCCO";
26"V_A7_3V3_VCCO";
27"V_A7_3V3_VCCO";
28"V_A7_3V3_VCCO";
29"V_A7_3V3_VCCO";
30"V_A7_3V3";
31"V_A7_1V35_DDR";
32"V_A7_3V3_VCCO";
33"V_A7_1V0_MGTAVCC";
34"V_A7_1V2_MGTAVTT";
35"V_A7_1V2_MGTAVTT";
36"V_A7_1V2_MGTAVTT";
37"V_A7_3V3_VCCO";
38"V_A7_3V3_VCCO";
39"V_A7_3V3_VCCO";
40"V_A7_3V3_VCCO";
41"V_A7_3V3_VCCO";
42"V_A7_3V3_VCCO";
%"XC7A200TFFG1156"
"24","(-8800,5600)","0","ic","I1";
;
VALUE"XC7A200TFFG1156"
CDS_LIB"ic"
CDS_LMAN_SYM_OUTLINE"-125,1250,250,-100";
"AH5"32;
"AG8"32;
"AF11"32;
"AF1"32;
"AE4"32;
"AD7"32;
"AP7"19;
"AN10"19;
"AM3"19;
"AL6"19;
"AK9"19;
"AJ2"19;
"F26"2;
"E29"2;
"D32"2;
"C25"2;
"B28"2;
"A31"2;
"L31"1;
"K34"1;
"K24"1;
"J27"1;
"H30"1;
"G33"1;
"U33"42;
"T26"41;
"R29"41;
"P32"41;
"N25"41;
"M28"41;
"AB28"40;
"AA31"40;
"Y34"40;
"Y24"40;
"W27"40;
"V30"40;
"AH30"39;
"AG33"39;
"AF26"39;
"AE29"39;
"AD32"39;
"AC25"39;
"AP32"38;
"AN25"38;
"AM28"38;
"AL31"38;
"AK34"38;
"AJ27"38;
"T11"37;
"L13"37;
%"C"
"1","(-5550,5450)","0","capcitor","I10";
;
VALUE"0.1U"
CODE"08070262"
CDS_LIB"capcitor"
$LOCATION"?"
CDS_LMAN_SYM_OUTLINE"-50,0,50,-50";
"1"24;
"2"11;
%"CP"
"1","(-9300,4250)","0","capcitor","I100";
;
VALUE"47U-6.3V"
CODE"98010241"
CDS_LIB"capcitor"
$LOCATION"?"
CDS_LMAN_SYM_OUTLINE"-50,0,50,-50";
"2"15;
"1"28;
%"GND_SIGNAL"
"1","(-9350,3850)","0","standard","I101";
;
HDL_POWER"GND_SIGNAL"
BODY_TYPE"PLUMBING"
CDS_LIB"standard";
"GND"15;
%"GND_SIGNAL"
"1","(-8350,3850)","0","standard","I102";
;
CDS_LIB"standard"
BODY_TYPE"PLUMBING"
HDL_POWER"GND_SIGNAL";
"GND"14;
%"C"
"1","(-7100,4300)","0","capcitor","I103";
;
VALUE"4.7UF"
CODE"10081926"
CDS_LIB"capcitor"
$LOCATION"?"
CDS_LMAN_SYM_OUTLINE"-50,0,50,-50";
"1"25;
"2"13;
%"C"
"1","(-6400,4300)","0","capcitor","I104";
;
VALUE"470NF"
CODE"08070401"
CDS_LIB"capcitor"
$LOCATION"?"
CDS_LMAN_SYM_OUTLINE"-50,0,50,-50";
"1"25;
"2"13;
%"C"
"1","(-6550,4300)","0","capcitor","I105";
;
VALUE"470NF"
CODE"08070401"
CDS_LIB"capcitor"
$LOCATION"?"
CDS_LMAN_SYM_OUTLINE"-50,0,50,-50";
"1"25;
"2"13;
%"C"
"1","(-6700,4300)","0","capcitor","I106";
;
VALUE"470NF"
CODE"08070401"
CDS_LIB"capcitor"
$LOCATION"?"
CDS_LMAN_SYM_OUTLINE"-50,0,50,-50";
"1"25;
"2"13;
%"C"
"1","(-6850,4300)","0","capcitor","I107";
;
VALUE"470NF"
CODE"08070401"
CDS_LIB"capcitor"
$LOCATION"?"
CDS_LMAN_SYM_OUTLINE"-50,0,50,-50";
"1"25;
"2"13;
%"C"
"1","(-7250,4300)","0","capcitor","I108";
;
VALUE"4.7UF"
CODE"10081926"
CDS_LIB"capcitor"
$LOCATION"?"
CDS_LMAN_SYM_OUTLINE"-50,0,50,-50";
"1"25;
"2"13;
%"GND_SIGNAL"
"1","(-7300,3850)","0","standard","I109";
;
BODY_TYPE"PLUMBING"
HDL_POWER"GND_SIGNAL"
CDS_LIB"standard";
"GND"13;
%"C"
"1","(-5400,5450)","0","capcitor","I11";
;
VALUE"0.1U"
CODE"08070262"
CDS_LIB"capcitor"
$LOCATION"?"
CDS_LMAN_SYM_OUTLINE"-50,0,50,-50";
"1"24;
"2"11;
%"C"
"1","(-7750,3500)","0","capcitor","I110";
;
VALUE"470NF"
CODE"08070401"
CDS_LIB"capcitor"
$LOCATION"?"
CDS_LMAN_SYM_OUTLINE"-50,0,50,-50";
"1"18;
"2"12;
%"GND_SIGNAL"
"1","(-7300,3050)","0","standard","I111";
;
CDS_LIB"standard"
HDL_POWER"GND_SIGNAL"
BODY_TYPE"PLUMBING";
"GND"16;
%"C"
"1","(-6400,3500)","0","capcitor","I112";
;
CDS_LMAN_SYM_OUTLINE"-50,0,50,-50"
$LOCATION"?"
CDS_LIB"capcitor"
CODE"08070401"
VALUE"470NF";
"1"3;
"2"16;
%"C"
"1","(-6550,3500)","0","capcitor","I113";
;
CDS_LMAN_SYM_OUTLINE"-50,0,50,-50"
$LOCATION"?"
CDS_LIB"capcitor"
CODE"08070401"
VALUE"470NF";
"1"3;
"2"16;
%"C"
"1","(-6700,3500)","0","capcitor","I114";
;
CDS_LMAN_SYM_OUTLINE"-50,0,50,-50"
$LOCATION"?"
CDS_LIB"capcitor"
CODE"08070401"
VALUE"470NF";
"1"3;
"2"16;
%"C"
"1","(-6850,3500)","0","capcitor","I115";
;
CDS_LMAN_SYM_OUTLINE"-50,0,50,-50"
$LOCATION"?"
CDS_LIB"capcitor"
CODE"08070401"
VALUE"470NF";
"1"3;
"2"16;
%"C"
"1","(-7100,3500)","0","capcitor","I116";
;
CDS_LMAN_SYM_OUTLINE"-50,0,50,-50"
$LOCATION"?"
CDS_LIB"capcitor"
CODE"10081926"
VALUE"4.7UF";
"1"3;
"2"16;
%"C"
"1","(-7250,3500)","0","capcitor","I117";
;
CDS_LMAN_SYM_OUTLINE"-50,0,50,-50"
$LOCATION"?"
CDS_LIB"capcitor"
CODE"10081926"
VALUE"4.7UF";
"1"3;
"2"16;
%"C"
"1","(-7450,3500)","0","capcitor","I118";
;
VALUE"470NF"
CODE"08070401"
CDS_LIB"capcitor"
$LOCATION"?"
CDS_LMAN_SYM_OUTLINE"-50,0,50,-50";
"1"18;
"2"12;
%"C"
"1","(-7600,3500)","0","capcitor","I119";
;
VALUE"470NF"
CODE"08070401"
CDS_LIB"capcitor"
$LOCATION"?"
CDS_LMAN_SYM_OUTLINE"-50,0,50,-50";
"1"18;
"2"12;
%"C"
"1","(-5100,5450)","0","capcitor","I12";
;
VALUE"0.1U"
CODE"08070262"
CDS_LIB"capcitor"
$LOCATION"?"
CDS_LMAN_SYM_OUTLINE"-50,0,50,-50";
"1"24;
"2"11;
%"C"
"1","(-7900,3500)","0","capcitor","I120";
;
VALUE"470NF"
CODE"08070401"
CDS_LIB"capcitor"
$LOCATION"?"
CDS_LMAN_SYM_OUTLINE"-50,0,50,-50";
"1"18;
"2"12;
%"C"
"1","(-8150,3500)","0","capcitor","I121";
;
VALUE"4.7UF"
CODE"10081926"
CDS_LIB"capcitor"
$LOCATION"?"
CDS_LMAN_SYM_OUTLINE"-50,0,50,-50";
"1"18;
"2"12;
%"C"
"1","(-8300,3500)","0","capcitor","I122";
;
VALUE"4.7UF"
CODE"10081926"
CDS_LIB"capcitor"
$LOCATION"?"
CDS_LMAN_SYM_OUTLINE"-50,0,50,-50";
"1"18;
"2"12;
%"GND_SIGNAL"
"1","(-8350,3050)","0","standard","I123";
;
HDL_POWER"GND_SIGNAL"
BODY_TYPE"PLUMBING"
CDS_LIB"standard";
"GND"12;
%"C"
"1","(-8150,2650)","0","capcitor","I124";
;
CODE"10081926"
VALUE"4.7UF"
$LOCATION"?"
CDS_LMAN_SYM_OUTLINE"-50,0,50,-50"
CDS_LIB"capcitor";
"1"17;
"2"4;
%"C"
"1","(-7450,2650)","0","capcitor","I125";
;
CODE"08070401"
VALUE"470NF"
$LOCATION"?"
CDS_LMAN_SYM_OUTLINE"-50,0,50,-50"
CDS_LIB"capcitor";
"1"17;
"2"4;
%"C"
"1","(-7600,2650)","0","capcitor","I126";
;
CODE"08070401"
VALUE"470NF"
$LOCATION"?"
CDS_LMAN_SYM_OUTLINE"-50,0,50,-50"
CDS_LIB"capcitor";
"1"17;
"2"4;
%"C"
"1","(-7750,2650)","0","capcitor","I127";
;
CODE"08070401"
VALUE"470NF"
$LOCATION"?"
CDS_LMAN_SYM_OUTLINE"-50,0,50,-50"
CDS_LIB"capcitor";
"1"17;
"2"4;
%"C"
"1","(-7900,2650)","0","capcitor","I128";
;
CODE"08070401"
VALUE"470NF"
$LOCATION"?"
CDS_LMAN_SYM_OUTLINE"-50,0,50,-50"
CDS_LIB"capcitor";
"1"17;
"2"4;
%"C"
"1","(-8300,2650)","0","capcitor","I129";
;
CODE"10081926"
VALUE"4.7UF"
$LOCATION"?"
CDS_LMAN_SYM_OUTLINE"-50,0,50,-50"
CDS_LIB"capcitor";
"1"17;
"2"4;
%"C"
"1","(-5250,5450)","0","capcitor","I13";
;
VALUE"0.1U"
CODE"08070262"
CDS_LIB"capcitor"
$LOCATION"?"
CDS_LMAN_SYM_OUTLINE"-50,0,50,-50";
"1"24;
"2"11;
%"GND_SIGNAL"
"1","(-8350,2200)","0","standard","I130";
;
HDL_POWER"GND_SIGNAL"
BODY_TYPE"PLUMBING"
CDS_LIB"standard";
"GND"4;
%"C"
"1","(-4650,5450)","0","capcitor","I14";
;
VALUE"0.1U"
CODE"08070262"
CDS_LIB"capcitor"
$LOCATION"?"
CDS_LMAN_SYM_OUTLINE"-50,0,50,-50";
"1"24;
"2"11;
%"C"
"1","(-4500,5450)","0","capcitor","I15";
;
VALUE"0.1U"
CODE"08070262"
CDS_LIB"capcitor"
$LOCATION"?"
CDS_LMAN_SYM_OUTLINE"-50,0,50,-50";
"1"24;
"2"11;
%"C"
"1","(-4800,5450)","0","capcitor","I16";
;
VALUE"0.1U"
CODE"08070262"
CDS_LIB"capcitor"
$LOCATION"?"
CDS_LMAN_SYM_OUTLINE"-50,0,50,-50";
"1"24;
"2"11;
%"C"
"1","(-4950,5450)","0","capcitor","I17";
;
VALUE"0.1U"
CODE"08070262"
CDS_LIB"capcitor"
$LOCATION"?"
CDS_LMAN_SYM_OUTLINE"-50,0,50,-50";
"1"24;
"2"11;
%"C"
"1","(-3750,5450)","0","capcitor","I18";
;
VALUE"0.1U"
CODE"08070262"
CDS_LIB"capcitor"
$LOCATION"?"
CDS_LMAN_SYM_OUTLINE"-50,0,50,-50";
"1"24;
"2"11;
%"C"
"1","(-3600,5450)","0","capcitor","I19";
;
VALUE"0.1U"
CODE"08070262"
CDS_LIB"capcitor"
$LOCATION"?"
CDS_LMAN_SYM_OUTLINE"-50,0,50,-50";
"1"24;
"2"11;
%"XC7A200TFFG1156"
"16","(-4700,6050)","0","ic","I2";
;
VALUE"XC7A200TFFG1156"
CDS_LIB"ic"
CDS_LMAN_SYM_OUTLINE"-125,750,500,-100";
"F22"36;
"D21"36;
"D19"36;
"D17"36;
"D15"36;
"D13"36;
"B22"36;
"B20"36;
"B18"36;
"B16"36;
"B14"36;
"AN22"35;
"AN20"35;
"AN18"35;
"AN16"35;
"AN14"34;
"AL21"34;
"AL19"34;
"AL17"34;
"AL15"34;
"AL13"34;
"AJ22"34;
"H21"33;
"H19"33;
"H17"33;
"H15"33;
"F20"33;
"F18"33;
"F16"33;
"F14"33;
%"C"
"1","(-3450,5450)","0","capcitor","I20";
;
VALUE"0.1U"
CODE"08070262"
CDS_LIB"capcitor"
$LOCATION"?"
CDS_LMAN_SYM_OUTLINE"-50,0,50,-50";
"1"24;
"2"11;
%"C"
"1","(-3300,5450)","0","capcitor","I21";
;
VALUE"0.1U"
CODE"08070262"
CDS_LIB"capcitor"
$LOCATION"?"
CDS_LMAN_SYM_OUTLINE"-50,0,50,-50";
"1"24;
"2"11;
%"C"
"1","(-3900,5450)","0","capcitor","I22";
;
VALUE"0.1U"
CODE"08070262"
CDS_LIB"capcitor"
$LOCATION"?"
CDS_LMAN_SYM_OUTLINE"-50,0,50,-50";
"1"24;
"2"11;
%"C"
"1","(-4050,5450)","0","capcitor","I23";
;
VALUE"0.1U"
CODE"08070262"
CDS_LIB"capcitor"
$LOCATION"?"
CDS_LMAN_SYM_OUTLINE"-50,0,50,-50";
"1"24;
"2"11;
%"C"
"1","(-4200,5450)","0","capcitor","I24";
;
VALUE"0.1U"
CODE"08070262"
CDS_LIB"capcitor"
$LOCATION"?"
CDS_LMAN_SYM_OUTLINE"-50,0,50,-50";
"1"24;
"2"11;
%"C"
"1","(-4350,5450)","0","capcitor","I25";
;
VALUE"0.1U"
CODE"08070262"
CDS_LIB"capcitor"
$LOCATION"?"
CDS_LMAN_SYM_OUTLINE"-50,0,50,-50";
"1"24;
"2"11;
%"GND_SIGNAL"
"1","(-5850,5050)","0","standard","I26";
;
BODY_TYPE"PLUMBING"
HDL_POWER"GND_SIGNAL"
CDS_LIB"standard";
"GND"11;
%"C"
"1","(-5100,4550)","0","capcitor","I27";
;
VALUE"0.1U"
CODE"08070262"
CDS_LIB"capcitor"
$LOCATION"?"
CDS_LMAN_SYM_OUTLINE"-50,0,50,-50";
"1"23;
"2"10;
%"C"
"1","(-3300,4550)","0","capcitor","I28";
;
VALUE"0.1U"
CODE"08070262"
CDS_LIB"capcitor"
$LOCATION"?"
CDS_LMAN_SYM_OUTLINE"-50,0,50,-50";
"1"23;
"2"10;
%"C"
"1","(-3450,4550)","0","capcitor","I29";
;
VALUE"0.1U"
CODE"08070262"
CDS_LIB"capcitor"
$LOCATION"?"
CDS_LMAN_SYM_OUTLINE"-50,0,50,-50";
"1"23;
"2"10;
%"XC7A200TFFG1156"
"21","(-1200,2900)","0","ic","I3";
;
VALUE"XC7A200TFFG1156"
CDS_LIB"ic"
CDS_LMAN_SYM_OUTLINE"-125,1375,225,-125";
"AP27"7;
"AP24"7;
"AP22"7;
"AP20"7;
"AP18"7;
"AP16"7;
"AP14"7;
"AP12"7;
"AP2"7;
"AN30"7;
"AN24"7;
"AN12"7;
"AN5"7;
"AM33"7;
"AM24"7;
"AM23"7;
"AM21"7;
"AM19"7;
"AM17"7;
"AM15"7;
"AM13"7;
"AM12"7;
"AM8"7;
"AL26"7;
"AL23"7;
"AL12"7;
"AL11"7;
"AL1"7;
"AK29"8;
"AK24"8;
"AK23"8;
"AK22"8;
"AK20"8;
"AK18"8;
"AK16"8;
"AK14"8;
"AK12"8;
"AK4"8;
"AJ32"8;
"AJ23"8;
"AJ12"8;
"AJ7"8;
"AH25"8;
"AH23"8;
"AH21"8;
"AH19"8;
"AH17"8;
"AH15"8;
"AH13"8;
"AH12"8;
"AH10"8;
"AG28"8;
"AG23"8;
"AG22"8;
"AG13"8;
%"C"
"1","(-3600,4550)","0","capcitor","I30";
;
VALUE"0.1U"
CODE"08070262"
CDS_LIB"capcitor"
$LOCATION"?"
CDS_LMAN_SYM_OUTLINE"-50,0,50,-50";
"1"23;
"2"10;
%"C"
"1","(-3750,4550)","0","capcitor","I31";
;
VALUE"0.1U"
CODE"08070262"
CDS_LIB"capcitor"
$LOCATION"?"
CDS_LMAN_SYM_OUTLINE"-50,0,50,-50";
"1"23;
"2"10;
%"C"
"1","(-3900,4550)","0","capcitor","I32";
;
VALUE"0.1U"
CODE"08070262"
CDS_LIB"capcitor"
$LOCATION"?"
CDS_LMAN_SYM_OUTLINE"-50,0,50,-50";
"1"23;
"2"10;
%"C"
"1","(-4050,4550)","0","capcitor","I33";
;
VALUE"0.1U"
CODE"08070262"
CDS_LIB"capcitor"
$LOCATION"?"
CDS_LMAN_SYM_OUTLINE"-50,0,50,-50";
"1"23;
"2"10;
%"C"
"1","(-4200,4550)","0","capcitor","I34";
;
VALUE"0.1U"
CODE"08070262"
CDS_LIB"capcitor"
$LOCATION"?"
CDS_LMAN_SYM_OUTLINE"-50,0,50,-50";
"1"23;
"2"10;
%"C"
"1","(-4350,4550)","0","capcitor","I35";
;
VALUE"0.1U"
CODE"08070262"
CDS_LIB"capcitor"
$LOCATION"?"
CDS_LMAN_SYM_OUTLINE"-50,0,50,-50";
"1"23;
"2"10;
%"C"
"1","(-4500,4550)","0","capcitor","I36";
;
VALUE"0.1U"
CODE"08070262"
CDS_LIB"capcitor"
$LOCATION"?"
CDS_LMAN_SYM_OUTLINE"-50,0,50,-50";
"1"23;
"2"10;
%"C"
"1","(-4650,4550)","0","capcitor","I37";
;
VALUE"0.1U"
CODE"08070262"
CDS_LIB"capcitor"
$LOCATION"?"
CDS_LMAN_SYM_OUTLINE"-50,0,50,-50";
"1"23;
"2"10;
%"C"
"1","(-4800,4550)","0","capcitor","I38";
;
VALUE"0.1U"
CODE"08070262"
CDS_LIB"capcitor"
$LOCATION"?"
CDS_LMAN_SYM_OUTLINE"-50,0,50,-50";
"1"23;
"2"10;
%"C"
"1","(-4950,4550)","0","capcitor","I39";
;
VALUE"0.1U"
CODE"08070262"
CDS_LIB"capcitor"
$LOCATION"?"
CDS_LMAN_SYM_OUTLINE"-50,0,50,-50";
"1"23;
"2"10;
%"XC7A200TFFG1156"
"18","(-1200,4550)","0","ic","I4";
;
VALUE"XC7A200TFFG1156"
CDS_LIB"ic"
CDS_LMAN_SYM_OUTLINE"-125,1250,375,-100";
"P17"7;
"P15"7;
"P13"7;
"P2"7;
"N30"7;
"N22"7;
"N20"7;
"N18"7;
"N16"7;
"N14"7;
"N12"7;
"N5"7;
"M33"7;
"M23"7;
"M21"7;
"M19"7;
"M17"7;
"M15"7;
"M13"7;
"M8"7;
"L26"7;
"L20"7;
"L18"7;
"L16"7;
"L14"7;
"L11"8;
"L1"8;
"K29"8;
"K19"8;
"K17"8;
"K15"8;
"K4"8;
"J32"8;
"J22"8;
"J21"8;
"J20"8;
"J19"8;
"J18"8;
"J17"8;
"J16"8;
"J15"8;
"J14"8;
"J13"8;
"J7"8;
"H25"8;
"H23"8;
"H22"8;
"H13"8;
"H10"8;
"G28"8;
%"C"
"1","(-5250,4550)","0","capcitor","I40";
;
VALUE"0.1U"
CODE"08070262"
CDS_LIB"capcitor"
$LOCATION"?"
CDS_LMAN_SYM_OUTLINE"-50,0,50,-50";
"1"23;
"2"10;
%"C"
"1","(-5400,4550)","0","capcitor","I41";
;
VALUE"0.1U"
CODE"08070262"
CDS_LIB"capcitor"
$LOCATION"?"
CDS_LMAN_SYM_OUTLINE"-50,0,50,-50";
"1"23;
"2"10;
%"C"
"1","(-5550,4550)","0","capcitor","I42";
;
VALUE"0.1U"
CODE"08070262"
CDS_LIB"capcitor"
$LOCATION"?"
CDS_LMAN_SYM_OUTLINE"-50,0,50,-50";
"1"23;
"2"10;
%"C"
"1","(-5800,4550)","0","capcitor","I43";
;
VALUE"4.7UF"
CODE"10081926"
CDS_LIB"capcitor"
$LOCATION"?"
CDS_LMAN_SYM_OUTLINE"-50,0,50,-50";
"1"23;
"2"10;
%"GND_SIGNAL"
"1","(-5850,4150)","0","standard","I44";
;
CDS_LIB"standard"
BODY_TYPE"PLUMBING"
HDL_POWER"GND_SIGNAL";
"GND"10;
%"C"
"1","(-2400,4550)","0","capcitor","I45";
;
VALUE"0.1U"
CODE"08070262"
CDS_LIB"capcitor"
$LOCATION"?"
CDS_LMAN_SYM_OUTLINE"-50,0,50,-50";
"1"23;
"2"10;
%"C"
"1","(-2550,4550)","0","capcitor","I46";
;
VALUE"0.1U"
CODE"08070262"
CDS_LIB"capcitor"
$LOCATION"?"
CDS_LMAN_SYM_OUTLINE"-50,0,50,-50";
"1"23;
"2"10;
%"C"
"1","(-2700,4550)","0","capcitor","I47";
;
VALUE"0.1U"
CODE"08070262"
CDS_LIB"capcitor"
$LOCATION"?"
CDS_LMAN_SYM_OUTLINE"-50,0,50,-50";
"1"23;
"2"10;
%"C"
"1","(-2850,4550)","0","capcitor","I48";
;
VALUE"0.1U"
CODE"08070262"
CDS_LIB"capcitor"
$LOCATION"?"
CDS_LMAN_SYM_OUTLINE"-50,0,50,-50";
"1"23;
"2"10;
%"C"
"1","(-3000,4550)","0","capcitor","I49";
;
VALUE"0.1U"
CODE"08070262"
CDS_LIB"capcitor"
$LOCATION"?"
CDS_LMAN_SYM_OUTLINE"-50,0,50,-50";
"1"23;
"2"10;
%"XC7A200TFFG1156"
"17","(-1200,6050)","0","ic","I5";
;
VALUE"XC7A200TFFG1156"
CDS_LIB"ic"
CDS_LMAN_SYM_OUTLINE"-125,1250,325,-100";
"G23"7;
"G21"7;
"G19"7;
"G17"7;
"G15"7;
"G13"7;
"G12"7;
"G3"7;
"F31"7;
"F23"7;
"F12"7;
"F6"7;
"E34"7;
"E24"7;
"E23"7;
"E22"7;
"E20"7;
"E18"7;
"E16"7;
"E14"7;
"E12"7;
"E9"7;
"D27"7;
"D23"7;
"D12"7;
"D2"8;
"C30"8;
"C24"8;
"C23"8;
"C21"8;
"C19"8;
"C17"8;
"C15"8;
"C13"8;
"C12"8;
"C5"8;
"B33"8;
"B24"8;
"B12"8;
"B8"8;
"A26"8;
"A24"8;
"A22"8;
"A20"8;
"A18"8;
"A16"8;
"A14"8;
"A12"8;
"A11"8;
"A1"8;
%"C"
"1","(-3150,4550)","0","capcitor","I50";
;
VALUE"0.1U"
CODE"08070262"
CDS_LIB"capcitor"
$LOCATION"?"
CDS_LMAN_SYM_OUTLINE"-50,0,50,-50";
"1"23;
"2"10;
%"C"
"1","(-4350,3650)","0","capcitor","I51";
;
VALUE"0.1U"
CODE"08070262"
CDS_LIB"capcitor"
$LOCATION"?"
CDS_LMAN_SYM_OUTLINE"-50,0,50,-50";
"1"22;
"2"9;
%"C"
"1","(-3900,3650)","0","capcitor","I52";
;
VALUE"0.1U"
CODE"08070262"
CDS_LIB"capcitor"
$LOCATION"?"
CDS_LMAN_SYM_OUTLINE"-50,0,50,-50";
"1"22;
"2"9;
%"GND_SIGNAL"
"1","(-5850,3250)","0","standard","I53";
;
CDS_LIB"standard"
HDL_POWER"GND_SIGNAL"
BODY_TYPE"PLUMBING";
"GND"9;
%"C"
"1","(-2400,3650)","0","capcitor","I54";
;
VALUE"0.1U"
CODE"08070262"
CDS_LIB"capcitor"
$LOCATION"?"
CDS_LMAN_SYM_OUTLINE"-50,0,50,-50";
"1"22;
"2"9;
%"C"
"1","(-2550,3650)","0","capcitor","I55";
;
VALUE"0.1U"
CODE"08070262"
CDS_LIB"capcitor"
$LOCATION"?"
CDS_LMAN_SYM_OUTLINE"-50,0,50,-50";
"1"22;
"2"9;
%"C"
"1","(-2700,3650)","0","capcitor","I56";
;
VALUE"0.1U"
CODE"08070262"
CDS_LIB"capcitor"
$LOCATION"?"
CDS_LMAN_SYM_OUTLINE"-50,0,50,-50";
"1"22;
"2"9;
%"C"
"1","(-2850,3650)","0","capcitor","I57";
;
VALUE"0.1U"
CODE"08070262"
CDS_LIB"capcitor"
$LOCATION"?"
CDS_LMAN_SYM_OUTLINE"-50,0,50,-50";
"1"22;
"2"9;
%"C"
"1","(-3000,3650)","0","capcitor","I58";
;
VALUE"0.1U"
CODE"08070262"
CDS_LIB"capcitor"
$LOCATION"?"
CDS_LMAN_SYM_OUTLINE"-50,0,50,-50";
"1"22;
"2"9;
%"C"
"1","(-3150,3650)","0","capcitor","I59";
;
VALUE"0.1U"
CODE"08070262"
CDS_LIB"capcitor"
$LOCATION"?"
CDS_LMAN_SYM_OUTLINE"-50,0,50,-50";
"1"22;
"2"9;
%"GND_SIGNAL"
"1","(-1500,2500)","0","standard","I6";
;
BODY_TYPE"PLUMBING"
HDL_POWER"GND_SIGNAL"
CDS_LIB"standard";
"GND"8;
%"C"
"1","(-3300,3650)","0","capcitor","I60";
;
VALUE"0.1U"
CODE"08070262"
CDS_LIB"capcitor"
$LOCATION"?"
CDS_LMAN_SYM_OUTLINE"-50,0,50,-50";
"1"22;
"2"9;
%"C"
"1","(-3450,3650)","0","capcitor","I61";
;
VALUE"0.1U"
CODE"08070262"
CDS_LIB"capcitor"
$LOCATION"?"
CDS_LMAN_SYM_OUTLINE"-50,0,50,-50";
"1"22;
"2"9;
%"C"
"1","(-3750,3650)","0","capcitor","I62";
;
VALUE"0.1U"
CODE"08070262"
CDS_LIB"capcitor"
$LOCATION"?"
CDS_LMAN_SYM_OUTLINE"-50,0,50,-50";
"1"22;
"2"9;
%"C"
"1","(-3600,3650)","0","capcitor","I63";
;
VALUE"0.1U"
CODE"08070262"
CDS_LIB"capcitor"
$LOCATION"?"
CDS_LMAN_SYM_OUTLINE"-50,0,50,-50";
"1"22;
"2"9;
%"C"
"1","(-4050,3650)","0","capcitor","I64";
;
VALUE"0.1U"
CODE"08070262"
CDS_LIB"capcitor"
$LOCATION"?"
CDS_LMAN_SYM_OUTLINE"-50,0,50,-50";
"1"22;
"2"9;
%"C"
"1","(-4200,3650)","0","capcitor","I65";
;
VALUE"0.1U"
CODE"08070262"
CDS_LIB"capcitor"
$LOCATION"?"
CDS_LMAN_SYM_OUTLINE"-50,0,50,-50";
"1"22;
"2"9;
%"C"
"1","(-4500,3650)","0","capcitor","I66";
;
VALUE"0.1U"
CODE"08070262"
CDS_LIB"capcitor"
$LOCATION"?"
CDS_LMAN_SYM_OUTLINE"-50,0,50,-50";
"1"22;
"2"9;
%"C"
"1","(-4650,3650)","0","capcitor","I67";
;
VALUE"0.1U"
CODE"08070262"
CDS_LIB"capcitor"
$LOCATION"?"
CDS_LMAN_SYM_OUTLINE"-50,0,50,-50";
"1"22;
"2"9;
%"C"
"1","(-4800,3650)","0","capcitor","I68";
;
VALUE"0.1U"
CODE"08070262"
CDS_LIB"capcitor"
$LOCATION"?"
CDS_LMAN_SYM_OUTLINE"-50,0,50,-50";
"1"22;
"2"9;
%"C"
"1","(-4950,3650)","0","capcitor","I69";
;
VALUE"0.1U"
CODE"08070262"
CDS_LIB"capcitor"
$LOCATION"?"
CDS_LMAN_SYM_OUTLINE"-50,0,50,-50";
"1"22;
"2"9;
%"GND_SIGNAL"
"1","(-700,2500)","0","standard","I7";
;
BODY_TYPE"PLUMBING"
HDL_POWER"GND_SIGNAL"
CDS_LIB"standard";
"GND"7;
%"C"
"1","(-5100,3650)","0","capcitor","I70";
;
VALUE"0.1U"
CODE"08070262"
CDS_LIB"capcitor"
$LOCATION"?"
CDS_LMAN_SYM_OUTLINE"-50,0,50,-50";
"1"22;
"2"9;
%"C"
"1","(-5250,3650)","0","capcitor","I71";
;
VALUE"0.1U"
CODE"08070262"
CDS_LIB"capcitor"
$LOCATION"?"
CDS_LMAN_SYM_OUTLINE"-50,0,50,-50";
"1"22;
"2"9;
%"C"
"1","(-5400,3650)","0","capcitor","I72";
;
VALUE"0.1U"
CODE"08070262"
CDS_LIB"capcitor"
$LOCATION"?"
CDS_LMAN_SYM_OUTLINE"-50,0,50,-50";
"1"22;
"2"9;
%"C"
"1","(-5550,3650)","0","capcitor","I73";
;
VALUE"0.1U"
CODE"08070262"
CDS_LIB"capcitor"
$LOCATION"?"
CDS_LMAN_SYM_OUTLINE"-50,0,50,-50";
"1"22;
"2"9;
%"C"
"1","(-5800,3650)","0","capcitor","I74";
;
VALUE"4.7UF"
CODE"10081926"
CDS_LIB"capcitor"
$LOCATION"?"
CDS_LMAN_SYM_OUTLINE"-50,0,50,-50";
"1"22;
"2"9;
%"LB"
"1","(-9100,5100)","0","inductor","I75";
;
VALUE"100MOHM"
CODE"10070008"
CDS_LIB"inductor"
$LOCATION"?"
CDS_LMAN_SYM_OUTLINE"-125,50,125,0";
"B"21;
"A"31;
%"GND_SIGNAL"
"1","(-10200,1950)","0","standard","I83";
;
CDS_LIB"standard"
BODY_TYPE"PLUMBING"
HDL_POWER"GND_SIGNAL";
"GND"6;
%"C"
"1","(-5800,5450)","0","capcitor","I9";
;
VALUE"4.7UF"
CODE"10081926"
CDS_LIB"capcitor"
$LOCATION"?"
CDS_LMAN_SYM_OUTLINE"-50,0,50,-50";
"1"24;
"2"11;
%"CP"
"1","(-10150,2250)","0","capcitor","I90";
;
VALUE"47U-6.3V"
CODE"98010241"
CDS_LIB"capcitor"
$LOCATION"?"
CDS_LMAN_SYM_OUTLINE"-50,0,50,-50";
"2"6;
"1"27;
%"LB"
"1","(-9100,4850)","0","inductor","I91";
;
VALUE"100MOHM"
CODE"10070008"
CDS_LIB"inductor"
$LOCATION"?"
CDS_LMAN_SYM_OUTLINE"-125,50,125,0";
"B"20;
"A"30;
%"CP"
"1","(-10150,4250)","0","capcitor","I92";
;
VALUE"47U-6.3V"
CODE"98010241"
CDS_LIB"capcitor"
$LOCATION"?"
CDS_LMAN_SYM_OUTLINE"-50,0,50,-50";
"2"5;
"1"29;
%"GND_SIGNAL"
"1","(-10200,3850)","0","standard","I93";
;
CDS_LIB"standard"
HDL_POWER"GND_SIGNAL"
BODY_TYPE"PLUMBING";
"GND"5;
%"C"
"1","(-7900,4300)","0","capcitor","I94";
;
VALUE"470NF"
CODE"08070401"
CDS_LIB"capcitor"
$LOCATION"?"
CDS_LMAN_SYM_OUTLINE"-50,0,50,-50";
"1"26;
"2"14;
%"C"
"1","(-7750,4300)","0","capcitor","I95";
;
VALUE"470NF"
CODE"08070401"
CDS_LIB"capcitor"
$LOCATION"?"
CDS_LMAN_SYM_OUTLINE"-50,0,50,-50";
"1"26;
"2"14;
%"C"
"1","(-7450,4300)","0","capcitor","I96";
;
VALUE"470NF"
CODE"08070401"
CDS_LIB"capcitor"
$LOCATION"?"
CDS_LMAN_SYM_OUTLINE"-50,0,50,-50";
"1"26;
"2"14;
%"C"
"1","(-7600,4300)","0","capcitor","I97";
;
VALUE"470NF"
CODE"08070401"
CDS_LIB"capcitor"
$LOCATION"?"
CDS_LMAN_SYM_OUTLINE"-50,0,50,-50";
"1"26;
"2"14;
%"C"
"1","(-8150,4300)","0","capcitor","I98";
;
VALUE"4.7UF"
CODE"10081926"
CDS_LIB"capcitor"
$LOCATION"?"
CDS_LMAN_SYM_OUTLINE"-50,0,50,-50";
"1"26;
"2"14;
%"C"
"1","(-8300,4300)","0","capcitor","I99";
;
VALUE"4.7UF"
CODE"10081926"
CDS_LIB"capcitor"
$LOCATION"?"
CDS_LMAN_SYM_OUTLINE"-50,0,50,-50";
"1"26;
"2"14;
END.
