FILE_TYPE = CONNECTIVITY;
{Allegro Design Entry HDL 16.6-p007 (v16-6-112F) 10/10/2012}
"PAGE_NUMBER" = 65;
0"NC";
1"GND_SIGNAL\g";
2"GND_SIGNAL\g";
3"GND_SIGNAL\g";
4"GND_SIGNAL\g";
5"GND_SIGNAL\g";
6"GND_SIGNAL\g";
7"GND_SIGNAL\g";
8"GND_SIGNAL\g";
9"GND_SIGNAL\g";
10"V_Z7_1V0";
11"V_Z7_1V0_VCCINT_R";
12"V_Z7_5V0_IN";
13"UN$65$R$I14$B";
14"UN$65$R$I10$B";
15"V_Z7_5V0_IN";
16"UN$65$R$I17$B";
17"UN$65$R$I17$A";
18"Z7_1V0_VCCINT_PG";
19"UN$65$R$I14$A";
20"UN$65$TPSM84824$I13$16";
21"UN$65$C$I9$2";
22"UN$65$R$I11$B";
%"GND_SIGNAL"
"1","(-8850,4900)","0","standard","I1";
;
CDS_LIB"standard"
HDL_POWER"GND_SIGNAL"
BODY_TYPE"PLUMBING";
"GND"1;
%"R"
"1","(-7450,5550)","0","kvm_matrix_lib","I10";
;
$LOCATION"?"
VALUE"10M"
CDS_LIB"kvm_matrix_lib"
CDS_LMAN_SYM_OUTLINE"-100,25,100,-25"
CODE"07090233";
"A"9;
"B"14;
%"R"
"1","(-7450,5350)","0","kvm_matrix_lib","I11";
;
VALUE"3.09K-1%"
$LOCATION"?"
CDS_LIB"kvm_matrix_lib"
CDS_LMAN_SYM_OUTLINE"-100,25,100,-25"
CODE"97090133";
"A"7;
"B"22;
%"R"
"1","(-7450,5700)","0","kvm_matrix_lib","I12";
;
$LOCATION"?"
VALUE"10M"
CDS_LIB"kvm_matrix_lib"
CDS_LMAN_SYM_OUTLINE"-100,25,100,-25"
CODE"07090233";
"A"12;
"B"14;
%"TPSM84824"
"1","(-6700,5300)","0","kvm_matrix_lib","I13";
;
CDS_LIB"kvm_matrix_lib"
CDS_LMAN_SYM_OUTLINE"-125,600,325,-1100";
"24"19;
"23"5;
"22"12;
"21"6;
"20"6;
"19"6;
"18"6;
"17"20;
"16"20;
"15"6;
"14"6;
"13"6;
"12"6;
"11"12;
"10"14;
"9"5;
"8"11;
"7"18;
"6"21;
"5"22;
"4"0;
"3"5;
"2"17;
"1"11;
%"R"
"1","(-5750,4850)","0","kvm_matrix_lib","I14";
;
$LOCATION"?"
VALUE"120K-1%"
CDS_LIB"kvm_matrix_lib"
CDS_LMAN_SYM_OUTLINE"-100,25,100,-25"
CODE"07090432";
"A"19;
"B"13;
%"R"
"1","(-5350,5050)","0","kvm_matrix_lib","I15";
;
$LOCATION"?"
VALUE"47K-1%"
CDS_LIB"kvm_matrix_lib"
CDS_LMAN_SYM_OUTLINE"-100,25,100,-25"
CODE"07090449";
"A"18;
"B"15;
%"R"
"1","(-5200,4850)","0","kvm_matrix_lib","I16";
;
$LOCATION"?"
VALUE"4.02K-1%"
CDS_LIB"kvm_matrix_lib"
CDS_LMAN_SYM_OUTLINE"-100,25,100,-25"
CODE"97090140";
"A"13;
"B"2;
%"R"
"1","(-5750,5250)","0","kvm_matrix_lib","I17";
;
$LOCATION"?"
VALUE"4.7K"
CDS_LIB"kvm_matrix_lib"
CDS_LMAN_SYM_OUTLINE"-100,25,100,-25"
CODE"07090246";
"A"17;
"B"16;
%"R"
"1","(-6000,5550)","1","kvm_matrix_lib","I18";
;
$LOCATION"?"
VALUE"10K"
CDS_LIB"kvm_matrix_lib"
CDS_LMAN_SYM_OUTLINE"-100,25,100,-25"
CODE"07090035";
"A"17;
"B"11;
%"R"
"1","(-5200,5250)","2","kvm_matrix_lib","I19";
;
$LOCATION"?"
VALUE"10K"
CDS_LIB"kvm_matrix_lib"
CDS_LMAN_SYM_OUTLINE"-100,25,100,-25"
CODE"07090035";
"A"4;
"B"16;
%"C"
"1","(-8800,5450)","0","kvm_matrix_lib","I2";
;
$LOCATION"?"
VALUE"10UF"
CDS_LIB"kvm_matrix_lib"
CDS_LMAN_SYM_OUTLINE"-50,0,50,-50"
CODE"08070391";
"1"12;
"2"1;
%"GND_SIGNAL"
"1","(-4850,4800)","1","standard","I20";
;
CDS_LIB"standard"
HDL_POWER"GND_SIGNAL"
BODY_TYPE"PLUMBING";
"GND"2;
%"GND_SIGNAL"
"1","(-4150,4850)","0","standard","I21";
;
CDS_LIB"standard"
HDL_POWER"GND_SIGNAL"
BODY_TYPE"PLUMBING";
"GND"3;
%"GND_SIGNAL"
"1","(-4850,5200)","1","standard","I22";
;
CDS_LIB"standard"
HDL_POWER"GND_SIGNAL"
BODY_TYPE"PLUMBING";
"GND"4;
%"CP"
"1","(-4100,5400)","0","kvm_matrix_lib","I23";
;
$LOCATION"?"
VALUE"100U-6.3V"
CDS_LIB"kvm_matrix_lib"
CDS_LMAN_SYM_OUTLINE"-50,0,50,-50"
CODE"98010240";
"2"3;
"1"11;
%"CP"
"1","(-4000,5400)","0","kvm_matrix_lib","I24";
;
$LOCATION"?"
VALUE"100U-6.3V"
CDS_LIB"kvm_matrix_lib"
CDS_LMAN_SYM_OUTLINE"-50,0,50,-50"
CODE"98010240";
"2"3;
"1"11;
%"CP"
"1","(-3900,5400)","0","kvm_matrix_lib","I25";
;
$LOCATION"?"
VALUE"100U-6.3V"
CDS_LIB"kvm_matrix_lib"
CDS_LMAN_SYM_OUTLINE"-50,0,50,-50"
CODE"98010240";
"2"3;
"1"11;
%"R"
"1","(-3500,5850)","0","kvm_matrix_lib","I26";
;
$LOCATION"?"
VALUE"0.27"
CDS_LIB"kvm_matrix_lib"
CDS_LMAN_SYM_OUTLINE"-100,25,100,-25"
CODE"07090922";
"A"11;
"B"10;
%"R"
"1","(-3500,5900)","0","kvm_matrix_lib","I27";
;
$LOCATION"?"
VALUE"0.27"
CDS_LIB"kvm_matrix_lib"
CDS_LMAN_SYM_OUTLINE"-100,25,100,-25"
CODE"07090922";
"A"11;
"B"10;
%"R"
"1","(-3500,5950)","0","kvm_matrix_lib","I28";
;
$LOCATION"?"
VALUE"0.27"
CDS_LIB"kvm_matrix_lib"
CDS_LMAN_SYM_OUTLINE"-100,25,100,-25"
CODE"07090922";
"A"11;
"B"10;
%"R"
"1","(-3500,6050)","0","kvm_matrix_lib","I29";
;
$LOCATION"?"
VALUE"0.27"
CDS_LIB"kvm_matrix_lib"
CDS_LMAN_SYM_OUTLINE"-100,25,100,-25"
CODE"07090922";
"A"11;
"B"10;
%"C"
"1","(-8650,5450)","0","kvm_matrix_lib","I3";
;
VALUE"10UF"
$LOCATION"?"
CDS_LIB"kvm_matrix_lib"
CDS_LMAN_SYM_OUTLINE"-50,0,50,-50"
CODE"08070391";
"1"12;
"2"1;
%"R"
"1","(-3500,6000)","0","kvm_matrix_lib","I30";
;
$LOCATION"?"
VALUE"0.27"
CDS_LIB"kvm_matrix_lib"
CDS_LMAN_SYM_OUTLINE"-100,25,100,-25"
CODE"07090922";
"A"11;
"B"10;
%"R"
"1","(-3500,6100)","0","kvm_matrix_lib","I31";
;
$LOCATION"?"
VALUE"0.27"
CDS_LIB"kvm_matrix_lib"
CDS_LMAN_SYM_OUTLINE"-100,25,100,-25"
CODE"07090922";
"A"11;
"B"10;
%"R"
"1","(-3500,6200)","0","kvm_matrix_lib","I32";
;
$LOCATION"?"
VALUE"0.27"
CDS_LIB"kvm_matrix_lib"
CDS_LMAN_SYM_OUTLINE"-100,25,100,-25"
CODE"07090922";
"A"11;
"B"10;
%"R"
"1","(-3500,6150)","0","kvm_matrix_lib","I33";
;
$LOCATION"?"
VALUE"0.27"
CDS_LIB"kvm_matrix_lib"
CDS_LMAN_SYM_OUTLINE"-100,25,100,-25"
CODE"07090922";
"A"11;
"B"10;
%"GND_SIGNAL"
"1","(-6300,4050)","0","standard","I4";
;
CDS_LIB"standard"
BODY_TYPE"PLUMBING"
HDL_POWER"GND_SIGNAL";
"GND"5;
%"GND_SIGNAL"
"1","(-7000,4050)","0","standard","I5";
;
CDS_LIB"standard"
HDL_POWER"GND_SIGNAL"
BODY_TYPE"PLUMBING";
"GND"6;
%"GND_SIGNAL"
"1","(-7850,5300)","7","standard","I6";
;
CDS_LIB"standard"
HDL_POWER"GND_SIGNAL"
BODY_TYPE"PLUMBING";
"GND"7;
%"GND_SIGNAL"
"1","(-7850,5100)","7","standard","I7";
;
CDS_LIB"standard"
HDL_POWER"GND_SIGNAL"
BODY_TYPE"PLUMBING";
"GND"8;
%"GND_SIGNAL"
"1","(-7850,5500)","7","standard","I8";
;
CDS_LIB"standard"
BODY_TYPE"PLUMBING"
HDL_POWER"GND_SIGNAL";
"GND"9;
%"C"
"1","(-7450,5150)","1","kvm_matrix_lib","I9";
;
$LOCATION"?"
VALUE"22NF"
CDS_LIB"kvm_matrix_lib"
CDS_LMAN_SYM_OUTLINE"-50,0,50,-50"
CODE"08070246";
"1"8;
"2"21;
END.
