FILE_TYPE = CONNECTIVITY;
{Allegro Design Entry HDL 16.6-p007 (v16-6-112F) 10/10/2012}
"PAGE_NUMBER" = 14;
0"NC";
1"GND_SIGNAL\g";
2"GND_SIGNAL\g";
3"GND_SIGNAL\g";
4"GND_SIGNAL\g";
5"GND_SIGNAL\g";
6"GND_SIGNAL\g";
7"GND_SIGNAL\g";
8"GND_SIGNAL\g";
9"GND_SIGNAL\g";
10"GND_SIGNAL\g";
11"GND_SIGNAL\g";
12"GND_SIGNAL\g";
13"GND_SIGNAL\g";
14"GND_SIGNAL\g";
15"S7_CY7_A16";
16"S7_CY7_A13";
17"S7_CY7_A12";
18"S7_CY7_A10";
19"S7_CY7_A9";
20"S7_CY7_A8";
21"S7_CY7_A1";
22"S7_CY7_GPIO22";
23"S7_CY7_A2";
24"S7_CY7_OTGVBUS_TP";
25"S7_CY7_CSWITCHB_TP";
26"S7_CY7_CSWITCHA_TP";
27"S7_CY7_A3";
28"S7_CY7_GPIO30";
29"S7_CY7_GPIO31";
30"S7_CY7_GPIO3";
31"S7_CY7_GPIO2";
32"S7_CY7_GPIO1";
33"S7_CY7_GPIO4";
34"S7_CY7_GPIO5";
35"S7_CY7_GPIO16";
36"S7_CY7_GPIO15";
37"S7_CY7_GPIO17";
38"S7_CY7_GPIO0";
39"S7_CY7_RESET_N";
40"S7_CY7_GPIO10";
41"S7_CY7_GPIO11";
42"S7_CY7_GPIO12";
43"S7_CY7_GPIO13";
44"S7_CY7_GPIO14";
45"S7_CY7_GPIO8";
46"S7_CY7_GPIO7";
47"S7_CY7_GPIO6";
48"S7_CY7_GPIO9";
49"S7_CY7_GPIO20";
50"S7_CY7_GPIO19";
51"S7_CY7_GPIO21";
52"S7_CY7_GPIO23";
53"S7_CY7_GPIO18";
54"S7_CY7_GPIO24";
55"S7_CY7_GPIO25";
56"S7_CY7_GPIO29";
57"S7_CY7_GPIO28";
58"S7_CY7_GPIO27";
59"S7_CY7_GPIO26";
60"S7_CY7_GPIO28";
61"S7_CY7_GPIO27";
62"V_S7_3V3_CY7_VCC";
63"S7_CY7_SDA";
64"S7_CY7_SCL";
65"V_S7_3V3_CY7_VCC";
66"V_S7_3V3_CY7_VCC";
67"S7_CY7_D0";
68"S7_CY7_D1";
69"S7_CY7_D2";
70"S7_CY7_D1A_P";
71"S7_CY7_D1A_N";
72"S7_CY7_D9";
73"S7_CY7_D10";
74"S7_CY7_D11";
75"S7_CY7_D12";
76"S7_CY7_D13";
77"S7_CY7_D14";
78"S7_CY7_D15";
79"S7_CY7_BEL_N";
80"S7_CY7_BEH_N";
81"S7_CY7_WR_N";
82"S7_CY7_RD_N";
83"S7_CY7_A5";
84"S7_CY7_A11";
85"S7_CY_XROMSEL_N";
86"S7_CY_XMEMSEL_N";
87"S7_CY7_XTALIN";
88"S7_CY_XROMSEL_N";
89"S7_CY7_D6";
90"S7_CY7_D5";
91"S7_CY7_A6";
92"V_S7_3V3_CY7_VCC";
93"S7_CY7_D3";
94"S7_CY7_D4";
95"S7_CY7_D5";
96"S7_CY7_D6";
97"S7_CY7_D7";
98"S7_CY7_D8";
99"S7_CY7_D2B_N";
100"S7_CY_XMEMSEL_N";
101"V_S7_3V3_CY7_VCC";
102"V_S7_3V3_CY7_VCC";
103"S7_CY7_XTALIN";
104"S7_CY7_XTALOUT";
105"S7_CY7_XTALOUT";
106"S7_CY7_GPIO31";
107"S7_CY7_GPIO30";
108"S7_CY7_A15";
109"S7_CY7_SDA";
110"S7_CY7_SCL";
111"S7_CY7_A4";
112"V_S7_3V3_CY7_VCC";
113"V_S7_3V3";
114"S7_CY7_D1B_P";
115"S7_CY7_D2A_P";
116"S7_CY7_D2A_N";
117"S7_CY7_D2B_P";
118"S7_CY7_D1B_N";
119"S7_CY7_A14";
120"S7_CY7_A15";
121"V_S7_3V3_CY7_VCC";
122"S7_CY7_A18";
123"S7_CY7_A17";
124"S7_CY7_BEL_N";
125"S7_CY7_BEH_N";
126"S7_CY7_RD_N";
127"S7_CY7_SRAM_CS_N";
128"S7_CY7_A7";
129"S7_CY7_A6";
130"S7_CY_XRAMSEL_N";
131"S7_CY7_D13";
132"S7_CY7_D12";
133"S7_CY7_D11";
134"S7_CY7_D10";
135"S7_CY7_D9";
136"S7_CY7_A5";
137"S7_CY7_A4";
138"S7_CY7_A3";
139"S7_CY7_A2";
140"S7_CY7_A18";
141"S7_CY7_A16";
142"S7_CY7_A15";
143"S7_CY7_A14";
144"UN$14$R$I32$B";
145"S7_CY7_A7";
146"S7_CY7_A8";
147"S7_CY7_D15";
148"S7_CY7_D14";
149"S7_CY7_D8";
150"S7_CY7_A9";
151"S7_CY7_A10";
152"S7_CY7_A11";
153"S7_CY7_A12";
154"S7_CY7_A13";
155"S7_CY7_A17";
156"S7_CY7_WR_N";
157"S7_CY7_D7";
158"S7_CY7_D4";
159"S7_CY7_D3";
160"S7_CY7_D2";
161"S7_CY7_D1";
162"S7_CY7_D0";
163"S7_CY7_SRAM_CS_N";
164"S7_CY7_A1";
165"V_S7_3V3_CY7_VCC";
166"UN$14$EEPROM-512K$I41$7";
167"V_S7_3V3_CY7_VCC";
168"S7_CY_XRAMSEL_N";
169"S7_CY7_VSWITCH_TP";
170"V_S7_3V3_CY7_VCC";
%"CY7C67300"
"1","(-9150,5350)","0","kvm_matrix_lib","I1";
;
CDS_LMAN_SYM_OUTLINE"-125,2125,400,-2500"
CDS_LIB"kvm_matrix_lib";
"99"79;
"98"80;
"97"15;
"96"123;
"95"122;
"94"38;
"93"32;
"92"31;
"91"30;
"90"33;
"89"34;
"87"47;
"86"46;
"85"39;
"84"0;
"83"67;
"82"68;
"81"69;
"80"93;
"79"94;
"78"95;
"77"96;
"76"97;
"74"98;
"73"72;
"72"73;
"71"74;
"70"75;
"69"76;
"68"77;
"67"78;
"66"45;
"65"48;
"64"81;
"62"82;
"61"40;
"60"41;
"59"42;
"58"43;
"57"44;
"56"36;
"55"35;
"54"37;
"53"53;
"52"50;
"50"49;
"49"51;
"48"22;
"47"52;
"46"54;
"45"55;
"44"59;
"43"58;
"42"57;
"41"56;
"40"28;
"39"29;
"38"120;
"36"130;
"35"85;
"34"86;
"33"119;
"32"16;
"31"17;
"30"84;
"29"87;
"28"105;
"27"18;
"25"19;
"24"20;
"23"70;
"22"71;
"20"128;
"19"114;
"18"118;
"17"129;
"10"115;
"9"116;
"8"83;
"7"111;
"5"117;
"4"99;
"3"27;
"2"23;
"1"21;
%"GND_SIGNAL"
"1","(-7050,7000)","7","standard","I10";
;
CDS_LIB"standard"
HDL_POWER"GND_SIGNAL"
BODY_TYPE"PLUMBING";
"GND"1;
%"C"
"1","(-5450,2250)","0","kvm_matrix_lib","I11";
;
VALUE"0.1U"
$LOCATION"?"
CDS_LMAN_SYM_OUTLINE"-50,0,50,-50"
CDS_LIB"kvm_matrix_lib"
CODE"08070262";
"1"121;
"2"12;
%"C"
"1","(-5300,2250)","0","kvm_matrix_lib","I12";
;
$LOCATION"?"
VALUE"0.1U"
CDS_LMAN_SYM_OUTLINE"-50,0,50,-50"
CDS_LIB"kvm_matrix_lib"
CODE"08070262";
"1"121;
"2"12;
%"C"
"1","(-5150,2250)","0","kvm_matrix_lib","I13";
;
VALUE"0.1U"
$LOCATION"?"
CDS_LMAN_SYM_OUTLINE"-50,0,50,-50"
CDS_LIB"kvm_matrix_lib"
CODE"08070262";
"1"121;
"2"12;
%"C"
"1","(-5000,2250)","0","kvm_matrix_lib","I14";
;
$LOCATION"?"
VALUE"0.1U"
CDS_LMAN_SYM_OUTLINE"-50,0,50,-50"
CDS_LIB"kvm_matrix_lib"
CODE"08070262";
"1"121;
"2"12;
%"R"
"1","(-4000,7250)","2","kvm_matrix_lib","I15";
;
$LOCATION"?"
VALUE"0"
CODE"07090522"
CDS_LMAN_SYM_OUTLINE"-100,25,100,-25"
CDS_LIB"kvm_matrix_lib";
"A"2;
"B"26;
%"R"
"1","(-4000,7050)","2","kvm_matrix_lib","I16";
;
$LOCATION"?"
VALUE"0"
CODE"07090522"
CDS_LMAN_SYM_OUTLINE"-100,25,100,-25"
CDS_LIB"kvm_matrix_lib";
"A"2;
"B"25;
%"R"
"1","(-4000,6850)","2","kvm_matrix_lib","I17";
;
$LOCATION"?"
VALUE"0"
CODE"07090522"
CDS_LMAN_SYM_OUTLINE"-100,25,100,-25"
CDS_LIB"kvm_matrix_lib";
"A"2;
"B"24;
%"GND_SIGNAL"
"1","(-3550,6800)","1","standard","I18";
;
CDS_LIB"standard"
BODY_TYPE"PLUMBING"
HDL_POWER"GND_SIGNAL";
"GND"2;
%"CRYSTAL"
"1","(-5900,750)","1","kvm_matrix_lib","I19";
;
$LOCATION"?"
VALUE"12MHZ"
CDS_LMAN_SYM_OUTLINE"50,100,225,-100"
CDS_LIB"kvm_matrix_lib"
CODE"12020114";
"A1"103;
"A2"104;
%"CY7C67300"
"2","(-5450,6900)","0","kvm_matrix_lib","I2";
;
CDS_LMAN_SYM_OUTLINE"-125,400,275,-700"
CDS_LIB"kvm_matrix_lib";
"100"13;
"88"112;
"75"13;
"63"112;
"51"13;
"37"112;
"26"13;
"21"112;
"16"170;
"15"14;
"14"169;
"13"26;
"12"25;
"11"24;
"6"14;
%"C"
"1","(-6300,1200)","1","kvm_matrix_lib","I20";
;
$LOCATION"?"
VALUE"22PF"
CDS_LIB"kvm_matrix_lib"
CDS_LMAN_SYM_OUTLINE"-50,0,50,-50"
CODE"98070510";
"1"3;
"2"104;
%"C"
"1","(-6300,550)","1","kvm_matrix_lib","I21";
;
VALUE"22PF"
$LOCATION"?"
CODE"98070510"
CDS_LMAN_SYM_OUTLINE"-50,0,50,-50"
CDS_LIB"kvm_matrix_lib";
"1"4;
"2"103;
%"R"
"1","(-5550,850)","1","kvm_matrix_lib","I22";
;
VALUE"392K"
$LOCATION"?"
CDS_LMAN_SYM_OUTLINE"-100,25,100,-25"
CDS_LIB"kvm_matrix_lib"
CODE"07090584";
"A"103;
"B"104;
%"GND_SIGNAL"
"1","(-6750,1150)","7","standard","I23";
;
CDS_LIB"standard"
BODY_TYPE"PLUMBING"
HDL_POWER"GND_SIGNAL";
"GND"3;
%"GND_SIGNAL"
"1","(-6750,500)","7","standard","I24";
;
CDS_LIB"standard"
HDL_POWER"GND_SIGNAL"
BODY_TYPE"PLUMBING";
"GND"4;
%"C"
"1","(-2150,4450)","0","kvm_matrix_lib","I27";
;
$LOCATION"?"
VALUE"0.1U"
CODE"08070262"
CDS_LMAN_SYM_OUTLINE"-50,0,50,-50"
CDS_LIB"kvm_matrix_lib";
"1"65;
"2"5;
%"GND_SIGNAL"
"1","(-2350,4100)","0","standard","I28";
;
BODY_TYPE"PLUMBING"
HDL_POWER"GND_SIGNAL"
CDS_LIB"standard";
"GND"5;
%"GND_SIGNAL"
"1","(-1350,4800)","0","standard","I29";
;
BODY_TYPE"PLUMBING"
HDL_POWER"GND_SIGNAL"
CDS_LIB"standard";
"GND"6;
%"LB"
"1","(-6150,2450)","0","kvm_matrix_lib","I3";
;
$LOCATION"?"
VALUE"100MOHM"
CDS_LMAN_SYM_OUTLINE"-125,50,125,0"
CDS_LIB"kvm_matrix_lib"
CODE"10070008";
"B"121;
"A"113;
%"C"
"1","(-2300,4450)","0","kvm_matrix_lib","I30";
;
VALUE"0.1U"
$LOCATION"?"
CODE"08070262"
CDS_LIB"kvm_matrix_lib"
CDS_LMAN_SYM_OUTLINE"-50,0,50,-50";
"1"65;
"2"5;
%"SRAM"
"1","(-1800,6150)","0","kvm_matrix_lib","I31";
;
CDS_LIB"kvm_matrix_lib"
CDS_LMAN_SYM_OUTLINE"-125,1125,375,-1250";
"44"91;
"43"145;
"42"146;
"41"126;
"40"125;
"39"124;
"38"147;
"37"148;
"36"131;
"35"132;
"34"6;
"33"165;
"32"133;
"31"134;
"30"135;
"29"149;
"28"144;
"27"150;
"26"151;
"25"152;
"24"153;
"23"140;
"22"154;
"21"143;
"20"142;
"19"141;
"18"155;
"17"156;
"16"157;
"15"89;
"14"90;
"13"158;
"12"6;
"11"165;
"10"159;
"9"160;
"8"161;
"7"162;
"6"163;
"5"164;
"4"139;
"3"138;
"2"137;
"1"136;
%"R"
"1","(-1050,5350)","2","kvm_matrix_lib","I32";
;
VALUE"0"
$LOCATION"?"
CODE"07090522"
CDS_LIB"kvm_matrix_lib"
CDS_LMAN_SYM_OUTLINE"-100,25,100,-25";
"A"7;
"B"144;
%"GND_SIGNAL"
"1","(-700,5300)","1","standard","I33";
;
HDL_POWER"GND_SIGNAL"
BODY_TYPE"PLUMBING"
CDS_LIB"standard";
"GND"7;
%"R"
"1","(-4650,4200)","2","kvm_matrix_lib","I34";
;
VALUE"0"
$LOCATION"?"
CODE"07090522"
CDS_LMAN_SYM_OUTLINE"-100,25,100,-25"
CDS_LIB"kvm_matrix_lib";
"A"127;
"B"168;
%"R"
"1","(-4650,4000)","2","kvm_matrix_lib","I35";
;
$LOCATION"?"
VALUE"0"
CODE"07090522"
CDS_LIB"kvm_matrix_lib"
CDS_LMAN_SYM_OUTLINE"-100,25,100,-25";
"A"127;
"B"88;
%"R"
"1","(-4650,3800)","2","kvm_matrix_lib","I36";
;
VALUE"0"
$LOCATION"?"
CDS_LIB"kvm_matrix_lib"
CDS_LMAN_SYM_OUTLINE"-100,25,100,-25"
CODE"07090522";
"A"127;
"B"100;
%"R"
"1","(-5850,4200)","2","kvm_matrix_lib","I37";
;
$LOCATION"?"
VALUE"4.7K"
CDS_LIB"kvm_matrix_lib"
CDS_LMAN_SYM_OUTLINE"-100,25,100,-25"
CODE"07090246";
"A"168;
"B"102;
%"R"
"1","(-5850,4000)","2","kvm_matrix_lib","I38";
;
$LOCATION"?"
VALUE"4.7K"
CODE"07090246"
CDS_LMAN_SYM_OUTLINE"-100,25,100,-25"
CDS_LIB"kvm_matrix_lib";
"A"88;
"B"102;
%"R"
"1","(-5850,3800)","2","kvm_matrix_lib","I39";
;
VALUE"4.7K"
$LOCATION"?"
CDS_LIB"kvm_matrix_lib"
CDS_LMAN_SYM_OUTLINE"-100,25,100,-25"
CODE"07090246";
"A"100;
"B"102;
%"C"
"1","(-5850,2250)","0","kvm_matrix_lib","I4";
;
$LOCATION"?"
VALUE"10UF"
CDS_LMAN_SYM_OUTLINE"-50,0,50,-50"
CDS_LIB"kvm_matrix_lib"
CODE"08070391";
"1"121;
"2"12;
%"R"
"1","(-5200,3500)","2","kvm_matrix_lib","I40";
;
VALUE"47K-1%"
$LOCATION"?"
CODE"07090449"
CDS_LMAN_SYM_OUTLINE"-100,25,100,-25"
CDS_LIB"kvm_matrix_lib";
"A"108;
"B"101;
%"EEPROM-512K"
"1","(-1950,2750)","0","kvm_matrix_lib","I41";
;
CDS_LMAN_SYM_OUTLINE"-125,225,125,-200"
CDS_LIB"kvm_matrix_lib";
"8"167;
"7"166;
"6"110;
"5"109;
"4"9;
"3"11;
"2"11;
"1"11;
%"GND_SIGNAL"
"1","(-1550,950)","0","standard","I42";
;
HDL_POWER"GND_SIGNAL"
BODY_TYPE"PLUMBING"
CDS_LIB"standard";
"GND"8;
%"C"
"1","(-1500,1200)","0","kvm_matrix_lib","I43";
;
$LOCATION"?"
VALUE"0.1U"
CDS_LIB"kvm_matrix_lib"
CDS_LMAN_SYM_OUTLINE"-50,0,50,-50"
CODE"08070262";
"1"66;
"2"8;
%"GND_SIGNAL"
"1","(-1750,2400)","0","standard","I44";
;
CDS_LIB"standard"
HDL_POWER"GND_SIGNAL"
BODY_TYPE"PLUMBING";
"GND"9;
%"R"
"1","(-2450,2600)","2","kvm_matrix_lib","I45";
;
$LOCATION"?"
VALUE"0"
CODE"07090522"
CDS_LMAN_SYM_OUTLINE"-100,25,100,-25"
CDS_LIB"kvm_matrix_lib";
"A"166;
"B"10;
%"GND_SIGNAL"
"1","(-2850,2550)","7","standard","I46";
;
CDS_LIB"standard"
BODY_TYPE"PLUMBING"
HDL_POWER"GND_SIGNAL";
"GND"10;
%"GND_SIGNAL"
"1","(-2400,2650)","7","standard","I47";
;
BODY_TYPE"PLUMBING"
HDL_POWER"GND_SIGNAL"
CDS_LIB"standard";
"GND"11;
%"R"
"1","(-1450,2150)","2","kvm_matrix_lib","I48";
;
VALUE"0"
$LOCATION"?"
CODE"07090522"
CDS_LMAN_SYM_OUTLINE"-100,25,100,-25"
CDS_LIB"kvm_matrix_lib";
"A"64;
"B"106;
%"R"
"1","(-1450,2000)","2","kvm_matrix_lib","I49";
;
VALUE"0"
$LOCATION"?"
CDS_LIB"kvm_matrix_lib"
CDS_LMAN_SYM_OUTLINE"-100,25,100,-25"
CODE"07090522";
"A"64;
"B"107;
%"C"
"1","(-5600,2250)","0","kvm_matrix_lib","I5";
;
$LOCATION"?"
VALUE"0.1U"
CDS_LMAN_SYM_OUTLINE"-50,0,50,-50"
CDS_LIB"kvm_matrix_lib"
CODE"08070262";
"1"121;
"2"12;
%"R"
"1","(-1450,1850)","2","kvm_matrix_lib","I50";
;
VALUE"0"
$LOCATION"?"
CDS_LIB"kvm_matrix_lib"
CDS_LMAN_SYM_OUTLINE"-100,25,100,-25"
CODE"07090522";
"A"63;
"B"106;
%"R"
"1","(-1450,1700)","2","kvm_matrix_lib","I51";
;
VALUE"0"
$LOCATION"?"
CODE"07090522"
CDS_LMAN_SYM_OUTLINE"-100,25,100,-25"
CDS_LIB"kvm_matrix_lib";
"A"63;
"B"107;
%"R"
"1","(-2800,2150)","0","kvm_matrix_lib","I52";
;
$LOCATION"?"
VALUE"10K"
CDS_LIB"kvm_matrix_lib"
CDS_LMAN_SYM_OUTLINE"-100,25,100,-25"
CODE"07090035";
"A"62;
"B"106;
%"R"
"1","(-2800,1700)","0","kvm_matrix_lib","I53";
;
VALUE"10K"
$LOCATION"?"
CODE"07090035"
CDS_LMAN_SYM_OUTLINE"-100,25,100,-25"
CDS_LIB"kvm_matrix_lib";
"A"62;
"B"107;
%"HEAD1X2_S"
"1","(-9700,1850)","0","kvm_matrix_lib","I54";
;
$LOCATION"?"
CDS_LMAN_SYM_OUTLINE"-50,100,0,-50"
CDS_LIB"kvm_matrix_lib";
"P1"60;
"P2"61;
%"R"
"1","(-9500,2200)","3","kvm_matrix_lib","I55";
;
VALUE"4.7K"
$LOCATION"?"
CDS_LIB"kvm_matrix_lib"
CDS_LMAN_SYM_OUTLINE"-100,25,100,-25"
CODE"07090246";
"A"92;
"B"60;
%"R"
"1","(-9400,2200)","3","kvm_matrix_lib","I56";
;
VALUE"4.7K"
$LOCATION"?"
CDS_LIB"kvm_matrix_lib"
CDS_LMAN_SYM_OUTLINE"-100,25,100,-25"
CODE"07090246";
"A"92;
"B"61;
%"GND_SIGNAL"
"1","(-5900,1850)","0","standard","I6";
;
CDS_LIB"standard"
HDL_POWER"GND_SIGNAL"
BODY_TYPE"PLUMBING";
"GND"12;
%"GND_SIGNAL"
"1","(-5100,6050)","0","standard","I7";
;
CDS_LIB"standard"
BODY_TYPE"PLUMBING"
HDL_POWER"GND_SIGNAL";
"GND"13;
%"GND_SIGNAL"
"1","(-5750,6050)","0","standard","I8";
;
CDS_LIB"standard"
HDL_POWER"GND_SIGNAL"
BODY_TYPE"PLUMBING";
"GND"14;
%"R"
"1","(-6650,7050)","2","kvm_matrix_lib","I9";
;
VALUE"0"
$LOCATION"?"
CDS_LMAN_SYM_OUTLINE"-100,25,100,-25"
CDS_LIB"kvm_matrix_lib"
CODE"07090522";
"A"169;
"B"1;
END.
