FILE_TYPE = CONNECTIVITY;
{Allegro Design Entry HDL 16.6-p007 (v16-6-112F) 10/10/2012}
"PAGE_NUMBER" = 72;
0"NC";
1"GND_SIGNAL\g";
2"GND_SIGNAL\g";
3"GND_SIGNAL\g";
4"GND_SIGNAL\g";
5"GND_SIGNAL\g";
6"GND_SIGNAL\g";
7"Z7_USB1_DATA_P";
8"Z7_USB1_DATA_N";
9"V_Z7_5V0_USB1";
10"Z7_USB1_DATA_P";
11"Z7_USB2_DATA_N";
12"Z7_USB2_DATA_P";
13"V_Z7_5V0_IN";
14"V_Z7_5V0_USB1_J";
15"V_Z7_5V0_USB1";
16"V_Z7_5V0_IN";
17"V_Z7_5V0_USB2_J";
18"V_Z7_5V0_USB2";
19"V_Z7_5V0_USB1";
20"Z7_USB1_DATA_N";
21"V_Z7_5V0_USB2";
22"Z7_USB2_DATA_P";
23"Z7_USB2_DATA_N";
24"V_Z7_5V0_USB2";
%"GND_SIGNAL"
"1","(-9300,4050)","0","standard","I1";
;
HDL_POWER"GND_SIGNAL"
BODY_TYPE"PLUMBING"
CDS_LIB"standard";
"GND"1;
%"GND_SIGNAL"
"1","(-1900,3450)","0","standard","I10";
;
HDL_POWER"GND_SIGNAL"
BODY_TYPE"PLUMBING"
CDS_LIB"standard";
"GND"2;
%"CP"
"1","(-1850,3700)","0","kvm_matrix_lib","I11";
;
VALUE"100U-16V"
$LOCATION"?"
CODE"08020065"
CDS_LMAN_SYM_OUTLINE"-50,0,50,-50"
CDS_LIB"kvm_matrix_lib";
"2"2;
"1"16;
%"HEAD1X2_S"
"1","(-3600,5550)","0","kvm_matrix_lib","I12";
;
VALUE"HEAD1X2"
$LOCATION"?"
CODE"14050028"
CDS_LMAN_SYM_OUTLINE"-50,100,0,-50"
CDS_LIB"kvm_matrix_lib";
"P1"14;
"P2"15;
%"LB"
"1","(-2200,5600)","0","kvm_matrix_lib","I13";
;
VALUE"100MOHM"
$LOCATION"?"
CODE"10070008"
CDS_LMAN_SYM_OUTLINE"-125,50,125,0"
CDS_LIB"kvm_matrix_lib";
"B"13;
"A"14;
%"CP"
"1","(-1900,5450)","0","kvm_matrix_lib","I14";
;
VALUE"100U-16V"
$LOCATION"?"
CODE"08020065"
CDS_LMAN_SYM_OUTLINE"-50,0,50,-50"
CDS_LIB"kvm_matrix_lib";
"2"3;
"1"13;
%"GND_SIGNAL"
"1","(-1950,5200)","0","standard","I15";
;
HDL_POWER"GND_SIGNAL"
BODY_TYPE"PLUMBING"
CDS_LIB"standard";
"GND"3;
%"GND_SIGNAL"
"1","(-8700,4050)","0","standard","I2";
;
BODY_TYPE"PLUMBING"
HDL_POWER"GND_SIGNAL"
CDS_LIB"standard";
"GND"4;
%"USB_A_X2"
"1","(-9000,4650)","0","kvm_matrix_lib","I3";
;
CDS_LMAN_SYM_OUTLINE"-125,325,225,-425"
CDS_LIB"kvm_matrix_lib";
"12"4;
"11"4;
"10"1;
"9"1;
"8"4;
"7"12;
"6"11;
"5"24;
"4"4;
"3"10;
"2"8;
"1"9;
%"GND_SIGNAL"
"1","(-5750,3300)","0","standard","I4";
;
HDL_POWER"GND_SIGNAL"
BODY_TYPE"PLUMBING"
CDS_LIB"standard";
"GND"5;
%"TPD4S012"
"1","(-5450,3800)","0","kvm_matrix_lib","I5";
;
CDS_LMAN_SYM_OUTLINE"-125,175,125,-375"
CDS_LIB"kvm_matrix_lib";
"6"21;
"5"0;
"4"5;
"3"0;
"2"23;
"1"22;
%"GND_SIGNAL"
"1","(-5800,5000)","0","standard","I6";
;
HDL_POWER"GND_SIGNAL"
BODY_TYPE"PLUMBING"
CDS_LIB"standard";
"GND"6;
%"TPD4S012"
"1","(-5500,5500)","0","kvm_matrix_lib","I7";
;
CDS_LMAN_SYM_OUTLINE"-125,175,125,-375"
CDS_LIB"kvm_matrix_lib";
"6"19;
"5"0;
"4"6;
"3"0;
"2"20;
"1"7;
%"HEAD1X2_S"
"1","(-3550,3800)","0","kvm_matrix_lib","I8";
;
VALUE"HEAD1X2"
$LOCATION"?"
CODE"14050028"
CDS_LMAN_SYM_OUTLINE"-50,100,0,-50"
CDS_LIB"kvm_matrix_lib";
"P1"17;
"P2"18;
%"LB"
"1","(-2150,3850)","0","kvm_matrix_lib","I9";
;
VALUE"100MOHM"
$LOCATION"?"
CODE"10070008"
CDS_LMAN_SYM_OUTLINE"-125,50,125,0"
CDS_LIB"kvm_matrix_lib";
"B"16;
"A"17;
END.
