FILE_TYPE = CONNECTIVITY;
{Allegro Design Entry HDL 16.6-p007 (v16-6-112F) 10/10/2012}
"PAGE_NUMBER" = 70;
0"NC";
1"GND_SIGNAL\g";
2"GND_SIGNAL\g";
3"GND_SIGNAL\g";
4"GND_SIGNAL\g";
5"GND_SIGNAL\g";
6"GND_SIGNAL\g";
7"Z7_HDMI_DATA1_P";
8"Z7_HDMI_DATA1_N";
9"Z7_HDMI_CEC";
10"V_Z7_5V0_HDMI";
11"UN$70$R$I19$B";
12"Z7_HDMI_DATA0_P";
13"Z7_HDMI_DATA0_N";
14"Z7_HDMI_DATA2_R_P";
15"Z7_HDMI_DATA2_R_N";
16"Z7_HDMI_CLK_R_P";
17"Z7_HDMI_CLK_R_N";
18"Z7_HDMI_CLK_P";
19"V_Z7_5V0_HDMI";
20"Z7_HDMI_DATA2_N";
21"Z7_HDMI_DATA2_P";
22"Z7_HDMI_DATA1_P";
23"Z7_HDMI_DATA1_N";
24"Z7_HDMI_DATA2_P";
25"Z7_HDMI_DATA2_N";
26"Z7_HDMI_CLK_N";
27"Z7_HDMI_CEC";
28"Z7_HDMI_HP";
29"Z7_HDMI_DATA2_N";
30"Z7_HDMI_CLK_P";
31"Z7_HDMI_DATA2_P";
32"Z7_HDMI_DATA1_N";
33"Z7_HDMI_DATA1_P";
34"Z7_HDMI_DATA0_N";
35"Z7_HDMI_DATA0_P";
36"Z7_HDMI_SDA";
37"Z7_HDMI_SCL";
38"Z7_HDMI_HP";
39"Z7_HDMI_CEC";
40"Z7_HDMI_SDA";
41"Z7_HDMI_SCL";
42"Z7_HDMI_CLK_N";
43"Z7_HDMI_CLK_P";
44"Z7_HDMI_DATA1_N";
45"Z7_HDMI_DATA1_P";
46"Z7_HDMI_DATA0_N";
47"Z7_HDMI_DATA0_P";
48"Z7_HDMI_CLK_N";
49"Z7_HDMI_DATA2_N";
50"Z7_HDMI_DATA2_P";
51"Z7_HDMI_DATA0_N";
52"Z7_HDMI_DATA0_P";
53"Z7_HDMI_SCL";
54"Z7_HDMI_SDA";
55"Z7_HDMI_CLK_P";
56"Z7_HDMI_CLK_N";
57"V_Z7_5V0_IN";
58"Z7_HDMI_DATA0_R_P";
59"Z7_HDMI_DATA1_R_N";
60"Z7_HDMI_DATA1_R_P";
61"Z7_HDMI_DATA0_R_N";
62"Z7_HDMI_HP";
63"Z7_HDMI_SDA";
64"V_Z7_5V0_HDMI";
65"Z7_HDMI_SCL";
66"UN$70$AO3400$I31$1";
67"Z7_HDMI_SDA_Q";
68"V_Z7_3V3_VCCO";
69"UN$70$AO3400$I34$1";
70"Z7_HDMI_SCL_Q";
71"V_Z7_5V0_HDMI";
72"Z7_HDMI_CEC";
73"V_Z7_3V3_VCCO";
74"V_Z7_3V3_VCCO";
75"UN$70$DIODE$I37$A";
%"RCLAMP0524P"
"1","(-8650,3050)","0","kvm_matrix_lib","I1";
;
CDS_LIB"kvm_matrix_lib"
CDS_LMAN_SYM_OUTLINE"-125,275,200,-250";
"10"27;
"9"28;
"8"2;
"7"41;
"6"40;
"5"36;
"4"37;
"3"2;
"2"38;
"1"39;
%"DIODE"
"1","(-5000,4800)","0","kvm_matrix_lib","I10";
;
$LOCATION"?"
VALUE"MBRS120T3"
CDS_LIB"kvm_matrix_lib"
CDS_LMAN_SYM_OUTLINE"-50,50,50,-50"
CODE"15010058";
"K"19;
"A"57;
%"GND_SIGNAL"
"1","(-4750,4300)","0","standard","I11";
;
CDS_LIB"standard"
BODY_TYPE"PLUMBING"
HDL_POWER"GND_SIGNAL";
"GND"1;
%"C"
"1","(-4700,4600)","2","kvm_matrix_lib","I12";
;
$LOCATION"?"
VALUE"10UF"
CDS_LIB"kvm_matrix_lib"
CDS_LMAN_SYM_OUTLINE"-50,0,50,-50"
CODE"08070391";
"1"57;
"2"1;
%"R"
"1","(-4500,5450)","0","kvm_matrix_lib","I13";
;
$LOCATION"?"
VALUE"10"
CDS_LIB"kvm_matrix_lib"
CDS_LMAN_SYM_OUTLINE"-100,25,100,-25"
CODE"07090459";
"A"56;
"B"17;
%"R"
"1","(-4500,5550)","0","kvm_matrix_lib","I14";
;
$LOCATION"?"
VALUE"10"
CDS_LIB"kvm_matrix_lib"
CDS_LMAN_SYM_OUTLINE"-100,25,100,-25"
CODE"07090459";
"A"55;
"B"16;
%"R"
"1","(-4500,5700)","0","kvm_matrix_lib","I15";
;
$LOCATION"?"
VALUE"10"
CDS_LIB"kvm_matrix_lib"
CDS_LMAN_SYM_OUTLINE"-100,25,100,-25"
CODE"07090459";
"A"25;
"B"15;
%"R"
"1","(-4500,5800)","0","kvm_matrix_lib","I16";
;
VALUE"10"
$LOCATION"?"
CDS_LIB"kvm_matrix_lib"
CDS_LMAN_SYM_OUTLINE"-100,25,100,-25"
CODE"07090459";
"A"24;
"B"14;
%"R"
"1","(-4500,6050)","0","kvm_matrix_lib","I17";
;
$LOCATION"?"
VALUE"10"
CDS_LIB"kvm_matrix_lib"
CDS_LMAN_SYM_OUTLINE"-100,25,100,-25"
CODE"07090459";
"A"22;
"B"60;
%"R"
"1","(-4500,5950)","0","kvm_matrix_lib","I18";
;
$LOCATION"?"
VALUE"10"
CDS_LIB"kvm_matrix_lib"
CDS_LMAN_SYM_OUTLINE"-100,25,100,-25"
CODE"07090459";
"A"23;
"B"59;
%"R"
"1","(-5350,6600)","1","kvm_matrix_lib","I19";
;
$LOCATION"?"
VALUE"49.9"
CDS_LIB"kvm_matrix_lib"
CDS_LMAN_SYM_OUTLINE"-100,25,100,-25"
CODE"07090198";
"A"55;
"B"11;
%"GND_SIGNAL"
"1","(-8700,2550)","0","standard","I2";
;
CDS_LIB"standard"
HDL_POWER"GND_SIGNAL"
BODY_TYPE"PLUMBING";
"GND"2;
%"R"
"1","(-5450,6600)","1","kvm_matrix_lib","I20";
;
$LOCATION"?"
VALUE"49.9"
CDS_LIB"kvm_matrix_lib"
CDS_LMAN_SYM_OUTLINE"-100,25,100,-25"
CODE"07090198";
"A"56;
"B"11;
%"R"
"1","(-5150,6600)","1","kvm_matrix_lib","I21";
;
$LOCATION"?"
VALUE"49.9"
CDS_LIB"kvm_matrix_lib"
CDS_LMAN_SYM_OUTLINE"-100,25,100,-25"
CODE"07090198";
"A"24;
"B"11;
%"R"
"1","(-5250,6600)","1","kvm_matrix_lib","I22";
;
$LOCATION"?"
VALUE"49.9"
CDS_LIB"kvm_matrix_lib"
CDS_LMAN_SYM_OUTLINE"-100,25,100,-25"
CODE"07090198";
"A"25;
"B"11;
%"R"
"1","(-5050,6600)","1","kvm_matrix_lib","I23";
;
VALUE"49.9"
$LOCATION"?"
CDS_LIB"kvm_matrix_lib"
CDS_LMAN_SYM_OUTLINE"-100,25,100,-25"
CODE"07090198";
"A"23;
"B"11;
%"R"
"1","(-4950,6600)","1","kvm_matrix_lib","I24";
;
$LOCATION"?"
VALUE"49.9"
CDS_LIB"kvm_matrix_lib"
CDS_LMAN_SYM_OUTLINE"-100,25,100,-25"
CODE"07090198";
"A"22;
"B"11;
%"R"
"1","(-4850,6600)","1","kvm_matrix_lib","I25";
;
$LOCATION"?"
VALUE"49.9"
CDS_LIB"kvm_matrix_lib"
CDS_LMAN_SYM_OUTLINE"-100,25,100,-25"
CODE"07090198";
"A"13;
"B"11;
%"R"
"1","(-4500,6200)","0","kvm_matrix_lib","I26";
;
$LOCATION"?"
VALUE"10"
CDS_LIB"kvm_matrix_lib"
CDS_LMAN_SYM_OUTLINE"-100,25,100,-25"
CODE"07090459";
"A"13;
"B"61;
%"R"
"1","(-4500,6300)","0","kvm_matrix_lib","I27";
;
$LOCATION"?"
VALUE"10"
CDS_LIB"kvm_matrix_lib"
CDS_LMAN_SYM_OUTLINE"-100,25,100,-25"
CODE"07090459";
"A"12;
"B"58;
%"R"
"1","(-4750,6600)","1","kvm_matrix_lib","I28";
;
$LOCATION"?"
VALUE"49.9"
CDS_LIB"kvm_matrix_lib"
CDS_LMAN_SYM_OUTLINE"-100,25,100,-25"
CODE"07090198";
"A"12;
"B"11;
%"R"
"1","(-2050,2700)","1","kvm_matrix_lib","I29";
;
$LOCATION"?"
VALUE"1.8K-1%"
CDS_LIB"kvm_matrix_lib"
CDS_LMAN_SYM_OUTLINE"-100,25,100,-25"
CODE"97090132";
"A"63;
"B"64;
%"GND_SIGNAL"
"1","(-8700,3800)","0","standard","I3";
;
CDS_LIB"standard"
HDL_POWER"GND_SIGNAL"
BODY_TYPE"PLUMBING";
"GND"3;
%"R"
"1","(-2050,4200)","1","kvm_matrix_lib","I30";
;
$LOCATION"?"
VALUE"1.8K-1%"
CDS_LIB"kvm_matrix_lib"
CDS_LMAN_SYM_OUTLINE"-100,25,100,-25"
CODE"97090132";
"A"65;
"B"71;
%"AO3400"
"1","(-1750,2250)","3","kvm_matrix_lib","I31";
;
CDS_LIB"kvm_matrix_lib"
CDS_LMAN_SYM_OUTLINE"-125,125,125,-125";
"3"63;
"2"67;
"1"66;
%"R"
"1","(-1750,2750)","1","kvm_matrix_lib","I32";
;
$LOCATION"?"
VALUE"10K"
CDS_LIB"kvm_matrix_lib"
CDS_LMAN_SYM_OUTLINE"-100,25,100,-25"
CODE"07090035";
"A"66;
"B"68;
%"R"
"1","(-1500,2750)","1","kvm_matrix_lib","I33";
;
$LOCATION"?"
VALUE"1.8K-1%"
CDS_LIB"kvm_matrix_lib"
CDS_LMAN_SYM_OUTLINE"-100,25,100,-25"
CODE"97090132";
"A"67;
"B"68;
%"AO3400"
"1","(-1750,3750)","3","kvm_matrix_lib","I34";
;
CDS_LIB"kvm_matrix_lib"
CDS_LMAN_SYM_OUTLINE"-125,125,125,-125";
"3"65;
"2"70;
"1"69;
%"R"
"1","(-1750,4250)","1","kvm_matrix_lib","I35";
;
$LOCATION"?"
VALUE"10K"
CDS_LIB"kvm_matrix_lib"
CDS_LMAN_SYM_OUTLINE"-100,25,100,-25"
CODE"07090035";
"A"69;
"B"74;
%"R"
"1","(-1500,4250)","1","kvm_matrix_lib","I36";
;
$LOCATION"?"
VALUE"1.8K-1%"
CDS_LIB"kvm_matrix_lib"
CDS_LMAN_SYM_OUTLINE"-100,25,100,-25"
CODE"97090132";
"A"70;
"B"74;
%"DIODE"
"1","(-1450,6000)","1","kvm_matrix_lib","I37";
;
$LOCATION"?"
VALUE"1N4148"
CDS_LIB"kvm_matrix_lib"
CDS_LMAN_SYM_OUTLINE"-50,50,50,-50"
CODE"95010058";
"K"72;
"A"75;
%"R"
"1","(-1450,6500)","1","kvm_matrix_lib","I38";
;
$LOCATION"?"
VALUE"27.4K"
CDS_LIB"kvm_matrix_lib"
CDS_LMAN_SYM_OUTLINE"-100,25,100,-25"
CODE"07090320";
"A"75;
"B"73;
%"RCLAMP0524P"
"1","(-8650,4300)","0","kvm_matrix_lib","I4";
;
CDS_LIB"kvm_matrix_lib"
CDS_LMAN_SYM_OUTLINE"-125,275,200,-250";
"10"21;
"9"20;
"8"3;
"7"43;
"6"42;
"5"26;
"4"30;
"3"3;
"2"29;
"1"31;
%"GND_SIGNAL"
"1","(-8700,5050)","0","standard","I5";
;
CDS_LIB"standard"
BODY_TYPE"PLUMBING"
HDL_POWER"GND_SIGNAL";
"GND"4;
%"RCLAMP0524P"
"1","(-8650,5550)","0","kvm_matrix_lib","I6";
;
CDS_LIB"kvm_matrix_lib"
CDS_LMAN_SYM_OUTLINE"-125,275,200,-250";
"10"47;
"9"46;
"8"4;
"7"45;
"6"44;
"5"32;
"4"33;
"3"4;
"2"34;
"1"35;
%"GND_SIGNAL"
"1","(-5300,1950)","0","standard","I7";
;
CDS_LIB"standard"
HDL_POWER"GND_SIGNAL"
BODY_TYPE"PLUMBING";
"GND"5;
%"GND_SIGNAL"
"1","(-4500,1950)","0","standard","I8";
;
CDS_LIB"standard"
HDL_POWER"GND_SIGNAL"
BODY_TYPE"PLUMBING";
"GND"6;
%"HDMI-A"
"1","(-4950,3500)","0","kvm_matrix_lib","I9";
;
CDS_LIB"kvm_matrix_lib"
CDS_LMAN_SYM_OUTLINE"-125,500,325,-1150";
"23"5;
"22"5;
"21"5;
"20"5;
"19"62;
"18"10;
"17"6;
"16"54;
"15"53;
"14"0;
"13"9;
"12"48;
"11"5;
"10"18;
"9"51;
"8"5;
"7"52;
"6"8;
"5"5;
"4"7;
"3"49;
"2"5;
"1"50;
END.
