FILE_TYPE = CONNECTIVITY;
{Allegro Design Entry HDL 16.6-p007 (v16-6-112F) 10/10/2012}
"PAGE_NUMBER" = 45;
0"NC";
1"GND_SIGNAL\g";
2"GND_SIGNAL\g";
3"GND_SIGNAL\g";
4"GND_SIGNAL\g";
5"GND_SIGNAL\g";
6"GND_SIGNAL\g";
7"GND_SIGNAL\g";
8"GND_SIGNAL\g";
9"A7_PCIE_GTP_D2_P";
10"A7_PCIE_GTP_D1_P";
11"A7_PCIE_GTP_D0_N";
12"A7_GTP_PCIE_D7_P";
13"A7_GTP_PCIE_D7_N";
14"A7_PCIE_GTP_D8_P";
15"A7_PCIE_GTP_D8_N";
16"A7_PCIE_GTP_D9_P";
17"A7_PCIE_GTP_D9_N";
18"A7_PCIE_GTP_D10_P";
19"A7_PCIE_GTP_D10_N";
20"A7_PCIE_GTP_D11_P";
21"A7_PCIE_GTP_D11_N";
22"A7_GTP_PCIE_D8_P";
23"A7_GTP_PCIE_D8_N";
24"A7_GTP_PCIE_D9_P";
25"A7_GTP_PCIE_D9_N";
26"A7_GTP_PCIE_D10_P";
27"A7_GTP_PCIE_D10_N";
28"A7_GTP_PCIE_D11_P";
29"A7_GTP_PCIE_D11_N";
30"A7_PCIE_GTP_D4_P";
31"A7_PCIE_GTP_D4_N";
32"A7_PCIE_GTP_D5_P";
33"A7_PCIE_GTP_D5_N";
34"A7_PCIE_GTP_D6_P";
35"A7_PCIE_GTP_D6_N";
36"A7_PCIE_GTP_D7_P";
37"A7_PCIE_GTP_D7_N";
38"A7_GTP_PCIE_D4_P";
39"A7_GTP_PCIE_D4_N";
40"A7_GTP_PCIE_D5_P";
41"A7_GTP_PCIE_D5_N";
42"A7_GTP_PCIE_D6_P";
43"A7_GTP_PCIE_D6_N";
44"V_A7_5V0_IN";
45"A7_PCIE_GTP_D0_P";
46"A7_PCIE_GTP_D1_N";
47"A7_PCIE_GTP_D2_N";
48"A7_PCIE_GTP_D3_P";
49"A7_PCIE_GTP_D3_N";
50"V_A7_5V0_IN";
51"A7_GTP_PCIE_D0_P";
52"A7_GTP_PCIE_D0_N";
53"A7_GTP_PCIE_D1_P";
54"A7_GTP_PCIE_D1_N";
55"A7_GTP_PCIE_D2_P";
56"A7_GTP_PCIE_D2_N";
57"A7_GTP_PCIE_D3_P";
58"A7_GTP_PCIE_D3_N";
%"PCIE_X16"
"1","(-8900,4850)","0","connector","I1";
;
CDS_LIB"connector"
CDS_LMAN_SYM_OUTLINE"-125,1600,375,-1825";
"B32"3;
"B31"0;
"B30"0;
"B29"3;
"B28"58;
"B27"57;
"B26"3;
"B25"3;
"B24"56;
"B23"55;
"B22"3;
"B21"3;
"B20"54;
"B19"53;
"B18"3;
"B17"0;
"B16"3;
"B15"52;
"B14"51;
"B13"3;
"B12"0;
"B11"0;
"B10"50;
"B9"0;
"B8"50;
"B7"4;
"B6"0;
"B5"0;
"B4"4;
"B3"50;
"B2"50;
"B1"50;
"A32"0;
"A31"5;
"A30"49;
"A29"48;
"A28"5;
"A27"5;
"A26"47;
"A25"9;
"A24"5;
"A23"5;
"A22"46;
"A21"10;
"A20"5;
"A19"0;
"A18"5;
"A17"11;
"A16"45;
"A15"5;
"A14"0;
"A13"0;
"A12"5;
"A11"0;
"A10"44;
"A9"44;
"A8"0;
"A7"0;
"A6"0;
"A5"0;
"A4"8;
"A3"44;
"A2"44;
"A1"0;
%"GND_SIGNAL"
"1","(-1500,2650)","0","standard","I10";
;
CDS_LIB"standard"
HDL_POWER"GND_SIGNAL"
BODY_TYPE"PLUMBING";
"GND"1;
%"GND_SIGNAL"
"1","(-2300,2650)","0","standard","I11";
;
CDS_LIB"standard"
BODY_TYPE"PLUMBING"
HDL_POWER"GND_SIGNAL";
"GND"2;
%"PCIE_X16"
"2","(-5550,5400)","0","connector","I2";
;
CDS_LIB"connector"
CDS_LMAN_SYM_OUTLINE"-125,850,375,-850";
"B49"7;
"B48"0;
"B47"7;
"B46"13;
"B45"12;
"B44"7;
"B43"7;
"B42"43;
"B41"42;
"B40"7;
"B39"7;
"B38"41;
"B37"40;
"B36"7;
"B35"7;
"B34"39;
"B33"38;
"A49"6;
"A48"37;
"A47"36;
"A46"6;
"A45"6;
"A44"35;
"A43"34;
"A42"6;
"A41"6;
"A40"33;
"A39"32;
"A38"6;
"A37"6;
"A36"31;
"A35"30;
"A34"6;
"A33"0;
%"PCIE_X16"
"3","(-2000,4650)","0","connector","I3";
;
CDS_LIB"connector"
CDS_LMAN_SYM_OUTLINE"-125,1650,375,-1650";
"B82"0;
"B81"0;
"B80"2;
"B79"0;
"B78"0;
"B77"2;
"B76"2;
"B75"0;
"B74"0;
"B73"2;
"B72"2;
"B71"0;
"B70"0;
"B69"2;
"B68"2;
"B67"0;
"B66"0;
"B65"2;
"B64"2;
"B63"29;
"B62"28;
"B61"2;
"B60"2;
"B59"27;
"B58"26;
"B57"2;
"B56"2;
"B55"25;
"B54"24;
"B53"2;
"B52"2;
"B51"23;
"B50"22;
"A82"1;
"A81"0;
"A80"0;
"A79"1;
"A78"1;
"A77"0;
"A76"0;
"A75"1;
"A74"1;
"A73"0;
"A72"0;
"A71"1;
"A70"1;
"A69"0;
"A68"0;
"A67"1;
"A66"1;
"A65"21;
"A64"20;
"A63"1;
"A62"1;
"A61"19;
"A60"18;
"A59"1;
"A58"1;
"A57"17;
"A56"16;
"A55"1;
"A54"1;
"A53"15;
"A52"14;
"A51"1;
"A50"0;
%"GND_SIGNAL"
"1","(-9200,2750)","0","standard","I4";
;
CDS_LIB"standard"
BODY_TYPE"PLUMBING"
HDL_POWER"GND_SIGNAL";
"GND"3;
%"GND_SIGNAL"
"1","(-9500,5750)","7","standard","I5";
;
BODY_TYPE"PLUMBING"
HDL_POWER"GND_SIGNAL"
CDS_LIB"standard";
"GND"4;
%"GND_SIGNAL"
"1","(-8100,6050)","1","standard","I6";
;
HDL_POWER"GND_SIGNAL"
BODY_TYPE"PLUMBING"
CDS_LIB"standard";
"GND"8;
%"GND_SIGNAL"
"1","(-8400,2750)","0","standard","I7";
;
CDS_LIB"standard"
HDL_POWER"GND_SIGNAL"
BODY_TYPE"PLUMBING";
"GND"5;
%"GND_SIGNAL"
"1","(-5050,4100)","0","standard","I8";
;
BODY_TYPE"PLUMBING"
HDL_POWER"GND_SIGNAL"
CDS_LIB"standard";
"GND"6;
%"GND_SIGNAL"
"1","(-5850,4100)","0","standard","I9";
;
HDL_POWER"GND_SIGNAL"
BODY_TYPE"PLUMBING"
CDS_LIB"standard";
"GND"7;
END.
