FILE_TYPE = CONNECTIVITY;
{Allegro Design Entry HDL 16.6-p007 (v16-6-112F) 10/10/2012}
"PAGE_NUMBER" = 92;
0"NC";
1"GND_SIGNAL\g";
2"Z7_PL_DDR_BA0";
3"Z7_PL_DDR_DQS0_P";
4"Z7_PL_DDR_WE_N";
5"Z7_PL_DDR_A12";
6"Z7_PL_DDR_DQS1_N";
7"Z7_PL_DDR_A9";
8"Z7_PL_DDR_A8";
9"Z7_PL_DDR_CLK_P";
10"Z7_PL_DDR_CLK_N";
11"Z7_PL_DDR_VREF";
12"V_Z7_PL_1V35_DDR";
13"Z7_PL_DDR_A7";
14"Z7_PL_DDR_DM1";
15"Z7_PL_DDR_DQ15";
16"Z7_PL_DDR_DQS1_P";
17"Z7_PL_DDR_A10";
18"Z7_PL_DDR_A11";
19"Z7_PL_DDR_A13";
20"Z7_PL_DDR_A14";
21"Z7_PL_DDR_VREF";
22"Z7_PL_DDR_A15";
23"Z7_PL_DDR_DM0";
24"Z7_PL_DDR_CAS_N";
25"Z7_PL_DDR_DQS0_N";
26"Z7_PL_DDR_RAS_N";
27"Z7_PL_DDR_CS_N";
28"Z7_PL_DDR_BA1";
29"Z7_PL_DDR_BA2";
30"Z7_PL_DDR_A6";
31"Z7_PL_DDR_A5";
32"Z7_PL_DDR_A4";
33"Z7_PL_DDR_A3";
34"Z7_PL_DDR_A2";
35"Z7_PL_DDR_A1";
36"Z7_PL_DDR_A0";
37"Z7_PL_DDR_DQ0";
38"Z7_PL_DDR_DQ1";
39"Z7_PL_DDR_DQ2";
40"Z7_PL_DDR_DQ3";
41"Z7_PL_DDR_DQ4";
42"Z7_PL_DDR_DQ5";
43"Z7_PL_DDR_ODT";
44"Z7_PL_DDR_DQ6";
45"Z7_PL_DDR_DQ7";
46"Z7_PL_DDR_DQ8";
47"Z7_PL_DDR_CKE";
48"Z7_PL_DDR_DQ14";
49"Z7_PL_DDR_DQ13";
50"Z7_PL_DDR_DQ12";
51"Z7_PL_DDR_DQ11";
52"Z7_PL_DDR_DQ10";
53"Z7_PL_DDR_DQ9";
%"XC7Z015_1CLG485C"
"3","(-6450,4300)","0","kvm_matrix_lib","I1";
;
VALUE"XC7Z015_1CLG485C"
CDS_LIB"kvm_matrix_lib"
CDS_LMAN_SYM_OUTLINE"-125,1250,1175,-100";
"R8"47;
"R7"15;
"P7"48;
"R4"49;
"R5"50;
"M3"51;
"M4"52;
"N3"53;
"N4"46;
"P5"45;
"P6"44;
"N5"43;
"N6"42;
"P2"41;
"P3"40;
"R2"39;
"R3"38;
"P1"37;
"N1"36;
"M1"35;
"M2"34;
"U1"33;
"U2"32;
"T1"31;
"T2"30;
"L4"10;
"L5"9;
"K3"13;
"K4"8;
"L1"7;
"L2"17;
"K2"6;
"J3"16;
"J1"18;
"J2"5;
"K5"19;
"J5"20;
"M7"21;
"M8"22;
"P8"14;
"N8"23;
"M6"4;
"L6"24;
"L7"25;
"K7"3;
"J6"26;
"J7"27;
"K8"2;
"J8"28;
"H8"29;
%"C"
"1","(-6400,2400)","2","kvm_matrix_lib","I2";
;
$LOCATION"?"
VALUE"1U"
CDS_LIB"kvm_matrix_lib"
CDS_LMAN_SYM_OUTLINE"-50,0,50,-50"
CODE"98070403";
"1"11;
"2"1;
%"C"
"1","(-6200,2400)","0","kvm_matrix_lib","I3";
;
$LOCATION"?"
VALUE"0.01U"
CDS_LIB"kvm_matrix_lib"
CDS_LMAN_SYM_OUTLINE"-50,0,50,-50"
CODE"08070247";
"1"11;
"2"1;
%"C"
"1","(-6200,3000)","0","kvm_matrix_lib","I4";
;
$LOCATION"?"
VALUE"0.01U"
CDS_LIB"kvm_matrix_lib"
CDS_LMAN_SYM_OUTLINE"-50,0,50,-50"
CODE"08070247";
"1"12;
"2"11;
%"GND_SIGNAL"
"1","(-6000,1950)","0","standard","I5";
;
CDS_LIB"standard"
HDL_POWER"GND_SIGNAL"
BODY_TYPE"PLUMBING";
"GND"1;
%"R"
"1","(-5950,2950)","1","kvm_matrix_lib","I6";
;
$LOCATION"?"
VALUE"1K-1%"
CDS_LIB"kvm_matrix_lib"
CDS_LMAN_SYM_OUTLINE"-100,25,100,-25"
CODE"07090549";
"A"11;
"B"12;
%"R"
"1","(-5950,2350)","1","kvm_matrix_lib","I7";
;
$LOCATION"?"
VALUE"1K-1%"
CDS_LIB"kvm_matrix_lib"
CDS_LMAN_SYM_OUTLINE"-100,25,100,-25"
CODE"07090549";
"A"1;
"B"11;
END.
