FILE_TYPE = CONNECTIVITY;
{Allegro Design Entry HDL 16.6-p007 (v16-6-112F) 10/10/2012}
"PAGE_NUMBER" = 98;
0"NC";
1"V_A7_5V0_IN";
2"V_A7_5V0_USBHUB_VBUS1";
3"GND_SIGNAL\g";
4"GND_SIGNAL\g";
5"GND_SIGNAL\g";
6"GND_SIGNAL\g";
7"GND_SIGNAL\g";
8"V_A7_3V3_USBPHY";
9"V_A7_3V3_USBPHY";
10"A7_USBPHY_DATA1";
11"V_A7_3V3_USBPHY_VDDA";
12"A7_USBPHY_CLK";
13"A7_USBPHY_STP";
14"A7_USBPHY_DATA7";
15"V_A7_5V0_USBPHY_VBUS";
16"A7_USBPHY_DATA_P";
17"V_A7_3V3_USBPHY";
18"A7_USBPHY_EXTVBUS";
19"A7_USBHUB_OVCUR2_N";
20"A7_USBHUB_OVCUR1_N";
21"V_A7_3V3_USBPHY";
22"A7_USBHUB_OVCUR3_N";
23"A7_USBHUB_OVCUR4_N";
24"A7_USBPHY_RESET";
25"A7_USBPHY_XTALOUT";
26"A7_USBPHY_XTALIN";
27"A7_USBPHY_ID";
28"V_A7_3V3_USBPHY";
29"V_A7_1V8_USBPHY_VDD";
30"V_A7_3V3";
31"V_A7_5V0_USBPHY_VBUS";
32"A7_USBPHY_DATA0";
33"A7_USBPHY_DATA2";
34"A7_USBPHY_DATA3";
35"A7_USBPHY_DATA4";
36"A7_USBPHY_DATA5";
37"A7_USBPHY_DATA6";
38"A7_USBPHY_CPEN";
39"A7_USBPHY_EXTVBUS";
40"A7_USBPHY_NXT";
41"A7_USBPHY_DIR";
42"A7_USBPHY_ID";
43"A7_USBPHY_DATA_N";
44"A7_USBPHY_RBIAS";
45"A7_USBPHY_RESET";
46"A7_USBPHY_CPEN";
47"V_A7_5V0_USBHUB_VBUS2";
48"V_A7_5V0_USBHUB_VBUS4";
49"V_A7_5V0_USBHUB_VBUS3";
%"DIODE"
"1","(-7500,2250)","0","diode","I1";
;
CODE"15010058"
VALUE"MBRS120T3"
$LOCATION"?"
CDS_LMAN_SYM_OUTLINE"-50,50,50,-50"
CDS_LIB"diode";
"K"31;
"A"48;
%"C"
"1","(-7050,4150)","0","capcitor","I10";
;
CODE"08070391"
VALUE"10UF"
$LOCATION"?"
CDS_LMAN_SYM_OUTLINE"-50,0,50,-50"
CDS_LIB"capcitor";
"1"17;
"2"3;
%"C"
"1","(-6850,4150)","0","capcitor","I11";
;
CODE"08070262"
VALUE"0.1U"
$LOCATION"?"
CDS_LMAN_SYM_OUTLINE"-50,0,50,-50"
CDS_LIB"capcitor";
"1"17;
"2"3;
%"C"
"1","(-6700,4150)","0","capcitor","I12";
;
CODE"08070262"
VALUE"0.1U"
$LOCATION"?"
CDS_LMAN_SYM_OUTLINE"-50,0,50,-50"
CDS_LIB"capcitor";
"1"17;
"2"3;
%"C"
"1","(-6550,4150)","0","capcitor","I13";
;
CODE"08070262"
VALUE"0.1U"
$LOCATION"?"
CDS_LMAN_SYM_OUTLINE"-50,0,50,-50"
CDS_LIB"capcitor";
"1"17;
"2"3;
%"C"
"1","(-6400,4150)","0","capcitor","I14";
;
CODE"08070262"
VALUE"0.1U"
$LOCATION"?"
CDS_LMAN_SYM_OUTLINE"-50,0,50,-50"
CDS_LIB"capcitor";
"1"17;
"2"3;
%"C"
"1","(-6200,4150)","0","capcitor","I15";
;
CODE"08070230"
VALUE"100P"
$LOCATION"?"
CDS_LMAN_SYM_OUTLINE"-50,0,50,-50"
CDS_LIB"capcitor";
"1"17;
"2"3;
%"GND_SIGNAL"
"1","(-6650,5150)","0","standard","I16";
;
HDL_POWER"GND_SIGNAL"
BODY_TYPE"PLUMBING"
CDS_LIB"standard";
"GND"7;
%"C"
"1","(-6600,5550)","0","capcitor","I17";
;
CODE"08070391"
VALUE"10UF"
$LOCATION"?"
CDS_LMAN_SYM_OUTLINE"-50,0,50,-50"
CDS_LIB"capcitor";
"1"11;
"2"7;
%"C"
"1","(-6450,5550)","0","capcitor","I18";
;
CODE"08070230"
VALUE"100P"
$LOCATION"?"
CDS_LMAN_SYM_OUTLINE"-50,0,50,-50"
CDS_LIB"capcitor";
"1"11;
"2"7;
%"C"
"1","(-5500,5550)","0","capcitor","I19";
;
CODE"08070230"
VALUE"100P"
$LOCATION"?"
CDS_LMAN_SYM_OUTLINE"-50,0,50,-50"
CDS_LIB"capcitor";
"1"29;
"2"7;
%"DIODE"
"1","(-7500,2400)","0","diode","I2";
;
CODE"15010058"
VALUE"MBRS120T3"
$LOCATION"?"
CDS_LMAN_SYM_OUTLINE"-50,50,50,-50"
CDS_LIB"diode";
"K"31;
"A"49;
%"C"
"1","(-5350,5550)","0","capcitor","I20";
;
CODE"08070391"
VALUE"10UF"
$LOCATION"?"
CDS_LMAN_SYM_OUTLINE"-50,0,50,-50"
CDS_LIB"capcitor";
"1"29;
"2"7;
%"R"
"1","(-4500,5600)","1","resistor","I21";
;
CODE"97090163"
VALUE"12K-1%"
$LOCATION"?"
CDS_LMAN_SYM_OUTLINE"-100,25,100,-25"
CDS_LIB"resistor";
"A"7;
"B"44;
%"R"
"1","(-3850,2800)","0","resistor","I22";
;
CODE"07090246"
VALUE"4.7K"
$LOCATION"?"
CDS_LMAN_SYM_OUTLINE"-100,25,100,-25"
CDS_LIB"resistor";
"A"46;
"B"8;
%"R"
"1","(-3850,3150)","0","resistor","I23";
;
CODE"07090277"
VALUE"1K"
$LOCATION"?"
CDS_LMAN_SYM_OUTLINE"-100,25,100,-25"
CDS_LIB"resistor";
"A"27;
"B"6;
%"R"
"1","(-3850,3350)","0","resistor","I24";
;
CODE"07090246"
VALUE"4.7K"
$LOCATION"?"
CDS_LMAN_SYM_OUTLINE"-100,25,100,-25"
CDS_LIB"resistor";
"A"27;
"B"9;
%"GND_SIGNAL"
"1","(-3400,3100)","1","standard","I25";
;
HDL_POWER"GND_SIGNAL"
BODY_TYPE"PLUMBING"
CDS_LIB"standard";
"GND"6;
%"R"
"1","(-3850,3850)","0","resistor","I26";
;
CODE"07090277"
VALUE"1K"
$LOCATION"?"
CDS_LMAN_SYM_OUTLINE"-100,25,100,-25"
CDS_LIB"resistor";
"A"45;
"B"5;
%"GND_SIGNAL"
"1","(-3400,3800)","1","standard","I27";
;
BODY_TYPE"PLUMBING"
HDL_POWER"GND_SIGNAL"
CDS_LIB"standard";
"GND"5;
%"CRYSTAL"
"1","(-4050,6000)","1","oscillator","I28";
;
CODE"12020008"
VALUE"24MHZ"
CDS_LMAN_SYM_OUTLINE"50,100,225,-100"
$LOCATION"?"
CDS_LIB"oscillator";
"A1"26;
"A2"25;
%"R"
"1","(-3850,6150)","1","resistor","I29";
;
CODE"97090121"
VALUE"1M"
$LOCATION"?"
CDS_LMAN_SYM_OUTLINE"-100,25,100,-25"
CDS_LIB"resistor";
"A"26;
"B"25;
%"DIODE"
"1","(-7500,2550)","0","diode","I3";
;
CODE"15010058"
VALUE"MBRS120T3"
$LOCATION"?"
CDS_LMAN_SYM_OUTLINE"-50,50,50,-50"
CDS_LIB"diode";
"K"31;
"A"47;
%"C"
"1","(-3700,5900)","1","capcitor","I30";
;
CODE"98070530"
VALUE"33PF"
$LOCATION"?"
CDS_LMAN_SYM_OUTLINE"-50,0,50,-50"
CDS_LIB"capcitor";
"1"26;
"2"4;
%"C"
"1","(-3700,6400)","1","capcitor","I31";
;
CODE"98070530"
VALUE"33PF"
$LOCATION"?"
CDS_LMAN_SYM_OUTLINE"-50,0,50,-50"
CDS_LIB"capcitor";
"1"25;
"2"4;
%"GND_SIGNAL"
"1","(-3350,6100)","1","standard","I32";
;
BODY_TYPE"PLUMBING"
HDL_POWER"GND_SIGNAL"
CDS_LIB"standard";
"GND"4;
%"C"
"1","(-5200,5550)","0","capcitor","I33";
;
CODE"08070391"
VALUE"10UF"
$LOCATION"?"
CDS_LMAN_SYM_OUTLINE"-50,0,50,-50"
CDS_LIB"capcitor";
"1"29;
"2"7;
%"USB3300"
"1","(-5950,6300)","0","ic","I34";
;
VALUE"USB3300"
CDS_LMAN_SYM_OUTLINE"-150,375,150,-375"
$LOCATION"?"
CDS_LIB"ic";
"XI"26;
"RBIAS"44;
"VDD1.8<2>"29;
"VDD1.8<1>"29;
"XO"25;
"DP"16;
"DM"43;
"VBUS"15;
"ID"42;
"CLKOUT"12;
"STP"13;
"DIR"41;
"NXT"40;
"EXTVBUS"39;
"CPEN"38;
"VDDA1.8"11;
"VDD3.3<1>"28;
"VDD3.3<2>"28;
"VDD3.3<3>"28;
"PAD"7;
"GND<2>"7;
"GND<1>"7;
"VDD3.3<4>"28;
"REG_EN"28;
"RESET"24;
"DATA<7>"14;
"DATA<6>"37;
"DATA<5>"36;
"DATA<4>"35;
"DATA<3>"34;
"DATA<2>"33;
"DATA<1>"10;
"DATA<0>"32;
%"DIODE"
"1","(-7500,950)","0","diode","I35";
;
CDS_LIB"diode"
CDS_LMAN_SYM_OUTLINE"-50,50,50,-50"
$LOCATION"?"
VALUE"MBRS120T3"
CODE"15010058";
"K"18;
"A"23;
%"DIODE"
"1","(-7500,1100)","0","diode","I36";
;
CDS_LIB"diode"
CDS_LMAN_SYM_OUTLINE"-50,50,50,-50"
$LOCATION"?"
VALUE"MBRS120T3"
CODE"15010058";
"K"18;
"A"22;
%"DIODE"
"1","(-7500,1250)","0","diode","I37";
;
CDS_LIB"diode"
CDS_LMAN_SYM_OUTLINE"-50,50,50,-50"
$LOCATION"?"
VALUE"MBRS120T3"
CODE"15010058";
"K"18;
"A"19;
%"R"
"1","(-7400,1650)","0","resistor","I38";
;
CDS_LIB"resistor"
CDS_LMAN_SYM_OUTLINE"-100,25,100,-25"
$LOCATION"?"
VALUE"4.7K"
CODE"07090246";
"A"18;
"B"21;
%"DIODE"
"1","(-7500,1400)","0","diode","I39";
;
CDS_LIB"diode"
CDS_LMAN_SYM_OUTLINE"-50,50,50,-50"
$LOCATION"?"
VALUE"MBRS120T3"
CODE"15010058";
"K"18;
"A"20;
%"DIODE"
"1","(-7500,2700)","0","diode","I4";
;
CODE"15010058"
VALUE"MBRS120T3"
$LOCATION"?"
CDS_LMAN_SYM_OUTLINE"-50,50,50,-50"
CDS_LIB"diode";
"K"31;
"A"2;
%"R"
"1","(-7400,2950)","0","resistor","I5";
;
CODE"07090247"
VALUE"10K"
$LOCATION"?"
CDS_LMAN_SYM_OUTLINE"-100,25,100,-25"
CDS_LIB"resistor";
"A"31;
"B"1;
%"GND_SIGNAL"
"1","(-7900,3750)","0","standard","I6";
;
HDL_POWER"GND_SIGNAL"
BODY_TYPE"PLUMBING"
CDS_LIB"standard";
"GND"3;
%"C"
"1","(-7850,4150)","0","capcitor","I7";
;
CODE"08070391"
VALUE"10UF"
$LOCATION"?"
CDS_LMAN_SYM_OUTLINE"-50,0,50,-50"
CDS_LIB"capcitor";
"1"30;
"2"3;
%"C"
"1","(-7650,4150)","0","capcitor","I8";
;
CODE"08070262"
VALUE"0.1U"
$LOCATION"?"
CDS_LMAN_SYM_OUTLINE"-50,0,50,-50"
CDS_LIB"capcitor";
"1"30;
"2"3;
%"LB"
"1","(-7350,4350)","0","inductor","I9";
;
CODE"10070008"
VALUE"100MOHM"
$LOCATION"?"
CDS_LMAN_SYM_OUTLINE"-125,50,125,0"
CDS_LIB"inductor";
"B"17;
"A"30;
END.
