FILE_TYPE = CONNECTIVITY;
{Allegro Design Entry HDL 16.6-p007 (v16-6-112F) 10/10/2012}
"PAGE_NUMBER" = 1;
0"NC";
1"GND_SIGNAL\g";
2"GND_SIGNAL\g";
3"GND_SIGNAL\g";
4"GND_SIGNAL\g";
5"V_S7_5V0_IN";
6"V_5V_IN";
7"V_A7_5V0_IN";
8"V_5V_IN";
9"V_Z7_5V0_IN";
10"V_5V_IN";
11"V_5V_IN";
12"V_5V_IN_1";
13"V_5V_IN_2";
%"6PIN"
"1","(-250,6500)","0","connector","I1";
;
VALUE"6PIN"
$LOCATION"?"
CDS_LMAN_SYM_OUTLINE"-125,175,125,-175"
CDS_LIB"connector";
"PIN3"4;
"PIN4"4;
"PIN6"12;
"PIN5"4;
"PIN2"12;
"PIN1"12;
%"MBRD835L"
"1","(-2300,5700)","0","diode","I10";
;
$LOCATION"?"
CDS_LMAN_SYM_OUTLINE"-125,125,125,-125"
CDS_LIB"diode";
"A2"13;
"K"11;
"A1"13;
%"GND_SIGNAL"
"1","(-5750,4500)","0","standard","I11";
;
CDS_LIB"standard"
HDL_POWER"GND_SIGNAL"
BODY_TYPE"PLUMBING";
"GND"1;
%"WIPER-SW"
"1","(-6000,5850)","0","others","I12";
;
CDS_LIB"others"
CDS_LMAN_SYM_OUTLINE"-125,125,125,-75";
"5"2;
"4"2;
"3"7;
"2"8;
"1"0;
%"GND_SIGNAL"
"1","(-5750,5550)","0","standard","I13";
;
CDS_LIB"standard"
HDL_POWER"GND_SIGNAL"
BODY_TYPE"PLUMBING";
"GND"2;
%"WIPER-SW"
"1","(-6000,7150)","0","others","I14";
;
CDS_LIB"others"
CDS_LMAN_SYM_OUTLINE"-125,125,125,-75";
"5"3;
"4"3;
"3"5;
"2"6;
"1"0;
%"GND_SIGNAL"
"1","(-5750,6850)","0","standard","I15";
;
BODY_TYPE"PLUMBING"
HDL_POWER"GND_SIGNAL"
CDS_LIB"standard";
"GND"3;
%"WIPER-SW"
"1","(-6000,4800)","0","others","I4";
;
CDS_LIB"others"
CDS_LMAN_SYM_OUTLINE"-125,125,125,-75";
"5"1;
"4"1;
"3"9;
"2"10;
"1"0;
%"6PIN"
"1","(-250,5450)","0","connector","I5";
;
VALUE"6PIN"
$LOCATION"?"
CDS_LIB"connector"
CDS_LMAN_SYM_OUTLINE"-125,175,125,-175";
"PIN3"4;
"PIN4"4;
"PIN6"13;
"PIN5"4;
"PIN2"13;
"PIN1"13;
%"GND_SIGNAL"
"1","(-600,4750)","0","standard","I6";
;
CDS_LIB"standard"
BODY_TYPE"PLUMBING"
HDL_POWER"GND_SIGNAL";
"GND"4;
%"MBRD835L"
"1","(-2300,6800)","0","diode","I7";
;
$LOCATION"?"
CDS_LMAN_SYM_OUTLINE"-125,125,125,-125"
CDS_LIB"diode";
"A2"12;
"K"11;
"A1"12;
%"MBRD835L"
"1","(-2300,6500)","0","diode","I8";
;
$LOCATION"?"
CDS_LMAN_SYM_OUTLINE"-125,125,125,-125"
CDS_LIB"diode";
"A2"12;
"K"11;
"A1"12;
%"MBRD835L"
"1","(-2300,5400)","0","diode","I9";
;
$LOCATION"?"
CDS_LMAN_SYM_OUTLINE"-125,125,125,-125"
CDS_LIB"diode";
"A2"13;
"K"11;
"A1"13;
END.
