FILE_TYPE = CONNECTIVITY;
{Allegro Design Entry HDL 16.6-p007 (v16-6-112F) 10/10/2012}
"PAGE_NUMBER" = 71;
0"NC";
1"GND_SIGNAL\g";
2"GND_SIGNAL\g";
3"GND_SIGNAL\g";
4"GND_SIGNAL\g";
5"GND_SIGNAL\g";
6"GND_SIGNAL\g";
7"V_Z7_3V3_SFP_VCCT";
8"V_Z7_3V3_SFP_VCCT";
9"Z7_SFP_MOD_ABS";
10"Z7_SFP_TX_DISABLE";
11"Z7_SFP_SDA";
12"Z7_SFP_RX_LOS";
13"Z7_SFP_TX_FAULT";
14"Z7_SFP_TX_DISABLE";
15"Z7_SFP_MOD_ABS";
16"Z7_SFP_SDA";
17"Z7_SFP_SCL";
18"Z7_SFP_SOUT_P";
19"Z7_SFP_SOUT_N";
20"Z7_SFP_SIN_N";
21"Z7_SFP_SIN_P";
22"V_Z7_3V3_SFP_VCCR";
23"V_Z7_3V3";
24"V_Z7_3V3_SFP_VCCR";
25"V_Z7_3V3";
26"Z7_SFP_RS0";
27"V_Z7_3V3_SFP_VCCT";
28"V_Z7_3V3_SFP_VCCR";
29"V_Z7_3V3_SFP_VCCT";
30"Z7_SFP_RS1";
31"Z7_SFP_RS1";
32"Z7_SFP_TX_FAULT";
33"V_Z7_3V3_SFP_VCCR";
34"Z7_SFP_SCL";
35"Z7_SFP_RX_LOS";
36"Z7_SFP_RS0";
%"R"
"1","(-8150,2000)","1","kvm_matrix_lib","I1";
;
VALUE"4.7K"
$LOCATION"?"
CODE"07090246"
CDS_LMAN_SYM_OUTLINE"-100,25,100,-25"
CDS_LIB"kvm_matrix_lib";
"A"34;
"B"33;
%"R"
"1","(-6000,3850)","1","kvm_matrix_lib","I10";
;
VALUE"0"
$LOCATION"?"
CODE"07090522"
CDS_LMAN_SYM_OUTLINE"-100,25,100,-25"
CDS_LIB"kvm_matrix_lib";
"A"6;
"B"31;
%"R"
"1","(-8000,4400)","1","kvm_matrix_lib","I11";
;
VALUE"4.7K"
$LOCATION"?"
CODE"07090246"
CDS_LMAN_SYM_OUTLINE"-100,25,100,-25"
CDS_LIB"kvm_matrix_lib";
"A"36;
"B"22;
%"GND_SIGNAL"
"1","(-6750,5300)","0","standard","I12";
;
BODY_TYPE"PLUMBING"
HDL_POWER"GND_SIGNAL"
CDS_LIB"standard";
"GND"1;
%"R"
"1","(-6000,4400)","1","kvm_matrix_lib","I13";
;
VALUE"4.7K"
$LOCATION"?"
CODE"07090246"
CDS_LMAN_SYM_OUTLINE"-100,25,100,-25"
CDS_LIB"kvm_matrix_lib";
"A"31;
"B"29;
%"GND_SIGNAL"
"1","(-2600,3200)","0","standard","I14";
;
HDL_POWER"GND_SIGNAL"
BODY_TYPE"PLUMBING"
CDS_LIB"standard";
"GND"2;
%"LB"
"1","(-2850,3750)","0","kvm_matrix_lib","I15";
;
VALUE"100MOHM"
$LOCATION"?"
CODE"10070008"
CDS_LMAN_SYM_OUTLINE"-125,50,125,0"
CDS_LIB"kvm_matrix_lib";
"B"24;
"A"25;
%"C"
"1","(-2550,3550)","0","kvm_matrix_lib","I16";
;
VALUE"10UF"
$LOCATION"?"
CODE"08070391"
CDS_LMAN_SYM_OUTLINE"-50,0,50,-50"
CDS_LIB"kvm_matrix_lib";
"1"24;
"2"2;
%"GND_SIGNAL"
"1","(-2600,4100)","0","standard","I17";
;
BODY_TYPE"PLUMBING"
HDL_POWER"GND_SIGNAL"
CDS_LIB"standard";
"GND"3;
%"LB"
"1","(-2850,4650)","0","kvm_matrix_lib","I18";
;
$LOCATION"?"
VALUE"100MOHM"
CODE"10070008"
CDS_LMAN_SYM_OUTLINE"-125,50,125,0"
CDS_LIB"kvm_matrix_lib";
"B"7;
"A"23;
%"C"
"1","(-2550,4450)","0","kvm_matrix_lib","I19";
;
VALUE"10UF"
$LOCATION"?"
CODE"08070391"
CDS_LMAN_SYM_OUTLINE"-50,0,50,-50"
CDS_LIB"kvm_matrix_lib";
"1"7;
"2"3;
%"R"
"1","(-7950,2000)","1","kvm_matrix_lib","I2";
;
VALUE"4.7K"
$LOCATION"?"
CODE"07090246"
CDS_LMAN_SYM_OUTLINE"-100,25,100,-25"
CDS_LIB"kvm_matrix_lib";
"A"11;
"B"33;
%"C"
"1","(-2300,4450)","0","kvm_matrix_lib","I20";
;
VALUE"0.1U"
$LOCATION"?"
CODE"08070262"
CDS_LMAN_SYM_OUTLINE"-50,0,50,-50"
CDS_LIB"kvm_matrix_lib";
"1"7;
"2"3;
%"GND_SIGNAL"
"1","(-2950,5450)","0","standard","I21";
;
HDL_POWER"GND_SIGNAL"
BODY_TYPE"PLUMBING"
CDS_LIB"standard";
"GND"4;
%"SFP_CAGE"
"1","(-2650,6150)","0","kvm_matrix_lib","I22";
;
CDS_LMAN_SYM_OUTLINE"-125,500,125,-550"
CDS_LIB"kvm_matrix_lib";
"20"4;
"19"4;
"18"4;
"17"4;
"16"4;
"15"4;
"14"4;
"13"4;
"12"4;
"11"4;
"10"4;
"9"4;
"8"4;
"7"4;
"6"4;
"5"4;
"4"4;
"3"4;
"2"4;
"1"4;
%"C"
"1","(-2300,3550)","0","kvm_matrix_lib","I23";
;
VALUE"0.1U"
$LOCATION"?"
CODE"08070262"
CDS_LMAN_SYM_OUTLINE"-50,0,50,-50"
CDS_LIB"kvm_matrix_lib";
"1"24;
"2"2;
%"SFP_CONN"
"1","(-7100,6150)","0","kvm_matrix_lib","I24";
;
CDS_LMAN_SYM_OUTLINE"-125,500,250,-775"
CDS_LIB"kvm_matrix_lib";
"20"1;
"19"19;
"18"18;
"17"1;
"16"27;
"15"28;
"14"1;
"13"21;
"12"20;
"11"1;
"10"1;
"9"30;
"8"35;
"7"26;
"6"15;
"5"17;
"4"16;
"3"14;
"2"13;
"1"1;
%"R"
"1","(-7750,2000)","1","kvm_matrix_lib","I3";
;
VALUE"4.7K"
$LOCATION"?"
CODE"07090246"
CDS_LMAN_SYM_OUTLINE"-100,25,100,-25"
CDS_LIB"kvm_matrix_lib";
"A"12;
"B"33;
%"GND_SIGNAL"
"1","(-8050,3500)","0","standard","I4";
;
BODY_TYPE"PLUMBING"
HDL_POWER"GND_SIGNAL"
CDS_LIB"standard";
"GND"5;
%"R"
"1","(-8000,3850)","1","kvm_matrix_lib","I5";
;
VALUE"0"
$LOCATION"?"
CODE"07090522"
CDS_LMAN_SYM_OUTLINE"-100,25,100,-25"
CDS_LIB"kvm_matrix_lib";
"A"5;
"B"36;
%"R"
"1","(-6000,2000)","1","kvm_matrix_lib","I6";
;
VALUE"4.7K"
$LOCATION"?"
CODE"07090246"
CDS_LMAN_SYM_OUTLINE"-100,25,100,-25"
CDS_LIB"kvm_matrix_lib";
"A"9;
"B"8;
%"R"
"1","(-5800,2000)","1","kvm_matrix_lib","I7";
;
VALUE"4.7K"
$LOCATION"?"
CODE"07090246"
CDS_LMAN_SYM_OUTLINE"-100,25,100,-25"
CDS_LIB"kvm_matrix_lib";
"A"10;
"B"8;
%"R"
"1","(-5600,2000)","1","kvm_matrix_lib","I8";
;
VALUE"4.7K"
$LOCATION"?"
CODE"07090246"
CDS_LMAN_SYM_OUTLINE"-100,25,100,-25"
CDS_LIB"kvm_matrix_lib";
"A"32;
"B"8;
%"GND_SIGNAL"
"1","(-6050,3500)","0","standard","I9";
;
BODY_TYPE"PLUMBING"
HDL_POWER"GND_SIGNAL"
CDS_LIB"standard";
"GND"6;
END.
