FILE_TYPE = CONNECTIVITY;
{Allegro Design Entry HDL 16.6-p007 (v16-6-112F) 10/10/2012}
"PAGE_NUMBER" = 59;
0"NC";
1"GND_SIGNAL\g";
2"A7_DDR_VREF";
3"V_A7_1V35_VCCO";
4"A7_DDR_DQS1_P";
5"A7_DDR_WE_N";
6"A7_DDR_A12";
7"A7_DDR_DQ3";
8"A7_DDR_DQ4";
9"A7_DDR_A14";
10"A7_DDR_A15";
11"A7_DDR_VREF";
12"A7_DDR_BA2";
13"A7_DDR_BA1";
14"A7_DDR_BA0";
15"A7_DDR_CS_N";
16"A7_DDR_RAS_N";
17"A7_DDR_DQS0_P";
18"A7_DDR_DQS0_N";
19"A7_DDR_CAS_N";
20"A7_DDR_DM0";
21"A7_DDR_DM1";
22"A7_DDR_DQ0";
23"A7_DDR_A13";
24"A7_DDR_DQS1_N";
25"A7_DDR_A11";
26"A7_DDR_A10";
27"A7_DDR_A9";
28"A7_DDR_A8";
29"A7_DDR_CLK_P";
30"A7_DDR_CLK_N";
31"A7_DDR_A7";
32"A7_DDR_A6";
33"A7_DDR_A5";
34"A7_DDR_A4";
35"A7_DDR_A3";
36"A7_DDR_A2";
37"A7_DDR_A1";
38"A7_DDR_A0";
39"A7_DDR_DQ15";
40"A7_DDR_DQ14";
41"A7_DDR_DQ13";
42"A7_DDR_DQ12";
43"A7_DDR_DQ11";
44"A7_DDR_ODT";
45"A7_DDR_CKE";
46"A7_DDR_DQ10";
47"A7_DDR_DQ9";
48"A7_DDR_DQ8";
49"A7_DDR_DQ7";
50"A7_DDR_DQ6";
51"A7_DDR_DQ5";
52"A7_DDR_DQ2";
53"A7_DDR_DQ1";
%"XC7A200TFFG1156"
"10","(-6200,4850)","0","ic","I1";
;
VALUE"XC7A200TFFG1156"
CDS_LIB"ic"
CDS_LMAN_SYM_OUTLINE"-125,1250,875,-100";
"AB11"53;
"AB9"52;
"AB10"7;
"AA9"8;
"AA10"51;
"AC8"50;
"AC9"49;
"AB6"48;
"AB7"47;
"AC6"46;
"AC7"45;
"AA7"44;
"AA8"43;
"AC3"42;
"AC4"41;
"AC1"40;
"AC2"39;
"AA2"38;
"AA3"37;
"AB1"36;
"AB2"35;
"AB4"34;
"AB5"33;
"AA4"32;
"AA5"31;
"Y5"30;
"W5"29;
"W4"28;
"V4"27;
"W3"26;
"V3"25;
"Y2"24;
"Y3"4;
"V1"6;
"V2"23;
"Y1"9;
"W1"10;
"Y6"11;
"W6"22;
"Y7"21;
"Y8"20;
"V6"5;
"V7"19;
"W8"18;
"W9"17;
"V8"16;
"V9"15;
"Y10"14;
"W10"13;
"Y11"12;
%"C"
"1","(-6350,2950)","2","capcitor","I2";
;
VALUE"1U"
CODE"98070403"
CDS_LIB"capcitor"
$LOCATION"?"
CDS_LMAN_SYM_OUTLINE"-50,0,50,-50";
"1"2;
"2"1;
%"C"
"1","(-6150,2950)","0","capcitor","I3";
;
VALUE"0.01U"
CODE"08070247"
CDS_LIB"capcitor"
$LOCATION"?"
CDS_LMAN_SYM_OUTLINE"-50,0,50,-50";
"1"2;
"2"1;
%"GND_SIGNAL"
"1","(-5950,2500)","0","standard","I4";
;
HDL_POWER"GND_SIGNAL"
BODY_TYPE"PLUMBING"
CDS_LIB"standard";
"GND"1;
%"R"
"1","(-5900,2900)","1","resistor","I5";
;
VALUE"1K-1%"
CODE"07090549"
CDS_LIB"resistor"
$LOCATION"?"
CDS_LMAN_SYM_OUTLINE"-100,25,100,-25";
"A"1;
"B"2;
%"C"
"1","(-6150,3550)","0","capcitor","I6";
;
VALUE"0.01U"
CODE"08070247"
CDS_LIB"capcitor"
$LOCATION"?"
CDS_LMAN_SYM_OUTLINE"-50,0,50,-50";
"1"3;
"2"2;
%"R"
"1","(-5900,3500)","1","resistor","I7";
;
VALUE"1K-1%"
CODE"07090549"
CDS_LIB"resistor"
$LOCATION"?"
CDS_LMAN_SYM_OUTLINE"-100,25,100,-25";
"A"2;
"B"3;
END.
