FILE_TYPE = CONNECTIVITY;
{Allegro Design Entry HDL 16.6-p007 (v16-6-112F) 10/10/2012}
"PAGE_NUMBER" = 63;
0"NC";
1"GND_SIGNAL\g";
2"A7_GTP_PCIE_D10_N";
3"A7_GTP_PCIE_D11_P";
4"A7_GTP_PCIE_D11_N";
5"A7_PCIE_GTP_D11_N";
6"A7_SFP4_SIN_P";
7"A7_SFP4_SOUT_N";
8"A7_GTP_PCIE_D10_P";
9"A7_BANK_213_MGTRREF";
10"A7_PCIE_GTP_D10_P";
11"A7_PCIE_GTP_D10_N";
12"A7_PCIE_GTP_D11_P";
13"A7_SFP3_SOUT_N";
14"A7_SFP4_SOUT_P";
15"A7_SFP3_SIN_N";
16"A7_SFP3_SOUT_P";
17"V_A7_1V2_MGTAVTT";
18"V_A7_1V2_MGTAVTT";
19"A7_BANK_216_MGTRREF";
20"A7_BANK_213_MGTRREF";
21"V_A7_1V0_MGTAVCC";
22"A7_SFP3_SIN_P";
23"A7_SFP4_SIN_N";
24"V_A7_1V0_MGTAVCC";
25"A7_SFP1_SIN_N";
26"A7_SFP1_SIN_P";
27"A7_SFP1_SOUT_N";
28"A7_BANK_216_MGTRREF";
29"CLK_A7_125M_B216_P";
30"CLK_A7_125M_B216_N";
31"A7_SFP2_SOUT_P";
32"A7_SFP2_SIN_P";
33"A7_SFP2_SOUT_N";
34"A7_SFP2_SIN_N";
35"A7_SFP1_SOUT_P";
%"XC7A200TFFG1156"
"15","(-5950,4200)","0","kvm_matrix_lib","I1";
;
VALUE"XC7A200TFFG1156"
CDS_LIB"kvm_matrix_lib"
CDS_LMAN_SYM_OUTLINE"-125,1000,700,-100";
"AJ20"24;
"AJ18"24;
"AJ16"24;
"AJ14"24;
"AG21"24;
"AG19"24;
"AG17"24;
"AG15"24;
"E21"25;
"A23"27;
"F21"26;
"B23"35;
"C20"34;
"C22"33;
"D20"32;
"D22"31;
"G20"30;
"H20"29;
"G22"28;
"H18"0;
"G18"0;
"E19"15;
"A21"13;
"F19"22;
"B21"16;
"C18"23;
"A19"7;
"D18"6;
"B19"14;
"AM18"5;
"AP19"4;
"AL18"12;
"AN19"3;
"AK19"11;
"AP21"2;
"AJ19"10;
"AN21"8;
"AH18"0;
"AG18"0;
"AH22"9;
%"C"
"1","(-5450,3500)","0","kvm_matrix_lib","I10";
;
$LOCATION"?"
VALUE"0.1U"
CDS_LIB"kvm_matrix_lib"
CDS_LMAN_SYM_OUTLINE"-50,0,50,-50"
CODE"08070262";
"1"21;
"2"1;
%"C"
"1","(-4400,3500)","0","kvm_matrix_lib","I11";
;
VALUE"0.1U"
$LOCATION"?"
CDS_LIB"kvm_matrix_lib"
CDS_LMAN_SYM_OUTLINE"-50,0,50,-50"
CODE"08070262";
"1"21;
"2"1;
%"C"
"1","(-4250,3500)","0","kvm_matrix_lib","I12";
;
VALUE"0.1U"
$LOCATION"?"
CDS_LIB"kvm_matrix_lib"
CDS_LMAN_SYM_OUTLINE"-50,0,50,-50"
CODE"08070262";
"1"21;
"2"1;
%"C"
"1","(-4100,3500)","0","kvm_matrix_lib","I13";
;
$LOCATION"?"
VALUE"0.1U"
CDS_LIB"kvm_matrix_lib"
CDS_LMAN_SYM_OUTLINE"-50,0,50,-50"
CODE"08070262";
"1"21;
"2"1;
%"C"
"1","(-3950,3500)","0","kvm_matrix_lib","I14";
;
VALUE"0.1U"
$LOCATION"?"
CDS_LIB"kvm_matrix_lib"
CDS_LMAN_SYM_OUTLINE"-50,0,50,-50"
CODE"08070262";
"1"21;
"2"1;
%"C"
"1","(-4550,3500)","0","kvm_matrix_lib","I15";
;
VALUE"0.1U"
$LOCATION"?"
CDS_LIB"kvm_matrix_lib"
CDS_LMAN_SYM_OUTLINE"-50,0,50,-50"
CODE"08070262";
"1"21;
"2"1;
%"C"
"1","(-4700,3500)","0","kvm_matrix_lib","I16";
;
VALUE"0.1U"
$LOCATION"?"
CDS_LIB"kvm_matrix_lib"
CDS_LMAN_SYM_OUTLINE"-50,0,50,-50"
CODE"08070262";
"1"21;
"2"1;
%"C"
"1","(-5000,3500)","0","kvm_matrix_lib","I17";
;
$LOCATION"?"
VALUE"0.1U"
CDS_LIB"kvm_matrix_lib"
CDS_LMAN_SYM_OUTLINE"-50,0,50,-50"
CODE"08070262";
"1"21;
"2"1;
%"C"
"1","(-4850,3500)","0","kvm_matrix_lib","I18";
;
$LOCATION"?"
VALUE"0.1U"
CDS_LIB"kvm_matrix_lib"
CDS_LMAN_SYM_OUTLINE"-50,0,50,-50"
CODE"08070262";
"1"21;
"2"1;
%"R"
"1","(-5300,2500)","0","kvm_matrix_lib","I19";
;
VALUE"100"
$LOCATION"?"
CODE"07090231"
CDS_LIB"kvm_matrix_lib"
CDS_LMAN_SYM_OUTLINE"-100,25,100,-25";
"A"19;
"B"17;
%"C"
"1","(-6200,3500)","0","kvm_matrix_lib","I2";
;
$LOCATION"?"
VALUE"0.1U"
CDS_LIB"kvm_matrix_lib"
CDS_LMAN_SYM_OUTLINE"-50,0,50,-50"
CODE"08070262";
"1"21;
"2"1;
%"R"
"1","(-5300,2300)","0","kvm_matrix_lib","I20";
;
$LOCATION"?"
VALUE"100"
CDS_LIB"kvm_matrix_lib"
CDS_LMAN_SYM_OUTLINE"-100,25,100,-25"
CODE"07090231";
"A"20;
"B"18;
%"GND_SIGNAL"
"1","(-6250,3100)","0","standard","I3";
;
CDS_LIB"standard"
BODY_TYPE"PLUMBING"
HDL_POWER"GND_SIGNAL";
"GND"1;
%"C"
"1","(-6050,3500)","0","kvm_matrix_lib","I4";
;
$LOCATION"?"
VALUE"0.1U"
CDS_LIB"kvm_matrix_lib"
CDS_LMAN_SYM_OUTLINE"-50,0,50,-50"
CODE"08070262";
"1"21;
"2"1;
%"C"
"1","(-5750,3500)","0","kvm_matrix_lib","I5";
;
$LOCATION"?"
VALUE"0.1U"
CDS_LIB"kvm_matrix_lib"
CDS_LMAN_SYM_OUTLINE"-50,0,50,-50"
CODE"08070262";
"1"21;
"2"1;
%"C"
"1","(-5900,3500)","0","kvm_matrix_lib","I6";
;
VALUE"0.1U"
$LOCATION"?"
CDS_LIB"kvm_matrix_lib"
CDS_LMAN_SYM_OUTLINE"-50,0,50,-50"
CODE"08070262";
"1"21;
"2"1;
%"C"
"1","(-5300,3500)","0","kvm_matrix_lib","I7";
;
$LOCATION"?"
VALUE"0.1U"
CDS_LIB"kvm_matrix_lib"
CDS_LMAN_SYM_OUTLINE"-50,0,50,-50"
CODE"08070262";
"1"21;
"2"1;
%"C"
"1","(-5150,3500)","0","kvm_matrix_lib","I8";
;
VALUE"0.1U"
$LOCATION"?"
CDS_LIB"kvm_matrix_lib"
CDS_LMAN_SYM_OUTLINE"-50,0,50,-50"
CODE"08070262";
"1"21;
"2"1;
%"C"
"1","(-5600,3500)","0","kvm_matrix_lib","I9";
;
$LOCATION"?"
VALUE"0.1U"
CDS_LIB"kvm_matrix_lib"
CDS_LMAN_SYM_OUTLINE"-50,0,50,-50"
CODE"08070262";
"1"21;
"2"1;
END.
