FILE_TYPE = CONNECTIVITY;
{Allegro Design Entry HDL 16.6-p007 (v16-6-112F) 10/10/2012}
"PAGE_NUMBER" = 82;
0"NC";
1"GND_SIGNAL\g";
2"GND_SIGNAL\g";
3"GND_SIGNAL\g";
4"GND_SIGNAL\g";
5"GND_SIGNAL\g";
6"GND_SIGNAL\g";
7"GND_SIGNAL\g";
8"GND_SIGNAL\g";
9"GND_SIGNAL\g";
10"Z7_S6_SW2";
11"Z7_S6_SW1";
12"Z7_S6_SW3";
13"V_Z7_S6_3V3_VCCO";
14"Z7_S6_SUSPEND";
15"CLK_Z7_S6_25M";
16"Z7_S6_LED1";
17"V_Z7_S6_3V3_VCCO";
18"V_Z7_S6_3V3_VCCO";
19"V_Z7_S6_3V3_VCCO";
20"Z7_S6_JTAG_TDI_R";
21"Z7_S6_SPI_CS_N";
22"Z7_S6_SPI_CS_N";
23"Z7_S6_SPI_CCLK";
24"V_Z7_S6_3V3_VCCO";
25"Z7_S6_JTAG_TCK_R";
26"Z7_S6_JTAG_TMS_R";
27"Z7_S6_JTAG_TDO_R";
28"Z7_S6_SPI_CCLK";
29"Z7_S6_JTAG_TDI_R";
30"Z7_S6_SUSPEND";
31"Z7_S6_M0";
32"Z7_S6_M1";
33"Z7_S6_CONFIG_PROGRAM_B";
34"V_Z7_S6_3V3_VCCO";
35"Z7_S6_SPI_MOSI";
36"Z7_S6_SPI_DIN";
37"Z7_S6_SPI_CS_N";
38"Z7_S6_JTAG_TDI";
39"Z7_S6_JTAG_TDO";
40"Z7_S6_JTAG_TCK";
41"Z7_S6_SPI_CS_N_R";
42"Z7_S6_LED0";
43"Z7_S6_CONFIG_DONE";
44"V_Z7_S6_3V3_VCCO";
45"Z7_S6_CONFIG_DONE";
46"Z7_S6_CONFIG_INIT_B";
47"Z7_S6_CONFIG_INIT_B";
48"Z7_S6_JTAG_TMS";
49"Z7_S6_JTAG_TDO";
50"V_Z7_S6_3V3_VCCO";
51"Z7_S6_SPI_DIN";
52"Z7_S6_SPI_CCLK";
53"Z7_S6_SPI_MOSI";
54"Z7_S6_SPI_CCLK_R";
55"Z7_S6_SPI_MOSI_R";
56"Z7_S6_SPI_DIN_R";
57"UN$82$C$I106$1";
58"V_Z7_S6_3V3_VCCO";
59"UN$82$M25P40$I103$HOLD";
60"UN$82$M25P40$I103$W";
61"V_Z7_S6_3V3_VCCO";
62"UN$82$HEAD2X7$I96$A$3";
63"Z7_S6_JTAG_TDO_R";
64"Z7_S6_JTAG_TCK_R";
65"Z7_S6_JTAG_TMS_R";
66"Z7_S6_JTAG_TMS";
67"V_Z7_S6_3V3_VCCO";
68"UN$82$LEDS$I67$B";
69"UN$82$LEDS$I76$B";
70"UN$82$LEDS$I74$B";
71"Z7_S6_CONFIG_DONE";
72"V_Z7_S6_3V3_VCCO";
73"V_Z7_S6_3V3_VCCO";
74"UN$82$HEAD2X7$I96$A";
75"Z7_S6_CONFIG_PROGRAM_B";
76"Z7_S6_SPI_MOSI";
77"Z7_S6_SPI_DIN";
78"Z7_S6_M0";
79"Z7_S6_JTAG_TDI";
80"Z7_S6_JTAG_TCK";
81"Z7_S6_SW3";
82"Z7_S6_SW2";
83"Z7_S6_SW1";
84"Z7_S6_LED1";
85"Z7_S6_SPI_CS_N";
86"Z7_S6_SPI_CCLK";
87"Z7_S6_M1";
88"Z7_S6_LED0";
%"R"
"1","(-9000,3250)","0","kvm_matrix_lib","I100";
;
CDS_LIB"kvm_matrix_lib"
CDS_LMAN_SYM_OUTLINE"-100,25,100,-25"
CODE"07090522"
$LOCATION"?"
VALUE"0";
"A"62;
"B"9;
%"GND_SIGNAL"
"1","(-9800,2950)","2","standard","I102";
;
BODY_TYPE"PLUMBING"
HDL_POWER"GND_SIGNAL"
CDS_LIB"standard";
"GND"9;
%"M25P40"
"1","(-4700,2000)","0","kvm_matrix_lib","I103";
;
CDS_LMAN_SYM_OUTLINE"-150,200,150,-200"
CDS_LIB"kvm_matrix_lib"
$LOCATION"?"
VALUE"M25P16";
"VSS"57;
"VCC"58;
"HOLD*"59;
"W*"60;
"S*"41;
"Q"56;
"D"55;
"C"54;
%"R"
"1","(-4400,2400)","1","kvm_matrix_lib","I104";
;
CODE"07090246"
CDS_LMAN_SYM_OUTLINE"-100,25,100,-25"
CDS_LIB"kvm_matrix_lib"
VALUE"4.7K"
$LOCATION"?";
"A"60;
"B"61;
%"R"
"1","(-4300,2400)","1","kvm_matrix_lib","I105";
;
CDS_LMAN_SYM_OUTLINE"-100,25,100,-25"
CDS_LIB"kvm_matrix_lib"
CODE"07090246"
VALUE"4.7K"
$LOCATION"?";
"A"59;
"B"61;
%"C"
"1","(-4300,1850)","0","kvm_matrix_lib","I106";
;
CODE"08070262"
CDS_LMAN_SYM_OUTLINE"-50,0,50,-50"
CDS_LIB"kvm_matrix_lib"
$LOCATION"?"
VALUE"0.1U";
"1"57;
"2"8;
%"GND_SIGNAL"
"1","(-4250,1450)","2","standard","I107";
;
CDS_LIB"standard"
HDL_POWER"GND_SIGNAL"
BODY_TYPE"PLUMBING";
"GND"8;
%"RN"
"2","(-6050,2000)","0","kvm_matrix_lib","I108";
;
CODE"97080127"
HAS_FIXED_SIZE"4B"
CDS_LMAN_SYM_OUTLINE"-25,150,175,-100"
CDS_LIB"kvm_matrix_lib"
VALUE"22X4"
$LOCATION"?";
"A<0>"37;
"A<1>"51;
"A<3>"52;
"A<2>"53;
"B<0>"41;
"B<3>"54;
"B<2>"55;
"B<1>"56;
%"R"
"1","(-8900,2100)","0","kvm_matrix_lib","I109";
;
$LOCATION"?"
VALUE"100"
CDS_LMAN_SYM_OUTLINE"-100,25,100,-25"
CDS_LIB"kvm_matrix_lib"
CODE"07090603";
"A"24;
"B"23;
%"HEAD2X3"
"1","(-9150,4800)","0","kvm_matrix_lib","I11";
;
CDS_LIB"kvm_matrix_lib"
CDS_LMAN_SYM_OUTLINE"-125,125,125,-125"
$LOCATION"?"
VALUE"HEAD2X3";
"A1"4;
"B3"12;
"B2"10;
"B1"11;
"A3"4;
"A2"4;
%"R"
"1","(-8900,2000)","0","kvm_matrix_lib","I110";
;
$LOCATION"?"
VALUE"100"
CDS_LMAN_SYM_OUTLINE"-100,25,100,-25"
CDS_LIB"kvm_matrix_lib"
CODE"07090603";
"A"7;
"B"23;
%"GND_SIGNAL"
"1","(-9150,1900)","2","standard","I111";
;
BODY_TYPE"PLUMBING"
HDL_POWER"GND_SIGNAL"
CDS_LIB"standard";
"GND"7;
%"R"
"1","(-8900,2350)","2","kvm_matrix_lib","I112";
;
VALUE"4.7K"
$LOCATION"?"
CODE"07090246"
CDS_LMAN_SYM_OUTLINE"-100,25,100,-25"
CDS_LIB"kvm_matrix_lib";
"A"21;
"B"19;
%"R"
"1","(-2150,5050)","1","kvm_matrix_lib","I113";
;
CODE"07090246"
CDS_LIB"kvm_matrix_lib"
CDS_LMAN_SYM_OUTLINE"-100,25,100,-25"
$LOCATION"?"
VALUE"4.7K";
"A"31;
"B"18;
%"R"
"1","(-2000,5050)","1","kvm_matrix_lib","I114";
;
CODE"07090246"
CDS_LIB"kvm_matrix_lib"
CDS_LMAN_SYM_OUTLINE"-100,25,100,-25"
$LOCATION"?"
VALUE"4.7K";
"A"32;
"B"18;
%"R"
"1","(-1850,5050)","1","kvm_matrix_lib","I115";
;
CDS_LIB"kvm_matrix_lib"
CDS_LMAN_SYM_OUTLINE"-100,25,100,-25"
CODE"07090246"
$LOCATION"?"
VALUE"4.7K";
"A"30;
"B"18;
%"R"
"1","(-2150,4350)","1","kvm_matrix_lib","I116";
;
CDS_LIB"kvm_matrix_lib"
CDS_LMAN_SYM_OUTLINE"-100,25,100,-25"
CODE"07090277"
$LOCATION"?"
VALUE"1K";
"A"6;
"B"31;
%"R"
"1","(-2000,4350)","1","kvm_matrix_lib","I117";
;
CDS_LMAN_SYM_OUTLINE"-100,25,100,-25"
CDS_LIB"kvm_matrix_lib"
CODE"07090277"
$LOCATION"?"
VALUE"1K";
"A"6;
"B"32;
%"R"
"1","(-1850,4350)","1","kvm_matrix_lib","I118";
;
CODE"07090277"
CDS_LMAN_SYM_OUTLINE"-100,25,100,-25"
CDS_LIB"kvm_matrix_lib"
VALUE"1K"
$LOCATION"?";
"A"6;
"B"30;
%"GND_SIGNAL"
"1","(-2100,3800)","2","standard","I119";
;
BODY_TYPE"PLUMBING"
HDL_POWER"GND_SIGNAL"
CDS_LIB"standard";
"GND"6;
%"R"
"1","(-2250,2150)","1","kvm_matrix_lib","I120";
;
CDS_LIB"kvm_matrix_lib"
CDS_LMAN_SYM_OUTLINE"-100,25,100,-25"
$LOCATION"?"
VALUE"4.7K"
CODE"07090246";
"A"46;
"B"44;
%"R"
"1","(-2400,2150)","1","kvm_matrix_lib","I121";
;
CDS_LMAN_SYM_OUTLINE"-100,25,100,-25"
CDS_LIB"kvm_matrix_lib"
CODE"07090387"
$LOCATION"?"
VALUE"330";
"A"45;
"B"44;
%"RN"
"2","(-9050,1050)","0","kvm_matrix_lib","I122";
;
CDS_LIB"kvm_matrix_lib"
$LOCATION"?"
CDS_LMAN_SYM_OUTLINE"-25,150,175,-100"
VALUE"22X4"
CODE"97080127"
HAS_FIXED_SIZE"4B";
"A<0>"26;
"A<1>"27;
"A<3>"25;
"A<2>"29;
"B<0>"22;
"B<3>"28;
"B<2>"35;
"B<1>"36;
%"R"
"1","(-8900,6200)","0","kvm_matrix_lib","I42";
;
CDS_LIB"kvm_matrix_lib"
CDS_LMAN_SYM_OUTLINE"-100,25,100,-25"
CODE"07090673"
VALUE"130"
$LOCATION"?";
"A"5;
"B"68;
%"IOPORT"
"1","(-3550,4750)","0","standard","I47";
;
OFFPAGE"TRUE"
CDS_LIB"standard";
"A"
HDL_PORT"INOUT"
VHDL_PORT"INOUT"48;
%"IOPORT"
"1","(-3550,4700)","0","standard","I48";
;
OFFPAGE"TRUE"
CDS_LIB"standard";
"A"
HDL_PORT"INOUT"
VHDL_PORT"INOUT"49;
%"IOPORT"
"1","(-3550,4800)","0","standard","I53";
;
OFFPAGE"TRUE"
CDS_LIB"standard";
"A"
HDL_PORT"INOUT"
VHDL_PORT"INOUT"79;
%"IOPORT"
"1","(-3550,4850)","0","standard","I54";
;
OFFPAGE"TRUE"
CDS_LIB"standard";
"A"
HDL_PORT"INOUT"
VHDL_PORT"INOUT"80;
%"LED_S"
"1","(-8350,6200)","0","kvm_matrix_lib","I67";
;
CODE"10520070"
CDS_LMAN_SYM_OUTLINE"-150,50,50,-75"
CDS_LIB"kvm_matrix_lib"
VALUE"LED"
$LOCATION"?";
"A"71;
"B"68;
%"XC6SLX16CSG324"
"3","(-4975,6500)","0","kvm_matrix_lib","I73";
;
VALUE"XC6SLX16CSG324"
$LOCATION"?"
CDS_LMAN_SYM_OUTLINE"-600,125,600,-2000"
CDS_LIB"kvm_matrix_lib";
"TDO"49;
"TMS"48;
"TDI"79;
"TCK"80;
"VCCO6_2"13;
"VCCO5_2"13;
"VCCO4_2"13;
"VCCO3_2"13;
"VCCO2_2"13;
"VCCO1_2"13;
"SUSPEND"14;
"CMPCS_B_2"0;
"DONE_2"43;
"PROGRAM_B_2"75;
"IO_L65N_CSO_B_2"85;
"IO_L65P_INIT_B_2"47;
"IO_L64N_D9_2"0;
"IO_L64P_D8_2"0;
"IO_L63N_2"0;
"IO_L63P_2"0;
"IO_L62N_D6_2"0;
"IO_L62P_D5_2"0;
"IO_L49N_D4_2"0;
"IO_L49P_D3_2"0;
"IO_L48N_RDWR_B_VREF_2"0;
"IO_L48P_D7_2"0;
"IO_L47N_2"0;
"IO_L47P_2"0;
"IO_L46N_2"0;
"IO_L46P_2"81;
"IO_L45N_2"0;
"IO_L45P_2"82;
"IO_L44N_2"0;
"IO_L44P_2"83;
"IO_L43N_2"84;
"IO_L43P_2"0;
"IO_L41N_VREF_2"0;
"IO_L41P_2"0;
"IO_L40N_2"0;
"IO_L40P_2"0;
"IO_L32N_GCLK28_2"15;
"IO_L32P_GCLK29_2"0;
"IO_L31N_GCLK30_D15_2"0;
"IO_L31P_GCLK31_D14_2"88;
"IO_L30N_GCLK0_USERCCLK_2"0;
"IO_L30P_GCLK1_D13_2"0;
"IO_L29N_GCLK2_2"0;
"IO_L29P_GCLK3_2"0;
"IO_L23N_2"0;
"IO_L23P_2"0;
"IO_L22N_2"0;
"IO_L22P_2"0;
"IO_L20N_2"0;
"IO_L20P_2"0;
"IO_L19N_2"0;
"IO_L19P_2"0;
"IO_L16N_VREF_2"0;
"IO_L16P_2"0;
"IO_L15N_2"0;
"IO_L15P_2"0;
"IO_L14N_D12_2"0;
"IO_L14P_D11_2"0;
"IO_L13N_D10_2"0;
"IO_L13P_M1_2"87;
"IO_L12N_D2_MISO3_2"0;
"IO_L12P_D1_MISO2_2"0;
"IO_L5N_2"0;
"IO_L5P_2"0;
"IO_L3N_MOSI_CSI_B_MISO0_2"76;
"IO_L3P_D0_DIN_MISO_MISO1_2"77;
"IO_L2N_CMPMOSI_2"0;
"IO_L2P_CMPCLK_2"0;
"IO_L1N_M0_CMPMISO_2"78;
"IO_L1P_CCLK_2"86;
%"LED_S"
"1","(-8350,6700)","0","kvm_matrix_lib","I74";
;
CODE"10520070"
CDS_LIB"kvm_matrix_lib"
CDS_LMAN_SYM_OUTLINE"-150,50,50,-75"
VALUE"LED"
$LOCATION"?";
"A"73;
"B"70;
%"R"
"1","(-8950,6700)","0","kvm_matrix_lib","I75";
;
CODE"07090387"
CDS_LIB"kvm_matrix_lib"
CDS_LMAN_SYM_OUTLINE"-100,25,100,-25"
VALUE"330"
$LOCATION"?";
"A"42;
"B"70;
%"LED_S"
"1","(-8350,6450)","0","kvm_matrix_lib","I76";
;
CDS_LIB"kvm_matrix_lib"
CDS_LMAN_SYM_OUTLINE"-150,50,50,-75"
CODE"10520070"
$LOCATION"?"
VALUE"LED";
"A"72;
"B"69;
%"R"
"1","(-8950,6450)","0","kvm_matrix_lib","I77";
;
CDS_LIB"kvm_matrix_lib"
CDS_LMAN_SYM_OUTLINE"-100,25,100,-25"
CODE"07090387"
$LOCATION"?"
VALUE"330";
"A"16;
"B"69;
%"GND_SIGNAL"
"1","(-9400,6150)","7","standard","I78";
;
CDS_LIB"standard"
BODY_TYPE"PLUMBING"
HDL_POWER"GND_SIGNAL";
"GND"5;
%"GND_SIGNAL"
"1","(-9950,4700)","7","standard","I79";
;
BODY_TYPE"PLUMBING"
HDL_POWER"GND_SIGNAL"
CDS_LIB"standard";
"GND"4;
%"R"
"1","(-8800,5175)","1","kvm_matrix_lib","I80";
;
CDS_LIB"kvm_matrix_lib"
CDS_LMAN_SYM_OUTLINE"-100,25,100,-25"
CODE"07090246"
$LOCATION"?"
VALUE"4.7K";
"A"11;
"B"67;
%"R"
"1","(-8750,5175)","1","kvm_matrix_lib","I81";
;
CDS_LIB"kvm_matrix_lib"
CDS_LMAN_SYM_OUTLINE"-100,25,100,-25"
CODE"07090246"
$LOCATION"?"
VALUE"4.7K";
"A"10;
"B"67;
%"R"
"1","(-8700,5175)","1","kvm_matrix_lib","I82";
;
CDS_LIB"kvm_matrix_lib"
CDS_LMAN_SYM_OUTLINE"-100,25,100,-25"
CODE"07090246"
$LOCATION"?"
VALUE"4.7K";
"A"12;
"B"0;
%"GND_SIGNAL"
"1","(-5300,3400)","0","standard","I83";
;
CDS_LIB"standard"
HDL_POWER"GND_SIGNAL"
BODY_TYPE"PLUMBING";
"GND"3;
%"C"
"1","(-5250,3800)","0","kvm_matrix_lib","I84";
;
VALUE"0.1U"
$LOCATION"?"
CODE"08070262"
CDS_LMAN_SYM_OUTLINE"-50,0,50,-50"
CDS_LIB"kvm_matrix_lib";
"1"50;
"2"3;
%"C"
"1","(-5100,3800)","0","kvm_matrix_lib","I85";
;
$LOCATION"?"
VALUE"0.1U"
CDS_LIB"kvm_matrix_lib"
CDS_LMAN_SYM_OUTLINE"-50,0,50,-50"
CODE"08070262";
"1"50;
"2"3;
%"C"
"1","(-4800,3800)","0","kvm_matrix_lib","I86";
;
VALUE"0.1U"
$LOCATION"?"
CDS_LIB"kvm_matrix_lib"
CDS_LMAN_SYM_OUTLINE"-50,0,50,-50"
CODE"08070262";
"1"50;
"2"3;
%"C"
"1","(-4650,3800)","0","kvm_matrix_lib","I87";
;
$LOCATION"?"
VALUE"0.1U"
CDS_LIB"kvm_matrix_lib"
CDS_LMAN_SYM_OUTLINE"-50,0,50,-50"
CODE"08070262";
"1"50;
"2"3;
%"C"
"1","(-4500,3800)","0","kvm_matrix_lib","I88";
;
VALUE"0.1U"
$LOCATION"?"
CDS_LIB"kvm_matrix_lib"
CDS_LMAN_SYM_OUTLINE"-50,0,50,-50"
CODE"08070262";
"1"50;
"2"3;
%"C"
"1","(-4950,3800)","0","kvm_matrix_lib","I89";
;
VALUE"0.1U"
$LOCATION"?"
CDS_LIB"kvm_matrix_lib"
CDS_LMAN_SYM_OUTLINE"-50,0,50,-50"
CODE"08070262";
"1"50;
"2"3;
%"HEAD1X2_S"
"1","(-2200,6550)","0","kvm_matrix_lib","I90";
;
CDS_LIB"kvm_matrix_lib"
CDS_LMAN_SYM_OUTLINE"-50,100,0,-50"
$LOCATION"?";
"P1"33;
"P2"2;
%"C"
"1","(-1950,6400)","0","kvm_matrix_lib","I92";
;
CDS_LIB"kvm_matrix_lib"
CDS_LMAN_SYM_OUTLINE"-50,0,50,-50"
CODE"08070262"
VALUE"0.1U"
$LOCATION"?";
"1"33;
"2"2;
%"R"
"1","(-1950,6900)","1","kvm_matrix_lib","I93";
;
CODE"07090247"
CDS_LIB"kvm_matrix_lib"
CDS_LMAN_SYM_OUTLINE"-100,25,100,-25"
VALUE"10K"
$LOCATION"?";
"A"33;
"B"34;
%"GND_SIGNAL"
"1","(-2000,6050)","0","standard","I94";
;
CDS_LIB"standard"
BODY_TYPE"PLUMBING"
HDL_POWER"GND_SIGNAL";
"GND"2;
%"GND_SIGNAL"
"1","(-7400,3700)","1","standard","I95";
;
CDS_LIB"standard"
BODY_TYPE"PLUMBING"
HDL_POWER"GND_SIGNAL";
"GND"1;
%"HEAD2X7"
"1","(-9500,3400)","0","kvm_matrix_lib","I96";
;
CDS_LMAN_SYM_OUTLINE"-250,250,150,-250"
CDS_LIB"kvm_matrix_lib"
VALUE"HEAD2x7"
$LOCATION"?";
"A<12>"9;
"A<10>"9;
"A<8>"9;
"A<6>"9;
"A<4>"9;
"A<2>"9;
"A<0>"9;
"A<13>"62;
"A<11>"0;
"A<9>"20;
"A<7>"63;
"A<5>"64;
"A<3>"65;
"A<1>"74;
%"R"
"1","(-9000,3750)","0","kvm_matrix_lib","I97";
;
CDS_LIB"kvm_matrix_lib"
CDS_LMAN_SYM_OUTLINE"-100,25,100,-25"
CODE"07090522"
VALUE"0"
$LOCATION"?";
"A"74;
"B"17;
%"C"
"1","(-7750,3750)","1","kvm_matrix_lib","I98";
;
CODE"08070262"
CDS_LMAN_SYM_OUTLINE"-50,0,50,-50"
CDS_LIB"kvm_matrix_lib"
VALUE"0.1U"
$LOCATION"?";
"1"17;
"2"1;
%"RN"
"2","(-8350,3400)","0","kvm_matrix_lib","I99";
;
CODE"97080127"
CDS_LIB"kvm_matrix_lib"
CDS_LMAN_SYM_OUTLINE"-25,150,175,-100"
HAS_FIXED_SIZE"4B"
VALUE"22X4"
$LOCATION"?";
"A<0>"65;
"A<1>"64;
"A<3>"20;
"A<2>"63;
"B<0>"66;
"B<3>"38;
"B<2>"39;
"B<1>"40;
END.
