FILE_TYPE = CONNECTIVITY;
{Allegro Design Entry HDL 16.6-p007 (v16-6-112F) 10/10/2012}
"PAGE_NUMBER" = 78;
0"NC";
1"GND_SIGNAL\g";
2"GND_SIGNAL\g";
3"GND_SIGNAL\g";
4"GND_SIGNAL\g";
5"GND_SIGNAL\g";
6"GND_SIGNAL\g";
7"GND_SIGNAL\g";
8"GND_SIGNAL\g";
9"GND_SIGNAL\g";
10"GND_SIGNAL\g";
11"GND_SIGNAL\g";
12"GND_SIGNAL\g";
13"GND_SIGNAL\g";
14"GND_SIGNAL\g";
15"GND_SIGNAL\g";
16"GND_SIGNAL\g";
17"Z7_PS_88E_RXD1";
18"Z7_PS_88E_XTAL2";
19"Z7_PS_88E_INT_N";
20"V_Z7_PS_2V5_88E_VDDO";
21"V_Z7_PS_2V5_88E_VDDO";
22"Z7_PS_88E_MDIO";
23"Z7_PS_88E_TX_ER";
24"Z7_PS_88E_TXD7";
25"Z7_PS_88E_TXD6";
26"Z7_PS_88E_TXD5";
27"Z7_PS_88E_TXD4";
28"Z7_PS_88E_TX_EN";
29"Z7_PS_88E_TXD3";
30"Z7_PS_88E_TXD2";
31"Z7_PS_88E_TXD1";
32"Z7_PS_88E_LED_RX";
33"V_Z7_PS_2V5_88E_VDDO";
34"Z7_PS_88E_LED_DUPLEX";
35"UN$78$DIODE$I81$K";
36"Z7_PS_88E_LED_DUPLEX";
37"Z7_PS_88E_CONFIG5";
38"Z7_PS_88E_CONFIG4";
39"Z7_PS_88E_CONFIG2";
40"Z7_PG_LED";
41"Z7_PS_88E_RESET_N";
42"V_Z7_PS_2V5_88E_VDDO";
43"Z7_PS_88E_XTAL1";
44"Z7_PS_88E_CONFIG4";
45"Z7_PS_88E_CONFIG5";
46"Z7_PS_88E_CONFIG6";
47"Z7_PS_88E_CONFIG3";
48"V_Z7_PS_2V5_88E_VDDO";
49"Z7_PS_88E_CONFIG1";
50"Z7_PS_88E_CONFIG0";
51"V_Z7_PS_2V5_88E_VDDO";
52"Z7_PS_88E_CONFIG2";
53"V_Z7_PS_2V5_88E_VDDO";
54"UN$78$LEDS$I19$A";
55"UN$78$LEDS$I23$A";
56"Z7_PS_88E_LED_LINK10";
57"UN$78$LEDS$I22$A";
58"Z7_PS_88E_LED_LINK100";
59"UN$78$LEDS$I20$A";
60"UN$78$LEDS$I21$A";
61"UN$78$LEDS$I18$A";
62"Z7_PS_88E_LED_TX";
63"Z7_PS_88E_LED_RX";
64"Z7_PS_88E_LED_LINK1000";
65"V_Z7_PS_2V5_88E_VDDO";
66"Z7_PS_88E_RESET_N";
67"Z7_PS_88E_XTAL1";
68"Z7_PS_88E_XTAL2";
69"Z7_PS_88E_CRS";
70"Z7_PS_88E_COL";
71"Z7_PS_88E_RX_DV";
72"Z7_PS_88E_CONFIG0";
73"Z7_PS_88E_CONFIG3";
74"Z7_PS_88E_CONFIG6";
75"Z7_PS_88E_RX_CLK";
76"Z7_PS_88E_LED_TX";
77"Z7_PS_88E_CONFIG1";
78"Z7_PS_88E_LED_DUPLEX";
79"UN$78$88E1111$I15$L4";
80"Z7_PS_88E_LED_RX";
81"Z7_PS_88E_SOUT_P";
82"Z7_PS_88E_SOUT_N";
83"Z7_PS_88E_LED_LINK1000";
84"Z7_PS_88E_LED_LINK100";
85"UN$78$88E1111$I15$M9";
86"Z7_PS_88E_RXD2";
87"Z7_PS_88E_RXD3";
88"Z7_PS_88E_RXD4";
89"Z7_PS_88E_TX_CLK";
90"Z7_PS_88E_RXD0";
91"Z7_PS_88E_RXD7";
92"Z7_PS_88E_RXD6";
93"Z7_PS_88E_RXD5";
94"Z7_PS_88E_SIN_P";
95"Z7_PS_88E_MDIO";
96"Z7_PS_88E_MDC";
97"Z7_PS_88E_MDI3_N";
98"Z7_PS_88E_MDI2_N";
99"UN$78$C$I59$1";
100"UN$78$C$I60$1";
101"UN$78$C$I61$1";
102"UN$78$C$I64$1";
103"V_Z7_2V5";
104"V_Z7_2V5";
105"V_Z7_1V0_VCCINT";
106"Z7_PS_88E_GTX_CLK";
107"Z7_PS_88E_TXD0";
108"Z7_PS_88E_MDI1_N";
109"Z7_PS_88E_MDI0_N";
110"Z7_PS_88E_MDI0_P";
111"Z7_PS_88E_RX_ER";
112"Z7_PS_88E_INT_N";
113"Z7_PS_88E_MDI3_P";
114"Z7_PS_88E_MDI2_P";
115"Z7_PS_88E_MDI1_P";
116"Z7_PS_88E_LED_LINK10";
117"Z7_PS_88E_HSDAC_P_TP";
118"Z7_PS_88E_RSET";
119"Z7_PS_88E_SCLK_N_TP";
120"V_Z7_PS_1V0_88E_DVDD1";
121"V_Z7_PS_1V0_88E_DVDD2";
122"V_Z7_PS_2V5_88E_VDDO";
123"V_Z7_PS_2V5_88E_AVDD";
124"V_Z7_PS_1V0_88E_DVDD1";
125"V_Z7_PS_1V0_88E_DVDD2";
126"V_Z7_PS_2V5_88E_AVDD";
127"Z7_PS_88E_SCLK_P_TP";
128"Z7_PS_88E_SIN_N";
129"Z7_PS_88E_HSDAC_N_TP";
130"V_Z7_1V0_VCCINT";
131"V_Z7_PS_2V5_88E_VDDO";
%"R"
"1","(-8900,1700)","0","kvm_matrix_lib","I1";
;
VALUE"0"
$LOCATION"?"
CODE"07090522"
CDS_LMAN_SYM_OUTLINE"-100,25,100,-25"
CDS_LIB"kvm_matrix_lib";
"A"46;
"B"32;
%"C"
"1","(-8650,3200)","1","kvm_matrix_lib","I10";
;
VALUE"22PF"
$LOCATION"?"
CODE"98070510"
CDS_LMAN_SYM_OUTLINE"-50,0,50,-50"
CDS_LIB"kvm_matrix_lib";
"1"18;
"2"15;
%"C"
"1","(-8650,3650)","1","kvm_matrix_lib","I11";
;
VALUE"22PF"
$LOCATION"?"
CODE"98070510"
CDS_LMAN_SYM_OUTLINE"-50,0,50,-50"
CDS_LIB"kvm_matrix_lib";
"1"43;
"2"15;
%"R"
"1","(-10000,5800)","1","kvm_matrix_lib","I12";
;
CDS_LIB"kvm_matrix_lib"
CDS_LMAN_SYM_OUTLINE"-100,25,100,-25"
CODE"07090246"
VALUE"4.7K"
$LOCATION"?";
"A"19;
"B"21;
%"R"
"1","(-10000,6550)","1","kvm_matrix_lib","I13";
;
CDS_LIB"kvm_matrix_lib"
CDS_LMAN_SYM_OUTLINE"-100,25,100,-25"
CODE"07090246"
$LOCATION"?"
VALUE"4.7K";
"A"22;
"B"20;
%"GND_SIGNAL"
"1","(-8150,3150)","1","standard","I14";
;
BODY_TYPE"PLUMBING"
HDL_POWER"GND_SIGNAL"
CDS_LIB"standard";
"GND"15;
%"88E1111"
"1","(-6000,5150)","0","kvm_matrix_lib","I15";
;
CDS_LMAN_SYM_OUTLINE"-250,1775,375,-2475"
CDS_LIB"kvm_matrix_lib";
"N9"97;
"N8"113;
"N7"98;
"N6"114;
"N4"108;
"N3"115;
"N2"109;
"N1"110;
"M9"85;
"M6"129;
"M5"117;
"M2"118;
"M1"95;
"L9"0;
"L8"0;
"L7"0;
"L4"79;
"L3"96;
"L1"112;
"K8"0;
"K7"0;
"K3"66;
"K2"0;
"J9"68;
"J2"24;
"J1"25;
"H9"67;
"H8"0;
"H3"26;
"H2"29;
"H1"27;
"G9"37;
"G8"74;
"G7"73;
"G3"30;
"G2"31;
"G1"0;
"F9"38;
"F8"39;
"F2"23;
"F1"107;
"E9"77;
"E8"78;
"E2"106;
"E1"28;
"D9"76;
"D8"72;
"D3"17;
"D2"111;
"D1"89;
"C9"80;
"C8"116;
"C5"91;
"C4"88;
"C3"86;
"C1"75;
"B8"84;
"B6"70;
"B5"69;
"B3"87;
"B2"90;
"B1"71;
"A9"83;
"A8"82;
"A7"81;
"A6"119;
"A5"127;
"A4"128;
"A3"94;
"A2"92;
"A1"93;
%"GND_SIGNAL"
"1","(-7050,3550)","7","standard","I16";
;
BODY_TYPE"PLUMBING"
HDL_POWER"GND_SIGNAL"
CDS_LIB"standard";
"GND"1;
%"R"
"1","(-6650,3600)","2","kvm_matrix_lib","I17";
;
VALUE"4.7K"
$LOCATION"?"
CODE"07090246"
CDS_LIB"kvm_matrix_lib"
CDS_LMAN_SYM_OUTLINE"-100,25,100,-25";
"A"79;
"B"1;
%"LED_S"
"1","(-5950,1800)","0","kvm_matrix_lib","I18";
;
VALUE"HSMG-C170-B"
$LOCATION"?"
CODE"15020063"
CDS_LMAN_SYM_OUTLINE"-150,50,50,-75"
CDS_LIB"kvm_matrix_lib";
"A"61;
"B"62;
%"LED_S"
"1","(-5950,1700)","0","kvm_matrix_lib","I19";
;
VALUE"HSMG-C170-B"
$LOCATION"?"
CODE"15020063"
CDS_LMAN_SYM_OUTLINE"-150,50,50,-75"
CDS_LIB"kvm_matrix_lib";
"A"54;
"B"36;
%"R"
"1","(-8900,1800)","0","kvm_matrix_lib","I2";
;
VALUE"0"
$LOCATION"?"
CODE"07090522"
CDS_LMAN_SYM_OUTLINE"-100,25,100,-25"
CDS_LIB"kvm_matrix_lib";
"A"45;
"B"33;
%"LED_S"
"1","(-5950,1900)","0","kvm_matrix_lib","I20";
;
VALUE"HSMG-C170-B"
$LOCATION"?"
CODE"15020063"
CDS_LMAN_SYM_OUTLINE"-150,50,50,-75"
CDS_LIB"kvm_matrix_lib";
"A"59;
"B"63;
%"LED_S"
"1","(-5950,2000)","0","kvm_matrix_lib","I21";
;
VALUE"HSMG-C170-B"
$LOCATION"?"
CODE"15020063"
CDS_LMAN_SYM_OUTLINE"-150,50,50,-75"
CDS_LIB"kvm_matrix_lib";
"A"60;
"B"64;
%"LED_S"
"1","(-5950,2100)","0","kvm_matrix_lib","I22";
;
VALUE"HSMG-C170-B"
$LOCATION"?"
CODE"15020063"
CDS_LMAN_SYM_OUTLINE"-150,50,50,-75"
CDS_LIB"kvm_matrix_lib";
"A"57;
"B"58;
%"LED_S"
"1","(-5950,2200)","0","kvm_matrix_lib","I23";
;
VALUE"HSMG-C170-B"
$LOCATION"?"
CODE"15020063"
CDS_LMAN_SYM_OUTLINE"-150,50,50,-75"
CDS_LIB"kvm_matrix_lib";
"A"55;
"B"56;
%"R"
"1","(-5350,1800)","0","kvm_matrix_lib","I24";
;
VALUE"330"
$LOCATION"?"
CODE"07090387"
CDS_LMAN_SYM_OUTLINE"-100,25,100,-25"
CDS_LIB"kvm_matrix_lib";
"A"61;
"B"65;
%"R"
"1","(-5350,2000)","0","kvm_matrix_lib","I25";
;
VALUE"330"
$LOCATION"?"
CODE"07090387"
CDS_LMAN_SYM_OUTLINE"-100,25,100,-25"
CDS_LIB"kvm_matrix_lib";
"A"60;
"B"65;
%"R"
"1","(-5350,1900)","0","kvm_matrix_lib","I26";
;
VALUE"330"
$LOCATION"?"
CODE"07090387"
CDS_LMAN_SYM_OUTLINE"-100,25,100,-25"
CDS_LIB"kvm_matrix_lib";
"A"59;
"B"65;
%"R"
"1","(-5350,2100)","0","kvm_matrix_lib","I27";
;
VALUE"330"
$LOCATION"?"
CODE"07090387"
CDS_LMAN_SYM_OUTLINE"-100,25,100,-25"
CDS_LIB"kvm_matrix_lib";
"A"57;
"B"65;
%"R"
"1","(-5350,2200)","0","kvm_matrix_lib","I28";
;
VALUE"330"
$LOCATION"?"
CODE"07090387"
CDS_LMAN_SYM_OUTLINE"-100,25,100,-25"
CDS_LIB"kvm_matrix_lib";
"A"55;
"B"65;
%"R"
"1","(-5200,3400)","2","kvm_matrix_lib","I29";
;
$LOCATION"?"
VALUE"4.7K"
CODE"07090246"
CDS_LMAN_SYM_OUTLINE"-100,25,100,-25"
CDS_LIB"kvm_matrix_lib";
"A"2;
"B"85;
%"R"
"1","(-8900,2000)","0","kvm_matrix_lib","I3";
;
$LOCATION"?"
VALUE"0"
CODE"07090522"
CDS_LMAN_SYM_OUTLINE"-100,25,100,-25"
CDS_LIB"kvm_matrix_lib";
"A"47;
"B"48;
%"GND_SIGNAL"
"1","(-4850,3350)","1","standard","I30";
;
BODY_TYPE"PLUMBING"
HDL_POWER"GND_SIGNAL"
CDS_LIB"standard";
"GND"2;
%"R"
"1","(-4200,4900)","0","kvm_matrix_lib","I31";
;
$LOCATION"?"
VALUE"0"
CDS_LIB"kvm_matrix_lib"
CDS_LMAN_SYM_OUTLINE"-100,25,100,-25"
CODE"07090522";
"A"119;
"B"5;
%"R"
"1","(-4200,5000)","0","kvm_matrix_lib","I32";
;
$LOCATION"?"
VALUE"0"
CDS_LIB"kvm_matrix_lib"
CDS_LMAN_SYM_OUTLINE"-100,25,100,-25"
CODE"07090522";
"A"127;
"B"5;
%"R"
"1","(-4200,5400)","2","kvm_matrix_lib","I33";
;
VALUE"49.9"
$LOCATION"?"
CODE"07090198"
CDS_LMAN_SYM_OUTLINE"-100,25,100,-25"
CDS_LIB"kvm_matrix_lib";
"A"6;
"B"129;
%"R"
"1","(-4200,5500)","2","kvm_matrix_lib","I34";
;
VALUE"49.9"
$LOCATION"?"
CODE"07090198"
CDS_LMAN_SYM_OUTLINE"-100,25,100,-25"
CDS_LIB"kvm_matrix_lib";
"A"6;
"B"117;
%"R"
"1","(-4200,5600)","0","kvm_matrix_lib","I35";
;
$LOCATION"?"
VALUE"4.99K-1%"
CODE"97090147"
CDS_LMAN_SYM_OUTLINE"-100,25,100,-25"
CDS_LIB"kvm_matrix_lib";
"A"118;
"B"6;
%"R"
"1","(-4450,6200)","2","kvm_matrix_lib","I36";
;
VALUE"49.9"
$LOCATION"?"
CODE"07090198"
CDS_LMAN_SYM_OUTLINE"-100,25,100,-25"
CDS_LIB"kvm_matrix_lib";
"A"99;
"B"97;
%"R"
"1","(-4450,6300)","2","kvm_matrix_lib","I37";
;
VALUE"49.9"
$LOCATION"?"
CODE"07090198"
CDS_LMAN_SYM_OUTLINE"-100,25,100,-25"
CDS_LIB"kvm_matrix_lib";
"A"99;
"B"113;
%"R"
"1","(-4450,6400)","2","kvm_matrix_lib","I38";
;
VALUE"49.9"
$LOCATION"?"
CODE"07090198"
CDS_LMAN_SYM_OUTLINE"-100,25,100,-25"
CDS_LIB"kvm_matrix_lib";
"A"100;
"B"98;
%"R"
"1","(-4450,6500)","2","kvm_matrix_lib","I39";
;
VALUE"49.9"
$LOCATION"?"
CODE"07090198"
CDS_LMAN_SYM_OUTLINE"-100,25,100,-25"
CDS_LIB"kvm_matrix_lib";
"A"100;
"B"114;
%"R"
"1","(-8900,1900)","0","kvm_matrix_lib","I4";
;
VALUE"0"
$LOCATION"?"
CODE"07090522"
CDS_LMAN_SYM_OUTLINE"-100,25,100,-25"
CDS_LIB"kvm_matrix_lib";
"A"44;
"B"34;
%"R"
"1","(-4450,6700)","2","kvm_matrix_lib","I40";
;
VALUE"49.9"
$LOCATION"?"
CODE"07090198"
CDS_LMAN_SYM_OUTLINE"-100,25,100,-25"
CDS_LIB"kvm_matrix_lib";
"A"101;
"B"115;
%"R"
"1","(-4450,6600)","2","kvm_matrix_lib","I41";
;
VALUE"49.9"
$LOCATION"?"
CODE"07090198"
CDS_LMAN_SYM_OUTLINE"-100,25,100,-25"
CDS_LIB"kvm_matrix_lib";
"A"101;
"B"108;
%"R"
"1","(-4450,6800)","2","kvm_matrix_lib","I42";
;
VALUE"49.9"
$LOCATION"?"
CODE"07090198"
CDS_LMAN_SYM_OUTLINE"-100,25,100,-25"
CDS_LIB"kvm_matrix_lib";
"A"102;
"B"109;
%"R"
"1","(-4450,6900)","2","kvm_matrix_lib","I43";
;
VALUE"49.9"
$LOCATION"?"
CODE"07090198"
CDS_LMAN_SYM_OUTLINE"-100,25,100,-25"
CDS_LIB"kvm_matrix_lib";
"A"102;
"B"110;
%"LB"
"1","(-1800,2900)","0","kvm_matrix_lib","I44";
;
VALUE"100MOHM"
$LOCATION"?"
CODE"10070008"
CDS_LMAN_SYM_OUTLINE"-125,50,125,0"
CDS_LIB"kvm_matrix_lib";
"B"131;
"A"103;
%"GND_SIGNAL"
"1","(-1550,2300)","0","standard","I45";
;
BODY_TYPE"PLUMBING"
HDL_POWER"GND_SIGNAL"
CDS_LIB"standard";
"GND"3;
%"C"
"1","(-1500,2700)","0","kvm_matrix_lib","I46";
;
VALUE"10UF"
$LOCATION"?"
CODE"08070391"
CDS_LMAN_SYM_OUTLINE"-50,0,50,-50"
CDS_LIB"kvm_matrix_lib";
"1"131;
"2"3;
%"C"
"1","(-1250,2700)","0","kvm_matrix_lib","I47";
;
VALUE"0.1U"
$LOCATION"?"
CODE"08070262"
CDS_LMAN_SYM_OUTLINE"-50,0,50,-50"
CDS_LIB"kvm_matrix_lib";
"1"131;
"2"3;
%"C"
"1","(-1100,2700)","0","kvm_matrix_lib","I48";
;
VALUE"0.1U"
$LOCATION"?"
CODE"08070262"
CDS_LMAN_SYM_OUTLINE"-50,0,50,-50"
CDS_LIB"kvm_matrix_lib";
"1"131;
"2"3;
%"LB"
"1","(-1800,3900)","0","kvm_matrix_lib","I49";
;
VALUE"100MOHM"
$LOCATION"?"
CODE"10070008"
CDS_LMAN_SYM_OUTLINE"-125,50,125,0"
CDS_LIB"kvm_matrix_lib";
"B"125;
"A"130;
%"R"
"1","(-8900,2100)","0","kvm_matrix_lib","I5";
;
VALUE"0"
$LOCATION"?"
CODE"07090522"
CDS_LMAN_SYM_OUTLINE"-100,25,100,-25"
CDS_LIB"kvm_matrix_lib";
"A"52;
"B"53;
%"GND_SIGNAL"
"1","(-1550,3300)","0","standard","I50";
;
HDL_POWER"GND_SIGNAL"
BODY_TYPE"PLUMBING"
CDS_LIB"standard";
"GND"4;
%"C"
"1","(-1500,3700)","0","kvm_matrix_lib","I51";
;
VALUE"10UF"
$LOCATION"?"
CODE"08070391"
CDS_LMAN_SYM_OUTLINE"-50,0,50,-50"
CDS_LIB"kvm_matrix_lib";
"1"125;
"2"4;
%"C"
"1","(-1250,3700)","0","kvm_matrix_lib","I52";
;
VALUE"0.1U"
$LOCATION"?"
CODE"08070262"
CDS_LMAN_SYM_OUTLINE"-50,0,50,-50"
CDS_LIB"kvm_matrix_lib";
"1"125;
"2"4;
%"C"
"1","(-1100,3700)","0","kvm_matrix_lib","I53";
;
VALUE"0.1U"
$LOCATION"?"
CODE"08070262"
CDS_LMAN_SYM_OUTLINE"-50,0,50,-50"
CDS_LIB"kvm_matrix_lib";
"1"125;
"2"4;
%"C"
"1","(-950,2700)","0","kvm_matrix_lib","I54";
;
VALUE"0.1U"
$LOCATION"?"
CODE"08070262"
CDS_LMAN_SYM_OUTLINE"-50,0,50,-50"
CDS_LIB"kvm_matrix_lib";
"1"131;
"2"3;
%"C"
"1","(-800,2700)","0","kvm_matrix_lib","I55";
;
VALUE"0.1U"
$LOCATION"?"
CODE"08070262"
CDS_LMAN_SYM_OUTLINE"-50,0,50,-50"
CDS_LIB"kvm_matrix_lib";
"1"131;
"2"3;
%"GND_SIGNAL"
"1","(-3750,4950)","1","standard","I56";
;
CDS_LIB"standard"
HDL_POWER"GND_SIGNAL"
BODY_TYPE"PLUMBING";
"GND"5;
%"GND_SIGNAL"
"1","(-3750,5450)","1","standard","I57";
;
HDL_POWER"GND_SIGNAL"
BODY_TYPE"PLUMBING"
CDS_LIB"standard";
"GND"6;
%"GND_SIGNAL"
"1","(-3650,6200)","1","standard","I58";
;
HDL_POWER"GND_SIGNAL"
BODY_TYPE"PLUMBING"
CDS_LIB"standard";
"GND"7;
%"C"
"1","(-3950,6250)","1","kvm_matrix_lib","I59";
;
VALUE"0.01U"
$LOCATION"?"
CODE"08070247"
CDS_LMAN_SYM_OUTLINE"-50,0,50,-50"
CDS_LIB"kvm_matrix_lib";
"1"99;
"2"7;
%"R"
"1","(-8900,2300)","0","kvm_matrix_lib","I6";
;
VALUE"0"
$LOCATION"?"
CODE"07090522"
CDS_LMAN_SYM_OUTLINE"-100,25,100,-25"
CDS_LIB"kvm_matrix_lib";
"A"50;
"B"51;
%"C"
"1","(-3950,6450)","1","kvm_matrix_lib","I60";
;
VALUE"0.01U"
$LOCATION"?"
CODE"08070247"
CDS_LMAN_SYM_OUTLINE"-50,0,50,-50"
CDS_LIB"kvm_matrix_lib";
"1"100;
"2"8;
%"C"
"1","(-3950,6650)","1","kvm_matrix_lib","I61";
;
VALUE"0.01U"
$LOCATION"?"
CODE"08070247"
CDS_LMAN_SYM_OUTLINE"-50,0,50,-50"
CDS_LIB"kvm_matrix_lib";
"1"101;
"2"9;
%"GND_SIGNAL"
"1","(-3650,6400)","1","standard","I62";
;
BODY_TYPE"PLUMBING"
HDL_POWER"GND_SIGNAL"
CDS_LIB"standard";
"GND"8;
%"GND_SIGNAL"
"1","(-3650,6600)","1","standard","I63";
;
HDL_POWER"GND_SIGNAL"
BODY_TYPE"PLUMBING"
CDS_LIB"standard";
"GND"9;
%"C"
"1","(-3950,6850)","1","kvm_matrix_lib","I64";
;
VALUE"0.01U"
$LOCATION"?"
CODE"08070247"
CDS_LMAN_SYM_OUTLINE"-50,0,50,-50"
CDS_LIB"kvm_matrix_lib";
"1"102;
"2"10;
%"GND_SIGNAL"
"1","(-3650,6800)","1","standard","I65";
;
BODY_TYPE"PLUMBING"
HDL_POWER"GND_SIGNAL"
CDS_LIB"standard";
"GND"10;
%"LB"
"1","(-1800,4900)","0","kvm_matrix_lib","I66";
;
VALUE"100MOHM"
$LOCATION"?"
CODE"10070008"
CDS_LMAN_SYM_OUTLINE"-125,50,125,0"
CDS_LIB"kvm_matrix_lib";
"B"124;
"A"105;
%"GND_SIGNAL"
"1","(-1550,4300)","0","standard","I67";
;
HDL_POWER"GND_SIGNAL"
BODY_TYPE"PLUMBING"
CDS_LIB"standard";
"GND"11;
%"C"
"1","(-1500,4700)","0","kvm_matrix_lib","I68";
;
VALUE"10UF"
$LOCATION"?"
CODE"08070391"
CDS_LMAN_SYM_OUTLINE"-50,0,50,-50"
CDS_LIB"kvm_matrix_lib";
"1"124;
"2"11;
%"C"
"1","(-1250,4700)","0","kvm_matrix_lib","I69";
;
VALUE"0.1U"
$LOCATION"?"
CODE"08070262"
CDS_LMAN_SYM_OUTLINE"-50,0,50,-50"
CDS_LIB"kvm_matrix_lib";
"1"124;
"2"11;
%"R"
"1","(-8900,2200)","0","kvm_matrix_lib","I7";
;
VALUE"0"
$LOCATION"?"
CODE"07090522"
CDS_LMAN_SYM_OUTLINE"-100,25,100,-25"
CDS_LIB"kvm_matrix_lib";
"A"49;
"B"14;
%"C"
"1","(-1100,4700)","0","kvm_matrix_lib","I70";
;
VALUE"0.1U"
$LOCATION"?"
CODE"08070262"
CDS_LMAN_SYM_OUTLINE"-50,0,50,-50"
CDS_LIB"kvm_matrix_lib";
"1"124;
"2"11;
%"LB"
"1","(-1800,5900)","0","kvm_matrix_lib","I71";
;
VALUE"100MOHM"
$LOCATION"?"
CODE"10070008"
CDS_LMAN_SYM_OUTLINE"-125,50,125,0"
CDS_LIB"kvm_matrix_lib";
"B"123;
"A"104;
%"GND_SIGNAL"
"1","(-1550,5300)","0","standard","I72";
;
HDL_POWER"GND_SIGNAL"
BODY_TYPE"PLUMBING"
CDS_LIB"standard";
"GND"12;
%"C"
"1","(-1500,5700)","0","kvm_matrix_lib","I73";
;
VALUE"10UF"
$LOCATION"?"
CODE"08070391"
CDS_LMAN_SYM_OUTLINE"-50,0,50,-50"
CDS_LIB"kvm_matrix_lib";
"1"123;
"2"12;
%"C"
"1","(-1250,5700)","0","kvm_matrix_lib","I74";
;
VALUE"0.1U"
$LOCATION"?"
CODE"08070262"
CDS_LMAN_SYM_OUTLINE"-50,0,50,-50"
CDS_LIB"kvm_matrix_lib";
"1"123;
"2"12;
%"C"
"1","(-1100,5700)","0","kvm_matrix_lib","I75";
;
VALUE"0.1U"
$LOCATION"?"
CODE"08070262"
CDS_LMAN_SYM_OUTLINE"-50,0,50,-50"
CDS_LIB"kvm_matrix_lib";
"1"123;
"2"12;
%"C"
"1","(-950,5700)","0","kvm_matrix_lib","I76";
;
VALUE"0.1U"
$LOCATION"?"
CODE"08070262"
CDS_LMAN_SYM_OUTLINE"-50,0,50,-50"
CDS_LIB"kvm_matrix_lib";
"1"123;
"2"12;
%"GND_SIGNAL"
"1","(-1000,6200)","0","standard","I77";
;
BODY_TYPE"PLUMBING"
HDL_POWER"GND_SIGNAL"
CDS_LIB"standard";
"GND"13;
%"88E1111"
"2","(-1200,6450)","0","kvm_matrix_lib","I78";
;
CDS_LMAN_SYM_OUTLINE"-200,1150,125,-200"
CDS_LIB"kvm_matrix_lib";
"N5"126;
"M8"126;
"M7"126;
"M4"126;
"M3"126;
"L6"13;
"L5"13;
"L2"122;
"K9"122;
"K6"13;
"K5"13;
"K4"13;
"K1"122;
"J8"122;
"J7"121;
"J6"13;
"J5"13;
"J4"13;
"J3"121;
"H7"13;
"H6"13;
"H5"13;
"H4"13;
"G6"13;
"G5"13;
"G4"13;
"F7"122;
"F6"13;
"F5"13;
"F4"13;
"F3"121;
"E7"121;
"E6"13;
"E5"13;
"E4"13;
"E3"120;
"D7"120;
"D6"13;
"D5"13;
"D4"13;
"C7"120;
"C6"120;
"C2"122;
"B9"122;
"B7"126;
"B4"122;
%"R"
"1","(-5350,1700)","0","kvm_matrix_lib","I79";
;
VALUE"330"
$LOCATION"?"
CODE"07090387"
CDS_LMAN_SYM_OUTLINE"-100,25,100,-25"
CDS_LIB"kvm_matrix_lib";
"A"54;
"B"65;
%"GND_SIGNAL"
"1","(-8550,2150)","1","standard","I8";
;
BODY_TYPE"PLUMBING"
HDL_POWER"GND_SIGNAL"
CDS_LIB"standard";
"GND"14;
%"R"
"1","(-8000,550)","0","kvm_matrix_lib","I80";
;
VALUE"0"
$LOCATION"?"
CODE"07090522"
CDS_LMAN_SYM_OUTLINE"-100,25,100,-25"
CDS_LIB"kvm_matrix_lib";
"A"40;
"B"35;
%"DIODE"
"1","(-7500,550)","0","kvm_matrix_lib","I81";
;
VALUE"1N4148"
$LOCATION"?"
CODE"95010058"
CDS_LIB"kvm_matrix_lib"
CDS_LMAN_SYM_OUTLINE"-50,50,50,-50";
"K"35;
"A"41;
%"R"
"1","(-7250,900)","3","kvm_matrix_lib","I82";
;
$LOCATION"?"
VALUE"4.7K"
CDS_LIB"kvm_matrix_lib"
CDS_LMAN_SYM_OUTLINE"-100,25,100,-25"
CODE"07090246";
"A"42;
"B"41;
%"R"
"1","(-7650,6500)","0","kvm_matrix_lib","I83";
;
VALUE"1K"
CODE"07090277"
CDS_LIB"kvm_matrix_lib"
$LOCATION"?"
CDS_LMAN_SYM_OUTLINE"-100,25,100,-25";
"A"16;
"B"27;
%"R"
"1","(-7650,6400)","0","kvm_matrix_lib","I84";
;
VALUE"1K"
CODE"07090277"
CDS_LIB"kvm_matrix_lib"
$LOCATION"?"
CDS_LMAN_SYM_OUTLINE"-100,25,100,-25";
"A"16;
"B"26;
%"R"
"1","(-7650,6300)","0","kvm_matrix_lib","I85";
;
VALUE"1K"
CODE"07090277"
CDS_LIB"kvm_matrix_lib"
$LOCATION"?"
CDS_LMAN_SYM_OUTLINE"-100,25,100,-25";
"A"16;
"B"25;
%"R"
"1","(-7650,6200)","0","kvm_matrix_lib","I86";
;
VALUE"1K"
CODE"07090277"
CDS_LIB"kvm_matrix_lib"
$LOCATION"?"
CDS_LMAN_SYM_OUTLINE"-100,25,100,-25";
"A"16;
"B"24;
%"R"
"1","(-7650,5900)","0","kvm_matrix_lib","I87";
;
VALUE"1K"
CODE"07090277"
CDS_LIB"kvm_matrix_lib"
$LOCATION"?"
CDS_LMAN_SYM_OUTLINE"-100,25,100,-25";
"A"16;
"B"23;
%"GND_SIGNAL"
"1","(-8100,5850)","7","standard","I88";
;
HDL_POWER"GND_SIGNAL"
BODY_TYPE"PLUMBING"
CDS_LIB"standard";
"GND"16;
%"CRYSTAL"
"1","(-8900,3300)","1","kvm_matrix_lib","I9";
;
VALUE"25MHZ"
$LOCATION"?"
CODE"12020092"
CDS_LMAN_SYM_OUTLINE"50,100,225,-100"
CDS_LIB"kvm_matrix_lib";
"A1"18;
"A2"43;
END.
