FILE_TYPE = CONNECTIVITY;
{Allegro Design Entry HDL 16.6-p007 (v16-6-112F) 10/10/2012}
"PAGE_NUMBER" = 99;
0"NC";
1"GND_SIGNAL\g";
2"GND_SIGNAL\g";
3"GND_SIGNAL\g";
4"GND_SIGNAL\g";
5"GND_SIGNAL\g";
6"GND_SIGNAL\g";
7"GND_SIGNAL\g";
8"GND_SIGNAL\g";
9"GND_SIGNAL\g";
10"GND_SIGNAL\g";
11"GND_SIGNAL\g";
12"GND_SIGNAL\g";
13"GND_SIGNAL\g";
14"GND_SIGNAL\g";
15"GND_SIGNAL\g";
16"GND_SIGNAL\g";
17"GND_SIGNAL\g";
18"GND_SIGNAL\g";
19"GND_SIGNAL\g";
20"GND_SIGNAL\g";
21"GND_SIGNAL\g";
22"GND_SIGNAL\g";
23"GND_SIGNAL\g";
24"V_A7_3V3_USBHUB_AVDD";
25"A7_USBHUB_PWREN4_R_N";
26"A7_USBHUB_PGREEN4";
27"A7_USBHUB_PAMBER4";
28"A7_USBHUB_OVCUR4_R_N";
29"A7_USBHUB_DATA4_N";
30"A7_USBHUB_DATA4_P";
31"A7_USBHUB_PWREN3_R_N";
32"A7_USBHUB_PGREEN3";
33"A7_USBHUB_PAMBER3";
34"A7_USBHUB_OVCUR3_R_N";
35"A7_USBHUB_DATA3_P";
36"A7_USBHUB_PWREN2_R_N";
37"A7_USBHUB_RESET_N";
38"A7_USBHUB_PAMBER3";
39"A7_USBHUB_PAMBER4";
40"A7_USBHUB_PAMBER2";
41"A7_USBHUB_PGANG";
42"V_A7_USBHUB_DVDD";
43"V_A7_3V3_USBHUB_LDOOUT";
44"V_A7_3V3";
45"V_A7_3V3_USBHUB_AVDD";
46"V_A7_5V0_USBHUB_VBUS1";
47"A7_USBHUB_DATA3_P";
48"A7_USBHUB_XTAL1";
49"A7_USBHUB_DATA4_P";
50"A7_USBHUB_DATA4_N";
51"A7_USBHUB_OVCUR4_N";
52"V_A7_5V0_USBHUB_VBUS3";
53"V_A7_5V0_USBHUB2";
54"A7_USBHUB_PGREEN1";
55"A7_USBHUB_PGREEN2";
56"A7_USBHUB_PGREEN3";
57"A7_USBHUB_PGREEN4";
58"V_A7_5V0_USBHUB_VBUS1";
59"A7_USBHUB_DATA1_N";
60"A7_USBHUB_PSELF";
61"A7_USBHUB_PWREN2_N";
62"A7_USBHUB_OVCUR2_N";
63"A7_USBHUB_PWREN1_N";
64"A7_USBHUB_OVCUR1_N";
65"A7_USBHUB_PWREN3_N";
66"A7_USBHUB_OVCUR3_N";
67"A7_USBHUB_XTAL1";
68"A7_USBHUB_XTAL2";
69"A7_USBHUB_RESET_N";
70"A7_USBHUB_PGANG";
71"A7_USBHUB_TEST";
72"A7_USBPHY_DATA_P";
73"V_A7_3V3_USBHUB_LDOOUT";
74"V_A7_5V0_USBHUB1";
75"V_A7_3V3_USBHUB_DVDD";
76"A7_USBHUB_PGREEN1";
77"A7_USBHUB_DATA1_N";
78"A7_USBPHY_DATA_N";
79"A7_USBHUB_RREF";
80"V_A7_3V3_USBHUB_LDOOUT";
81"V_A7_5V0_IN";
82"V_A7_3V3";
83"V_A7_5V0_IN";
84"V_A7_5V0_USBHUB3";
85"V_A7_5V0_USBHUB2";
86"V_A7_5V0_IN";
87"V_A7_3V3_USBHUB_DVDD";
88"V_A7_3V3_USBHUB_LDOOUT";
89"A7_USBHUB_PSELF";
90"A7_USBHUB_OVCUR2_R_N";
91"A7_USBHUB_PWREN1_R_N";
92"A7_USBHUB_OVCUR1_R_N";
93"A7_USBHUB_DATA2_P";
94"A7_USBHUB_PGREEN2";
95"A7_USBHUB_DATA3_N";
96"A7_USBHUB_DATA1_P";
97"A7_USBHUB_PAMBER2";
98"V_A7_5V0_USBHUB1";
99"A7_USBHUB_RREF";
100"A7_USBHUB_XTAL2";
101"A7_USBHUB_TEST";
102"V_A7_USBHUB_DVDD";
103"A7_USBHUB_PWREN4_N";
104"A7_USBHUB_PAMBER1";
105"V_A7_5V0_USBHUB3";
106"V_A7_5V0_USBHUB_VBUS2";
107"V_A7_5V0_USBHUB_VBUS4";
108"V_A7_5V0_USBHUB_VBUS1";
109"V_A7_5V0_USBHUB_VBUS3";
110"V_A7_5V0_USBHUB_VBUS4";
111"V_A7_5V0_USBHUB_VBUS3";
112"V_A7_5V0_USBHUB_VBUS4";
113"A7_USBHUB_DATA3_N";
114"V_A7_5V0_USBHUB_VBUS2";
115"V_A7_5V0_USBHUB_VBUS2";
116"A7_USBHUB_DATA2_P";
117"A7_USBHUB_DATA2_N";
118"A7_USBHUB_DATA1_P";
119"UN$99$LEDS$I97$A";
120"UN$99$LEDS$I98$A";
121"UN$99$LEDS$I100$A";
122"UN$99$LEDS$I99$A";
123"A7_USBHUB_DATA2_N";
124"A7_USBHUB_PAMBER1";
%"GND_SIGNAL"
"1","(-10350,2400)","0","standard","I1";
;
CDS_LIB"standard"
BODY_TYPE"PLUMBING"
HDL_POWER"GND_SIGNAL";
"GND"23;
%"C"
"1","(-9000,1750)","0","capcitor","I10";
;
CDS_LIB"capcitor"
CDS_LMAN_SYM_OUTLINE"-50,0,50,-50"
$LOCATION"?"
VALUE"0.1U"
CODE"08070262";
"1"85;
"2"5;
%"LED_S"
"1","(-1350,7250)","2","diode","I100";
;
CDS_LIB"diode"
CDS_LMAN_SYM_OUTLINE"-150,50,50,-75"
$LOCATION"?"
VALUE"HSMG-C170-B"
CODE"15020063";
"A"121;
"B"22;
%"GND_SIGNAL"
"1","(-800,7350)","1","standard","I101";
;
CDS_LIB"standard"
BODY_TYPE"PLUMBING"
HDL_POWER"GND_SIGNAL";
"GND"22;
%"R"
"1","(-5550,5300)","0","resistor","I102";
;
CDS_LIB"resistor"
CDS_LMAN_SYM_OUTLINE"-100,25,100,-25"
$LOCATION"?"
VALUE"4.7K"
CODE"07090246";
"A"104;
"B"42;
%"R"
"1","(-5550,5200)","0","resistor","I103";
;
CDS_LIB"resistor"
CDS_LMAN_SYM_OUTLINE"-100,25,100,-25"
$LOCATION"?"
VALUE"1K"
CODE"07090277";
"A"104;
"B"15;
%"R"
"1","(-5550,5000)","0","resistor","I104";
;
CDS_LIB"resistor"
CDS_LMAN_SYM_OUTLINE"-100,25,100,-25"
$LOCATION"?"
VALUE"4.7K"
CODE"07090246";
"A"40;
"B"42;
%"R"
"1","(-5550,4900)","0","resistor","I105";
;
CDS_LIB"resistor"
CDS_LMAN_SYM_OUTLINE"-100,25,100,-25"
$LOCATION"?"
VALUE"1K"
CODE"07090277";
"A"40;
"B"15;
%"C"
"1","(-10150,2750)","0","capcitor","I11";
;
CDS_LIB"capcitor"
CDS_LMAN_SYM_OUTLINE"-50,0,50,-50"
$LOCATION"?"
VALUE"0.1U"
CODE"08070262";
"1"80;
"2"23;
%"LB"
"1","(-9100,3900)","0","inductor","I12";
;
CDS_LIB"inductor"
CDS_LMAN_SYM_OUTLINE"-125,50,125,0"
$LOCATION"?"
VALUE"100MOHM"
CODE"10070008";
"B"87;
"A"82;
%"LB"
"1","(-8350,2950)","0","inductor","I13";
;
CDS_LIB"inductor"
CDS_LMAN_SYM_OUTLINE"-125,50,125,0"
$LOCATION"?"
VALUE"100MOHM"
CODE"10070008";
"B"98;
"A"86;
%"GND_SIGNAL"
"1","(-8850,3300)","0","standard","I14";
;
CDS_LIB"standard"
BODY_TYPE"PLUMBING"
HDL_POWER"GND_SIGNAL";
"GND"21;
%"C"
"1","(-8800,3700)","0","capcitor","I15";
;
CDS_LIB"capcitor"
CDS_LMAN_SYM_OUTLINE"-50,0,50,-50"
$LOCATION"?"
VALUE"0.1U"
CODE"08070262";
"1"87;
"2"21;
%"C"
"1","(-8650,3700)","0","capcitor","I16";
;
CDS_LIB"capcitor"
CDS_LMAN_SYM_OUTLINE"-50,0,50,-50"
$LOCATION"?"
VALUE"0.1U"
CODE"08070262";
"1"87;
"2"21;
%"C"
"1","(-8500,3700)","0","capcitor","I17";
;
CDS_LIB"capcitor"
CDS_LMAN_SYM_OUTLINE"-50,0,50,-50"
$LOCATION"?"
VALUE"0.1U"
CODE"08070262";
"1"87;
"2"21;
%"C"
"1","(-8350,3700)","0","capcitor","I18";
;
CDS_LIB"capcitor"
CDS_LMAN_SYM_OUTLINE"-50,0,50,-50"
$LOCATION"?"
VALUE"0.1U"
CODE"08070262";
"1"87;
"2"21;
%"LB"
"1","(-9100,4100)","0","inductor","I19";
;
CDS_LIB"inductor"
CDS_LMAN_SYM_OUTLINE"-125,50,125,0"
$LOCATION"?"
VALUE"100MOHM"
CODE"10070008";
"B"87;
"A"88;
%"CP"
"1","(-10300,2750)","0","capcitor","I2";
;
CDS_LIB"capcitor"
CDS_LMAN_SYM_OUTLINE"-50,0,50,-50"
$LOCATION"?"
VALUE"22U-10V"
CODE"08020082";
"2"23;
"1"80;
%"GND_SIGNAL"
"1","(-9450,4500)","0","standard","I20";
;
CDS_LIB"standard"
BODY_TYPE"PLUMBING"
HDL_POWER"GND_SIGNAL";
"GND"20;
%"CP"
"1","(-9400,4900)","0","capcitor","I21";
;
CDS_LIB"capcitor"
CDS_LMAN_SYM_OUTLINE"-50,0,50,-50"
$LOCATION"?"
VALUE"220U-10V"
CODE"08020083";
"2"20;
"1"44;
%"LB"
"1","(-9100,5100)","0","inductor","I22";
;
CDS_LIB"inductor"
CDS_LMAN_SYM_OUTLINE"-125,50,125,0"
$LOCATION"?"
VALUE"100MOHM"
CODE"10070008";
"B"45;
"A"44;
%"LB"
"1","(-9100,5350)","0","inductor","I23";
;
CDS_LIB"inductor"
CDS_LMAN_SYM_OUTLINE"-125,50,125,0"
$LOCATION"?"
VALUE"100MOHM"
CODE"10070008";
"B"45;
"A"43;
%"C"
"1","(-8800,4900)","0","capcitor","I24";
;
CDS_LIB"capcitor"
CDS_LMAN_SYM_OUTLINE"-50,0,50,-50"
$LOCATION"?"
VALUE"0.1U"
CODE"08070262";
"1"45;
"2"20;
%"C"
"1","(-8650,4900)","0","capcitor","I25";
;
CDS_LIB"capcitor"
CDS_LMAN_SYM_OUTLINE"-50,0,50,-50"
$LOCATION"?"
VALUE"0.1U"
CODE"08070262";
"1"45;
"2"20;
%"C"
"1","(-8500,4900)","0","capcitor","I26";
;
CDS_LIB"capcitor"
CDS_LMAN_SYM_OUTLINE"-50,0,50,-50"
$LOCATION"?"
VALUE"0.1U"
CODE"08070262";
"1"45;
"2"20;
%"C"
"1","(-8350,4900)","0","capcitor","I27";
;
CDS_LIB"capcitor"
CDS_LMAN_SYM_OUTLINE"-50,0,50,-50"
$LOCATION"?"
VALUE"0.1U"
CODE"08070262";
"1"45;
"2"20;
%"GND_SIGNAL"
"1","(-9050,5750)","0","standard","I28";
;
CDS_LIB"standard"
HDL_POWER"GND_SIGNAL"
BODY_TYPE"PLUMBING";
"GND"19;
%"GL850G"
"1","(-8650,7400)","0","ic","I29";
;
CDS_LIB"ic"
CDS_LMAN_SYM_OUTLINE"-250,125,250,-1525"
$LOCATION"?"
VALUE"GL850G";
"PWREN4#"25;
"PGREEN4"26;
"PAMBER4"27;
"OVCUR4#"28;
"DM4"29;
"PWREN3#"31;
"PGREEN3"32;
"PAMBER3"33;
"OVCUR3#"34;
"DP4"30;
"DM3"95;
"DP3"35;
"PWREN2#"36;
"PGREEN2"94;
"PAMBER2"97;
"OVCUR2#"90;
"DM2"123;
"DP2"93;
"PWREN1#"91;
"PGREEN1"76;
"PAMBER1"124;
"OVCUR1#"92;
"DM1"77;
"DP1"96;
"AGND4"19;
"AGND3"19;
"AGND2"19;
"AGND1"19;
"AVDD5"24;
"AVDD4"24;
"AVDD3"24;
"AVDD2"24;
"AVDD1"24;
"DVDD4/SEL48"75;
"DVDD3/SEL27"75;
"DVDD2"75;
"DVDD1"75;
"V5"74;
"V33"73;
"DM0"78;
"DP0"72;
"TEST"71;
"RREF"79;
"PGANG"70;
"PSELF"89;
"RESET#"69;
"X2"68;
"X1"67;
%"LB"
"1","(-9500,1100)","0","inductor","I3";
;
CDS_LIB"inductor"
CDS_LMAN_SYM_OUTLINE"-125,50,125,0"
$LOCATION"?"
VALUE"100MOHM"
CODE"10070008";
"B"84;
"A"83;
%"C"
"1","(-8200,4900)","0","capcitor","I30";
;
CDS_LIB"capcitor"
CDS_LMAN_SYM_OUTLINE"-50,0,50,-50"
$LOCATION"?"
VALUE"0.1U"
CODE"08070262";
"1"45;
"2"20;
%"GND_SIGNAL"
"1","(-8050,2400)","0","standard","I31";
;
CDS_LIB"standard"
BODY_TYPE"PLUMBING"
HDL_POWER"GND_SIGNAL";
"GND"18;
%"CP"
"1","(-8000,2750)","0","capcitor","I32";
;
CDS_LIB"capcitor"
CDS_LMAN_SYM_OUTLINE"-50,0,50,-50"
$LOCATION"?"
VALUE"22U-10V"
CODE"08020082";
"2"18;
"1"98;
%"C"
"1","(-7850,2750)","0","capcitor","I33";
;
CDS_LIB"capcitor"
CDS_LMAN_SYM_OUTLINE"-50,0,50,-50"
$LOCATION"?"
VALUE"0.1U"
CODE"08070262";
"1"98;
"2"18;
%"CRYSTAL"
"1","(-5600,1350)","1","oscillator","I34";
;
CDS_LIB"oscillator"
$LOCATION"?"
CDS_LMAN_SYM_OUTLINE"50,100,225,-100"
VALUE"12.288MHZ"
CODE"92020120";
"A1"100;
"A2"48;
%"C"
"1","(-5100,1250)","1","capcitor","I35";
;
CDS_LIB"capcitor"
CDS_LMAN_SYM_OUTLINE"-50,0,50,-50"
$LOCATION"?"
VALUE"22PF"
CODE"98070510";
"1"100;
"2"17;
%"R"
"1","(-5250,1500)","1","resistor","I36";
;
CDS_LIB"resistor"
CDS_LMAN_SYM_OUTLINE"-100,25,100,-25"
$LOCATION"?"
VALUE"1M"
CODE"97090121";
"A"100;
"B"48;
%"C"
"1","(-5100,1750)","1","capcitor","I37";
;
CDS_LIB"capcitor"
CDS_LMAN_SYM_OUTLINE"-50,0,50,-50"
$LOCATION"?"
VALUE"22PF"
CODE"98070510";
"1"48;
"2"17;
%"GND_SIGNAL"
"1","(-4750,1450)","1","standard","I38";
;
CDS_LIB"standard"
HDL_POWER"GND_SIGNAL"
BODY_TYPE"PLUMBING";
"GND"17;
%"R"
"1","(-5650,2550)","0","resistor","I39";
;
CDS_LIB"resistor"
CDS_LMAN_SYM_OUTLINE"-100,25,100,-25"
$LOCATION"?"
VALUE"680"
CODE"07090483";
"A"99;
"B"16;
%"LB"
"1","(-9500,1950)","0","inductor","I4";
;
CDS_LIB"inductor"
CDS_LMAN_SYM_OUTLINE"-125,50,125,0"
$LOCATION"?"
VALUE"100MOHM"
CODE"10070008";
"B"85;
"A"81;
%"R"
"1","(-5650,2750)","0","resistor","I40";
;
CDS_LIB"resistor"
CDS_LMAN_SYM_OUTLINE"-100,25,100,-25"
$LOCATION"?"
VALUE"100K"
CODE"97090114";
"A"41;
"B"16;
%"R"
"1","(-5650,3050)","0","resistor","I41";
;
CDS_LIB"resistor"
CDS_LMAN_SYM_OUTLINE"-100,25,100,-25"
$LOCATION"?"
VALUE"1K"
CODE"07090277";
"A"101;
"B"16;
%"R"
"1","(-5650,2850)","0","resistor","I42";
;
CDS_LIB"resistor"
CDS_LMAN_SYM_OUTLINE"-100,25,100,-25"
$LOCATION"?"
VALUE"100K"
CODE"97090114";
"A"41;
"B"102;
%"GND_SIGNAL"
"1","(-5200,2350)","0","standard","I43";
;
CDS_LIB"standard"
BODY_TYPE"PLUMBING"
HDL_POWER"GND_SIGNAL";
"GND"16;
%"R"
"1","(-5650,3150)","0","resistor","I44";
;
CDS_LIB"resistor"
CDS_LMAN_SYM_OUTLINE"-100,25,100,-25"
$LOCATION"?"
VALUE"4.7K"
CODE"07090246";
"A"101;
"B"102;
%"R"
"1","(-5650,3450)","0","resistor","I45";
;
CDS_LIB"resistor"
CDS_LMAN_SYM_OUTLINE"-100,25,100,-25"
$LOCATION"?"
VALUE"4.7K"
CODE"07090246";
"A"60;
"B"102;
%"R"
"1","(-5650,3350)","0","resistor","I46";
;
CDS_LIB"resistor"
CDS_LMAN_SYM_OUTLINE"-100,25,100,-25"
$LOCATION"?"
VALUE"1K"
CODE"07090277";
"A"60;
"B"16;
%"R"
"1","(-5650,3700)","0","resistor","I47";
;
CDS_LIB"resistor"
CDS_LMAN_SYM_OUTLINE"-100,25,100,-25"
$LOCATION"?"
VALUE"4.7K"
CODE"07090246";
"A"37;
"B"102;
%"GND_SIGNAL"
"1","(-5100,4050)","0","standard","I48";
;
CDS_LIB"standard"
BODY_TYPE"PLUMBING"
HDL_POWER"GND_SIGNAL";
"GND"15;
%"R"
"1","(-6850,6100)","0","resistor","I49";
;
CDS_LIB"resistor"
CDS_LMAN_SYM_OUTLINE"-100,25,100,-25"
$LOCATION"?"
VALUE"0"
CODE"07090522";
"A"25;
"B"51;
%"GND_SIGNAL"
"1","(-9200,550)","0","standard","I5";
;
CDS_LIB"standard"
HDL_POWER"GND_SIGNAL"
BODY_TYPE"PLUMBING";
"GND"14;
%"R"
"1","(-6850,6250)","0","resistor","I50";
;
CDS_LIB"resistor"
CDS_LMAN_SYM_OUTLINE"-100,25,100,-25"
$LOCATION"?"
VALUE"0"
CODE"07090522";
"A"28;
"B"103;
%"R"
"1","(-6850,6450)","0","resistor","I51";
;
CDS_LIB"resistor"
CDS_LMAN_SYM_OUTLINE"-100,25,100,-25"
$LOCATION"?"
VALUE"0"
CODE"07090522";
"A"31;
"B"65;
%"R"
"1","(-6850,6600)","0","resistor","I52";
;
CDS_LIB"resistor"
CDS_LMAN_SYM_OUTLINE"-100,25,100,-25"
$LOCATION"?"
VALUE"0"
CODE"07090522";
"A"34;
"B"66;
%"R"
"1","(-6850,6950)","0","resistor","I53";
;
CDS_LIB"resistor"
CDS_LMAN_SYM_OUTLINE"-100,25,100,-25"
$LOCATION"?"
VALUE"0"
CODE"07090522";
"A"90;
"B"61;
%"R"
"1","(-6850,7150)","0","resistor","I54";
;
CDS_LIB"resistor"
CDS_LMAN_SYM_OUTLINE"-100,25,100,-25"
$LOCATION"?"
VALUE"0"
CODE"07090522";
"A"91;
"B"63;
%"R"
"1","(-6850,6800)","0","resistor","I55";
;
CDS_LIB"resistor"
CDS_LMAN_SYM_OUTLINE"-100,25,100,-25"
$LOCATION"?"
VALUE"0"
CODE"07090522";
"A"36;
"B"62;
%"R"
"1","(-6850,7300)","0","resistor","I56";
;
CDS_LIB"resistor"
CDS_LMAN_SYM_OUTLINE"-100,25,100,-25"
$LOCATION"?"
VALUE"0"
CODE"07090522";
"A"92;
"B"64;
%"R"
"1","(-5550,4300)","0","resistor","I57";
;
CDS_LIB"resistor"
CDS_LMAN_SYM_OUTLINE"-100,25,100,-25"
$LOCATION"?"
VALUE"1K"
CODE"07090277";
"A"39;
"B"15;
%"R"
"1","(-5550,4600)","0","resistor","I58";
;
CDS_LIB"resistor"
CDS_LMAN_SYM_OUTLINE"-100,25,100,-25"
$LOCATION"?"
VALUE"1K"
CODE"07090277";
"A"38;
"B"15;
%"R"
"1","(-5550,4400)","0","resistor","I59";
;
CDS_LIB"resistor"
CDS_LMAN_SYM_OUTLINE"-100,25,100,-25"
$LOCATION"?"
VALUE"4.7K"
CODE"07090246";
"A"39;
"B"42;
%"C"
"1","(-9150,900)","0","capcitor","I6";
;
CDS_LIB"capcitor"
CDS_LMAN_SYM_OUTLINE"-50,0,50,-50"
$LOCATION"?"
VALUE"10UF"
CODE"98070517";
"1"84;
"2"14;
%"R"
"1","(-5550,4700)","0","resistor","I60";
;
CDS_LIB"resistor"
CDS_LMAN_SYM_OUTLINE"-100,25,100,-25"
$LOCATION"?"
VALUE"4.7K"
CODE"07090246";
"A"38;
"B"42;
%"GND_SIGNAL"
"1","(-4850,6050)","2","standard","I61";
;
CDS_LIB"standard"
HDL_POWER"GND_SIGNAL"
BODY_TYPE"PLUMBING";
"GND"13;
%"LM3526"
"1","(-5200,6300)","0","power","I62";
;
CDS_LIB"power"
CDS_LMAN_SYM_OUTLINE"-200,200,200,-150"
$LOCATION"?";
"FLAGA"66;
"ENA* \B"65;
"OUTA"52;
"IN"105;
"GND"13;
"OUTB"107;
"ENB* \B"51;
"FLAGB"103;
%"LM3526"
"1","(-5250,7100)","0","power","I63";
;
CDS_LIB"power"
CDS_LMAN_SYM_OUTLINE"-200,200,200,-150"
$LOCATION"?";
"FLAGA"64;
"ENA* \B"63;
"OUTA"108;
"IN"53;
"GND"12;
"OUTB"106;
"ENB* \B"62;
"FLAGB"61;
%"GND_SIGNAL"
"1","(-4850,6850)","2","standard","I64";
;
CDS_LIB"standard"
BODY_TYPE"PLUMBING"
HDL_POWER"GND_SIGNAL";
"GND"12;
%"GND_SIGNAL"
"1","(-3100,1500)","0","standard","I65";
;
CDS_LIB"standard"
BODY_TYPE"PLUMBING"
HDL_POWER"GND_SIGNAL";
"GND"11;
%"CP"
"1","(-3050,1850)","0","capcitor","I66";
;
CDS_LIB"capcitor"
CDS_LMAN_SYM_OUTLINE"-50,0,50,-50"
$LOCATION"?"
VALUE"100U-10V"
CODE"08020091";
"2"11;
"1"109;
%"C"
"1","(-2850,1850)","0","capcitor","I67";
;
CDS_LIB"capcitor"
CDS_LMAN_SYM_OUTLINE"-50,0,50,-50"
$LOCATION"?"
VALUE"0.1U"
CODE"08070262";
"1"109;
"2"11;
%"GND_SIGNAL"
"1","(-2100,2350)","0","standard","I68";
;
CDS_LIB"standard"
BODY_TYPE"PLUMBING"
HDL_POWER"GND_SIGNAL";
"GND"10;
%"GND_SIGNAL"
"1","(-3100,3950)","0","standard","I69";
;
CDS_LIB"standard"
BODY_TYPE"PLUMBING"
HDL_POWER"GND_SIGNAL";
"GND"9;
%"C"
"1","(-9000,900)","0","capcitor","I7";
;
CDS_LIB"capcitor"
CDS_LMAN_SYM_OUTLINE"-50,0,50,-50"
$LOCATION"?"
VALUE"0.1U"
CODE"08070262";
"1"84;
"2"14;
%"GND_SIGNAL"
"1","(-1800,1500)","0","standard","I70";
;
CDS_LIB"standard"
BODY_TYPE"PLUMBING"
HDL_POWER"GND_SIGNAL";
"GND"8;
%"CP"
"1","(-1750,1850)","0","capcitor","I71";
;
CDS_LIB"capcitor"
CDS_LMAN_SYM_OUTLINE"-50,0,50,-50"
$LOCATION"?"
VALUE"100U-10V"
CODE"08020091";
"2"8;
"1"112;
%"C"
"1","(-1550,1850)","0","capcitor","I72";
;
CDS_LIB"capcitor"
CDS_LMAN_SYM_OUTLINE"-50,0,50,-50"
$LOCATION"?"
VALUE"0.1U"
CODE"08070262";
"1"112;
"2"8;
%"R"
"1","(-2050,2750)","1","resistor","I73";
;
CDS_LIB"resistor"
CDS_LMAN_SYM_OUTLINE"-100,25,100,-25"
$LOCATION"?"
VALUE"15K"
CODE"97090129";
"A"10;
"B"113;
%"R"
"1","(-2000,2750)","1","resistor","I74";
;
CDS_LIB"resistor"
CDS_LMAN_SYM_OUTLINE"-100,25,100,-25"
$LOCATION"?"
VALUE"15K"
CODE"97090129";
"A"10;
"B"47;
%"R"
"1","(-1850,2750)","1","resistor","I75";
;
CDS_LIB"resistor"
CDS_LMAN_SYM_OUTLINE"-100,25,100,-25"
$LOCATION"?"
VALUE"15K"
CODE"97090129";
"A"10;
"B"50;
%"R"
"1","(-1800,2750)","1","resistor","I76";
;
CDS_LIB"resistor"
CDS_LMAN_SYM_OUTLINE"-100,25,100,-25"
$LOCATION"?"
VALUE"15K"
CODE"97090129";
"A"10;
"B"49;
%"GND_SIGNAL"
"1","(-1650,2950)","7","standard","I77";
;
CDS_LIB"standard"
HDL_POWER"GND_SIGNAL"
BODY_TYPE"PLUMBING";
"GND"7;
%"USB_DUL"
"1","(-1150,3200)","0","connector","I78";
;
CDS_LIB"connector"
VALUE"USB_DUL"
NEEDS_NO_SIZE"TRUE";
"VBUS <0>"111;
"GND <0>"6;
"D+ <0>"47;
"D- <0>"113;
"D+ <1>"49;
"D- <1>"50;
"VBUS <1>"110;
"GND <1>"7;
%"GND_SIGNAL"
"1","(-1650,3250)","7","standard","I79";
;
CDS_LIB"standard"
HDL_POWER"GND_SIGNAL"
BODY_TYPE"PLUMBING";
"GND"6;
%"GND_SIGNAL"
"1","(-9200,1400)","0","standard","I8";
;
CDS_LIB"standard"
BODY_TYPE"PLUMBING"
HDL_POWER"GND_SIGNAL";
"GND"5;
%"GND_SIGNAL"
"1","(-1800,3950)","0","standard","I80";
;
CDS_LIB"standard"
BODY_TYPE"PLUMBING"
HDL_POWER"GND_SIGNAL";
"GND"4;
%"CP"
"1","(-3050,4300)","0","capcitor","I81";
;
CDS_LIB"capcitor"
CDS_LMAN_SYM_OUTLINE"-50,0,50,-50"
$LOCATION"?"
VALUE"100U-10V"
CODE"08020091";
"2"9;
"1"46;
%"C"
"1","(-2850,4300)","0","capcitor","I82";
;
CDS_LIB"capcitor"
CDS_LMAN_SYM_OUTLINE"-50,0,50,-50"
$LOCATION"?"
VALUE"0.1U"
CODE"08070262";
"1"46;
"2"9;
%"GND_SIGNAL"
"1","(-2100,4800)","0","standard","I83";
;
CDS_LIB"standard"
BODY_TYPE"PLUMBING"
HDL_POWER"GND_SIGNAL";
"GND"3;
%"R"
"1","(-1900,7400)","0","resistor","I84";
;
CDS_LIB"resistor"
CDS_LMAN_SYM_OUTLINE"-100,25,100,-25"
$LOCATION"?"
VALUE"330"
CODE"07090387";
"A"54;
"B"122;
%"R"
"1","(-1900,7250)","0","resistor","I85";
;
CDS_LIB"resistor"
CDS_LMAN_SYM_OUTLINE"-100,25,100,-25"
$LOCATION"?"
VALUE"330"
CODE"07090387";
"A"55;
"B"121;
%"R"
"1","(-1900,7100)","0","resistor","I86";
;
CDS_LIB"resistor"
CDS_LMAN_SYM_OUTLINE"-100,25,100,-25"
$LOCATION"?"
VALUE"330"
CODE"07090387";
"A"56;
"B"120;
%"R"
"1","(-1900,6950)","0","resistor","I87";
;
CDS_LIB"resistor"
CDS_LMAN_SYM_OUTLINE"-100,25,100,-25"
$LOCATION"?"
VALUE"330"
CODE"07090387";
"A"57;
"B"119;
%"CP"
"1","(-1750,4300)","0","capcitor","I88";
;
CDS_LIB"capcitor"
CDS_LMAN_SYM_OUTLINE"-50,0,50,-50"
$LOCATION"?"
VALUE"100U-10V"
CODE"08020091";
"2"4;
"1"115;
%"R"
"1","(-2050,5200)","1","resistor","I89";
;
CDS_LIB"resistor"
CDS_LMAN_SYM_OUTLINE"-100,25,100,-25"
$LOCATION"?"
VALUE"15K"
CODE"97090129";
"A"3;
"B"59;
%"C"
"1","(-9150,1750)","0","capcitor","I9";
;
CDS_LIB"capcitor"
CDS_LMAN_SYM_OUTLINE"-50,0,50,-50"
$LOCATION"?"
VALUE"10UF"
CODE"98070517";
"1"85;
"2"5;
%"R"
"1","(-2000,5200)","1","resistor","I90";
;
CDS_LIB"resistor"
CDS_LMAN_SYM_OUTLINE"-100,25,100,-25"
$LOCATION"?"
VALUE"15K"
CODE"97090129";
"A"3;
"B"118;
%"R"
"1","(-1850,5200)","1","resistor","I91";
;
CDS_LIB"resistor"
CDS_LMAN_SYM_OUTLINE"-100,25,100,-25"
$LOCATION"?"
VALUE"15K"
CODE"97090129";
"A"3;
"B"117;
%"R"
"1","(-1800,5200)","1","resistor","I92";
;
CDS_LIB"resistor"
CDS_LMAN_SYM_OUTLINE"-100,25,100,-25"
$LOCATION"?"
VALUE"15K"
CODE"97090129";
"A"3;
"B"116;
%"C"
"1","(-1550,4300)","0","capcitor","I93";
;
CDS_LIB"capcitor"
CDS_LMAN_SYM_OUTLINE"-50,0,50,-50"
$LOCATION"?"
VALUE"0.1U"
CODE"08070262";
"1"115;
"2"4;
%"GND_SIGNAL"
"1","(-1650,5400)","7","standard","I94";
;
CDS_LIB"standard"
HDL_POWER"GND_SIGNAL"
BODY_TYPE"PLUMBING";
"GND"2;
%"GND_SIGNAL"
"1","(-1650,5700)","7","standard","I95";
;
CDS_LIB"standard"
HDL_POWER"GND_SIGNAL"
BODY_TYPE"PLUMBING";
"GND"1;
%"USB_DUL"
"1","(-1150,5650)","0","connector","I96";
;
CDS_LIB"connector"
VALUE"USB_DUL"
NEEDS_NO_SIZE"TRUE";
"VBUS <0>"58;
"GND <0>"1;
"D+ <0>"118;
"D- <0>"59;
"D+ <1>"116;
"D- <1>"117;
"VBUS <1>"114;
"GND <1>"2;
%"LED_S"
"1","(-1350,6950)","2","diode","I97";
;
CDS_LIB"diode"
CDS_LMAN_SYM_OUTLINE"-150,50,50,-75"
$LOCATION"?"
VALUE"HSMG-C170-B"
CODE"15020063";
"A"119;
"B"22;
%"LED_S"
"1","(-1350,7100)","2","diode","I98";
;
CDS_LIB"diode"
CDS_LMAN_SYM_OUTLINE"-150,50,50,-75"
$LOCATION"?"
VALUE"HSMG-C170-B"
CODE"15020063";
"A"120;
"B"22;
%"LED_S"
"1","(-1350,7400)","2","diode","I99";
;
CDS_LIB"diode"
CDS_LMAN_SYM_OUTLINE"-150,50,50,-75"
$LOCATION"?"
VALUE"HSMG-C170-B"
CODE"15020063";
"A"122;
"B"22;
END.
