FILE_TYPE = CONNECTIVITY;
{Allegro Design Entry HDL 16.6-p007 (v16-6-112F) 10/10/2012}
"PAGE_NUMBER" = 93;
0"NC";
1"Z7_SFP_SDA";
2"Z7_SFP_RX_LOS";
3"Z7_SFP_TX_FAULT";
4"Z7_SFP_RS0";
5"Z7_SFP_RS1";
6"CLK_Z7_PL_74M25_HDMI";
7"Z7_HDMI_CLK_R_P";
8"Z7_S6_PL_DATA14";
9"Z7_S6_PL_DATA13";
10"Z7_S6_PL_DATA9";
11"Z7_S6_PL_DATA3";
12"Z7_S6_PL_DATA15";
13"Z7_HDMI_CLK_R_N";
14"Z7_HDMI_HP";
15"Z7_SFP_SCL";
16"Z7_HDMI_DATA2_R_P";
17"Z7_HDMI_CEC";
18"Z7_SFP_MOD_ABS";
19"Z7_SFP_TX_DISABLE";
20"Z7_HDMI_DATA0_R_P";
21"Z7_HDMI_DATA2_R_N";
22"Z7_HDMI_SCL_Q";
23"Z7_HDMI_SDA_Q";
24"Z7_S6_PL_DATA2";
25"CLK_Z7_PL_50M_MAIN";
26"Z7_S6_PL_DATA0";
27"Z7_S6_PL_DATA1";
28"Z7_S6_PL_DATA4";
29"Z7_HDMI_DATA0_R_N";
30"Z7_HDMI_DATA1_R_P";
31"Z7_HDMI_DATA1_R_N";
32"Z7_S6_PL_DATA12";
33"Z7_S6_PL_DATA11";
34"Z7_S6_PL_DATA7";
35"Z7_S6_PL_DATA5";
36"Z7_S6_PL_DATA10";
37"Z7_S6_PL_DATA8";
38"Z7_S6_PL_DATA6";
%"XC7Z015_1CLG485C"
"4","(-6250,4250)","0","kvm_matrix_lib","I1";
;
VALUE"XC7Z015_1CLG485C"
CDS_LIB"kvm_matrix_lib"
CDS_LMAN_SYM_OUTLINE"-125,1250,1100,-100";
"H5"0;
"G1"0;
"H1"0;
"F1"0;
"F2"0;
"G2"0;
"G3"8;
"E3"9;
"E4"32;
"F4"33;
"G4"36;
"H3"10;
"H4"37;
"B1"34;
"B2"38;
"D2"35;
"E2"28;
"C1"11;
"D1"24;
"A1"27;
"A2"26;
"C3"0;
"D3"12;
"B3"0;
"B4"25;
"C4"13;
"D5"7;
"C5"0;
"C6"6;
"A4"0;
"A5"0;
"A6"0;
"A7"5;
"B6"4;
"B7"3;
"B8"19;
"C8"2;
"F6"18;
"G6"1;
"E5"15;
"F5"17;
"G7"23;
"G8"22;
"D8"21;
"E8"16;
"D6"31;
"D7"30;
"E7"29;
"F7"20;
"H6"14;
END.
