FILE_TYPE = CONNECTIVITY;
{Allegro Design Entry HDL 16.6-p007 (v16-6-112F) 10/10/2012}
"PAGE_NUMBER" = 66;
0"NC";
1"GND_SIGNAL\g";
2"GND_SIGNAL\g";
3"GND_SIGNAL\g";
4"GND_SIGNAL\g";
5"GND_SIGNAL\g";
6"GND_SIGNAL\g";
7"GND_SIGNAL\g";
8"GND_SIGNAL\g";
9"GND_SIGNAL\g";
10"GND_SIGNAL\g";
11"GND_SIGNAL\g";
12"GND_SIGNAL\g";
13"GND_SIGNAL\g";
14"GND_SIGNAL\g";
15"GND_SIGNAL\g";
16"GND_SIGNAL\g";
17"GND_SIGNAL\g";
18"GND_SIGNAL\g";
19"GND_SIGNAL\g";
20"GND_SIGNAL\g";
21"GND_SIGNAL\g";
22"GND_SIGNAL\g";
23"GND_SIGNAL\g";
24"GND_SIGNAL\g";
25"GND_SIGNAL\g";
26"GND_SIGNAL\g";
27"GND_SIGNAL\g";
28"GND_SIGNAL\g";
29"GND_SIGNAL\g";
30"GND_SIGNAL\g";
31"UN$66$ADP5053$I14$45";
32"V_Z7_1V35_SW";
33"V_Z7_3V3";
34"Z7_1V0_VCCINT_PG";
35"V_Z7_5V0_IN";
36"V_Z7_5V0_IN";
37"V_Z7_3V3";
38"V_Z7_1V2_R";
39"V_Z7_1V2";
40"Z7_5053_MR_N";
41"Z7_5053_WDI";
42"Z7_1V0_VCCINT_PG";
43"UN$66$R$I158$B";
44"UN$66$ADP5053$I14$14";
45"UN$66$ADP5053$I14$15";
46"UN$66$C$I161$1";
47"Z7_PG_LED";
48"UN$66$ADP5053$I14$47";
49"V_Z7_5V0_IN";
50"V_Z7_1V2_SW";
51"UN$66$R$I146$B";
52"V_Z7_3V3";
53"Z7_RST_N";
54"V_Z7_5V0_IN";
55"UN$66$ADP5053$I14$16";
56"UN$66$ADP5053$I14$41";
57"UN$66$ADP5053$I14$6";
58"UN$66$ADP5053$I14$12";
59"UN$66$C$I46$1";
60"UN$66$ADP5053$I14$22";
61"UN$66$ADP5053$I14$23";
62"UN$66$ADP5053$I14$1";
63"UN$66$ADP5053$I14$28";
64"UN$66$ADP5053$I14$37";
65"UN$66$ADP5053$I14$32";
66"Z7_PG_LED";
67"UN$66$LEDS$I78$B";
68"UN$66$LEDS$I78$A";
69"V_Z7_1V8";
70"UN$66$R$I127$B";
71"V_Z7_1V8_SW";
72"UN$66$ADP5053$I14$43";
73"UN$66$ADP5053$I14$38";
74"V_Z7_5053_VREG";
75"UN$66$R$I152$B";
76"UN$66$ADP5053$I14$31";
77"UN$66$ADP5053$I14$29";
78"UN$66$R$I51$B";
79"UN$66$ADP5053$I14$39";
80"UN$66$C$I155$1";
81"UN$66$ADP5053$I14$40";
82"UN$66$ADP5053$I14$21";
83"UN$66$ADP5053$I14$48";
84"UN$66$ADP5053$I14$46";
85"UN$66$C$I160$1";
86"UN$66$R$I162$A";
87"V_Z7_1V35_R";
88"V_Z7_3V3_R";
89"V_Z7_1V8_R";
90"V_Z7_3V3_SW";
91"V_Z7_1V35";
92"V_Z7_5V0_IN";
93"V_Z7_5053_VREG";
94"V_Z7_5053_VREG";
95"V_Z7_5053_VREG";
96"V_Z7_5053_VDD";
97"V_Z7_1V2";
98"V_Z7_5V0_IN";
%"GND_SIGNAL"
"1","(-6200,2000)","5","standard","I1";
;
CDS_LIB"standard"
HDL_POWER"GND_SIGNAL"
BODY_TYPE"PLUMBING";
"GND"30;
%"GND_SIGNAL"
"1","(-3600,7350)","3","standard","I101";
;
CDS_LIB"standard"
BODY_TYPE"PLUMBING"
HDL_POWER"GND_SIGNAL";
"GND"29;
%"L"
"1","(-2850,6950)","0","kvm_matrix_lib","I102";
;
VALUE"2.7UH"
$LOCATION"?"
CDS_LIB"kvm_matrix_lib"
CDS_LMAN_SYM_OUTLINE"-125,50,125,0"
CODE"10031070";
"A"71;
"B"89;
%"CP"
"1","(-2250,6600)","0","kvm_matrix_lib","I103";
;
$LOCATION"?"
VALUE"100U-6.3V"
CDS_LIB"kvm_matrix_lib"
CDS_LMAN_SYM_OUTLINE"-50,0,50,-50"
CODE"98010240";
"2"28;
"1"89;
%"R"
"1","(-1450,4550)","0","kvm_matrix_lib","I104";
;
$LOCATION"?"
VALUE"0.27"
CDS_LIB"kvm_matrix_lib"
CDS_LMAN_SYM_OUTLINE"-100,25,100,-25"
CODE"07090922";
"A"87;
"B"91;
%"R"
"1","(-1450,4600)","0","kvm_matrix_lib","I105";
;
$LOCATION"?"
VALUE"0.27"
CDS_LIB"kvm_matrix_lib"
CDS_LMAN_SYM_OUTLINE"-100,25,100,-25"
CODE"07090922";
"A"87;
"B"91;
%"R"
"1","(-1450,4650)","0","kvm_matrix_lib","I106";
;
$LOCATION"?"
VALUE"0.27"
CDS_LIB"kvm_matrix_lib"
CDS_LMAN_SYM_OUTLINE"-100,25,100,-25"
CODE"07090922";
"A"87;
"B"91;
%"R"
"1","(-1450,4700)","0","kvm_matrix_lib","I107";
;
$LOCATION"?"
VALUE"0.27"
CDS_LIB"kvm_matrix_lib"
CDS_LMAN_SYM_OUTLINE"-100,25,100,-25"
CODE"07090922";
"A"87;
"B"91;
%"R"
"1","(-1450,5600)","0","kvm_matrix_lib","I108";
;
$LOCATION"?"
VALUE"0.27"
CDS_LIB"kvm_matrix_lib"
CDS_LMAN_SYM_OUTLINE"-100,25,100,-25"
CODE"07090922";
"A"88;
"B"37;
%"R"
"1","(-1450,5550)","0","kvm_matrix_lib","I109";
;
VALUE"0.27"
$LOCATION"?"
CDS_LIB"kvm_matrix_lib"
CDS_LMAN_SYM_OUTLINE"-100,25,100,-25"
CODE"07090922";
"A"88;
"B"37;
%"R"
"1","(-1450,5500)","0","kvm_matrix_lib","I110";
;
$LOCATION"?"
VALUE"0.27"
CDS_LIB"kvm_matrix_lib"
CDS_LMAN_SYM_OUTLINE"-100,25,100,-25"
CODE"07090922";
"A"88;
"B"37;
%"R"
"1","(-1450,5650)","0","kvm_matrix_lib","I111";
;
$LOCATION"?"
VALUE"0.27"
CDS_LIB"kvm_matrix_lib"
CDS_LMAN_SYM_OUTLINE"-100,25,100,-25"
CODE"07090922";
"A"88;
"B"37;
%"GND_SIGNAL"
"1","(-1650,6250)","3","standard","I112";
;
CDS_LIB"standard"
HDL_POWER"GND_SIGNAL"
BODY_TYPE"PLUMBING";
"GND"28;
%"R"
"1","(-1450,6900)","0","kvm_matrix_lib","I113";
;
$LOCATION"?"
VALUE"0.27"
CDS_LIB"kvm_matrix_lib"
CDS_LMAN_SYM_OUTLINE"-100,25,100,-25"
CODE"07090922";
"A"89;
"B"69;
%"R"
"1","(-1450,7050)","0","kvm_matrix_lib","I114";
;
$LOCATION"?"
VALUE"0.27"
CDS_LIB"kvm_matrix_lib"
CDS_LMAN_SYM_OUTLINE"-100,25,100,-25"
CODE"07090922";
"A"89;
"B"69;
%"R"
"1","(-1450,7000)","0","kvm_matrix_lib","I115";
;
$LOCATION"?"
VALUE"0.27"
CDS_LIB"kvm_matrix_lib"
CDS_LMAN_SYM_OUTLINE"-100,25,100,-25"
CODE"07090922";
"A"89;
"B"69;
%"R"
"1","(-1450,6950)","0","kvm_matrix_lib","I116";
;
$LOCATION"?"
VALUE"0.27"
CDS_LIB"kvm_matrix_lib"
CDS_LMAN_SYM_OUTLINE"-100,25,100,-25"
CODE"07090922";
"A"89;
"B"69;
%"GND_SIGNAL"
"1","(-5700,1700)","5","standard","I117";
;
CDS_LIB"standard"
BODY_TYPE"PLUMBING"
HDL_POWER"GND_SIGNAL";
"GND"27;
%"R"
"1","(-5850,2000)","0","kvm_matrix_lib","I118";
;
$LOCATION"?"
VALUE"0"
CDS_LIB"kvm_matrix_lib"
CDS_LMAN_SYM_OUTLINE"-100,25,100,-25"
CODE"07090522";
"A"93;
"B"48;
%"R"
"1","(-5850,2150)","0","kvm_matrix_lib","I119";
;
$LOCATION"?"
VALUE"0"
CDS_LIB"kvm_matrix_lib"
CDS_LMAN_SYM_OUTLINE"-100,25,100,-25"
CODE"07090522";
"A"15;
"B"73;
%"R"
"1","(-5850,2450)","0","kvm_matrix_lib","I120";
;
$LOCATION"?"
VALUE"0"
CDS_LIB"kvm_matrix_lib"
CDS_LMAN_SYM_OUTLINE"-100,25,100,-25"
CODE"07090522";
"A"95;
"B"72;
%"R"
"1","(-5850,2700)","0","kvm_matrix_lib","I121";
;
$LOCATION"?"
VALUE"47K-1%"
CDS_LIB"kvm_matrix_lib"
CDS_LMAN_SYM_OUTLINE"-100,25,100,-25"
CODE"07090449";
"A"10;
"B"56;
%"RESETKEY"
"1","(-6150,2850)","0","kvm_matrix_lib","I122";
;
VALUE"RESET-SMT"
$LOCATION"?"
CDS_LIB"kvm_matrix_lib"
CDS_LMAN_SYM_OUTLINE"200,50,450,-100"
CODE"16100017";
"B2"40;
"B1"0;
"A1"12;
"A2"0;
%"L"
"1","(-3450,3600)","0","kvm_matrix_lib","I126";
;
VALUE"10UH"
$LOCATION"?"
CODE"10030103"
CDS_LIB"kvm_matrix_lib"
CDS_LMAN_SYM_OUTLINE"-125,50,125,0";
"A"50;
"B"38;
%"R"
"1","(-4150,7200)","0","kvm_matrix_lib","I127";
;
VALUE"27.4K"
$LOCATION"?"
CODE"07090320"
CDS_LMAN_SYM_OUTLINE"-100,25,100,-25"
CDS_LIB"kvm_matrix_lib";
"A"81;
"B"70;
%"C"
"1","(-4250,7100)","1","kvm_matrix_lib","I128";
;
VALUE"100P"
$LOCATION"?"
CODE"08070230"
CDS_LMAN_SYM_OUTLINE"-50,0,50,-50"
CDS_LIB"kvm_matrix_lib";
"1"81;
"2"89;
%"R"
"1","(-3600,7200)","0","kvm_matrix_lib","I129";
;
VALUE"220"
$LOCATION"?"
CODE"07090021"
CDS_LMAN_SYM_OUTLINE"-100,25,100,-25"
CDS_LIB"kvm_matrix_lib";
"A"70;
"B"89;
%"R"
"1","(-5850,1950)","0","kvm_matrix_lib","I13";
;
$LOCATION"?"
VALUE"0"
CDS_LIB"kvm_matrix_lib"
CDS_LMAN_SYM_OUTLINE"-100,25,100,-25"
CODE"07090522";
"A"30;
"B"48;
%"R"
"1","(-4150,7300)","0","kvm_matrix_lib","I131";
;
VALUE"22.1K"
$LOCATION"?"
CODE"07090121"
CDS_LMAN_SYM_OUTLINE"-100,25,100,-25"
CDS_LIB"kvm_matrix_lib";
"A"81;
"B"29;
%"ADP5053"
"1","(-4900,4550)","0","kvm_matrix_lib","I14";
;
CDS_LIB"kvm_matrix_lib"
CDS_LMAN_SYM_OUTLINE"-450,2750,350,-2950";
"49"26;
"48"83;
"47"48;
"46"84;
"45"31;
"44"74;
"43"72;
"42"96;
"41"56;
"40"81;
"39"79;
"38"73;
"37"64;
"36"92;
"35"92;
"34"71;
"33"71;
"32"65;
"31"76;
"30"28;
"29"77;
"28"63;
"27"90;
"26"90;
"25"98;
"24"98;
"23"61;
"22"60;
"21"82;
"20"66;
"19"27;
"18"27;
"17"27;
"16"55;
"15"45;
"14"44;
"13"27;
"12"58;
"11"3;
"10"50;
"9"35;
"8"53;
"7"40;
"6"57;
"5"41;
"4"36;
"3"32;
"2"1;
"1"62;
%"R"
"1","(-4150,3350)","0","kvm_matrix_lib","I146";
;
VALUE"100"
$LOCATION"?"
CDS_LIB"kvm_matrix_lib"
CDS_LMAN_SYM_OUTLINE"-100,25,100,-25"
CODE"07090231";
"A"55;
"B"51;
%"R"
"1","(-3650,3350)","0","kvm_matrix_lib","I147";
;
VALUE"20K"
$LOCATION"?"
CDS_LIB"kvm_matrix_lib"
CDS_LMAN_SYM_OUTLINE"-100,25,100,-25"
CODE"07090458";
"A"51;
"B"38;
%"C"
"1","(-4250,3450)","1","kvm_matrix_lib","I148";
;
VALUE"150P"
$LOCATION"?"
CDS_LIB"kvm_matrix_lib"
CDS_LMAN_SYM_OUTLINE"-50,0,50,-50"
CODE"08070229";
"1"55;
"2"38;
%"R"
"1","(-4150,3250)","0","kvm_matrix_lib","I149";
;
VALUE"40.2K-1%"
$LOCATION"?"
CDS_LIB"kvm_matrix_lib"
CDS_LMAN_SYM_OUTLINE"-100,25,100,-25"
CODE"07090695";
"A"55;
"B"6;
%"GND_SIGNAL"
"1","(-4200,1800)","3","standard","I15";
;
CDS_LIB"standard"
BODY_TYPE"PLUMBING"
HDL_POWER"GND_SIGNAL";
"GND"26;
%"C"
"1","(-3850,4450)","1","kvm_matrix_lib","I150";
;
VALUE"220P"
$LOCATION"?"
CODE"08070228"
CDS_LMAN_SYM_OUTLINE"-50,0,50,-50"
CDS_LIB"kvm_matrix_lib";
"1"31;
"2"87;
%"R"
"1","(-3850,4300)","0","kvm_matrix_lib","I151";
;
VALUE"27.4K"
$LOCATION"?"
CODE"07090320"
CDS_LMAN_SYM_OUTLINE"-100,25,100,-25"
CDS_LIB"kvm_matrix_lib";
"A"31;
"B"87;
%"R"
"1","(-3850,4200)","0","kvm_matrix_lib","I152";
;
$LOCATION"?"
VALUE"680"
CDS_LIB"kvm_matrix_lib"
CDS_LMAN_SYM_OUTLINE"-100,25,100,-25"
CODE"07090483";
"A"31;
"B"75;
%"R"
"1","(-3200,4200)","0","kvm_matrix_lib","I153";
;
$LOCATION"?"
VALUE"39.2K"
CODE"07090433"
CDS_LMAN_SYM_OUTLINE"-100,25,100,-25"
CDS_LIB"kvm_matrix_lib";
"A"75;
"B"25;
%"GND_SIGNAL"
"1","(-2750,4250)","3","standard","I154";
;
CDS_LIB"standard"
BODY_TYPE"PLUMBING"
HDL_POWER"GND_SIGNAL";
"GND"25;
%"C"
"1","(-5700,6450)","1","kvm_matrix_lib","I155";
;
VALUE"3.3N"
$LOCATION"?"
CODE"08070347"
CDS_LIB"kvm_matrix_lib"
CDS_LMAN_SYM_OUTLINE"-50,0,50,-50";
"1"80;
"2"79;
%"R"
"1","(-6150,6450)","0","kvm_matrix_lib","I156";
;
$LOCATION"?"
VALUE"2.26K"
CODE"97090172"
CDS_LIB"kvm_matrix_lib"
CDS_LMAN_SYM_OUTLINE"-100,25,100,-25";
"A"19;
"B"80;
%"R"
"1","(-6700,4350)","0","kvm_matrix_lib","I158";
;
VALUE"3.16K"
$LOCATION"?"
CDS_LMAN_SYM_OUTLINE"-100,25,100,-25"
CDS_LIB"kvm_matrix_lib"
CODE"07090295";
"A"21;
"B"43;
%"R"
"1","(-6150,4350)","0","kvm_matrix_lib","I159";
;
VALUE"680"
$LOCATION"?"
CODE"07090483"
CDS_LMAN_SYM_OUTLINE"-100,25,100,-25"
CDS_LIB"kvm_matrix_lib";
"A"43;
"B"85;
%"R"
"1","(-5850,2200)","0","kvm_matrix_lib","I16";
;
$LOCATION"?"
VALUE"0"
CDS_LIB"kvm_matrix_lib"
CDS_LMAN_SYM_OUTLINE"-100,25,100,-25"
CODE"07090522";
"A"94;
"B"73;
%"C"
"1","(-5700,4350)","1","kvm_matrix_lib","I160";
;
$LOCATION"?"
VALUE"2200P"
CDS_LMAN_SYM_OUTLINE"-50,0,50,-50"
CDS_LIB"kvm_matrix_lib"
CODE"08070477";
"1"85;
"2"84;
%"C"
"1","(-5700,3450)","1","kvm_matrix_lib","I161";
;
VALUE"3.9NF"
$LOCATION"?"
CDS_LMAN_SYM_OUTLINE"-50,0,50,-50"
CDS_LIB"kvm_matrix_lib"
CODE"";
"1"46;
"2"45;
%"R"
"1","(-6150,3450)","0","kvm_matrix_lib","I162";
;
$LOCATION"?"
VALUE"2.74K"
CDS_LMAN_SYM_OUTLINE"-100,25,100,-25"
CDS_LIB"kvm_matrix_lib"
CODE"07090585";
"A"86;
"B"46;
%"R"
"1","(-6700,3450)","0","kvm_matrix_lib","I163";
;
VALUE"200"
$LOCATION"?"
CDS_LMAN_SYM_OUTLINE"-100,25,100,-25"
CDS_LIB"kvm_matrix_lib"
CODE"07090196";
"A"4;
"B"86;
%"R"
"1","(-5750,3750)","0","kvm_matrix_lib","I164";
;
CDS_LIB"kvm_matrix_lib"
CDS_LMAN_SYM_OUTLINE"-100,25,100,-25"
$LOCATION"?"
VALUE"47K-1%"
CODE"07090449";
"A"34;
"B"44;
%"R"
"1","(-5750,3600)","0","kvm_matrix_lib","I165";
;
CDS_LIB"kvm_matrix_lib"
CDS_LMAN_SYM_OUTLINE"-100,25,100,-25"
$LOCATION"?"
VALUE"47K-1%"
CODE"07090449";
"A"24;
"B"44;
%"GND_SIGNAL"
"1","(-6150,3650)","5","standard","I166";
;
CDS_LIB"standard"
HDL_POWER"GND_SIGNAL"
BODY_TYPE"PLUMBING";
"GND"24;
%"R"
"1","(-5850,2400)","0","kvm_matrix_lib","I17";
;
$LOCATION"?"
VALUE"0"
CDS_LIB"kvm_matrix_lib"
CDS_LMAN_SYM_OUTLINE"-100,25,100,-25"
CODE"07090522";
"A"22;
"B"72;
%"GND_SIGNAL"
"1","(-5950,3950)","5","standard","I18";
;
CDS_LIB"standard"
BODY_TYPE"PLUMBING"
HDL_POWER"GND_SIGNAL";
"GND"23;
%"INPORT"
"1","(-6950,2950)","0","standard","I2";
;
CDS_LIB"standard"
OFFPAGE"TRUE";
"A"
VHDL_PORT"IN"
HDL_PORT"IN"40;
%"C"
"1","(-5700,3900)","1","kvm_matrix_lib","I20";
;
$LOCATION"?"
VALUE"10UF"
CDS_LIB"kvm_matrix_lib"
CDS_LMAN_SYM_OUTLINE"-50,0,50,-50"
CODE"08070391";
"1"23;
"2"35;
%"C"
"1","(-4300,2100)","1","kvm_matrix_lib","I21";
;
$LOCATION"?"
VALUE"1U"
CDS_LIB"kvm_matrix_lib"
CDS_LMAN_SYM_OUTLINE"-50,0,50,-50"
CODE"98070403";
"1"74;
"2"9;
%"C"
"1","(-4300,2350)","1","kvm_matrix_lib","I22";
;
VALUE"1U"
$LOCATION"?"
CDS_LIB"kvm_matrix_lib"
CDS_LMAN_SYM_OUTLINE"-50,0,50,-50"
CODE"98070403";
"1"96;
"2"8;
%"R"
"1","(-4150,2800)","0","kvm_matrix_lib","I23";
;
$LOCATION"?"
VALUE"4.7K"
CDS_LIB"kvm_matrix_lib"
CDS_LMAN_SYM_OUTLINE"-100,25,100,-25"
CODE"07090246";
"A"53;
"B"52;
%"R"
"1","(-4150,2900)","0","kvm_matrix_lib","I24";
;
VALUE"10K"
$LOCATION"?"
CDS_LIB"kvm_matrix_lib"
CDS_LMAN_SYM_OUTLINE"-100,25,100,-25"
CODE"07090247";
"A"57;
"B"7;
%"R"
"1","(-4150,3000)","0","kvm_matrix_lib","I25";
;
VALUE"82K"
$LOCATION"?"
CDS_LIB"kvm_matrix_lib"
CDS_LMAN_SYM_OUTLINE"-100,25,100,-25"
CODE"07090347";
"A"57;
"B"54;
%"C"
"1","(-4300,3950)","1","kvm_matrix_lib","I29";
;
$LOCATION"?"
VALUE"0.1U"
CDS_LIB"kvm_matrix_lib"
CDS_LMAN_SYM_OUTLINE"-50,0,50,-50"
CODE"08070262";
"1"58;
"2"50;
%"GND_SIGNAL"
"1","(-6200,2450)","5","standard","I3";
;
CDS_LIB"standard"
BODY_TYPE"PLUMBING"
HDL_POWER"GND_SIGNAL";
"GND"22;
%"GND_SIGNAL"
"1","(-7000,4400)","5","standard","I30";
;
CDS_LIB"standard"
BODY_TYPE"PLUMBING"
HDL_POWER"GND_SIGNAL";
"GND"21;
%"GND_SIGNAL"
"1","(-6500,5450)","5","standard","I32";
;
CDS_LIB"standard"
BODY_TYPE"PLUMBING"
HDL_POWER"GND_SIGNAL";
"GND"20;
%"R"
"1","(-6150,5400)","0","kvm_matrix_lib","I33";
;
VALUE"4.42K"
$LOCATION"?"
CDS_LIB"kvm_matrix_lib"
CDS_LMAN_SYM_OUTLINE"-100,25,100,-25"
CODE"07090592";
"A"20;
"B"59;
%"GND_SIGNAL"
"1","(-6500,6500)","5","standard","I34";
;
BODY_TYPE"PLUMBING"
HDL_POWER"GND_SIGNAL"
CDS_LIB"standard";
"GND"19;
%"GND_SIGNAL"
"1","(-6150,6700)","5","standard","I37";
;
CDS_LIB"standard"
BODY_TYPE"PLUMBING"
HDL_POWER"GND_SIGNAL";
"GND"18;
%"GND_SIGNAL"
"1","(-6150,5650)","5","standard","I38";
;
CDS_LIB"standard"
HDL_POWER"GND_SIGNAL"
BODY_TYPE"PLUMBING";
"GND"17;
%"GND_SIGNAL"
"1","(-6150,4550)","5","standard","I39";
;
CDS_LIB"standard"
BODY_TYPE"PLUMBING"
HDL_POWER"GND_SIGNAL";
"GND"16;
%"GND_SIGNAL"
"1","(-6200,2200)","5","standard","I4";
;
CDS_LIB"standard"
HDL_POWER"GND_SIGNAL"
BODY_TYPE"PLUMBING";
"GND"15;
%"R"
"1","(-5750,4500)","0","kvm_matrix_lib","I40";
;
$LOCATION"?"
VALUE"10K"
CDS_LIB"kvm_matrix_lib"
CDS_LMAN_SYM_OUTLINE"-100,25,100,-25"
CODE"07090035";
"A"16;
"B"83;
%"GND_SIGNAL"
"1","(-5950,4900)","5","standard","I42";
;
CDS_LIB"standard"
HDL_POWER"GND_SIGNAL"
BODY_TYPE"PLUMBING";
"GND"14;
%"R"
"1","(-5750,4650)","0","kvm_matrix_lib","I43";
;
$LOCATION"?"
VALUE"1K-1%"
CDS_LIB"kvm_matrix_lib"
CDS_LMAN_SYM_OUTLINE"-100,25,100,-25"
CODE"07090549";
"A"33;
"B"83;
%"C"
"1","(-5700,4850)","1","kvm_matrix_lib","I44";
;
VALUE"10UF"
$LOCATION"?"
CDS_LIB"kvm_matrix_lib"
CDS_LMAN_SYM_OUTLINE"-50,0,50,-50"
CODE"08070391";
"1"14;
"2"36;
%"R"
"1","(-5750,5600)","0","kvm_matrix_lib","I45";
;
$LOCATION"?"
VALUE"10K"
CDS_LIB"kvm_matrix_lib"
CDS_LMAN_SYM_OUTLINE"-100,25,100,-25"
CODE"07090035";
"A"17;
"B"61;
%"C"
"1","(-5700,5400)","1","kvm_matrix_lib","I46";
;
VALUE"1.5NF"
$LOCATION"?"
CDS_LIB"kvm_matrix_lib"
CDS_LMAN_SYM_OUTLINE"-50,0,50,-50"
CODE"98070522";
"1"59;
"2"60;
%"GND_SIGNAL"
"1","(-5950,6000)","5","standard","I47";
;
CDS_LIB"standard"
BODY_TYPE"PLUMBING"
HDL_POWER"GND_SIGNAL";
"GND"13;
%"R"
"1","(-5750,5750)","0","kvm_matrix_lib","I48";
;
$LOCATION"?"
VALUE"1K-1%"
CDS_LIB"kvm_matrix_lib"
CDS_LMAN_SYM_OUTLINE"-100,25,100,-25"
CODE"07090549";
"A"97;
"B"61;
%"C"
"1","(-5700,5950)","1","kvm_matrix_lib","I49";
;
VALUE"10UF"
$LOCATION"?"
CDS_LIB"kvm_matrix_lib"
CDS_LMAN_SYM_OUTLINE"-50,0,50,-50"
CODE"08070391";
"1"13;
"2"98;
%"GND_SIGNAL"
"1","(-6600,2900)","5","standard","I5";
;
CDS_LIB"standard"
BODY_TYPE"PLUMBING"
HDL_POWER"GND_SIGNAL";
"GND"12;
%"C"
"1","(-4300,4950)","1","kvm_matrix_lib","I50";
;
VALUE"0.1U"
$LOCATION"?"
CDS_LIB"kvm_matrix_lib"
CDS_LMAN_SYM_OUTLINE"-50,0,50,-50"
CODE"08070262";
"1"62;
"2"32;
%"R"
"1","(-4150,5200)","0","kvm_matrix_lib","I51";
;
VALUE"16.5K"
$LOCATION"?"
CDS_LIB"kvm_matrix_lib"
CDS_LMAN_SYM_OUTLINE"-100,25,100,-25"
CODE"07090600";
"A"82;
"B"78;
%"R"
"1","(-4150,5300)","0","kvm_matrix_lib","I52";
;
VALUE"68K-1%"
$LOCATION"?"
CDS_LIB"kvm_matrix_lib"
CDS_LMAN_SYM_OUTLINE"-100,25,100,-25"
CODE"07090421";
"A"82;
"B"88;
%"C"
"1","(-4250,5400)","1","kvm_matrix_lib","I53";
;
$LOCATION"?"
VALUE"82PF"
CDS_LIB"kvm_matrix_lib"
CDS_LMAN_SYM_OUTLINE"-50,0,50,-50"
CODE"98070524";
"1"82;
"2"88;
%"C"
"1","(-4300,5800)","1","kvm_matrix_lib","I54";
;
VALUE"0.1U"
$LOCATION"?"
CDS_LIB"kvm_matrix_lib"
CDS_LMAN_SYM_OUTLINE"-50,0,50,-50"
CODE"08070262";
"1"63;
"2"90;
%"R"
"1","(-4100,6100)","0","kvm_matrix_lib","I55";
;
VALUE"47K-1%"
$LOCATION"?"
CDS_LIB"kvm_matrix_lib"
CDS_LMAN_SYM_OUTLINE"-100,25,100,-25"
CODE"07090449";
"A"77;
"B"28;
%"R"
"1","(-5750,6650)","0","kvm_matrix_lib","I56";
;
$LOCATION"?"
VALUE"47K-1%"
CDS_LIB"kvm_matrix_lib"
CDS_LMAN_SYM_OUTLINE"-100,25,100,-25"
CODE"07090449";
"A"18;
"B"64;
%"GND_SIGNAL"
"1","(-5950,7100)","5","standard","I58";
;
CDS_LIB"standard"
BODY_TYPE"PLUMBING"
HDL_POWER"GND_SIGNAL";
"GND"11;
%"R"
"1","(-5750,6800)","0","kvm_matrix_lib","I59";
;
$LOCATION"?"
VALUE"47K-1%"
CDS_LIB"kvm_matrix_lib"
CDS_LMAN_SYM_OUTLINE"-100,25,100,-25"
CODE"07090449";
"A"42;
"B"64;
%"GND_SIGNAL"
"1","(-6200,2750)","5","standard","I6";
;
CDS_LIB"standard"
HDL_POWER"GND_SIGNAL"
BODY_TYPE"PLUMBING";
"GND"10;
%"C"
"1","(-5700,7050)","3","kvm_matrix_lib","I60";
;
VALUE"10UF"
$LOCATION"?"
CDS_LIB"kvm_matrix_lib"
CDS_LMAN_SYM_OUTLINE"-50,0,50,-50"
CODE"08070391";
"1"11;
"2"92;
%"R"
"1","(-4100,6300)","0","kvm_matrix_lib","I61";
;
$LOCATION"?"
VALUE"47K-1%"
CDS_LIB"kvm_matrix_lib"
CDS_LMAN_SYM_OUTLINE"-100,25,100,-25"
CODE"07090449";
"A"76;
"B"28;
%"C"
"1","(-4250,6650)","1","kvm_matrix_lib","I62";
;
VALUE"0.1U"
$LOCATION"?"
CDS_LIB"kvm_matrix_lib"
CDS_LMAN_SYM_OUTLINE"-50,0,50,-50"
CODE"08070262";
"1"65;
"2"71;
%"OUTPORT"
"1","(-2900,2000)","0","standard","I66";
;
CDS_LIB"standard"
OFFPAGE"TRUE";
"A"
VHDL_PORT"OUT"
HDL_PORT"OUT"66;
%"INPORT"
"1","(-2000,1650)","0","standard","I67";
;
CDS_LIB"standard"
OFFPAGE"TRUE";
"A"
VHDL_PORT"IN"
HDL_PORT"IN"47;
%"GND_SIGNAL"
"1","(-4000,2150)","3","standard","I68";
;
CDS_LIB"standard"
BODY_TYPE"PLUMBING"
HDL_POWER"GND_SIGNAL";
"GND"9;
%"GND_SIGNAL"
"1","(-4000,2400)","3","standard","I69";
;
CDS_LIB"standard"
BODY_TYPE"PLUMBING"
HDL_POWER"GND_SIGNAL";
"GND"8;
%"C"
"1","(-6300,2850)","1","kvm_matrix_lib","I7";
;
VALUE"0.1U"
$LOCATION"?"
CDS_LIB"kvm_matrix_lib"
CDS_LMAN_SYM_OUTLINE"-50,0,50,-50"
CODE"08070262";
"1"12;
"2"40;
%"GND_SIGNAL"
"1","(-3800,2950)","3","standard","I70";
;
CDS_LIB"standard"
BODY_TYPE"PLUMBING"
HDL_POWER"GND_SIGNAL";
"GND"7;
%"GND_SIGNAL"
"1","(-3550,3300)","3","standard","I72";
;
BODY_TYPE"PLUMBING"
HDL_POWER"GND_SIGNAL"
CDS_LIB"standard";
"GND"6;
%"OUTPORT"
"1","(-2900,2700)","0","standard","I74";
;
CDS_LIB"standard"
OFFPAGE"TRUE";
"A"
VHDL_PORT"OUT"
HDL_PORT"OUT"53;
%"CP"
"1","(-3050,3800)","6","kvm_matrix_lib","I75";
;
$LOCATION"?"
VALUE"22U-10V"
CDS_LIB"kvm_matrix_lib"
CDS_LMAN_SYM_OUTLINE"-50,0,50,-50"
CODE"10081731";
"2"3;
"1"38;
%"NPN"
"1","(-950,1650)","0","kvm_matrix_lib","I76";
;
$LOCATION"?"
VALUE"MMBT4401LT1"
CDS_LIB"kvm_matrix_lib"
CDS_LMAN_SYM_OUTLINE"0,50,50,-50"
CODE"15050026";
"C"67;
"E"5;
"B"47;
%"GND_SIGNAL"
"1","(-950,1400)","0","standard","I77";
;
CDS_LIB"standard"
HDL_POWER"GND_SIGNAL"
BODY_TYPE"PLUMBING";
"GND"5;
%"LED_S"
"1","(-900,2100)","1","kvm_matrix_lib","I78";
;
$LOCATION"?"
VALUE"HSMG-C170-B"
CDS_LIB"kvm_matrix_lib"
CDS_LMAN_SYM_OUTLINE"-150,50,50,-75"
CODE"15020063";
"A"68;
"B"67;
%"R"
"1","(-1300,2250)","1","kvm_matrix_lib","I79";
;
VALUE"47K-1%"
$LOCATION"?"
CDS_LIB"kvm_matrix_lib"
CDS_LMAN_SYM_OUTLINE"-100,25,100,-25"
CODE"07090449";
"A"47;
"B"49;
%"GND_SIGNAL"
"1","(-7000,3500)","5","standard","I8";
;
CDS_LIB"standard"
HDL_POWER"GND_SIGNAL"
BODY_TYPE"PLUMBING";
"GND"4;
%"R"
"1","(-1450,3550)","0","kvm_matrix_lib","I80";
;
$LOCATION"?"
VALUE"0.27"
CDS_LIB"kvm_matrix_lib"
CDS_LMAN_SYM_OUTLINE"-100,25,100,-25"
CODE"07090922";
"A"38;
"B"39;
%"R"
"1","(-1450,3600)","0","kvm_matrix_lib","I81";
;
$LOCATION"?"
VALUE"0.27"
CDS_LIB"kvm_matrix_lib"
CDS_LMAN_SYM_OUTLINE"-100,25,100,-25"
CODE"07090922";
"A"38;
"B"39;
%"R"
"1","(-1450,3650)","0","kvm_matrix_lib","I82";
;
$LOCATION"?"
VALUE"0.27"
CDS_LIB"kvm_matrix_lib"
CDS_LMAN_SYM_OUTLINE"-100,25,100,-25"
CODE"07090922";
"A"38;
"B"39;
%"R"
"1","(-1450,3700)","0","kvm_matrix_lib","I83";
;
VALUE"0.27"
$LOCATION"?"
CDS_LIB"kvm_matrix_lib"
CDS_LMAN_SYM_OUTLINE"-100,25,100,-25"
CODE"07090922";
"A"38;
"B"39;
%"R"
"1","(-900,2600)","1","kvm_matrix_lib","I84";
;
$LOCATION"?"
VALUE"4.7K"
CDS_LIB"kvm_matrix_lib"
CDS_LMAN_SYM_OUTLINE"-100,25,100,-25"
CODE"07090246";
"A"68;
"B"49;
%"GND_SIGNAL"
"1","(-2750,4150)","3","standard","I85";
;
CDS_LIB"standard"
HDL_POWER"GND_SIGNAL"
BODY_TYPE"PLUMBING";
"GND"3;
%"L"
"1","(-3450,4600)","0","kvm_matrix_lib","I88";
;
VALUE"8.2UH"
$LOCATION"?"
CDS_LIB"kvm_matrix_lib"
CDS_LMAN_SYM_OUTLINE"-125,50,125,0"
CODE"10090821";
"A"32;
"B"87;
%"INPORT"
"1","(-6950,3150)","0","standard","I9";
;
CDS_LIB"standard"
OFFPAGE"TRUE";
"A"
VHDL_PORT"IN"
HDL_PORT"IN"41;
%"R"
"1","(-3600,5200)","0","kvm_matrix_lib","I92";
;
VALUE"5.11K"
$LOCATION"?"
CDS_LIB"kvm_matrix_lib"
CDS_LMAN_SYM_OUTLINE"-100,25,100,-25"
CODE"07090036";
"A"78;
"B"2;
%"GND_SIGNAL"
"1","(-3250,5250)","3","standard","I93";
;
CDS_LIB"standard"
HDL_POWER"GND_SIGNAL"
BODY_TYPE"PLUMBING";
"GND"2;
%"FDS9926A"
"2","(-3250,6000)","6","kvm_matrix_lib","I94";
;
CDS_LIB"kvm_matrix_lib"
CDS_LMAN_SYM_OUTLINE"-125,325,175,-125";
"8"90;
"7"90;
"2"77;
"1"28;
%"CP"
"1","(-3050,4800)","6","kvm_matrix_lib","I95";
;
VALUE"22U-10V"
$LOCATION"?"
CDS_LIB"kvm_matrix_lib"
CDS_LMAN_SYM_OUTLINE"-50,0,50,-50"
CODE"10081731";
"2"1;
"1"87;
%"GND_SIGNAL"
"1","(-2750,5150)","3","standard","I96";
;
CDS_LIB"standard"
BODY_TYPE"PLUMBING"
HDL_POWER"GND_SIGNAL";
"GND"1;
%"L"
"1","(-2850,5550)","0","kvm_matrix_lib","I97";
;
VALUE"2.2UH"
$LOCATION"?"
CDS_LIB"kvm_matrix_lib"
CDS_LMAN_SYM_OUTLINE"-125,50,125,0"
CODE"10031009";
"A"90;
"B"88;
%"CP"
"1","(-2250,5850)","6","kvm_matrix_lib","I98";
;
VALUE"22U-10V"
$LOCATION"?"
CDS_LIB"kvm_matrix_lib"
CDS_LMAN_SYM_OUTLINE"-50,0,50,-50"
CODE"10081731";
"2"28;
"1"88;
%"FDS9926A"
"1","(-3250,6450)","0","kvm_matrix_lib","I99";
;
CDS_LIB"kvm_matrix_lib"
CDS_LMAN_SYM_OUTLINE"-125,375,175,-75";
"6"71;
"5"71;
"4"76;
"3"28;
END.
