FILE_TYPE = CONNECTIVITY;
{Allegro Design Entry HDL 16.6-p007 (v16-6-112F) 10/10/2012}
"PAGE_NUMBER" = 50;
0"NC";
1"V_A7_3V3_VCCO";
2"V_A7_3V3_VCCO";
3"V_A7_3V3_VCCO";
4"V_A7_3V3_VCCO";
5"CLK_A7_74M25_HDMI";
6"CLK_A7_125M_B216_P";
7"CLK_A7_125M_B216_P_C";
8"CLK_A7_125M_B216_N";
9"CLK_A7_125M_B213_P";
10"CLK_A7_125M_B213_N";
11"CLK_A7_50M_MAIN";
12"CLK_A7_125M_B216_N_C";
13"GND_SIGNAL\g";
14"GND_SIGNAL\g";
15"CLK_A7_125M_B213_P_C";
16"CLK_A7_125M_B213_N_C";
17"GND_SIGNAL\g";
18"GND_SIGNAL\g";
%"GND_SIGNAL"
"1","(-8100,3350)","0","standard","I1";
;
HDL_POWER"GND_SIGNAL"
BODY_TYPE"PLUMBING"
CDS_LIB"standard";
"GND"18;
%"C"
"1","(-3450,5850)","1","capcitor","I10";
;
VALUE"0.1U"
CODE"08070262"
CDS_LIB"capcitor"
$LOCATION"?"
CDS_LMAN_SYM_OUTLINE"-50,0,50,-50";
"1"7;
"2"6;
%"C"
"1","(-3450,5750)","1","capcitor","I11";
;
VALUE"0.1U"
CODE"08070262"
CDS_LIB"capcitor"
$LOCATION"?"
CDS_LMAN_SYM_OUTLINE"-50,0,50,-50";
"1"12;
"2"8;
%"OSC-125M-DIF"
"1","(-4700,4100)","0","oscillator","I12";
;
CDS_LIB"oscillator"
CDS_LMAN_SYM_OUTLINE"-125,150,125,-150";
"6"2;
"5"15;
"4"16;
"3"14;
"2"0;
"1"2;
%"C"
"1","(-3450,4100)","1","capcitor","I13";
;
VALUE"0.1U"
CODE"08070262"
CDS_LIB"capcitor"
$LOCATION"?"
CDS_LMAN_SYM_OUTLINE"-50,0,50,-50";
"1"16;
"2"10;
%"C"
"1","(-3450,4200)","1","capcitor","I14";
;
VALUE"0.1U"
CODE"08070262"
CDS_LIB"capcitor"
$LOCATION"?"
CDS_LMAN_SYM_OUTLINE"-50,0,50,-50";
"1"15;
"2"9;
%"C"
"1","(-5450,3950)","0","capcitor","I15";
;
VALUE"0.1U"
CODE"08070262"
CDS_LIB"capcitor"
$LOCATION"?"
CDS_LMAN_SYM_OUTLINE"-50,0,50,-50";
"1"2;
"2"14;
%"GND_SIGNAL"
"1","(-5500,3600)","0","standard","I16";
;
HDL_POWER"GND_SIGNAL"
BODY_TYPE"PLUMBING"
CDS_LIB"standard";
"GND"14;
%"OSC-4"
"1","(-7750,3900)","0","oscillator","I2";
;
VALUE"74.25MHZ-3.3V"
CODE""
CDS_LIB"oscillator"
$LOCATION"?"
CDS_LMAN_SYM_OUTLINE"-200,150,200,-100";
"GND"18;
"NNC"0;
"OUT"5;
"VDD"4;
%"GND_SIGNAL"
"1","(-8100,5200)","0","standard","I3";
;
HDL_POWER"GND_SIGNAL"
BODY_TYPE"PLUMBING"
CDS_LIB"standard";
"GND"17;
%"C"
"1","(-7350,3700)","0","capcitor","I4";
;
VALUE"0.1U"
CODE"08070262"
CDS_LIB"capcitor"
$LOCATION"?"
CDS_LMAN_SYM_OUTLINE"-50,0,50,-50";
"1"4;
"2"18;
%"C"
"1","(-7350,5550)","0","capcitor","I5";
;
VALUE"0.1U"
CODE"08070262"
CDS_LIB"capcitor"
$LOCATION"?"
CDS_LMAN_SYM_OUTLINE"-50,0,50,-50";
"1"3;
"2"17;
%"OSC-4"
"1","(-7750,5750)","0","oscillator","I6";
;
VALUE"50MHZ-3.3V"
CODE" 92010218"
CDS_LIB"oscillator"
$LOCATION"?"
CDS_LMAN_SYM_OUTLINE"-200,150,200,-100";
"GND"17;
"NNC"0;
"OUT"11;
"VDD"3;
%"OSC-125M-DIF"
"1","(-4700,5750)","0","oscillator","I7";
;
CDS_LIB"oscillator"
CDS_LMAN_SYM_OUTLINE"-125,150,125,-150";
"6"1;
"5"7;
"4"12;
"3"13;
"2"0;
"1"1;
%"GND_SIGNAL"
"1","(-5500,5250)","0","standard","I8";
;
CDS_LIB"standard"
BODY_TYPE"PLUMBING"
HDL_POWER"GND_SIGNAL";
"GND"13;
%"C"
"1","(-5450,5600)","0","capcitor","I9";
;
VALUE"0.1U"
CODE"08070262"
CDS_LIB"capcitor"
$LOCATION"?"
CDS_LMAN_SYM_OUTLINE"-50,0,50,-50";
"1"1;
"2"13;
END.
