FILE_TYPE = CONNECTIVITY;
{Allegro Design Entry HDL 16.6-p007 (v16-6-112F) 10/10/2012}
"PAGE_NUMBER" = 60;
0"NC";
1"A7_USBPHY_DATA1";
2"A7_USBPHY_DATA2";
3"A7_USBPHY_DATA3";
4"A7_USBPHY_DATA4";
5"A7_USBPHY_DATA5";
6"A7_USBPHY_CLK";
7"A7_USBPHY_STP";
8"A7_USBPHY_DIR";
9"A7_USBPHY_NXT";
10"A7_USBPHY_DATA7";
11"A7_USBPHY_DATA6";
12"A7_USBPHY_DATA0";
%"XC7A200TFFG1156"
"9","(-5600,3950)","0","ic","I1";
;
CDS_LMAN_SYM_OUTLINE"-125,1250,850,-100"
CDS_LIB"ic"
VALUE"XC7A200TFFG1156";
"AF10"0;
"AE10"0;
"AD10"0;
"AH11"0;
"AG11"0;
"AE11"0;
"AD11"0;
"AG9"0;
"AG10"0;
"AG12"0;
"AF12"0;
"AH8"0;
"AH9"0;
"AF8"0;
"AF9"0;
"AH6"0;
"AH7"0;
"AE7"0;
"AE8"0;
"AD8"0;
"AD9"0;
"AG7"0;
"AF7"0;
"AE6"0;
"AD6"0;
"AF5"0;
"AE5"6;
"AG5"0;
"AG6"0;
"AE3"0;
"AD3"0;
"AJ4"0;
"AH4"0;
"AD4"0;
"AD5"0;
"AG4"0;
"AF4"0;
"AJ3"0;
"AH3"0;
"AG2"7;
"AF3"8;
"AF2"9;
"AE2"10;
"AJ1"11;
"AH2"5;
"AE1"4;
"AD1"3;
"AH1"2;
"AG1"1;
"AC11"12;
END.
