FILE_TYPE = CONNECTIVITY;
{Allegro Design Entry HDL 16.6-p007 (v16-6-112F) 10/10/2012}
"PAGE_NUMBER" = 89;
0"NC";
1"V_Z7_PL_3V3_VCCO";
2"GND_SIGNAL\g";
3"CLK_Z7_PL_125M_B112_C_N";
4"CLK_Z7_PL_125M_B112_C_P";
5"GND_SIGNAL\g";
6"GND_SIGNAL\g";
7"GND_SIGNAL\g";
8"CLK_Z7_PL_74M25_HDMI";
9"V_Z7_PS_3V3_VCCO";
10"V_Z7_PL_3V3_VCCO";
11"CLK_Z7_PS_50M_MAIN";
12"CLK_Z7_PL_50M_MAIN";
13"CLK_Z7_PL_125M_B112_N";
14"CLK_Z7_PL_125M_B112_P";
15"V_Z7_PL_3V3_VCCO";
%"GND_SIGNAL"
"1","(-8100,5200)","0","standard","I1";
;
CDS_LIB"standard"
HDL_POWER"GND_SIGNAL"
BODY_TYPE"PLUMBING";
"GND"5;
%"C"
"1","(-7300,3550)","0","capcitor","I10";
;
VALUE"0.1U"
$LOCATION"?"
CODE"08070262"
CDS_LMAN_SYM_OUTLINE"-50,0,50,-50"
CDS_LIB"capcitor";
"1"15;
"2"7;
%"OSC-4"
"1","(-7700,3750)","0","oscillator","I11";
;
$LOCATION"?"
VALUE"74.25MHZ-3.3V"
CODE""
CDS_LMAN_SYM_OUTLINE"-200,150,200,-100"
CDS_LIB"oscillator";
"GND"7;
"NNC"0;
"OUT"8;
"VDD"15;
%"OSC-4"
"1","(-5400,3900)","0","oscillator","I12";
;
$LOCATION"?"
VALUE"50MHZ-3.3V"
CODE" 92010218"
CDS_LMAN_SYM_OUTLINE"-200,150,200,-100"
CDS_LIB"oscillator";
"GND"6;
"NNC"0;
"OUT"11;
"VDD"9;
%"C"
"1","(-5000,3700)","0","capcitor","I13";
;
VALUE"0.1U"
$LOCATION"?"
CODE"08070262"
CDS_LMAN_SYM_OUTLINE"-50,0,50,-50"
CDS_LIB"capcitor";
"1"9;
"2"6;
%"GND_SIGNAL"
"1","(-5750,3350)","0","standard","I14";
;
BODY_TYPE"PLUMBING"
HDL_POWER"GND_SIGNAL"
CDS_LIB"standard";
"GND"6;
%"GND_SIGNAL"
"1","(-5750,5250)","0","standard","I2";
;
CDS_LIB"standard"
BODY_TYPE"PLUMBING"
HDL_POWER"GND_SIGNAL";
"GND"2;
%"C"
"1","(-5700,5600)","0","capcitor","I3";
;
$LOCATION"?"
VALUE"0.1U"
CDS_LIB"capcitor"
CDS_LMAN_SYM_OUTLINE"-50,0,50,-50"
CODE"08070262";
"1"1;
"2"2;
%"OSC-125M-DIF"
"1","(-4700,5750)","0","oscillator","I4";
;
CDS_LIB"oscillator"
CDS_LMAN_SYM_OUTLINE"-125,150,125,-150";
"6"1;
"5"4;
"4"3;
"3"2;
"2"0;
"1"1;
%"C"
"1","(-3250,5850)","1","capcitor","I5";
;
$LOCATION"?"
VALUE"0.1U"
CDS_LIB"capcitor"
CDS_LMAN_SYM_OUTLINE"-50,0,50,-50"
CODE"08070262";
"1"4;
"2"14;
%"C"
"1","(-3250,5750)","1","capcitor","I6";
;
$LOCATION"?"
VALUE"0.1U"
CDS_LIB"capcitor"
CDS_LMAN_SYM_OUTLINE"-50,0,50,-50"
CODE"08070262";
"1"3;
"2"13;
%"C"
"1","(-7350,5550)","0","capcitor","I7";
;
$LOCATION"?"
VALUE"0.1U"
CDS_LIB"capcitor"
CDS_LMAN_SYM_OUTLINE"-50,0,50,-50"
CODE"08070262";
"1"10;
"2"5;
%"OSC-4"
"1","(-7750,5750)","0","oscillator","I8";
;
$LOCATION"?"
VALUE"50MHZ-3.3V"
CDS_LIB"oscillator"
CDS_LMAN_SYM_OUTLINE"-200,150,200,-100"
CODE" 92010218";
"GND"5;
"NNC"0;
"OUT"12;
"VDD"10;
%"GND_SIGNAL"
"1","(-8050,3200)","0","standard","I9";
;
BODY_TYPE"PLUMBING"
HDL_POWER"GND_SIGNAL"
CDS_LIB"standard";
"GND"7;
END.
