FILE_TYPE = CONNECTIVITY;
{Allegro Design Entry HDL 16.6-p007 (v16-6-112F) 10/10/2012}
"PAGE_NUMBER" = 83;
0"NC";
1"GND_SIGNAL\g";
2"GND_SIGNAL\g";
3"GND_SIGNAL\g";
4"GND_SIGNAL\g";
5"V_Z7_S6_0V9_DDR_VREF";
6"Z7_S6_PHY_INIT_DONE";
7"Z7_S6_DDR_CKE";
8"Z7_S6_DDR_A12";
9"Z7_S6_DDR_A11";
10"Z7_S6_DDR_A4";
11"Z7_S6_DDR_A9";
12"Z7_S6_DDR_A13";
13"Z7_S6_DDR_A14";
14"UN$83$R$I26$A";
15"V_Z7_S6_1V8_DDR";
16"V_Z7_S6_1V8_DDR";
17"Z7_S6_DDR_A6";
18"UN$83$LEDS$I4$B";
19"UN$83$LEDS$I7$B";
20"UN$83$R$I23$B";
21"Z7_S6_DDR_CS_N";
22"Z7_S6_DDR_DQ12";
23"Z7_S6_DDR_UDQS_P";
24"Z7_S6_DDR_DQ3";
25"Z7_S6_PHY_INIT_DONE";
26"Z7_S6_ERROR";
27"V_Z7_S6_0V9_DDR_VREF";
28"Z7_S6_ERROR";
29"Z7_S6_DDR_DQ14";
30"Z7_S6_DDR_DQ15";
31"Z7_S6_DDR_DQ13";
32"Z7_S6_DDR_UDQS_N";
33"Z7_S6_DDR_DQ10";
34"Z7_S6_DDR_DQ11";
35"Z7_S6_DDR_DQ8";
36"Z7_S6_DDR_DQ9";
37"Z7_S6_DDR_DQ0";
38"Z7_S6_DDR_DQ1";
39"Z7_S6_DDR_DQ2";
40"Z7_S6_DDR_LDQS_P";
41"Z7_S6_DDR_LDQS_N";
42"Z7_S6_DDR_DQ6";
43"Z7_S6_DDR_DQ7";
44"Z7_S6_DDR_DQ4";
45"Z7_S6_DDR_DQ5";
46"Z7_S6_DDR_UDM";
47"Z7_S6_DDR_LDM";
48"Z7_S6_DDR_RAS_N";
49"Z7_S6_DDR_CAS_N";
50"Z7_S6_DDR_A5";
51"Z7_S6_DDR_A3";
52"Z7_S6_DDR_ODT";
53"Z7_S6_DDR_CLK_P";
54"Z7_S6_DDR_CLK_N";
55"Z7_S6_DDR_A0";
56"Z7_S6_DDR_A1";
57"Z7_S6_DDR_BA0";
58"Z7_S6_DDR_BA1";
59"Z7_S6_DDR_A7";
60"Z7_S6_DDR_A2";
61"Z7_S6_DDR_WE_N";
62"Z7_S6_DDR_BA2";
63"Z7_S6_DDR_A10";
64"Z7_S6_DDR_A8";
65"V_Z7_S6_0V9_DDR_VREF";
%"XC6SLX16CSG324"
"4","(-5700,6200)","0","ic","I14";
;
VALUE"XC6SLX16CSG3244"
VALUE1"XC6SLX16CSG324"
CDS_LIB"ic"
$LOCATION"?"
CDS_LMAN_SYM_OUTLINE"-600,125,600,-1650";
"VCCO6_3"16;
"VCCO5_3"16;
"VCCO4_3"16;
"VCCO3_3"16;
"VCCO2_3"16;
"VCCO1_3"16;
"IO_L83N_VREF_3"65;
"IO_L83P_3"14;
"IO_L55N_M3A14_3"13;
"IO_L55P_M3A13_3"12;
"IO_L54N_M3A11_3"9;
"IO_L54P_M3RESET_3"0;
"IO_L53N_M3A12_3"8;
"IO_L53P_M3CKE_3"7;
"IO_L52N_M3A9_3"11;
"IO_L52P_M3A8_3"64;
"IO_L51N_M3A4_3"10;
"IO_L51P_M3A10_3"63;
"IO_L50N_M3BA2_3"62;
"IO_L50P_M3WE_3"61;
"IO_L49N_M3A2_3"60;
"IO_L49P_M3A7_3"59;
"IO_L48N_M3BA1_3"58;
"IO_L48P_M3BA0_3"57;
"IO_L47N_M3A1_3"56;
"IO_L47P_M3A0_3"55;
"IO_L46N_M3CLKN_3"54;
"IO_L46P_M3CLK_3"53;
"IO_L45N_M3ODT_3"52;
"IO_L45P_M3A3_3"51;
"IO_L44N_GCLK20_M3A6_3"17;
"IO_L44P_GCLK21_M3A5_3"50;
"IO_L43N_GCLK22_IRDY2_M3CASN_3"49;
"IO_L43P_GCLK23_M3RASN_3"48;
"IO_L42N_GCLK24_M3LDM_3"47;
"IO_L42P_GCLK25_TRDY2_M3UDM_3"46;
"IO_L41N_GCLK26_M3DQ5_3"45;
"IO_L41P_GCLK27_M3DQ4_3"44;
"IO_L40N_M3DQ7_3"43;
"IO_L40P_M3DQ6_3"42;
"IO_L39N_M3LDQSN_3"41;
"IO_L39P_M3LDQS_3"40;
"IO_L38N_M3DQ3_3"24;
"IO_L38P_M3DQ2_3"39;
"IO_L37N_M3DQ1_3"38;
"IO_L37P_M3DQ0_3"37;
"IO_L36N_M3DQ9_3"36;
"IO_L36P_M3DQ8_3"35;
"IO_L35N_M3DQ11_3"34;
"IO_L35P_M3DQ10_3"33;
"IO_L34N_M3UDQSN_3"32;
"IO_L34P_M3UDQS_3"23;
"IO_L33N_M3DQ13_3"31;
"IO_L33P_M3DQ12_3"22;
"IO_L32N_M3DQ15_3"30;
"IO_L32P_M3DQ14_3"29;
"IO_L31N_VREF_3"5;
"IO_L31P_3"6;
"IO_L2N_3"28;
"IO_L2P_3"21;
"IO_L1N_VREF_3"27;
"IO_L1P_3"20;
%"GND_SIGNAL"
"1","(-5650,3450)","0","standard","I15";
;
HDL_POWER"GND_SIGNAL"
BODY_TYPE"PLUMBING"
CDS_LIB"standard";
"GND"1;
%"C"
"1","(-5600,3850)","0","capcitor","I16";
;
VALUE"0.1U"
CODE"08070262"
CDS_LIB"capcitor"
$LOCATION"?"
CDS_LMAN_SYM_OUTLINE"-50,0,50,-50";
"1"15;
"2"1;
%"C"
"1","(-5450,3850)","0","capcitor","I17";
;
VALUE"0.1U"
CODE"08070262"
CDS_LIB"capcitor"
$LOCATION"?"
CDS_LMAN_SYM_OUTLINE"-50,0,50,-50";
"1"15;
"2"1;
%"C"
"1","(-5150,3850)","0","capcitor","I18";
;
VALUE"0.1U"
CODE"08070262"
CDS_LIB"capcitor"
$LOCATION"?"
CDS_LMAN_SYM_OUTLINE"-50,0,50,-50";
"1"15;
"2"1;
%"C"
"1","(-5000,3850)","0","capcitor","I19";
;
VALUE"0.1U"
CODE"08070262"
CDS_LIB"capcitor"
$LOCATION"?"
CDS_LMAN_SYM_OUTLINE"-50,0,50,-50";
"1"15;
"2"1;
%"C"
"1","(-4850,3850)","0","capcitor","I20";
;
VALUE"0.1U"
CODE"08070262"
CDS_LIB"capcitor"
$LOCATION"?"
CDS_LMAN_SYM_OUTLINE"-50,0,50,-50";
"1"15;
"2"1;
%"C"
"1","(-5300,3850)","0","capcitor","I21";
;
VALUE"0.1U"
CODE"08070262"
CDS_LIB"capcitor"
$LOCATION"?"
CDS_LMAN_SYM_OUTLINE"-50,0,50,-50";
"1"15;
"2"1;
%"GND_SIGNAL"
"1","(-6800,2800)","5","standard","I22";
;
HDL_POWER"GND_SIGNAL"
BODY_TYPE"PLUMBING"
CDS_LIB"standard";
"GND"4;
%"R"
"1","(-8000,6200)","0","resistor","I23";
;
VALUE"100"
CODE"07090603"
CDS_LIB"resistor"
$LOCATION"?"
CDS_LMAN_SYM_OUTLINE"-100,25,100,-25";
"A"2;
"B"20;
%"GND_SIGNAL"
"1","(-8300,6250)","5","standard","I24";
;
BODY_TYPE"PLUMBING"
HDL_POWER"GND_SIGNAL"
CDS_LIB"standard";
"GND"2;
%"GND_SIGNAL"
"1","(-3100,5150)","3","standard","I25";
;
CDS_LIB"standard"
BODY_TYPE"PLUMBING"
HDL_POWER"GND_SIGNAL";
"GND"3;
%"R"
"1","(-3400,5100)","0","resistor","I26";
;
VALUE"100"
CODE"07090603"
CDS_LIB"resistor"
$LOCATION"?"
CDS_LMAN_SYM_OUTLINE"-100,25,100,-25";
"A"14;
"B"3;
%"LED_S"
"1","(-5525,2750)","0","diode","I4";
;
VALUE"HSMG-C170-B"
CODE"15020063"
CDS_LIB"diode"
$LOCATION"?"
CDS_LMAN_SYM_OUTLINE"-150,50,50,-75";
"A"25;
"B"18;
%"R"
"1","(-6175,2750)","0","resistor","I5";
;
VALUE"180"
CODE"07090633"
CDS_LIB"resistor"
$LOCATION"?"
CDS_LMAN_SYM_OUTLINE"-100,25,100,-25";
"A"4;
"B"18;
%"R"
"1","(-6175,3050)","0","resistor","I6";
;
VALUE"180"
CODE"07090633"
CDS_LIB"resistor"
$LOCATION"?"
CDS_LMAN_SYM_OUTLINE"-100,25,100,-25";
"A"4;
"B"19;
%"LED_S"
"1","(-5525,3050)","0","diode","I7";
;
VALUE"HSMG-C170-B"
CODE"15020063"
CDS_LIB"diode"
$LOCATION"?"
CDS_LMAN_SYM_OUTLINE"-150,50,50,-75";
"A"26;
"B"19;
END.
