FILE_TYPE = CONNECTIVITY;
{Allegro Design Entry HDL 16.6-p007 (v16-6-112F) 10/10/2012}
"PAGE_NUMBER" = 72;
0"NC";
1"V_Z7_5V0_IN";
2"GND_SIGNAL\g";
3"V_Z7_5V0_IN";
4"GND_SIGNAL\g";
5"V_Z7_5V0_USB2_J";
6"V_Z7_5V0_USB1_J";
7"V_Z7_5V0_USB2";
8"V_Z7_5V0_USB1";
9"Z7_USB2_DATA_P";
10"Z7_USB2_DATA_N";
11"GND_SIGNAL\g";
12"V_Z7_5V0_USB2";
13"Z7_USB1_DATA_P";
14"Z7_USB1_DATA_N";
15"GND_SIGNAL\g";
16"V_Z7_5V0_USB1";
17"V_Z7_5V0_USB1";
18"Z7_USB1_DATA_N";
19"Z7_USB1_DATA_P";
20"GND_SIGNAL\g";
21"V_Z7_5V0_USB2";
22"Z7_USB2_DATA_N";
23"Z7_USB2_DATA_P";
24"GND_SIGNAL\g";
%"GND_SIGNAL"
"1","(-9300,4050)","0","standard","I1";
;
HDL_POWER"GND_SIGNAL"
BODY_TYPE"PLUMBING"
CDS_LIB"standard";
"GND"24;
%"GND_SIGNAL"
"1","(-1900,3450)","0","standard","I10";
;
HDL_POWER"GND_SIGNAL"
BODY_TYPE"PLUMBING"
CDS_LIB"standard";
"GND"2;
%"CP"
"1","(-1850,3700)","0","capcitor","I11";
;
VALUE"100U-16V"
CODE"08020065"
CDS_LIB"capcitor"
$LOCATION"?"
CDS_LMAN_SYM_OUTLINE"-50,0,50,-50";
"2"2;
"1"1;
%"HEAD1X2_S"
"1","(-3600,5550)","0","connector","I12";
;
VALUE"HEAD1X2"
CODE"14050028"
CDS_LIB"connector"
$LOCATION"?"
CDS_LMAN_SYM_OUTLINE"-50,100,0,-50";
"P1"6;
"P2"8;
%"LB"
"1","(-2200,5600)","0","inductor","I13";
;
VALUE"100MOHM"
CODE"10070008"
CDS_LIB"inductor"
$LOCATION"?"
CDS_LMAN_SYM_OUTLINE"-125,50,125,0";
"B"3;
"A"6;
%"CP"
"1","(-1900,5450)","0","capcitor","I14";
;
VALUE"100U-16V"
CODE"08020065"
CDS_LIB"capcitor"
$LOCATION"?"
CDS_LMAN_SYM_OUTLINE"-50,0,50,-50";
"2"4;
"1"3;
%"GND_SIGNAL"
"1","(-1950,5200)","0","standard","I15";
;
HDL_POWER"GND_SIGNAL"
BODY_TYPE"PLUMBING"
CDS_LIB"standard";
"GND"4;
%"GND_SIGNAL"
"1","(-8700,4050)","0","standard","I2";
;
BODY_TYPE"PLUMBING"
HDL_POWER"GND_SIGNAL"
CDS_LIB"standard";
"GND"20;
%"USB_A_X2"
"1","(-9000,4650)","0","connector","I3";
;
CDS_LIB"connector"
CDS_LMAN_SYM_OUTLINE"-125,325,225,-425";
"12"20;
"11"20;
"10"24;
"9"24;
"8"20;
"7"23;
"6"22;
"5"21;
"4"20;
"3"19;
"2"18;
"1"17;
%"GND_SIGNAL"
"1","(-5750,3300)","0","standard","I4";
;
HDL_POWER"GND_SIGNAL"
BODY_TYPE"PLUMBING"
CDS_LIB"standard";
"GND"11;
%"TPD4S012"
"1","(-5450,3800)","0","protection","I5";
;
CDS_LIB"protection"
CDS_LMAN_SYM_OUTLINE"-125,175,125,-375";
"6"12;
"5"0;
"4"11;
"3"0;
"2"10;
"1"9;
%"GND_SIGNAL"
"1","(-5800,5000)","0","standard","I6";
;
HDL_POWER"GND_SIGNAL"
BODY_TYPE"PLUMBING"
CDS_LIB"standard";
"GND"15;
%"TPD4S012"
"1","(-5500,5500)","0","protection","I7";
;
CDS_LIB"protection"
CDS_LMAN_SYM_OUTLINE"-125,175,125,-375";
"6"16;
"5"0;
"4"15;
"3"0;
"2"14;
"1"13;
%"HEAD1X2_S"
"1","(-3550,3800)","0","connector","I8";
;
VALUE"HEAD1X2"
CODE"14050028"
CDS_LIB"connector"
$LOCATION"?"
CDS_LMAN_SYM_OUTLINE"-50,100,0,-50";
"P1"5;
"P2"7;
%"LB"
"1","(-2150,3850)","0","inductor","I9";
;
VALUE"100MOHM"
CODE"10070008"
CDS_LIB"inductor"
$LOCATION"?"
CDS_LMAN_SYM_OUTLINE"-125,50,125,0";
"B"1;
"A"5;
END.
