FILE_TYPE = CONNECTIVITY;
{Allegro Design Entry HDL 16.6-p007 (v16-6-112F) 10/10/2012}
"PAGE_NUMBER" = 11;
0"NC";
1"GND_SIGNAL\g";
2"GND_SIGNAL\g";
3"GND_SIGNAL\g";
4"GND_SIGNAL\g";
5"GND_SIGNAL\g";
6"GND_SIGNAL\g";
7"GND_SIGNAL\g";
8"GND_SIGNAL\g";
9"GND_SIGNAL\g";
10"GND_SIGNAL\g";
11"GND_SIGNAL\g";
12"GND_SIGNAL\g";
13"GND_SIGNAL\g";
14"GND_SIGNAL\g";
15"GND_SIGNAL\g";
16"V_S7_2V5_88E_VDDO";
17"V_S7_2V5_88E_AVDD";
18"V_S7_1V0_88E_DVDD1";
19"V_S7_1V0_88E_DVDD2";
20"V_S7_1V0_88E_DVDD1";
21"V_S7_2V5_88E_AVDD";
22"S7_88E_RXD5";
23"S7_88E_RXD6";
24"S7_88E_SIN_P";
25"S7_88E_SIN_N";
26"S7_88E_SCLK_P_TP";
27"S7_88E_SCLK_N_TP";
28"S7_88E_SOUT_P";
29"S7_88E_SOUT_N";
30"S7_88E_LED_LINK1000";
31"S7_88E_RX_DV";
32"S7_88E_RXD0";
33"S7_88E_RXD3";
34"S7_88E_CRS";
35"S7_88E_COL";
36"S7_88E_LED_LINK100";
37"S7_88E_RX_CLK";
38"S7_88E_RXD2";
39"S7_88E_RXD4";
40"S7_88E_RXD7";
41"S7_88E_LED_LINK10";
42"S7_88E_LED_RX";
43"S7_88E_TX_CLK";
44"S7_88E_RX_ER";
45"S7_88E_RXD1";
46"S7_88E_CONFIG0";
47"S7_88E_LED_TX";
48"S7_88E_TX_EN";
49"S7_88E_GTX_CLK";
50"S7_88E_LED_DUPLEX";
51"S7_88E_CONFIG1";
52"S7_88E_TXD0";
53"S7_88E_TX_ER";
54"S7_88E_CONFIG2";
55"S7_88E_CONFIG4";
56"S7_88E_TXD1";
57"S7_88E_TXD2";
58"S7_88E_CONFIG3";
59"S7_88E_CONFIG6";
60"S7_88E_CONFIG5";
61"S7_88E_TXD4";
62"S7_88E_TXD3";
63"S7_88E_TXD5";
64"S7_88E_XTAL1";
65"S7_88E_TXD6";
66"S7_88E_TXD7";
67"S7_88E_XTAL2";
68"S7_88E_RESET_N";
69"S7_88E_INT_N";
70"S7_88E_MDC";
71"UN$11$88E1111$I1$L4";
72"S7_88E_MDIO";
73"S7_88E_RSET";
74"S7_88E_HSDAC_P_TP";
75"S7_88E_HSDAC_N_TP";
76"UN$11$88E1111$I1$M9";
77"S7_88E_MDI0_P";
78"S7_88E_MDI0_N";
79"S7_88E_MDI1_P";
80"S7_88E_MDI1_N";
81"S7_88E_MDI2_P";
82"S7_88E_MDI2_N";
83"S7_88E_MDI3_P";
84"S7_88E_MDI3_N";
85"S7_88E_LED_LINK10";
86"UN$11$LEDS$I36$A";
87"S7_88E_LED_LINK100";
88"UN$11$LEDS$I37$A";
89"S7_88E_LED_LINK1000";
90"UN$11$LEDS$I38$A";
91"S7_88E_LED_RX";
92"UN$11$LEDS$I39$A";
93"S7_88E_LED_TX";
94"UN$11$LEDS$I40$A";
95"S7_88E_LED_DUPLEX";
96"UN$11$LEDS$I41$A";
97"V_S7_1V0_VCCINT";
98"V_S7_2V5";
99"V_S7_2V5_88E_VDDO";
100"V_S7_1V0_VCCINT";
101"V_S7_1V0_88E_DVDD2";
102"V_S7_2V5";
103"UN$11$C$I78$1";
104"UN$11$C$I74$1";
105"UN$11$C$I70$1";
106"UN$11$C$I65$1";
107"S7_88E_XTAL2";
108"S7_88E_XTAL1";
109"V_S7_2V5_88E_2V5";
110"S7_88E_LED_DUPLEX";
111"V_S7_2V5_88E_2V5";
112"S7_88E_LED_RX";
113"V_S7_2V5_88E_VDDO";
114"S7_88E_CONFIG6";
115"S7_88E_LED_RX";
116"S7_88E_CONFIG5";
117"S7_88E_CONFIG4";
118"S7_88E_CONFIG3";
119"S7_88E_LED_LINK100";
120"S7_88E_CONFIG2";
121"S7_88E_CONFIG1";
122"S7_88E_CONFIG0";
123"V_S7_2V5_88E_VDDO";
124"S7_88E_INT_N";
125"V_S7_2V5_88E_VDDO";
126"S7_88E_MDIO";
%"88E1111"
"1","(-5950,5050)","0","ic","I1";
;
CDS_LMAN_SYM_OUTLINE"-250,1775,375,-2475"
CDS_LIB"ic";
"N9"84;
"N8"83;
"N7"82;
"N6"81;
"N4"80;
"N3"79;
"N2"78;
"N1"77;
"M9"76;
"M6"75;
"M5"74;
"M2"73;
"M1"72;
"L9"0;
"L8"0;
"L7"0;
"L4"71;
"L3"70;
"L1"69;
"K8"0;
"K7"0;
"K3"68;
"K2"0;
"J9"67;
"J2"66;
"J1"65;
"H9"64;
"H8"0;
"H3"63;
"H2"62;
"H1"61;
"G9"60;
"G8"59;
"G7"58;
"G3"57;
"G2"56;
"G1"0;
"F9"55;
"F8"54;
"F2"53;
"F1"52;
"E9"51;
"E8"50;
"E2"49;
"E1"48;
"D9"47;
"D8"46;
"D3"45;
"D2"44;
"D1"43;
"C9"42;
"C8"41;
"C5"40;
"C4"39;
"C3"38;
"C1"37;
"B8"36;
"B6"35;
"B5"34;
"B3"33;
"B2"32;
"B1"31;
"A9"30;
"A8"29;
"A7"28;
"A6"27;
"A5"26;
"A4"25;
"A3"24;
"A2"23;
"A1"22;
%"C"
"1","(-1200,4600)","0","capcitor","I10";
;
$LOCATION"?"
VALUE"0.1U"
CDS_LMAN_SYM_OUTLINE"-50,0,50,-50"
CDS_LIB"capcitor"
CODE"08070262";
"1"20;
"2"13;
%"C"
"1","(-1050,4600)","0","capcitor","I11";
;
$LOCATION"?"
VALUE"0.1U"
CDS_LMAN_SYM_OUTLINE"-50,0,50,-50"
CDS_LIB"capcitor"
CODE"08070262";
"1"20;
"2"13;
%"GND_SIGNAL"
"1","(-1500,5200)","0","standard","I17";
;
HDL_POWER"GND_SIGNAL"
BODY_TYPE"PLUMBING"
CDS_LIB"standard";
"GND"14;
%"GND_SIGNAL"
"1","(-1500,4200)","0","standard","I18";
;
HDL_POWER"GND_SIGNAL"
BODY_TYPE"PLUMBING"
CDS_LIB"standard";
"GND"13;
%"C"
"1","(-1450,3600)","0","capcitor","I19";
;
$LOCATION"?"
VALUE"10UF"
CDS_LMAN_SYM_OUTLINE"-50,0,50,-50"
CDS_LIB"capcitor"
CODE"08070898";
"1"101;
"2"12;
%"88E1111"
"2","(-1150,6350)","0","ic","I2";
;
CDS_LMAN_SYM_OUTLINE"-200,1150,125,-200"
CDS_LIB"ic";
"N5"17;
"M8"17;
"M7"17;
"M4"17;
"M3"17;
"L6"10;
"L5"10;
"L2"16;
"K9"16;
"K6"10;
"K5"10;
"K4"10;
"K1"16;
"J8"16;
"J7"19;
"J6"10;
"J5"10;
"J4"10;
"J3"19;
"H7"10;
"H6"10;
"H5"10;
"H4"10;
"G6"10;
"G5"10;
"G4"10;
"F7"16;
"F6"10;
"F5"10;
"F4"10;
"F3"19;
"E7"19;
"E6"10;
"E5"10;
"E4"10;
"E3"18;
"D7"18;
"D6"10;
"D5"10;
"D4"10;
"C7"18;
"C6"18;
"C2"16;
"B9"16;
"B7"17;
"B4"16;
%"C"
"1","(-1050,3600)","0","capcitor","I20";
;
$LOCATION"?"
VALUE"0.1U"
CDS_LMAN_SYM_OUTLINE"-50,0,50,-50"
CDS_LIB"capcitor"
CODE"08070262";
"1"101;
"2"12;
%"C"
"1","(-1200,3600)","0","capcitor","I21";
;
$LOCATION"?"
VALUE"0.1U"
CDS_LMAN_SYM_OUTLINE"-50,0,50,-50"
CDS_LIB"capcitor"
CODE"08070262";
"1"101;
"2"12;
%"GND_SIGNAL"
"1","(-1500,3200)","0","standard","I22";
;
HDL_POWER"GND_SIGNAL"
BODY_TYPE"PLUMBING"
CDS_LIB"standard";
"GND"12;
%"LB"
"1","(-1750,3800)","0","inductor","I23";
;
$LOCATION"?"
VALUE"100MOHM"
CDS_LMAN_SYM_OUTLINE"-125,50,125,0"
CDS_LIB"inductor"
CODE"10070008";
"B"101;
"A"100;
%"C"
"1","(-1450,2600)","0","capcitor","I24";
;
$LOCATION"?"
VALUE"10UF"
CDS_LMAN_SYM_OUTLINE"-50,0,50,-50"
CDS_LIB"capcitor"
CODE"08070898";
"1"99;
"2"11;
%"C"
"1","(-1200,2600)","0","capcitor","I25";
;
$LOCATION"?"
VALUE"0.1U"
CDS_LMAN_SYM_OUTLINE"-50,0,50,-50"
CDS_LIB"capcitor"
CODE"08070262";
"1"99;
"2"11;
%"C"
"1","(-1050,2600)","0","capcitor","I26";
;
$LOCATION"?"
VALUE"0.1U"
CDS_LMAN_SYM_OUTLINE"-50,0,50,-50"
CDS_LIB"capcitor"
CODE"08070262";
"1"99;
"2"11;
%"GND_SIGNAL"
"1","(-1500,2200)","0","standard","I27";
;
CDS_LIB"standard"
BODY_TYPE"PLUMBING"
HDL_POWER"GND_SIGNAL";
"GND"11;
%"LB"
"1","(-1750,2800)","0","inductor","I28";
;
$LOCATION"?"
VALUE"100MOHM"
CDS_LMAN_SYM_OUTLINE"-125,50,125,0"
CDS_LIB"inductor"
CODE"10070008";
"B"99;
"A"98;
%"C"
"1","(-900,2600)","0","capcitor","I29";
;
$LOCATION"?"
VALUE"0.1U"
CDS_LMAN_SYM_OUTLINE"-50,0,50,-50"
CDS_LIB"capcitor"
CODE"08070262";
"1"99;
"2"11;
%"LB"
"1","(-1750,5800)","0","inductor","I3";
;
$LOCATION"?"
VALUE"100MOHM"
CDS_LMAN_SYM_OUTLINE"-125,50,125,0"
CDS_LIB"inductor"
CODE"10070008";
"B"21;
"A"102;
%"C"
"1","(-750,2600)","0","capcitor","I30";
;
$LOCATION"?"
VALUE"0.1U"
CDS_LMAN_SYM_OUTLINE"-50,0,50,-50"
CDS_LIB"capcitor"
CODE"08070262";
"1"99;
"2"11;
%"GND_SIGNAL"
"1","(-950,6100)","0","standard","I31";
;
BODY_TYPE"PLUMBING"
HDL_POWER"GND_SIGNAL"
CDS_LIB"standard";
"GND"10;
%"CRYSTAL"
"1","(-8850,2700)","1","oscillator","I32";
;
$LOCATION"?"
VALUE"25MHZ"
CDS_LMAN_SYM_OUTLINE"50,100,225,-100"
CDS_LIB"oscillator"
CODE"12020092";
"A1"107;
"A2"108;
%"C"
"1","(-8600,3050)","1","capcitor","I33";
;
$LOCATION"?"
VALUE"22PF"
CDS_LMAN_SYM_OUTLINE"-50,0,50,-50"
CDS_LIB"capcitor"
CODE"98070510";
"1"108;
"2"9;
%"C"
"1","(-8600,2600)","1","capcitor","I34";
;
$LOCATION"?"
VALUE"22PF"
CDS_LMAN_SYM_OUTLINE"-50,0,50,-50"
CDS_LIB"capcitor"
CODE"98070510";
"1"107;
"2"9;
%"GND_SIGNAL"
"1","(-8100,2550)","1","standard","I35";
;
BODY_TYPE"PLUMBING"
HDL_POWER"GND_SIGNAL"
CDS_LIB"standard";
"GND"9;
%"LED_S"
"1","(-5800,1650)","0","diode","I36";
;
VALUE"HSMG-C170-B"
$LOCATION"?"
CODE"15020063"
CDS_LIB"diode"
CDS_LMAN_SYM_OUTLINE"-150,50,50,-75";
"A"86;
"B"85;
%"LED_S"
"1","(-5800,1550)","0","diode","I37";
;
VALUE"HSMG-C170-B"
$LOCATION"?"
CODE"15020063"
CDS_LIB"diode"
CDS_LMAN_SYM_OUTLINE"-150,50,50,-75";
"A"88;
"B"87;
%"LED_S"
"1","(-5800,1450)","0","diode","I38";
;
VALUE"HSMG-C170-B"
$LOCATION"?"
CODE"15020063"
CDS_LIB"diode"
CDS_LMAN_SYM_OUTLINE"-150,50,50,-75";
"A"90;
"B"89;
%"LED_S"
"1","(-5800,1350)","0","diode","I39";
;
VALUE"HSMG-C170-B"
$LOCATION"?"
CODE"15020063"
CDS_LIB"diode"
CDS_LMAN_SYM_OUTLINE"-150,50,50,-75";
"A"92;
"B"91;
%"C"
"1","(-1200,5600)","0","capcitor","I4";
;
$LOCATION"?"
VALUE"0.1U"
CDS_LMAN_SYM_OUTLINE"-50,0,50,-50"
CDS_LIB"capcitor"
CODE"08070262";
"1"21;
"2"14;
%"LED_S"
"1","(-5800,1250)","0","diode","I40";
;
VALUE"HSMG-C170-B"
$LOCATION"?"
CODE"15020063"
CDS_LIB"diode"
CDS_LMAN_SYM_OUTLINE"-150,50,50,-75";
"A"94;
"B"93;
%"LED_S"
"1","(-5800,1150)","0","diode","I41";
;
VALUE"HSMG-C170-B"
$LOCATION"?"
CODE"15020063"
CDS_LIB"diode"
CDS_LMAN_SYM_OUTLINE"-150,50,50,-75";
"A"96;
"B"95;
%"R"
"1","(-5200,1650)","0","resistor","I42";
;
VALUE"330"
$LOCATION"?"
CODE"07090387"
CDS_LIB"resistor"
CDS_LMAN_SYM_OUTLINE"-100,25,100,-25";
"A"86;
"B"113;
%"R"
"1","(-5200,1550)","0","resistor","I43";
;
VALUE"330"
$LOCATION"?"
CODE"07090387"
CDS_LIB"resistor"
CDS_LMAN_SYM_OUTLINE"-100,25,100,-25";
"A"88;
"B"113;
%"R"
"1","(-5200,1450)","0","resistor","I44";
;
VALUE"330"
$LOCATION"?"
CODE"07090387"
CDS_LIB"resistor"
CDS_LMAN_SYM_OUTLINE"-100,25,100,-25";
"A"90;
"B"113;
%"R"
"1","(-5200,1350)","0","resistor","I45";
;
VALUE"330"
$LOCATION"?"
CODE"07090387"
CDS_LIB"resistor"
CDS_LMAN_SYM_OUTLINE"-100,25,100,-25";
"A"92;
"B"113;
%"R"
"1","(-5200,1250)","0","resistor","I46";
;
VALUE"330"
$LOCATION"?"
CODE"07090387"
CDS_LIB"resistor"
CDS_LMAN_SYM_OUTLINE"-100,25,100,-25";
"A"94;
"B"113;
%"R"
"1","(-5200,1150)","0","resistor","I47";
;
VALUE"330"
$LOCATION"?"
CODE"07090387"
CDS_LIB"resistor"
CDS_LMAN_SYM_OUTLINE"-100,25,100,-25";
"A"96;
"B"113;
%"R"
"1","(-8750,1750)","0","resistor","I48";
;
VALUE"0"
$LOCATION"?"
CODE"07090522"
CDS_LIB"resistor"
CDS_LMAN_SYM_OUTLINE"-100,25,100,-25";
"A"122;
"B"109;
%"R"
"1","(-8750,1650)","0","resistor","I49";
;
VALUE"0"
$LOCATION"?"
CODE"07090522"
CDS_LIB"resistor"
CDS_LMAN_SYM_OUTLINE"-100,25,100,-25";
"A"121;
"B"8;
%"C"
"1","(-1450,5600)","0","capcitor","I5";
;
$LOCATION"?"
VALUE"10UF"
CDS_LMAN_SYM_OUTLINE"-50,0,50,-50"
CDS_LIB"capcitor"
CODE"08070898";
"1"21;
"2"14;
%"R"
"1","(-8750,1550)","0","resistor","I50";
;
VALUE"0"
$LOCATION"?"
CODE"07090522"
CDS_LIB"resistor"
CDS_LMAN_SYM_OUTLINE"-100,25,100,-25";
"A"120;
"B"119;
%"R"
"1","(-8750,1450)","0","resistor","I51";
;
VALUE"0"
$LOCATION"?"
CODE"07090522"
CDS_LIB"resistor"
CDS_LMAN_SYM_OUTLINE"-100,25,100,-25";
"A"118;
"B"110;
%"R"
"1","(-8750,1350)","0","resistor","I52";
;
VALUE"0"
$LOCATION"?"
CODE"07090522"
CDS_LIB"resistor"
CDS_LMAN_SYM_OUTLINE"-100,25,100,-25";
"A"117;
"B"111;
%"R"
"1","(-8750,1250)","0","resistor","I53";
;
VALUE"0"
$LOCATION"?"
CODE"07090522"
CDS_LIB"resistor"
CDS_LMAN_SYM_OUTLINE"-100,25,100,-25";
"A"116;
"B"115;
%"R"
"1","(-8750,1150)","0","resistor","I54";
;
VALUE"0"
$LOCATION"?"
CODE"07090522"
CDS_LIB"resistor"
CDS_LMAN_SYM_OUTLINE"-100,25,100,-25";
"A"114;
"B"112;
%"GND_SIGNAL"
"1","(-8400,1600)","1","standard","I55";
;
CDS_LIB"standard"
BODY_TYPE"PLUMBING"
HDL_POWER"GND_SIGNAL";
"GND"8;
%"R"
"1","(-5150,3300)","2","resistor","I56";
;
VALUE"4.7K"
$LOCATION"?"
CODE"07090246"
CDS_LIB"resistor"
CDS_LMAN_SYM_OUTLINE"-100,25,100,-25";
"A"7;
"B"76;
%"GND_SIGNAL"
"1","(-4800,3250)","1","standard","I57";
;
CDS_LIB"standard"
BODY_TYPE"PLUMBING"
HDL_POWER"GND_SIGNAL";
"GND"7;
%"R"
"1","(-6600,3500)","2","resistor","I58";
;
VALUE"4.7K"
$LOCATION"?"
CDS_LIB"resistor"
CODE"07090246"
CDS_LMAN_SYM_OUTLINE"-100,25,100,-25";
"A"71;
"B"15;
%"GND_SIGNAL"
"1","(-7000,3450)","7","standard","I59";
;
BODY_TYPE"PLUMBING"
HDL_POWER"GND_SIGNAL"
CDS_LIB"standard";
"GND"15;
%"C"
"1","(-1050,5600)","0","capcitor","I6";
;
$LOCATION"?"
VALUE"0.1U"
CDS_LMAN_SYM_OUTLINE"-50,0,50,-50"
CDS_LIB"capcitor"
CODE"08070262";
"1"21;
"2"14;
%"R"
"1","(-4350,5400)","2","resistor","I60";
;
$LOCATION"?"
VALUE"49.9"
CODE"10071419"
CDS_LIB"resistor"
CDS_LMAN_SYM_OUTLINE"-100,25,100,-25";
"A"6;
"B"74;
%"R"
"1","(-4350,5300)","2","resistor","I61";
;
VALUE"49.9"
$LOCATION"?"
CODE"10071419"
CDS_LIB"resistor"
CDS_LMAN_SYM_OUTLINE"-100,25,100,-25";
"A"6;
"B"75;
%"GND_SIGNAL"
"1","(-3900,5350)","1","standard","I62";
;
HDL_POWER"GND_SIGNAL"
BODY_TYPE"PLUMBING"
CDS_LIB"standard";
"GND"6;
%"R"
"1","(-4350,5500)","0","resistor","I63";
;
VALUE"4.99K-1%"
$LOCATION"?"
CODE"97090147"
CDS_LIB"resistor"
CDS_LMAN_SYM_OUTLINE"-100,25,100,-25";
"A"73;
"B"6;
%"R"
"1","(-4400,6800)","2","resistor","I64";
;
VALUE"49.9"
$LOCATION"?"
CODE"10071419"
CDS_LIB"resistor"
CDS_LMAN_SYM_OUTLINE"-100,25,100,-25";
"A"106;
"B"77;
%"C"
"1","(-3900,6750)","1","capcitor","I65";
;
$LOCATION"?"
VALUE"0.01U"
CDS_LMAN_SYM_OUTLINE"-50,0,50,-50"
CDS_LIB"capcitor"
CODE"08070247";
"1"106;
"2"5;
%"GND_SIGNAL"
"1","(-3600,6700)","1","standard","I66";
;
CDS_LIB"standard"
BODY_TYPE"PLUMBING"
HDL_POWER"GND_SIGNAL";
"GND"5;
%"R"
"1","(-4400,6700)","2","resistor","I67";
;
VALUE"49.9"
$LOCATION"?"
CODE"10071419"
CDS_LIB"resistor"
CDS_LMAN_SYM_OUTLINE"-100,25,100,-25";
"A"106;
"B"78;
%"R"
"1","(-4400,6600)","2","resistor","I68";
;
VALUE"49.9"
$LOCATION"?"
CODE"10071419"
CDS_LIB"resistor"
CDS_LMAN_SYM_OUTLINE"-100,25,100,-25";
"A"105;
"B"79;
%"GND_SIGNAL"
"1","(-3600,6500)","1","standard","I69";
;
HDL_POWER"GND_SIGNAL"
BODY_TYPE"PLUMBING"
CDS_LIB"standard";
"GND"4;
%"C"
"1","(-900,5600)","0","capcitor","I7";
;
$LOCATION"?"
VALUE"0.1U"
CDS_LMAN_SYM_OUTLINE"-50,0,50,-50"
CDS_LIB"capcitor"
CODE"08070262";
"1"21;
"2"14;
%"C"
"1","(-3900,6550)","1","capcitor","I70";
;
$LOCATION"?"
VALUE"0.01U"
CDS_LMAN_SYM_OUTLINE"-50,0,50,-50"
CDS_LIB"capcitor"
CODE"08070247";
"1"105;
"2"4;
%"R"
"1","(-4400,6500)","2","resistor","I71";
;
VALUE"49.9"
$LOCATION"?"
CODE"10071419"
CDS_LIB"resistor"
CDS_LMAN_SYM_OUTLINE"-100,25,100,-25";
"A"105;
"B"80;
%"R"
"1","(-4400,6400)","2","resistor","I72";
;
VALUE"49.9"
$LOCATION"?"
CODE"10071419"
CDS_LIB"resistor"
CDS_LMAN_SYM_OUTLINE"-100,25,100,-25";
"A"104;
"B"81;
%"GND_SIGNAL"
"1","(-3600,6300)","1","standard","I73";
;
CDS_LIB"standard"
BODY_TYPE"PLUMBING"
HDL_POWER"GND_SIGNAL";
"GND"3;
%"C"
"1","(-3900,6350)","1","capcitor","I74";
;
$LOCATION"?"
VALUE"0.01U"
CDS_LMAN_SYM_OUTLINE"-50,0,50,-50"
CDS_LIB"capcitor"
CODE"08070247";
"1"104;
"2"3;
%"R"
"1","(-4400,6300)","2","resistor","I75";
;
VALUE"49.9"
$LOCATION"?"
CODE"10071419"
CDS_LIB"resistor"
CDS_LMAN_SYM_OUTLINE"-100,25,100,-25";
"A"104;
"B"82;
%"R"
"1","(-4400,6200)","2","resistor","I76";
;
VALUE"49.9"
$LOCATION"?"
CODE"10071419"
CDS_LIB"resistor"
CDS_LMAN_SYM_OUTLINE"-100,25,100,-25";
"A"103;
"B"83;
%"GND_SIGNAL"
"1","(-3600,6100)","1","standard","I77";
;
HDL_POWER"GND_SIGNAL"
BODY_TYPE"PLUMBING"
CDS_LIB"standard";
"GND"2;
%"C"
"1","(-3900,6150)","1","capcitor","I78";
;
$LOCATION"?"
VALUE"0.01U"
CDS_LMAN_SYM_OUTLINE"-50,0,50,-50"
CDS_LIB"capcitor"
CODE"08070247";
"1"103;
"2"2;
%"R"
"1","(-4400,6100)","2","resistor","I79";
;
VALUE"49.9"
$LOCATION"?"
CODE"10071419"
CDS_LIB"resistor"
CDS_LMAN_SYM_OUTLINE"-100,25,100,-25";
"A"103;
"B"84;
%"LB"
"1","(-1750,4800)","0","inductor","I8";
;
$LOCATION"?"
VALUE"100MOHM"
CDS_LMAN_SYM_OUTLINE"-125,50,125,0"
CDS_LIB"inductor"
CODE"10070008";
"B"20;
"A"97;
%"R"
"1","(-4350,4900)","0","resistor","I80";
;
VALUE"0"
$LOCATION"?"
CODE"07090522"
CDS_LIB"resistor"
CDS_LMAN_SYM_OUTLINE"-100,25,100,-25";
"A"26;
"B"1;
%"R"
"1","(-4350,4800)","0","resistor","I81";
;
VALUE"0"
$LOCATION"?"
CODE"07090522"
CDS_LIB"resistor"
CDS_LMAN_SYM_OUTLINE"-100,25,100,-25";
"A"27;
"B"1;
%"GND_SIGNAL"
"1","(-3900,4850)","1","standard","I82";
;
CDS_LIB"standard"
BODY_TYPE"PLUMBING"
HDL_POWER"GND_SIGNAL";
"GND"1;
%"R"
"1","(-9550,6350)","1","resistor","I83";
;
VALUE"4.7K"
$LOCATION"?"
CODE"07090246"
CDS_LIB"resistor"
CDS_LMAN_SYM_OUTLINE"-100,25,100,-25";
"A"126;
"B"125;
%"R"
"1","(-9550,5600)","1","resistor","I84";
;
VALUE"4.7K"
$LOCATION"?"
CODE"07090246"
CDS_LIB"resistor"
CDS_LMAN_SYM_OUTLINE"-100,25,100,-25";
"A"124;
"B"123;
%"C"
"1","(-1450,4600)","0","capcitor","I9";
;
$LOCATION"?"
VALUE"10UF"
CDS_LMAN_SYM_OUTLINE"-50,0,50,-50"
CDS_LIB"capcitor"
CODE"08070898";
"1"20;
"2"13;
END.
