FILE_TYPE = CONNECTIVITY;
{Allegro Design Entry HDL 16.6-p007 (v16-6-112F) 10/10/2012}
"PAGE_NUMBER" = 97;
0"NC";
1"GND_SIGNAL\g";
2"V_Z7_PS_1V35_DDR";
3"GND_SIGNAL\g";
4"UN$97$C$I18$1";
5"V_Z7_PS_1V35_DDR";
6"GND_SIGNAL\g";
7"UN$97$MT41K512M16HA-125$I25$L8";
8"Z7_PS_DDR_ODT";
9"Z7_PS_DDR_DM3";
10"Z7_PS_DDR_CKE";
11"Z7_PS_DDR_CLK_P";
12"Z7_PS_DDR_CLK_N";
13"Z7_PS_DDR_A14";
14"Z7_PS_DDR_A13";
15"Z7_PS_DDR_BA2";
16"Z7_PS_DDR_DQ16";
17"Z7_PS_DDR_DQ17";
18"Z7_PS_DDR_DQ18";
19"Z7_PS_DDR_DQ19";
20"Z7_PS_DDR_DQ21";
21"Z7_PS_DDR_A4";
22"Z7_PS_DDR_DQ29";
23"Z7_PS_DDR_DQ31";
24"Z7_PS_DDR_DQ28";
25"Z7_PS_DDR_DQS3_N";
26"Z7_PS_DDR_DQ30";
27"Z7_PS_DDR_DQ27";
28"Z7_PS_DDR_DQ25";
29"Z7_PS_DDR_DQS3_P";
30"Z7_PS_DDR_DQ26";
31"Z7_PS_DDR_DQ24";
32"Z7_PS_DDR_DM2";
33"Z7_PS_DDR_DQS2_P";
34"Z7_PS_DDR_DQ22";
35"Z7_PS_DDR_DQS2_N";
36"Z7_PS_DDR_DQ20";
37"Z7_PS_DDR_DQ23";
38"Z7_PS_DDR_RAS_N";
39"Z7_PS_DDR_CLK_P";
40"Z7_PS_DDR_CAS_N";
41"Z7_PS_DDR_CLK_N";
42"Z7_PS_DDR_CS_N";
43"Z7_PS_DDR_WE_N";
44"Z7_PS_DDR_A10";
45"Z7_PS_DDR_BA0";
46"Z7_PS_DDR_A3";
47"Z7_PS_DDR_A0";
48"Z7_PS_DDR_A12";
49"Z7_PS_DDR_BA1";
50"Z7_PS_DDR_A5";
51"Z7_PS_DDR_A2";
52"Z7_PS_DDR_A1";
53"Z7_PS_DDR_A7";
54"Z7_PS_DDR_A9";
55"Z7_PS_DDR_A11";
56"Z7_PS_DDR_A6";
57"Z7_PS_DDR_RESET_N";
58"Z7_PS_DDR_A8";
59"V_Z7_PS_1V35_DDR";
60"GND_SIGNAL\g";
%"R"
"1","(-9750,3550)","1","resistor","I1";
;
VALUE"80-1%"
CODE""
CDS_LIB"resistor"
$LOCATION"?"
CDS_LMAN_SYM_OUTLINE"-100,25,100,-25";
"A"12;
"B"11;
%"C"
"1","(-1900,3150)","0","capcitor","I10";
;
VALUE"0.1U"
CODE"08070262"
CDS_LIB"capcitor"
$LOCATION"?"
CDS_LMAN_SYM_OUTLINE"-50,0,50,-50";
"1"2;
"2"1;
%"C"
"1","(-1750,3150)","0","capcitor","I11";
;
VALUE"0.1U"
CODE"08070262"
CDS_LIB"capcitor"
$LOCATION"?"
CDS_LMAN_SYM_OUTLINE"-50,0,50,-50";
"1"2;
"2"1;
%"C"
"1","(-1600,3150)","0","capcitor","I12";
;
VALUE"0.1U"
CODE"08070262"
CDS_LIB"capcitor"
$LOCATION"?"
CDS_LMAN_SYM_OUTLINE"-50,0,50,-50";
"1"2;
"2"1;
%"C"
"1","(-1350,3150)","0","capcitor","I13";
;
VALUE"0.1U"
CODE"08070262"
CDS_LIB"capcitor"
$LOCATION"?"
CDS_LMAN_SYM_OUTLINE"-50,0,50,-50";
"1"2;
"2"1;
%"C"
"1","(-1200,3150)","0","capcitor","I14";
;
VALUE"0.1U"
CODE"08070262"
CDS_LIB"capcitor"
$LOCATION"?"
CDS_LMAN_SYM_OUTLINE"-50,0,50,-50";
"1"2;
"2"1;
%"C"
"1","(-1050,3150)","0","capcitor","I15";
;
VALUE"0.1U"
CODE"08070262"
CDS_LIB"capcitor"
$LOCATION"?"
CDS_LMAN_SYM_OUTLINE"-50,0,50,-50";
"1"2;
"2"1;
%"C"
"1","(-900,3150)","0","capcitor","I16";
;
VALUE"0.1U"
CODE"08070262"
CDS_LIB"capcitor"
$LOCATION"?"
CDS_LMAN_SYM_OUTLINE"-50,0,50,-50";
"1"2;
"2"1;
%"C"
"1","(-750,3150)","0","capcitor","I17";
;
VALUE"0.1U"
CODE"08070262"
CDS_LIB"capcitor"
$LOCATION"?"
CDS_LMAN_SYM_OUTLINE"-50,0,50,-50";
"1"2;
"2"1;
%"C"
"1","(-2500,4250)","2","capcitor","I18";
;
VALUE"1U"
CODE"98070403"
CDS_LIB"capcitor"
$LOCATION"?"
CDS_LMAN_SYM_OUTLINE"-50,0,50,-50";
"1"4;
"2"3;
%"C"
"1","(-2300,4250)","0","capcitor","I19";
;
VALUE"0.01U"
CODE"08070247"
CDS_LIB"capcitor"
$LOCATION"?"
CDS_LMAN_SYM_OUTLINE"-50,0,50,-50";
"1"4;
"2"3;
%"R"
"1","(-6750,3050)","0","resistor","I2";
;
VALUE"240"
CODE"07090111"
CDS_LIB"resistor"
$LOCATION"?"
CDS_LMAN_SYM_OUTLINE"-100,25,100,-25";
"A"7;
"B"6;
%"R"
"1","(-2050,4800)","1","resistor","I20";
;
VALUE"1K-1%"
CODE"07090549"
CDS_LIB"resistor"
$LOCATION"?"
CDS_LMAN_SYM_OUTLINE"-100,25,100,-25";
"A"4;
"B"5;
%"C"
"1","(-2300,4850)","0","capcitor","I21";
;
VALUE"0.01U"
CODE"08070247"
CDS_LIB"capcitor"
$LOCATION"?"
CDS_LMAN_SYM_OUTLINE"-50,0,50,-50";
"1"5;
"2"4;
%"MT41K512M16HA-125"
"2","(-1550,4850)","0","ic","I22";
;
CDS_LIB"ic"
CDS_LMAN_SYM_OUTLINE"-125,1100,250,-425";
"T9"60;
"T1"60;
"R9"5;
"R1"5;
"P9"60;
"P1"60;
"N9"5;
"N1"5;
"M9"60;
"M8"4;
"M1"60;
"K8"5;
"K2"5;
"J8"60;
"J2"60;
"H9"59;
"H2"59;
"H1"4;
"G9"60;
"G8"60;
"G7"5;
"G1"60;
"F9"60;
"F1"59;
"E9"59;
"E8"60;
"E2"60;
"E1"60;
"D9"5;
"D8"60;
"D2"59;
"D1"60;
"C9"59;
"C1"59;
"B9"60;
"B3"60;
"B2"5;
"B1"60;
"A9"60;
"A8"59;
"A1"59;
%"GND_SIGNAL"
"1","(-1250,4600)","0","standard","I23";
;
CDS_LIB"standard"
BODY_TYPE"PLUMBING"
HDL_POWER"GND_SIGNAL";
"GND"60;
%"MT41K512M16HA-125"
"1","(-7450,4400)","0","ic","I25";
;
CDS_LIB"ic"
CDS_LMAN_SYM_OUTLINE"-125,1400,325,-1850";
"F8"19;
"T8"58;
"T7"13;
"T3"14;
"T2"57;
"R8"56;
"R7"55;
"R3"54;
"R2"53;
"P8"21;
"P7"52;
"P3"51;
"P2"50;
"N8"49;
"N7"48;
"N3"47;
"N2"46;
"M7"0;
"M3"15;
"M2"45;
"L9"0;
"L8"7;
"L7"44;
"L3"43;
"L2"42;
"L1"0;
"K9"10;
"K7"41;
"K3"40;
"K1"8;
"J9"0;
"J7"39;
"J3"38;
"J1"0;
"H8"20;
"H7"37;
"H3"36;
"G3"35;
"G2"34;
"F7"17;
"F3"33;
"F2"18;
"E7"32;
"E3"16;
"D7"31;
"D3"9;
"C8"30;
"C7"29;
"C3"28;
"C2"27;
"B8"26;
"B7"25;
"A7"24;
"A3"23;
"A2"22;
%"GND_SIGNAL"
"1","(-6350,3000)","1","standard","I3";
;
CDS_LIB"standard"
HDL_POWER"GND_SIGNAL"
BODY_TYPE"PLUMBING";
"GND"6;
%"GND_SIGNAL"
"1","(-2500,2750)","0","standard","I4";
;
CDS_LIB"standard"
HDL_POWER"GND_SIGNAL"
BODY_TYPE"PLUMBING";
"GND"1;
%"C"
"1","(-2450,3150)","0","capcitor","I5";
;
$LOCATION"?"
VALUE"10UF"
CDS_LIB"capcitor"
CDS_LMAN_SYM_OUTLINE"-50,0,50,-50"
CODE"08070391";
"1"2;
"2"1;
%"C"
"1","(-2200,3150)","0","capcitor","I6";
;
VALUE"0.1U"
CODE"08070262"
CDS_LIB"capcitor"
$LOCATION"?"
CDS_LMAN_SYM_OUTLINE"-50,0,50,-50";
"1"2;
"2"1;
%"C"
"1","(-2050,3150)","0","capcitor","I7";
;
VALUE"0.1U"
CODE"08070262"
CDS_LIB"capcitor"
$LOCATION"?"
CDS_LMAN_SYM_OUTLINE"-50,0,50,-50";
"1"2;
"2"1;
%"GND_SIGNAL"
"1","(-2100,3800)","0","standard","I8";
;
CDS_LIB"standard"
HDL_POWER"GND_SIGNAL"
BODY_TYPE"PLUMBING";
"GND"3;
%"R"
"1","(-2050,4200)","1","resistor","I9";
;
VALUE"1K-1%"
CODE"07090549"
CDS_LIB"resistor"
$LOCATION"?"
CDS_LMAN_SYM_OUTLINE"-100,25,100,-25";
"A"3;
"B"4;
END.
