FILE_TYPE = CONNECTIVITY;
{Allegro Design Entry HDL 16.6-p007 (v16-6-112F) 10/10/2012}
"PAGE_NUMBER" = 35;
0"NC";
1"GND_SIGNAL\g";
2"GND_SIGNAL\g";
3"GND_SIGNAL\g";
4"GND_SIGNAL\g";
5"GND_SIGNAL\g";
6"GND_SIGNAL\g";
7"GND_SIGNAL\g";
8"GND_SIGNAL\g";
9"GND_SIGNAL\g";
10"GND_SIGNAL\g";
11"GND_SIGNAL\g";
12"GND_SIGNAL\g";
13"V_A7_7612_B_5V0";
14"V_A7_7612_A_5V0";
15"A7_7612_B_DATA0_P";
16"A7_7612_A_SDA";
17"A7_7612_A_HP";
18"A7_7612_A_SCL";
19"A7_7612_A_CEC";
20"A7_7612_A_SCL";
21"A7_7612_A_SDA";
22"A7_7612_A_CEC";
23"A7_7612_A_HP";
24"A7_7612_A_DATA0_N";
25"A7_7612_A_DATA0_P";
26"A7_7612_A_DATA1_P";
27"A7_7612_A_DATA1_N";
28"A7_7612_A_SDA";
29"A7_7612_A_DATA1_N";
30"A7_7612_A_DATA1_P";
31"A7_7612_A_DATA0_N";
32"A7_7612_A_DATA0_P";
33"A7_7612_A_DATA2_P";
34"A7_7612_A_DATA2_N";
35"A7_7612_A_CLK_P";
36"A7_7612_A_CLK_N";
37"A7_7612_A_CLK_N";
38"A7_7612_A_CLK_P";
39"A7_7612_A_DATA2_N";
40"A7_7612_A_DATA2_P";
41"A7_7612_B_DATA0_N";
42"A7_7612_B_DATA1_P";
43"A7_7612_B_DATA1_N";
44"A7_7612_B_DATA1_N";
45"A7_7612_B_DATA1_P";
46"A7_7612_B_DATA0_N";
47"A7_7612_B_DATA0_P";
48"A7_7612_B_DATA2_P";
49"A7_7612_B_DATA2_N";
50"A7_7612_B_CLK_P";
51"A7_7612_B_CLK_N";
52"A7_7612_B_CLK_N";
53"A7_7612_B_CLK_P";
54"A7_7612_B_DATA2_N";
55"A7_7612_B_DATA2_P";
56"A7_7612_B_CEC";
57"A7_7612_B_HP";
58"A7_7612_B_SCL";
59"A7_7612_B_SDA";
60"A7_7612_B_SDA";
61"A7_7612_B_SCL";
62"A7_7612_B_HP";
63"A7_7612_B_CEC";
64"A7_7612_A_HP";
65"A7_7612_A_SCL";
66"A7_7612_A_CEC";
67"A7_7612_A_CLK_N";
68"A7_7612_A_CLK_P";
69"A7_7612_A_DATA0_N";
70"A7_7612_A_DATA0_P";
71"A7_7612_A_DATA1_N";
72"A7_7612_A_DATA1_P";
73"A7_7612_A_DATA2_N";
74"A7_7612_A_DATA2_P";
75"A7_7612_B_HP";
76"A7_7612_B_SDA";
77"A7_7612_B_SCL";
78"A7_7612_B_CEC";
79"A7_7612_B_CLK_N";
80"A7_7612_B_CLK_P";
81"A7_7612_B_DATA0_N";
82"A7_7612_B_DATA0_P";
83"A7_7612_B_DATA1_N";
84"A7_7612_B_DATA1_P";
85"A7_7612_B_DATA2_N";
86"A7_7612_B_DATA2_P";
87"V_A7_5V0_IN";
88"V_A7_5V0_IN";
89"A7_7612_A_SCL";
90"A7_7612_A_SDA";
91"V_A7_7612_A_5V0";
92"A7_7612_B_SCL";
93"A7_7612_B_SDA";
94"V_A7_7612_B_5V0";
95"UN$35$BSS123LT1$I20$3";
96"UN$35$BSS123LT1$I12$3";
97"A7_7612_A_HP";
98"V_A7_7612_A_5V0";
99"A7_7612_B_HP";
100"V_A7_7612_B_5V0";
101"A7_7612_B_CEC";
102"A7_7612_A_CEC";
103"A7_7612_CEC";
104"UN$35$DIODE$I10$A";
105"V_A7_3V3_7612_DVDDIO";
%"GND_SIGNAL"
"1","(-6300,1150)","0","standard","I1";
;
CDS_LIB"standard"
HDL_POWER"GND_SIGNAL"
BODY_TYPE"PLUMBING";
"GND"12;
%"DIODE"
"1","(-2700,4200)","1","diode","I10";
;
VALUE"1N4148"
CODE"95010058"
CDS_LIB"diode"
$LOCATION"?"
CDS_LMAN_SYM_OUTLINE"-50,50,50,-50";
"K"103;
"A"104;
%"GND_SIGNAL"
"1","(-1800,1600)","0","standard","I11";
;
CDS_LIB"standard"
BODY_TYPE"PLUMBING"
HDL_POWER"GND_SIGNAL";
"GND"11;
%"BSS123LT1"
"1","(-1750,2050)","0","transistor","I12";
;
CDS_LIB"transistor"
CDS_LMAN_SYM_OUTLINE"-125,125,125,-125";
"3"96;
"2"11;
"1"87;
%"R"
"1","(-1750,2900)","1","resistor","I13";
;
VALUE"100K"
CODE"97090114"
CDS_LIB"resistor"
$LOCATION"?"
CDS_LMAN_SYM_OUTLINE"-100,25,100,-25";
"A"96;
"B"100;
%"BSS123LT1"
"1","(-1250,2350)","0","transistor","I14";
;
CDS_LIB"transistor"
CDS_LMAN_SYM_OUTLINE"-125,125,125,-125";
"3"99;
"2"11;
"1"96;
%"R"
"1","(-1250,2900)","1","resistor","I15";
;
VALUE"1K"
CODE"07090277"
CDS_LIB"resistor"
$LOCATION"?"
CDS_LMAN_SYM_OUTLINE"-100,25,100,-25";
"A"99;
"B"100;
%"R"
"1","(-3450,6150)","1","resistor","I16";
;
VALUE"4.7K"
CODE"07090246"
CDS_LIB"resistor"
$LOCATION"?"
CDS_LMAN_SYM_OUTLINE"-100,25,100,-25";
"A"89;
"B"91;
%"R"
"1","(-3250,6150)","1","resistor","I17";
;
VALUE"4.7K"
CODE"07090246"
CDS_LIB"resistor"
$LOCATION"?"
CDS_LMAN_SYM_OUTLINE"-100,25,100,-25";
"A"90;
"B"91;
%"R"
"1","(-2700,4700)","1","resistor","I18";
;
VALUE"27.4K"
CODE"07090320"
CDS_LIB"resistor"
$LOCATION"?"
CDS_LMAN_SYM_OUTLINE"-100,25,100,-25";
"A"104;
"B"105;
%"GND_SIGNAL"
"1","(-1850,5300)","0","standard","I19";
;
CDS_LIB"standard"
HDL_POWER"GND_SIGNAL"
BODY_TYPE"PLUMBING";
"GND"10;
%"HDMI-A"
"1","(-6000,2700)","0","connector","I2";
;
CDS_LIB"connector"
CDS_LMAN_SYM_OUTLINE"-125,500,325,-1150";
"23"12;
"22"12;
"21"12;
"20"12;
"19"75;
"18"13;
"17"7;
"16"76;
"15"77;
"14"0;
"13"78;
"12"79;
"11"12;
"10"80;
"9"81;
"8"12;
"7"82;
"6"83;
"5"12;
"4"84;
"3"85;
"2"12;
"1"86;
%"BSS123LT1"
"1","(-1800,5750)","0","transistor","I20";
;
CDS_LIB"transistor"
CDS_LMAN_SYM_OUTLINE"-125,125,125,-125";
"3"95;
"2"10;
"1"88;
%"BSS123LT1"
"1","(-1300,6050)","0","transistor","I21";
;
CDS_LIB"transistor"
CDS_LMAN_SYM_OUTLINE"-125,125,125,-125";
"3"97;
"2"10;
"1"95;
%"R"
"1","(-1800,6600)","1","resistor","I22";
;
VALUE"100K"
CODE"97090114"
CDS_LIB"resistor"
$LOCATION"?"
CDS_LMAN_SYM_OUTLINE"-100,25,100,-25";
"A"95;
"B"98;
%"R"
"1","(-1300,6600)","1","resistor","I23";
;
VALUE"1K"
CODE"07090277"
CDS_LIB"resistor"
$LOCATION"?"
CDS_LMAN_SYM_OUTLINE"-100,25,100,-25";
"A"97;
"B"98;
%"HDMI-A"
"1","(-6000,6400)","0","connector","I24";
;
CDS_LIB"connector"
CDS_LMAN_SYM_OUTLINE"-125,500,325,-1150";
"23"2;
"22"2;
"21"2;
"20"2;
"19"64;
"18"14;
"17"1;
"16"28;
"15"65;
"14"0;
"13"66;
"12"67;
"11"2;
"10"68;
"9"69;
"8"2;
"7"70;
"6"71;
"5"2;
"4"72;
"3"73;
"2"2;
"1"74;
%"RCLAMP0524P"
"1","(-8900,1100)","0","protection","I25";
;
CDS_LIB"protection"
CDS_LMAN_SYM_OUTLINE"-125,275,200,-250";
"10"56;
"9"57;
"8"9;
"7"58;
"6"59;
"5"60;
"4"61;
"3"9;
"2"62;
"1"63;
%"GND_SIGNAL"
"1","(-8950,650)","0","standard","I26";
;
CDS_LIB"standard"
HDL_POWER"GND_SIGNAL"
BODY_TYPE"PLUMBING";
"GND"9;
%"RCLAMP0524P"
"1","(-8800,2150)","2","protection","I27";
;
CDS_LIB"protection"
CDS_LMAN_SYM_OUTLINE"-125,275,200,-250";
"10"48;
"9"49;
"8"8;
"7"50;
"6"51;
"5"52;
"4"53;
"3"8;
"2"54;
"1"55;
%"GND_SIGNAL"
"1","(-8950,1700)","0","standard","I28";
;
CDS_LIB"standard"
HDL_POWER"GND_SIGNAL"
BODY_TYPE"PLUMBING";
"GND"8;
%"RCLAMP0524P"
"1","(-8800,3150)","2","protection","I29";
;
CDS_LIB"protection"
CDS_LMAN_SYM_OUTLINE"-125,275,200,-250";
"10"15;
"9"41;
"8"6;
"7"42;
"6"43;
"5"44;
"4"45;
"3"6;
"2"46;
"1"47;
%"GND_SIGNAL"
"1","(-5600,1150)","0","standard","I3";
;
CDS_LIB"standard"
HDL_POWER"GND_SIGNAL"
BODY_TYPE"PLUMBING";
"GND"7;
%"GND_SIGNAL"
"1","(-8950,2700)","0","standard","I30";
;
CDS_LIB"standard"
HDL_POWER"GND_SIGNAL"
BODY_TYPE"PLUMBING";
"GND"6;
%"GND_SIGNAL"
"1","(-8950,4300)","0","standard","I31";
;
CDS_LIB"standard"
HDL_POWER"GND_SIGNAL"
BODY_TYPE"PLUMBING";
"GND"5;
%"GND_SIGNAL"
"1","(-8950,5400)","0","standard","I32";
;
CDS_LIB"standard"
HDL_POWER"GND_SIGNAL"
BODY_TYPE"PLUMBING";
"GND"4;
%"RCLAMP0524P"
"1","(-8800,5850)","2","protection","I33";
;
CDS_LIB"protection"
CDS_LMAN_SYM_OUTLINE"-125,275,200,-250";
"10"33;
"9"34;
"8"4;
"7"35;
"6"36;
"5"37;
"4"38;
"3"4;
"2"39;
"1"40;
%"GND_SIGNAL"
"1","(-8950,6400)","0","standard","I34";
;
CDS_LIB"standard"
HDL_POWER"GND_SIGNAL"
BODY_TYPE"PLUMBING";
"GND"3;
%"RCLAMP0524P"
"1","(-8800,6850)","2","protection","I35";
;
CDS_LIB"protection"
CDS_LMAN_SYM_OUTLINE"-125,275,200,-250";
"10"25;
"9"24;
"8"3;
"7"26;
"6"27;
"5"29;
"4"30;
"3"3;
"2"31;
"1"32;
%"RCLAMP0524P"
"1","(-8900,4750)","0","protection","I36";
;
CDS_LMAN_SYM_OUTLINE"-125,275,200,-250"
CDS_LIB"protection";
"10"22;
"9"23;
"8"5;
"7"20;
"6"21;
"5"16;
"4"18;
"3"5;
"2"17;
"1"19;
%"GND_SIGNAL"
"1","(-6300,4850)","0","standard","I4";
;
CDS_LIB"standard"
BODY_TYPE"PLUMBING"
HDL_POWER"GND_SIGNAL";
"GND"2;
%"GND_SIGNAL"
"1","(-5600,4850)","0","standard","I5";
;
CDS_LIB"standard"
HDL_POWER"GND_SIGNAL"
BODY_TYPE"PLUMBING";
"GND"1;
%"R"
"1","(-3400,2450)","1","resistor","I6";
;
VALUE"4.7K"
CODE"07090246"
CDS_LIB"resistor"
$LOCATION"?"
CDS_LMAN_SYM_OUTLINE"-100,25,100,-25";
"A"92;
"B"94;
%"R"
"1","(-3200,2450)","1","resistor","I7";
;
VALUE"4.7K"
CODE"07090246"
CDS_LIB"resistor"
$LOCATION"?"
CDS_LMAN_SYM_OUTLINE"-100,25,100,-25";
"A"93;
"B"94;
%"R"
"1","(-3350,3750)","0","resistor","I8";
;
VALUE"0"
CODE"07090522"
CDS_LIB"resistor"
$LOCATION"?"
CDS_LMAN_SYM_OUTLINE"-100,25,100,-25";
"A"101;
"B"103;
%"R"
"1","(-3350,4050)","0","resistor","I9";
;
VALUE"0"
CODE"07090522"
CDS_LIB"resistor"
$LOCATION"?"
CDS_LMAN_SYM_OUTLINE"-100,25,100,-25";
"A"102;
"B"103;
END.
