FILE_TYPE = CONNECTIVITY;
{Allegro Design Entry HDL 16.6-p007 (v16-6-112F) 10/10/2012}
"PAGE_NUMBER" = 13;
0"NC";
1"GND_SIGNAL\g";
2"GND_SIGNAL\g";
3"GND_SIGNAL\g";
4"GND_SIGNAL\g";
5"GND_SIGNAL\g";
6"GND_SIGNAL\g";
7"S7_SFP_TX_FAULT";
8"S7_SFP_TX_DISABLE";
9"S7_SFP_SDA";
10"S7_SFP_SCL";
11"S7_SFP_MOD_ABS";
12"S7_SFP_RS0";
13"S7_SFP_RX_LOS";
14"S7_SFP_RS1";
15"S7_SFP_SIN_N";
16"S7_SFP_SIN_P";
17"V_S7_3V3_SFP_VCCR";
18"V_S7_3V3_SFP_VCCT";
19"S7_SFP_SOUT_P";
20"S7_SFP_SOUT_N";
21"V_S7_3V3_SFP_VCCT";
22"V_S7_3V3_SFP_VCCT";
23"V_S7_3V3_SFP_VCCR";
24"V_S7_3V3";
25"V_S7_3V3";
26"V_S7_3V3_SFP_VCCT";
27"S7_SFP_TX_FAULT";
28"S7_SFP_TX_DISABLE";
29"S7_SFP_MOD_ABS";
30"V_S7_3V3_SFP_VCCR";
31"S7_SFP_RX_LOS";
32"S7_SFP_SDA";
33"S7_SFP_SCL";
34"V_S7_3V3_SFP_VCCR";
35"S7_SFP_RS0";
36"S7_SFP_RS1";
%"R"
"1","(-6000,4450)","1","resistor","I10";
;
$LOCATION"?"
VALUE"4.7K"
CDS_LMAN_SYM_OUTLINE"-100,25,100,-25"
CDS_LIB"resistor"
CODE"07090246";
"A"36;
"B"21;
%"SFP_CONN"
"1","(-7100,6200)","0","connector","I11";
;
CDS_LMAN_SYM_OUTLINE"-125,500,250,-775"
CDS_LIB"connector";
"20"6;
"19"20;
"18"19;
"17"6;
"16"18;
"15"17;
"14"6;
"13"16;
"12"15;
"11"6;
"10"6;
"9"14;
"8"13;
"7"12;
"6"11;
"5"10;
"4"9;
"3"8;
"2"7;
"1"6;
%"GND_SIGNAL"
"1","(-6750,5350)","0","standard","I12";
;
BODY_TYPE"PLUMBING"
HDL_POWER"GND_SIGNAL"
CDS_LIB"standard";
"GND"6;
%"GND_SIGNAL"
"1","(-2600,3250)","0","standard","I13";
;
HDL_POWER"GND_SIGNAL"
BODY_TYPE"PLUMBING"
CDS_LIB"standard";
"GND"5;
%"C"
"1","(-2550,3600)","0","capcitor","I14";
;
VALUE"10UF"
$LOCATION"?"
CODE"08070898"
CDS_LIB"capcitor"
CDS_LMAN_SYM_OUTLINE"-50,0,50,-50";
"1"23;
"2"5;
%"C"
"1","(-2300,3600)","0","capcitor","I15";
;
VALUE"0.1U"
$LOCATION"?"
CODE"08070262"
CDS_LIB"capcitor"
CDS_LMAN_SYM_OUTLINE"-50,0,50,-50";
"1"23;
"2"5;
%"LB"
"1","(-2850,3800)","0","inductor","I16";
;
VALUE"100MOHM"
$LOCATION"?"
CODE"10070008"
CDS_LIB"inductor"
CDS_LMAN_SYM_OUTLINE"-125,50,125,0";
"B"23;
"A"24;
%"GND_SIGNAL"
"1","(-2600,4150)","0","standard","I17";
;
BODY_TYPE"PLUMBING"
HDL_POWER"GND_SIGNAL"
CDS_LIB"standard";
"GND"4;
%"LB"
"1","(-2850,4700)","0","inductor","I18";
;
VALUE"100MOHM"
$LOCATION"?"
CODE"10070008"
CDS_LIB"inductor"
CDS_LMAN_SYM_OUTLINE"-125,50,125,0";
"B"22;
"A"25;
%"C"
"1","(-2550,4500)","0","capcitor","I19";
;
VALUE"10UF"
$LOCATION"?"
CODE"08070898"
CDS_LIB"capcitor"
CDS_LMAN_SYM_OUTLINE"-50,0,50,-50";
"1"22;
"2"4;
%"C"
"1","(-2300,4500)","0","capcitor","I20";
;
VALUE"0.1U"
$LOCATION"?"
CODE"08070262"
CDS_LIB"capcitor"
CDS_LMAN_SYM_OUTLINE"-50,0,50,-50";
"1"22;
"2"4;
%"GND_SIGNAL"
"1","(-2950,5500)","0","standard","I21";
;
HDL_POWER"GND_SIGNAL"
BODY_TYPE"PLUMBING"
CDS_LIB"standard";
"GND"3;
%"SFP_CAGE"
"1","(-2650,6200)","0","connector","I22";
;
CDS_LMAN_SYM_OUTLINE"-125,500,125,-550"
CDS_LIB"connector";
"20"3;
"19"3;
"18"3;
"17"3;
"16"3;
"15"3;
"14"3;
"13"3;
"12"3;
"11"3;
"10"3;
"9"3;
"8"3;
"7"3;
"6"3;
"5"3;
"4"3;
"3"3;
"2"3;
"1"3;
%"R"
"1","(-8150,2050)","1","resistor","I23";
;
$LOCATION"?"
VALUE"4.7K"
CDS_LMAN_SYM_OUTLINE"-100,25,100,-25"
CDS_LIB"resistor"
CODE"07090246";
"A"33;
"B"30;
%"R"
"1","(-7750,2050)","1","resistor","I24";
;
$LOCATION"?"
VALUE"4.7K"
CDS_LMAN_SYM_OUTLINE"-100,25,100,-25"
CDS_LIB"resistor"
CODE"07090246";
"A"31;
"B"30;
%"R"
"1","(-6000,2050)","1","resistor","I25";
;
$LOCATION"?"
VALUE"4.7K"
CDS_LMAN_SYM_OUTLINE"-100,25,100,-25"
CDS_LIB"resistor"
CODE"07090246";
"A"29;
"B"26;
%"R"
"1","(-5800,2050)","1","resistor","I26";
;
$LOCATION"?"
VALUE"4.7K"
CDS_LMAN_SYM_OUTLINE"-100,25,100,-25"
CDS_LIB"resistor"
CODE"07090246";
"A"28;
"B"26;
%"R"
"1","(-5600,2050)","1","resistor","I27";
;
$LOCATION"?"
VALUE"4.7K"
CDS_LMAN_SYM_OUTLINE"-100,25,100,-25"
CDS_LIB"resistor"
CODE"07090246";
"A"27;
"B"26;
%"R"
"1","(-7950,2050)","1","resistor","I28";
;
$LOCATION"?"
VALUE"4.7K"
CDS_LMAN_SYM_OUTLINE"-100,25,100,-25"
CDS_LIB"resistor"
CODE"07090246";
"A"32;
"B"30;
%"R"
"1","(-8000,3900)","1","resistor","I5";
;
$LOCATION"?"
VALUE"0"
CDS_LMAN_SYM_OUTLINE"-100,25,100,-25"
CDS_LIB"resistor"
CODE"07090522";
"A"2;
"B"35;
%"GND_SIGNAL"
"1","(-8050,3550)","0","standard","I6";
;
BODY_TYPE"PLUMBING"
HDL_POWER"GND_SIGNAL"
CDS_LIB"standard";
"GND"2;
%"R"
"1","(-8000,4450)","1","resistor","I7";
;
$LOCATION"?"
VALUE"4.7K"
CDS_LMAN_SYM_OUTLINE"-100,25,100,-25"
CDS_LIB"resistor"
CODE"07090246";
"A"35;
"B"34;
%"R"
"1","(-6000,3900)","1","resistor","I8";
;
$LOCATION"?"
VALUE"0"
CDS_LMAN_SYM_OUTLINE"-100,25,100,-25"
CDS_LIB"resistor"
CODE"07090522";
"A"1;
"B"36;
%"GND_SIGNAL"
"1","(-6050,3550)","0","standard","I9";
;
BODY_TYPE"PLUMBING"
HDL_POWER"GND_SIGNAL"
CDS_LIB"standard";
"GND"1;
END.
