FILE_TYPE = CONNECTIVITY;
{Allegro Design Entry HDL 16.6-p007 (v16-6-112F) 10/10/2012}
"PAGE_NUMBER" = 31;
0"NC";
1"GND_SIGNAL\g";
2"GND_SIGNAL\g";
3"GND_SIGNAL\g";
4"GND_SIGNAL\g";
5"GND_SIGNAL\g";
6"GND_SIGNAL\g";
7"GND_SIGNAL\g";
8"GND_SIGNAL\g";
9"GND_SIGNAL\g";
10"GND_SIGNAL\g";
11"GND_SIGNAL\g";
12"GND_SIGNAL\g";
13"GND_SIGNAL\g";
14"GND_SIGNAL\g";
15"GND_SIGNAL\g";
16"GND_SIGNAL\g";
17"GND_SIGNAL\g";
18"GND_SIGNAL\g";
19"GND_SIGNAL\g";
20"GND_SIGNAL\g";
21"GND_SIGNAL\g";
22"GND_SIGNAL\g";
23"GND_SIGNAL\g";
24"GND_SIGNAL\g";
25"GND_SIGNAL\g";
26"GND_SIGNAL\g";
27"GND_SIGNAL\g";
28"GND_SIGNAL\g";
29"GND_SIGNAL\g";
30"GND_SIGNAL\g";
31"V_A7_5V0_IN";
32"V_A7_1V8_R";
33"V_A7_1V8";
34"V_A7_1V2_MGTAVTT";
35"V_A7_1V2_R";
36"V_A7_3V3";
37"V_A7_3V3_R";
38"V_A7_1V0_MGTAVCC";
39"V_A7_1V0_MGTAVCC_R";
40"V_A7_5V0_IN";
41"A7_RST_N";
42"V_A7_1V8_SW";
43"UN$31$ADP5053$I123$6";
44"UN$31$ADP5053$I123$16";
45"UN$31$R$I121$B";
46"UN$31$ADP5053$I123$45";
47"UN$31$R$I131$B";
48"UN$31$R$I85$B";
49"UN$31$ADP5053$I123$21";
50"UN$31$ADP5053$I123$31";
51"V_A7_1V0_MGTAVCC_SW";
52"UN$31$R$I98$B";
53"UN$31$ADP5053$I123$40";
54"UN$31$ADP5053$I123$47";
55"V_A7_5053_VREG";
56"UN$31$ADP5053$I123$38";
57"V_A7_5053_VREG";
58"UN$31$ADP5053$I123$43";
59"V_A7_5053_VREG";
60"A7_5053_WDI";
61"A7_PG_LED";
62"V_A7_5053_VREG";
63"A7_PG_LED";
64"UN$31$LEDS$I116$A";
65"V_A7_3V3";
66"UN$31$R$I16$B";
67"A7_5053_MR_N";
68"V_A7_1V0_MGTAVCC";
69"V_A7_5V0_IN";
70"UN$31$C$I26$1";
71"UN$31$R$I128$A";
72"V_A7_5V0_IN";
73"V_A7_5V0_IN";
74"UN$31$C$I127$1";
75"UN$31$C$I43$1";
76"UN$31$ADP5053$I123$14";
77"UN$31$ADP5053$I123$48";
78"UN$31$ADP5053$I123$23";
79"V_A7_1V0_MGTAVCC";
80"V_A7_1V0_MGTAVCC";
81"UN$31$R$I36$B";
82"V_A7_3V3_SW";
83"UN$31$ADP5053$I123$29";
84"V_A7_5053_VDD";
85"UN$31$C$I47$1";
86"UN$31$ADP5053$I123$41";
87"UN$31$ADP5053$I123$37";
88"A7_1V0_VCCINT_PG";
89"V_A7_1V2_SW";
90"UN$31$ADP5053$I123$32";
91"UN$31$ADP5053$I123$28";
92"UN$31$ADP5053$I123$1";
93"UN$31$ADP5053$I123$12";
94"UN$31$ADP5053$I123$15";
95"UN$31$ADP5053$I123$46";
96"UN$31$ADP5053$I123$22";
97"UN$31$ADP5053$I123$39";
98"V_A7_5V0_IN";
99"UN$31$LEDS$I116$B";
%"GND_SIGNAL"
"1","(-6150,2200)","5","standard","I1";
;
CDS_LIB"standard"
HDL_POWER"GND_SIGNAL"
BODY_TYPE"PLUMBING";
"GND"30;
%"R"
"1","(-5800,2450)","0","resistor","I10";
;
VALUE"0"
$LOCATION"?"
CODE"07090522"
CDS_LIB"resistor"
CDS_LMAN_SYM_OUTLINE"-100,25,100,-25";
"A"59;
"B"58;
%"GND_SIGNAL"
"1","(-3550,7350)","3","standard","I100";
;
CDS_LIB"standard"
BODY_TYPE"PLUMBING"
HDL_POWER"GND_SIGNAL";
"GND"29;
%"GND_SIGNAL"
"1","(-2700,5150)","3","standard","I101";
;
CDS_LIB"standard"
BODY_TYPE"PLUMBING"
HDL_POWER"GND_SIGNAL";
"GND"28;
%"L"
"1","(-2800,5550)","0","inductor","I102";
;
VALUE"2.2UH"
$LOCATION"?"
CODE"10031009"
CDS_LIB"inductor"
CDS_LMAN_SYM_OUTLINE"-125,50,125,0";
"A"82;
"B"37;
%"CP"
"1","(-2200,5850)","6","capcitor","I103";
;
$LOCATION"?"
VALUE"22U-10V"
CDS_LMAN_SYM_OUTLINE"-50,0,50,-50"
CDS_LIB"capcitor"
CODE"08020082";
"2"27;
"1"37;
%"CP"
"1","(-2200,6600)","0","capcitor","I104";
;
VALUE"100U-6.3V"
$LOCATION"?"
CDS_LMAN_SYM_OUTLINE"-50,0,50,-50"
CDS_LIB"capcitor"
CODE"98010240";
"2"27;
"1"39;
%"R"
"1","(-1400,5500)","0","resistor","I105";
;
VALUE"0.27"
$LOCATION"?"
CODE"07090922"
CDS_LIB"resistor"
CDS_LMAN_SYM_OUTLINE"-100,25,100,-25";
"A"37;
"B"36;
%"R"
"1","(-1400,5550)","0","resistor","I106";
;
VALUE"0.27"
$LOCATION"?"
CODE"07090922"
CDS_LIB"resistor"
CDS_LMAN_SYM_OUTLINE"-100,25,100,-25";
"A"37;
"B"36;
%"R"
"1","(-1400,5650)","0","resistor","I107";
;
VALUE"0.27"
$LOCATION"?"
CODE"07090922"
CDS_LIB"resistor"
CDS_LMAN_SYM_OUTLINE"-100,25,100,-25";
"A"37;
"B"36;
%"R"
"1","(-1400,5600)","0","resistor","I108";
;
VALUE"0.27"
$LOCATION"?"
CODE"07090922"
CDS_LIB"resistor"
CDS_LMAN_SYM_OUTLINE"-100,25,100,-25";
"A"37;
"B"36;
%"GND_SIGNAL"
"1","(-1600,6250)","3","standard","I109";
;
CDS_LIB"standard"
HDL_POWER"GND_SIGNAL"
BODY_TYPE"PLUMBING";
"GND"27;
%"GND_SIGNAL"
"1","(-6150,2750)","5","standard","I11";
;
CDS_LIB"standard"
HDL_POWER"GND_SIGNAL"
BODY_TYPE"PLUMBING";
"GND"26;
%"L"
"1","(-2800,6950)","0","inductor","I110";
;
$LOCATION"?"
VALUE"2.7UH"
CODE"10031070"
CDS_LIB"inductor"
CDS_LMAN_SYM_OUTLINE"-125,50,125,0";
"A"51;
"B"39;
%"R"
"1","(-1400,6950)","0","resistor","I111";
;
VALUE"0.27"
$LOCATION"?"
CODE"07090922"
CDS_LIB"resistor"
CDS_LMAN_SYM_OUTLINE"-100,25,100,-25";
"A"39;
"B"38;
%"R"
"1","(-1400,6900)","0","resistor","I112";
;
VALUE"0.27"
$LOCATION"?"
CODE"07090922"
CDS_LIB"resistor"
CDS_LMAN_SYM_OUTLINE"-100,25,100,-25";
"A"39;
"B"38;
%"R"
"1","(-1400,7000)","0","resistor","I113";
;
VALUE"0.27"
$LOCATION"?"
CODE"07090922"
CDS_LIB"resistor"
CDS_LMAN_SYM_OUTLINE"-100,25,100,-25";
"A"39;
"B"38;
%"R"
"1","(-1400,7050)","0","resistor","I114";
;
VALUE"0.27"
$LOCATION"?"
CODE"07090922"
CDS_LIB"resistor"
CDS_LMAN_SYM_OUTLINE"-100,25,100,-25";
"A"39;
"B"38;
%"GND_SIGNAL"
"1","(-900,1400)","0","standard","I115";
;
CDS_LIB"standard"
HDL_POWER"GND_SIGNAL"
BODY_TYPE"PLUMBING";
"GND"25;
%"LED_S"
"1","(-850,2100)","1","diode","I116";
;
VALUE"HSMG-C170-B"
$LOCATION"?"
CODE"15020063"
CDS_LIB"diode"
CDS_LMAN_SYM_OUTLINE"-150,50,50,-75";
"A"64;
"B"99;
%"R"
"1","(-850,2600)","1","resistor","I117";
;
VALUE"4.7K"
$LOCATION"?"
CODE"07090246"
CDS_LIB"resistor"
CDS_LMAN_SYM_OUTLINE"-100,25,100,-25";
"A"64;
"B"40;
%"NPN"
"1","(-900,1650)","0","transistor","I118";
;
VALUE"MMBT4401LT1"
$LOCATION"?"
CODE"15050026"
CDS_LIB"transistor"
CDS_LMAN_SYM_OUTLINE"0,50,50,-50";
"C"99;
"E"25;
"B"63;
%"OUTPORT"
"1","(-2850,2700)","0","standard","I119";
;
CDS_LIB"standard"
OFFPAGE"TRUE";
"A"
VHDL_PORT"OUT"
HDL_PORT"OUT"41;
%"R"
"1","(-5800,2700)","0","resistor","I12";
;
VALUE"47K-1%"
$LOCATION"?"
CODE"07095489"
CDS_LIB"resistor"
CDS_LMAN_SYM_OUTLINE"-100,25,100,-25";
"A"26;
"B"86;
%"GND_SIGNAL"
"1","(-3750,3300)","3","standard","I120";
;
CDS_LIB"standard"
HDL_POWER"GND_SIGNAL"
BODY_TYPE"PLUMBING";
"GND"24;
%"R"
"1","(-4100,3350)","0","resistor","I121";
;
VALUE"27.4K-1%"
$LOCATION"?"
CODE"97090164"
CDS_LIB"resistor"
CDS_LMAN_SYM_OUTLINE"-100,25,100,-25";
"A"44;
"B"45;
%"C"
"1","(-4200,3450)","1","capcitor","I122";
;
$LOCATION"?"
VALUE"100PF"
CDS_LMAN_SYM_OUTLINE"-50,0,50,-50"
CDS_LIB"capcitor"
CODE"98070501";
"1"44;
"2"32;
%"ADP5053"
"1","(-4850,4550)","0","power","I123";
;
CDS_LMAN_SYM_OUTLINE"-450,2750,350,-2950"
CDS_LIB"power";
"49"7;
"48"77;
"47"54;
"46"95;
"45"46;
"44"62;
"43"58;
"42"84;
"41"86;
"40"53;
"39"97;
"38"56;
"37"87;
"36"98;
"35"98;
"34"51;
"33"51;
"32"90;
"31"50;
"30"27;
"29"83;
"28"91;
"27"82;
"26"82;
"25"69;
"24"69;
"23"78;
"22"96;
"21"49;
"20"61;
"19"10;
"18"10;
"17"10;
"16"44;
"15"94;
"14"76;
"13"10;
"12"93;
"11"2;
"10"42;
"9"72;
"8"41;
"7"67;
"6"43;
"5"60;
"4"73;
"3"89;
"2"28;
"1"92;
%"R"
"1","(-5700,3700)","0","resistor","I124";
;
VALUE"1K-1%"
$LOCATION"?"
CODE"07090549"
CDS_LIB"resistor"
CDS_LMAN_SYM_OUTLINE"-100,25,100,-25";
"A"79;
"B"76;
%"L"
"1","(-3400,4600)","0","inductor","I125";
;
$LOCATION"?"
VALUE"8.2UH"
CDS_LMAN_SYM_OUTLINE"-125,50,125,0"
CDS_LIB"inductor"
CODE"10090821";
"A"89;
"B"35;
%"CP"
"1","(-3000,4800)","6","capcitor","I126";
;
$LOCATION"?"
VALUE"22U-10V"
CDS_LMAN_SYM_OUTLINE"-50,0,50,-50"
CDS_LIB"capcitor"
CODE"08020082";
"2"28;
"1"35;
%"C"
"1","(-5650,4350)","1","capcitor","I127";
;
$LOCATION"?"
VALUE"3.3NF"
CDS_LMAN_SYM_OUTLINE"-50,0,50,-50"
CDS_LIB"capcitor"
CODE"98070515";
"1"74;
"2"95;
%"R"
"1","(-6100,4350)","0","resistor","I128";
;
$LOCATION"?"
VALUE"2.74K"
CODE"07090585"
CDS_LIB"resistor"
CDS_LMAN_SYM_OUTLINE"-100,25,100,-25";
"A"71;
"B"74;
%"R"
"1","(-6650,4350)","0","resistor","I129";
;
VALUE"59"
$LOCATION"?"
CODE"07090588"
CDS_LIB"resistor"
CDS_LMAN_SYM_OUTLINE"-100,25,100,-25";
"A"19;
"B"71;
%"INPORT"
"1","(-6900,2950)","0","standard","I13";
;
CDS_LIB"standard"
OFFPAGE"TRUE";
"A"
VHDL_PORT"IN"
HDL_PORT"IN"67;
%"R"
"1","(-3550,4200)","0","resistor","I130";
;
VALUE"40.2K-1%"
$LOCATION"?"
CODE"07090695"
CDS_LIB"resistor"
CDS_LMAN_SYM_OUTLINE"-100,25,100,-25";
"A"46;
"B"3;
%"R"
"1","(-3800,4300)","0","resistor","I131";
;
VALUE"100"
$LOCATION"?"
CODE"07090603"
CDS_LIB"resistor"
CDS_LMAN_SYM_OUTLINE"-100,25,100,-25";
"A"46;
"B"47;
%"R"
"1","(-3250,4300)","0","resistor","I132";
;
VALUE"20K"
$LOCATION"?"
CODE"07090458"
CDS_LIB"resistor"
CDS_LMAN_SYM_OUTLINE"-100,25,100,-25";
"A"47;
"B"35;
%"C"
"1","(-3500,4450)","1","capcitor","I133";
;
$LOCATION"?"
VALUE"150P"
CDS_LMAN_SYM_OUTLINE"-50,0,50,-50"
CDS_LIB"capcitor"
CODE"08070229";
"1"46;
"2"35;
%"INPORT"
"1","(-6900,3150)","0","standard","I14";
;
CDS_LIB"standard"
OFFPAGE"TRUE";
"A"
VHDL_PORT"IN"
HDL_PORT"IN"60;
%"GND_SIGNAL"
"1","(-6950,3500)","5","standard","I15";
;
CDS_LIB"standard"
HDL_POWER"GND_SIGNAL"
BODY_TYPE"PLUMBING";
"GND"23;
%"R"
"1","(-6650,3450)","0","resistor","I16";
;
VALUE"4.7K"
$LOCATION"?"
CODE"07090246"
CDS_LIB"resistor"
CDS_LMAN_SYM_OUTLINE"-100,25,100,-25";
"A"23;
"B"66;
%"GND_SIGNAL"
"1","(-6550,2900)","5","standard","I17";
;
CDS_LIB"standard"
BODY_TYPE"PLUMBING"
HDL_POWER"GND_SIGNAL";
"GND"22;
%"C"
"1","(-6250,2850)","1","capcitor","I18";
;
$LOCATION"?"
VALUE"0.1U"
CDS_LMAN_SYM_OUTLINE"-50,0,50,-50"
CDS_LIB"capcitor"
CODE"08070262";
"1"22;
"2"67;
%"RESETKEY"
"1","(-6100,2850)","0","switch","I19";
;
$LOCATION"?"
VALUE"RESET-SMT"
CDS_LMAN_SYM_OUTLINE"200,50,450,-100"
CDS_LIB"switch"
CODE"16100017";
"B2"67;
"B1"0;
"A1"22;
"A2"0;
%"GND_SIGNAL"
"1","(-6150,2000)","5","standard","I2";
;
CDS_LIB"standard"
HDL_POWER"GND_SIGNAL"
BODY_TYPE"PLUMBING";
"GND"21;
%"R"
"1","(-6100,3450)","0","resistor","I20";
;
VALUE"1.2K-1%"
$LOCATION"?"
CODE"97090154"
CDS_LIB"resistor"
CDS_LMAN_SYM_OUTLINE"-100,25,100,-25";
"A"66;
"B"70;
%"GND_SIGNAL"
"1","(-6100,3600)","5","standard","I21";
;
CDS_LIB"standard"
BODY_TYPE"PLUMBING"
HDL_POWER"GND_SIGNAL";
"GND"20;
%"GND_SIGNAL"
"1","(-6950,4400)","5","standard","I22";
;
CDS_LIB"standard"
BODY_TYPE"PLUMBING"
HDL_POWER"GND_SIGNAL";
"GND"19;
%"GND_SIGNAL"
"1","(-6100,4550)","5","standard","I24";
;
CDS_LIB"standard"
BODY_TYPE"PLUMBING"
HDL_POWER"GND_SIGNAL";
"GND"18;
%"R"
"1","(-5700,3550)","0","resistor","I25";
;
VALUE"10K"
$LOCATION"?"
CODE"07090247"
CDS_LIB"resistor"
CDS_LMAN_SYM_OUTLINE"-100,25,100,-25";
"A"20;
"B"76;
%"C"
"1","(-5650,3450)","1","capcitor","I26";
;
$LOCATION"?"
VALUE"1.5NF"
CDS_LMAN_SYM_OUTLINE"-50,0,50,-50"
CDS_LIB"capcitor"
CODE"98070522";
"1"70;
"2"94;
%"GND_SIGNAL"
"1","(-5900,3950)","5","standard","I27";
;
CDS_LIB"standard"
BODY_TYPE"PLUMBING"
HDL_POWER"GND_SIGNAL";
"GND"17;
%"C"
"1","(-5650,3900)","1","capcitor","I28";
;
$LOCATION"?"
VALUE"10UF"
CDS_LMAN_SYM_OUTLINE"-50,0,50,-50"
CDS_LIB"capcitor"
CODE"08070898";
"1"17;
"2"72;
%"R"
"1","(-5700,4650)","0","resistor","I29";
;
VALUE"1K-1%"
$LOCATION"?"
CODE"07090549"
CDS_LIB"resistor"
CDS_LMAN_SYM_OUTLINE"-100,25,100,-25";
"A"80;
"B"77;
%"GND_SIGNAL"
"1","(-6150,2450)","5","standard","I3";
;
CDS_LIB"standard"
BODY_TYPE"PLUMBING"
HDL_POWER"GND_SIGNAL";
"GND"16;
%"R"
"1","(-5700,4500)","0","resistor","I30";
;
VALUE"10K"
$LOCATION"?"
CODE"07090247"
CDS_LIB"resistor"
CDS_LMAN_SYM_OUTLINE"-100,25,100,-25";
"A"18;
"B"77;
%"GND_SIGNAL"
"1","(-6450,5450)","5","standard","I32";
;
CDS_LIB"standard"
BODY_TYPE"PLUMBING"
HDL_POWER"GND_SIGNAL";
"GND"15;
%"R"
"1","(-6100,5400)","0","resistor","I33";
;
VALUE"4.42K"
$LOCATION"?"
CODE"07090592"
CDS_LIB"resistor"
CDS_LMAN_SYM_OUTLINE"-100,25,100,-25";
"A"15;
"B"75;
%"GND_SIGNAL"
"1","(-6100,5650)","5","standard","I34";
;
CDS_LIB"standard"
HDL_POWER"GND_SIGNAL"
BODY_TYPE"PLUMBING";
"GND"14;
%"GND_SIGNAL"
"1","(-6900,6500)","5","standard","I35";
;
CDS_LIB"standard"
HDL_POWER"GND_SIGNAL"
BODY_TYPE"PLUMBING";
"GND"13;
%"R"
"1","(-6600,6450)","0","resistor","I36";
;
VALUE"75"
$LOCATION"?"
CODE"07090637"
CDS_LIB"resistor"
CDS_LMAN_SYM_OUTLINE"-100,25,100,-25";
"A"13;
"B"81;
%"R"
"1","(-6100,6450)","0","resistor","I37";
;
VALUE"1.8K-1%"
$LOCATION"?"
CODE"97090132"
CDS_LIB"resistor"
CDS_LMAN_SYM_OUTLINE"-100,25,100,-25";
"A"81;
"B"85;
%"GND_SIGNAL"
"1","(-6100,6700)","5","standard","I38";
;
CDS_LIB"standard"
BODY_TYPE"PLUMBING"
HDL_POWER"GND_SIGNAL";
"GND"12;
%"GND_SIGNAL"
"1","(-5900,4900)","5","standard","I39";
;
CDS_LIB"standard"
HDL_POWER"GND_SIGNAL"
BODY_TYPE"PLUMBING";
"GND"11;
%"GND_SIGNAL"
"1","(-5650,1700)","5","standard","I4";
;
CDS_LIB"standard"
BODY_TYPE"PLUMBING"
HDL_POWER"GND_SIGNAL";
"GND"10;
%"C"
"1","(-5650,4850)","1","capcitor","I40";
;
$LOCATION"?"
VALUE"10UF"
CDS_LMAN_SYM_OUTLINE"-50,0,50,-50"
CDS_LIB"capcitor"
CODE"08070898";
"1"11;
"2"73;
%"R"
"1","(-5700,5600)","0","resistor","I41";
;
VALUE"10K"
$LOCATION"?"
CODE"07090247"
CDS_LIB"resistor"
CDS_LMAN_SYM_OUTLINE"-100,25,100,-25";
"A"14;
"B"78;
%"R"
"1","(-5700,5750)","0","resistor","I42";
;
$LOCATION"?"
VALUE"1K-1%"
CODE"07090549"
CDS_LIB"resistor"
CDS_LMAN_SYM_OUTLINE"-100,25,100,-25";
"A"68;
"B"78;
%"C"
"1","(-5650,5400)","1","capcitor","I43";
;
$LOCATION"?"
VALUE"1.5NF"
CDS_LMAN_SYM_OUTLINE"-50,0,50,-50"
CDS_LIB"capcitor"
CODE"98070522";
"1"75;
"2"96;
%"GND_SIGNAL"
"1","(-5900,6000)","5","standard","I44";
;
CDS_LIB"standard"
BODY_TYPE"PLUMBING"
HDL_POWER"GND_SIGNAL";
"GND"9;
%"C"
"1","(-5650,5950)","1","capcitor","I45";
;
$LOCATION"?"
VALUE"10UF"
CDS_LMAN_SYM_OUTLINE"-50,0,50,-50"
CDS_LIB"capcitor"
CODE"08070898";
"1"9;
"2"69;
%"R"
"1","(-5700,6650)","0","resistor","I46";
;
VALUE"47K"
$LOCATION"?"
CODE"07090253"
CDS_LIB"resistor"
CDS_LMAN_SYM_OUTLINE"-100,25,100,-25";
"A"12;
"B"87;
%"C"
"1","(-5650,6450)","1","capcitor","I47";
;
$LOCATION"?"
VALUE"6800P"
CDS_LMAN_SYM_OUTLINE"-50,0,50,-50"
CDS_LIB"capcitor"
CODE"08070248";
"1"85;
"2"97;
%"R"
"1","(-5700,6800)","0","resistor","I48";
;
VALUE"47K"
$LOCATION"?"
CODE"07090253"
CDS_LIB"resistor"
CDS_LMAN_SYM_OUTLINE"-100,25,100,-25";
"A"88;
"B"87;
%"GND_SIGNAL"
"1","(-5900,7100)","5","standard","I49";
;
CDS_LIB"standard"
BODY_TYPE"PLUMBING"
HDL_POWER"GND_SIGNAL";
"GND"8;
%"R"
"1","(-5800,1950)","0","resistor","I5";
;
VALUE"0"
$LOCATION"?"
CODE"07090522"
CDS_LIB"resistor"
CDS_LMAN_SYM_OUTLINE"-100,25,100,-25";
"A"21;
"B"54;
%"C"
"1","(-5650,7050)","3","capcitor","I50";
;
$LOCATION"?"
VALUE"10UF"
CDS_LMAN_SYM_OUTLINE"-50,0,50,-50"
CDS_LIB"capcitor"
CODE"08070898";
"1"8;
"2"98;
%"C"
"1","(-4250,2100)","1","capcitor","I51";
;
$LOCATION"?"
VALUE"1U"
CDS_LMAN_SYM_OUTLINE"-50,0,50,-50"
CDS_LIB"capcitor"
CODE"98070403";
"1"62;
"2"6;
%"GND_SIGNAL"
"1","(-4150,1800)","3","standard","I52";
;
CDS_LIB"standard"
BODY_TYPE"PLUMBING"
HDL_POWER"GND_SIGNAL";
"GND"7;
%"C"
"1","(-4250,2350)","1","capcitor","I53";
;
$LOCATION"?"
VALUE"1U"
CDS_LMAN_SYM_OUTLINE"-50,0,50,-50"
CDS_LIB"capcitor"
CODE"98070403";
"1"84;
"2"5;
%"GND_SIGNAL"
"1","(-3950,2150)","3","standard","I54";
;
CDS_LIB"standard"
BODY_TYPE"PLUMBING"
HDL_POWER"GND_SIGNAL";
"GND"6;
%"GND_SIGNAL"
"1","(-3950,2400)","3","standard","I55";
;
CDS_LIB"standard"
BODY_TYPE"PLUMBING"
HDL_POWER"GND_SIGNAL";
"GND"5;
%"R"
"1","(-4100,2900)","0","resistor","I56";
;
VALUE"10K"
$LOCATION"?"
CODE"07090247"
CDS_LIB"resistor"
CDS_LMAN_SYM_OUTLINE"-100,25,100,-25";
"A"43;
"B"4;
%"R"
"1","(-4100,2800)","0","resistor","I57";
;
VALUE"4.7K"
$LOCATION"?"
CODE"07090246"
CDS_LIB"resistor"
CDS_LMAN_SYM_OUTLINE"-100,25,100,-25";
"A"41;
"B"65;
%"R"
"1","(-4100,3000)","0","resistor","I58";
;
VALUE"82K"
$LOCATION"?"
CODE"07090347"
CDS_LIB"resistor"
CDS_LMAN_SYM_OUTLINE"-100,25,100,-25";
"A"43;
"B"31;
%"R"
"1","(-4100,3250)","0","resistor","I59";
;
VALUE"22.1K-1%"
$LOCATION"?"
CODE"97090150"
CDS_LIB"resistor"
CDS_LMAN_SYM_OUTLINE"-100,25,100,-25";
"A"44;
"B"24;
%"R"
"1","(-5800,2150)","0","resistor","I6";
;
VALUE"0"
$LOCATION"?"
CODE"07090522"
CDS_LIB"resistor"
CDS_LMAN_SYM_OUTLINE"-100,25,100,-25";
"A"30;
"B"56;
%"C"
"1","(-4250,3950)","1","capcitor","I60";
;
$LOCATION"?"
VALUE"0.1U"
CDS_LMAN_SYM_OUTLINE"-50,0,50,-50"
CDS_LIB"capcitor"
CODE"08070262";
"1"93;
"2"42;
%"GND_SIGNAL"
"1","(-3750,2950)","3","standard","I64";
;
CDS_LIB"standard"
BODY_TYPE"PLUMBING"
HDL_POWER"GND_SIGNAL";
"GND"4;
%"R"
"1","(-3550,3350)","0","resistor","I65";
;
VALUE"220"
$LOCATION"?"
CODE"07090272"
CDS_LIB"resistor"
CDS_LMAN_SYM_OUTLINE"-100,25,100,-25";
"A"45;
"B"32;
%"L"
"1","(-3400,3600)","0","inductor","I66";
;
$LOCATION"?"
VALUE"8.2UH"
CDS_LMAN_SYM_OUTLINE"-125,50,125,0"
CDS_LIB"inductor"
CODE"10090821";
"A"42;
"B"32;
%"CP"
"1","(-3000,3800)","6","capcitor","I67";
;
$LOCATION"?"
VALUE"22U-10V"
CDS_LMAN_SYM_OUTLINE"-50,0,50,-50"
CDS_LIB"capcitor"
CODE"08020082";
"2"2;
"1"32;
%"R"
"1","(-5800,2000)","0","resistor","I7";
;
VALUE"0"
$LOCATION"?"
CODE"07090522"
CDS_LIB"resistor"
CDS_LMAN_SYM_OUTLINE"-100,25,100,-25";
"A"55;
"B"54;
%"GND_SIGNAL"
"1","(-3200,4250)","3","standard","I70";
;
CDS_LIB"standard"
BODY_TYPE"PLUMBING"
HDL_POWER"GND_SIGNAL";
"GND"3;
%"INPORT"
"1","(-1950,1650)","0","standard","I72";
;
CDS_LIB"standard"
OFFPAGE"TRUE";
"A"
VHDL_PORT"IN"
HDL_PORT"IN"63;
%"OUTPORT"
"1","(-2850,2000)","0","standard","I73";
;
CDS_LIB"standard"
OFFPAGE"TRUE";
"A"
VHDL_PORT"OUT"
HDL_PORT"OUT"61;
%"R"
"1","(-1250,2250)","1","resistor","I74";
;
VALUE"47K"
$LOCATION"?"
CODE"07090253"
CDS_LIB"resistor"
CDS_LMAN_SYM_OUTLINE"-100,25,100,-25";
"A"63;
"B"40;
%"GND_SIGNAL"
"1","(-2700,4150)","3","standard","I75";
;
CDS_LIB"standard"
HDL_POWER"GND_SIGNAL"
BODY_TYPE"PLUMBING";
"GND"2;
%"R"
"1","(-1400,3700)","0","resistor","I76";
;
VALUE"0.27"
$LOCATION"?"
CODE"07090922"
CDS_LIB"resistor"
CDS_LMAN_SYM_OUTLINE"-100,25,100,-25";
"A"32;
"B"33;
%"R"
"1","(-1400,3650)","0","resistor","I77";
;
VALUE"0.27"
$LOCATION"?"
CODE"07090922"
CDS_LIB"resistor"
CDS_LMAN_SYM_OUTLINE"-100,25,100,-25";
"A"32;
"B"33;
%"R"
"1","(-1400,3550)","0","resistor","I78";
;
VALUE"0.27"
$LOCATION"?"
CODE"07090922"
CDS_LIB"resistor"
CDS_LMAN_SYM_OUTLINE"-100,25,100,-25";
"A"32;
"B"33;
%"R"
"1","(-1400,3600)","0","resistor","I79";
;
VALUE"0.27"
$LOCATION"?"
CODE"07090922"
CDS_LIB"resistor"
CDS_LMAN_SYM_OUTLINE"-100,25,100,-25";
"A"32;
"B"33;
%"R"
"1","(-5800,2200)","0","resistor","I8";
;
VALUE"0"
$LOCATION"?"
CODE"07090522"
CDS_LIB"resistor"
CDS_LMAN_SYM_OUTLINE"-100,25,100,-25";
"A"57;
"B"56;
%"R"
"1","(-1400,4550)","0","resistor","I80";
;
VALUE"0.27"
$LOCATION"?"
CODE"07090922"
CDS_LIB"resistor"
CDS_LMAN_SYM_OUTLINE"-100,25,100,-25";
"A"35;
"B"34;
%"R"
"1","(-1400,4700)","0","resistor","I81";
;
VALUE"0.27"
$LOCATION"?"
CODE"07090922"
CDS_LIB"resistor"
CDS_LMAN_SYM_OUTLINE"-100,25,100,-25";
"A"35;
"B"34;
%"R"
"1","(-1400,4650)","0","resistor","I82";
;
VALUE"0.27"
$LOCATION"?"
CODE"07090922"
CDS_LIB"resistor"
CDS_LMAN_SYM_OUTLINE"-100,25,100,-25";
"A"35;
"B"34;
%"R"
"1","(-1400,4600)","0","resistor","I83";
;
VALUE"0.27"
$LOCATION"?"
CODE"07090922"
CDS_LIB"resistor"
CDS_LMAN_SYM_OUTLINE"-100,25,100,-25";
"A"35;
"B"34;
%"C"
"1","(-4250,4950)","1","capcitor","I84";
;
$LOCATION"?"
VALUE"0.1U"
CDS_LMAN_SYM_OUTLINE"-50,0,50,-50"
CDS_LIB"capcitor"
CODE"08070262";
"1"92;
"2"89;
%"R"
"1","(-4100,5200)","0","resistor","I85";
;
VALUE"16.5K"
$LOCATION"?"
CODE"07090600"
CDS_LIB"resistor"
CDS_LMAN_SYM_OUTLINE"-100,25,100,-25";
"A"49;
"B"48;
%"R"
"1","(-4100,5300)","0","resistor","I86";
;
VALUE"68K-1%"
$LOCATION"?"
CODE"07090421"
CDS_LIB"resistor"
CDS_LMAN_SYM_OUTLINE"-100,25,100,-25";
"A"49;
"B"37;
%"C"
"1","(-4200,5400)","1","capcitor","I87";
;
$LOCATION"?"
VALUE"82PF"
CDS_LMAN_SYM_OUTLINE"-50,0,50,-50"
CDS_LIB"capcitor"
CODE"98070524";
"1"49;
"2"37;
%"C"
"1","(-4250,5800)","1","capcitor","I88";
;
VALUE"0.1U"
$LOCATION"?"
CDS_LMAN_SYM_OUTLINE"-50,0,50,-50"
CDS_LIB"capcitor"
CODE"08070262";
"1"91;
"2"82;
%"R"
"1","(-4050,6100)","0","resistor","I89";
;
VALUE"47K-1%"
$LOCATION"?"
CODE"07095489"
CDS_LIB"resistor"
CDS_LMAN_SYM_OUTLINE"-100,25,100,-25";
"A"83;
"B"27;
%"R"
"1","(-5800,2400)","0","resistor","I9";
;
VALUE"0"
$LOCATION"?"
CODE"07090522"
CDS_LIB"resistor"
CDS_LMAN_SYM_OUTLINE"-100,25,100,-25";
"A"16;
"B"58;
%"R"
"1","(-4050,6300)","0","resistor","I90";
;
VALUE"47K-1%"
$LOCATION"?"
CODE"07095489"
CDS_LIB"resistor"
CDS_LMAN_SYM_OUTLINE"-100,25,100,-25";
"A"50;
"B"27;
%"C"
"1","(-4200,6650)","1","capcitor","I91";
;
VALUE"0.1U"
$LOCATION"?"
CDS_LMAN_SYM_OUTLINE"-50,0,50,-50"
CDS_LIB"capcitor"
CODE"08070262";
"1"90;
"2"51;
%"R"
"1","(-3550,5200)","0","resistor","I92";
;
VALUE"5.11K"
$LOCATION"?"
CODE"07090036"
CDS_LIB"resistor"
CDS_LMAN_SYM_OUTLINE"-100,25,100,-25";
"A"48;
"B"1;
%"GND_SIGNAL"
"1","(-3200,5250)","3","standard","I93";
;
CDS_LIB"standard"
HDL_POWER"GND_SIGNAL"
BODY_TYPE"PLUMBING";
"GND"1;
%"FDS9926A"
"1","(-3200,6050)","6","transistor","I94";
;
CDS_LMAN_SYM_OUTLINE"-125,375,175,-75"
CDS_LIB"transistor";
"6"82;
"5"82;
"4"83;
"3"27;
%"FDS9926A"
"1","(-3200,6450)","0","transistor","I95";
;
CDS_LMAN_SYM_OUTLINE"-125,375,175,-75"
CDS_LIB"transistor";
"6"51;
"5"51;
"4"50;
"3"27;
%"C"
"1","(-4200,7100)","1","capcitor","I96";
;
$LOCATION"?"
VALUE"220P"
CDS_LMAN_SYM_OUTLINE"-50,0,50,-50"
CDS_LIB"capcitor"
CODE"08070228";
"1"53;
"2"39;
%"R"
"1","(-4100,7300)","0","resistor","I97";
;
VALUE"40.2K-1%"
$LOCATION"?"
CODE"07090695"
CDS_LIB"resistor"
CDS_LMAN_SYM_OUTLINE"-100,25,100,-25";
"A"53;
"B"29;
%"R"
"1","(-4100,7200)","0","resistor","I98";
;
VALUE"10K"
$LOCATION"?"
CODE"07090247"
CDS_LIB"resistor"
CDS_LMAN_SYM_OUTLINE"-100,25,100,-25";
"A"53;
"B"52;
%"R"
"1","(-3550,7200)","0","resistor","I99";
;
VALUE"51"
$LOCATION"?"
CODE"07090266"
CDS_LIB"resistor"
CDS_LMAN_SYM_OUTLINE"-100,25,100,-25";
"A"52;
"B"39;
END.
