FILE_TYPE = CONNECTIVITY;
{Allegro Design Entry HDL 16.6-p007 (v16-6-112F) 10/10/2012}
"PAGE_NUMBER" = 15;
0"NC";
1"GND_SIGNAL\g";
2"GND_SIGNAL\g";
3"GND_SIGNAL\g";
4"GND_SIGNAL\g";
5"V_S7_5V0_USBCON_J";
6"V_S7_5V0_USBCON";
7"V_S7_5V0_USBCON";
8"S7_USBCON_DATA_P";
9"S7_USBCON_DATA_N";
10"V_S7_5V0_IN";
11"S7_USBCON_DATA_P";
12"S7_USBCON_DATA_N";
13"V_S7_5V0_USBCON";
%"USB_A_X2"
"1","(-6850,5400)","0","connector","I1";
;
CDS_LMAN_SYM_OUTLINE"-125,325,225,-425"
CDS_LIB"connector";
"12"2;
"11"2;
"10"3;
"9"3;
"8"2;
"7"11;
"6"12;
"5"13;
"4"2;
"3"0;
"2"0;
"1"0;
%"GND_SIGNAL"
"1","(-3750,5000)","0","standard","I13";
;
BODY_TYPE"PLUMBING"
HDL_POWER"GND_SIGNAL"
CDS_LIB"standard";
"GND"1;
%"LB"
"1","(-4750,3650)","0","inductor","I21";
;
$LOCATION"?"
VALUE"100MOHM"
CDS_LMAN_SYM_OUTLINE"-125,50,125,0"
CDS_LIB"inductor"
CODE"10070008";
"B"10;
"A"5;
%"HEAD1X2_S"
"1","(-6150,3600)","0","connector","I22";
;
$LOCATION"?"
VALUE"HEAD1X2"
CDS_LMAN_SYM_OUTLINE"-50,100,0,-50"
CDS_LIB"connector"
CODE"14050028";
"P1"5;
"P2"6;
%"CP"
"1","(-4400,3500)","0","capcitor","I33";
;
VALUE"100U-10V"
$LOCATION"?"
CODE"08020091"
CDS_LIB"capcitor"
CDS_LMAN_SYM_OUTLINE"-50,0,50,-50";
"2"4;
"1"10;
%"GND_SIGNAL"
"1","(-4450,3250)","0","standard","I35";
;
BODY_TYPE"PLUMBING"
HDL_POWER"GND_SIGNAL"
CDS_LIB"standard";
"GND"4;
%"TPD4S012"
"1","(-3450,5500)","0","protection","I6";
;
CDS_LIB"protection"
CDS_LMAN_SYM_OUTLINE"-125,175,125,-375";
"6"7;
"5"0;
"4"1;
"3"0;
"2"9;
"1"8;
%"GND_SIGNAL"
"1","(-7150,4800)","0","standard","I7";
;
CDS_LIB"standard"
HDL_POWER"GND_SIGNAL"
BODY_TYPE"PLUMBING";
"GND"3;
%"GND_SIGNAL"
"1","(-6550,4800)","0","standard","I8";
;
BODY_TYPE"PLUMBING"
HDL_POWER"GND_SIGNAL"
CDS_LIB"standard";
"GND"2;
END.
