FILE_TYPE = CONNECTIVITY;
{Allegro Design Entry HDL 16.6-p007 (v16-6-112F) 10/10/2012}
"PAGE_NUMBER" = 40;
0"NC";
1"GND_SIGNAL\g";
2"GND_SIGNAL\g";
3"GND_SIGNAL\g";
4"GND_SIGNAL\g";
5"GND_SIGNAL\g";
6"GND_SIGNAL\g";
7"V_A7_5V0_IN";
8"V_A7_5V0_IN";
9"V_A7_5V0_USB2_J";
10"V_A7_5V0_USB1_J";
11"V_A7_5V0_USB2";
12"V_A7_5V0_USB1";
13"A7_USB2_DATA_P";
14"A7_USB2_DATA_N";
15"V_A7_5V0_USB2";
16"A7_USB1_DATA_P";
17"A7_USB1_DATA_N";
18"V_A7_5V0_USB1";
19"V_A7_5V0_USB1";
20"A7_USB1_DATA_N";
21"A7_USB1_DATA_P";
22"V_A7_5V0_USB2";
23"A7_USB2_DATA_N";
24"A7_USB2_DATA_P";
%"GND_SIGNAL"
"1","(-9300,4050)","0","standard","I1";
;
BODY_TYPE"PLUMBING"
HDL_POWER"GND_SIGNAL"
CDS_LIB"standard";
"GND"1;
%"CP"
"1","(-1900,5450)","0","capcitor","I10";
;
$LOCATION"?"
VALUE"100U-16V"
CDS_LMAN_SYM_OUTLINE"-50,0,50,-50"
CDS_LIB"capcitor"
CODE"08020065";
"2"2;
"1"8;
%"GND_SIGNAL"
"1","(-1950,5200)","0","standard","I11";
;
BODY_TYPE"PLUMBING"
HDL_POWER"GND_SIGNAL"
CDS_LIB"standard";
"GND"2;
%"HEAD1X2_S"
"1","(-3550,3800)","0","connector","I12";
;
$LOCATION"?"
VALUE"HEAD1X2"
CDS_LMAN_SYM_OUTLINE"-50,100,0,-50"
CDS_LIB"connector"
CODE"14050028";
"P1"9;
"P2"11;
%"LB"
"1","(-2150,3850)","0","inductor","I13";
;
$LOCATION"?"
VALUE"100MOHM"
CDS_LMAN_SYM_OUTLINE"-125,50,125,0"
CDS_LIB"inductor"
CODE"10070008";
"B"7;
"A"9;
%"CP"
"1","(-1850,3700)","0","capcitor","I14";
;
$LOCATION"?"
VALUE"100U-16V"
CDS_LMAN_SYM_OUTLINE"-50,0,50,-50"
CDS_LIB"capcitor"
CODE"08020065";
"2"3;
"1"7;
%"GND_SIGNAL"
"1","(-1900,3450)","0","standard","I15";
;
BODY_TYPE"PLUMBING"
HDL_POWER"GND_SIGNAL"
CDS_LIB"standard";
"GND"3;
%"GND_SIGNAL"
"1","(-8700,4050)","0","standard","I2";
;
HDL_POWER"GND_SIGNAL"
BODY_TYPE"PLUMBING"
CDS_LIB"standard";
"GND"4;
%"USB_A_X2"
"1","(-9000,4650)","0","connector","I3";
;
CDS_LMAN_SYM_OUTLINE"-125,325,225,-425"
CDS_LIB"connector";
"12"4;
"11"4;
"10"1;
"9"1;
"8"4;
"7"24;
"6"23;
"5"22;
"4"4;
"3"21;
"2"20;
"1"19;
%"GND_SIGNAL"
"1","(-5750,3300)","0","standard","I4";
;
BODY_TYPE"PLUMBING"
HDL_POWER"GND_SIGNAL"
CDS_LIB"standard";
"GND"5;
%"TPD4S012"
"1","(-5450,3800)","0","protection","I5";
;
CDS_LMAN_SYM_OUTLINE"-125,175,125,-375"
CDS_LIB"protection";
"6"15;
"5"0;
"4"5;
"3"0;
"2"14;
"1"13;
%"GND_SIGNAL"
"1","(-5800,5000)","0","standard","I6";
;
BODY_TYPE"PLUMBING"
HDL_POWER"GND_SIGNAL"
CDS_LIB"standard";
"GND"6;
%"TPD4S012"
"1","(-5500,5500)","0","protection","I7";
;
CDS_LMAN_SYM_OUTLINE"-125,175,125,-375"
CDS_LIB"protection";
"6"18;
"5"0;
"4"6;
"3"0;
"2"17;
"1"16;
%"HEAD1X2_S"
"1","(-3600,5550)","0","connector","I8";
;
$LOCATION"?"
VALUE"HEAD1X2"
CDS_LMAN_SYM_OUTLINE"-50,100,0,-50"
CDS_LIB"connector"
CODE"14050028";
"P1"10;
"P2"12;
%"LB"
"1","(-2200,5600)","0","inductor","I9";
;
$LOCATION"?"
VALUE"100MOHM"
CDS_LMAN_SYM_OUTLINE"-125,50,125,0"
CDS_LIB"inductor"
CODE"10070008";
"B"8;
"A"10;
END.
