FILE_TYPE = CONNECTIVITY;
{Allegro Design Entry HDL 16.6-p007 (v16-6-112F) 10/10/2012}
"PAGE_NUMBER" = 53;
0"NC";
1"A7_HDMI1_HP";
2"A7_HDMI1_DATA0_R_P";
3"A7_HDMI1_DATA0_R_N";
4"A7_HDMI1_DATA1_R_P";
5"A7_HDMI1_DATA1_R_N";
6"A7_HDMI1_DATA2_R_P";
7"A7_HDMI1_DATA2_R_N";
8"A7_HDMI1_CLK_R_P";
9"A7_HDMI1_CLK_R_N";
10"A7_HDMI1_SCL_Q";
11"A7_HDMI1_SDA_Q";
12"A7_HDMI1_CEC";
13"A7_HDMI2_DATA0_R_P";
14"A7_HDMI2_DATA0_R_N";
15"A7_HDMI2_DATA1_R_P";
16"A7_HDMI2_DATA1_R_N";
17"A7_HDMI2_DATA2_R_P";
18"A7_HDMI2_DATA2_R_N";
19"A7_HDMI2_CLK_R_P";
20"A7_HDMI2_CLK_R_N";
21"A7_HDMI2_SCL_Q";
22"A7_HDMI2_SDA_Q";
23"A7_HDMI2_CEC";
24"A7_HDMI2_HP";
%"XC7A200TFFG1156"
"3","(-6000,4050)","0","ic","I1";
;
VALUE"XC7A200TFFG1156"
CDS_LIB"ic"
CDS_LMAN_SYM_OUTLINE"-125,1250,800,-100";
"AF24"0;
"AE25"0;
"AD25"0;
"AG25"0;
"AF25"0;
"AD24"0;
"AC24"0;
"AH24"0;
"AG24"0;
"AF23"0;
"AE23"0;
"AH26"0;
"AG26"0;
"AF27"24;
"AE27"23;
"AH27"22;
"AG27"21;
"AC27"20;
"AC26"19;
"AE26"18;
"AD26"17;
"AF28"16;
"AE28"15;
"AH29"14;
"AH28"13;
"AG30"0;
"AG29"0;
"AF30"0;
"AF29"0;
"AH31"0;
"AG31"0;
"AD29"0;
"AD28"0;
"AE30"0;
"AD30"0;
"AE31"0;
"AD31"0;
"AF32"1;
"AE32"12;
"AH32"11;
"AG32"10;
"AF33"9;
"AE33"8;
"AH34"7;
"AH33"6;
"AD34"5;
"AD33"4;
"AG34"3;
"AF34"2;
"AD23"0;
END.
