FILE_TYPE = CONNECTIVITY;
{Allegro Design Entry HDL 16.6-p007 (v16-6-112F) 10/10/2012}
"PAGE_NUMBER" = 38;
0"NC";
1"A7_HDMI1_DATA0_P";
2"A7_HDMI1_DATA0_N";
3"A7_HDMI1_DATA1_P";
4"A7_HDMI1_SCL";
5"UN$38$DIODE$I31$A";
6"V_A7_3V3_VCCO";
7"A7_HDMI1_DATA0_N";
8"A7_HDMI1_DATA0_P";
9"A7_HDMI1_DATA1_R_N";
10"A7_HDMI1_DATA2_R_P";
11"A7_HDMI1_DATA2_R_N";
12"A7_HDMI1_CLK_R_P";
13"V_A7_3V3_VCCO";
14"UN$38$AO3400$I26$1";
15"V_A7_3V3_VCCO";
16"UN$38$AO3400$I28$1";
17"A7_HDMI1_SDA_Q";
18"V_A7_5V0_HDMI1";
19"A7_HDMI1_SDA";
20"A7_HDMI1_SCL_Q";
21"V_A7_5V0_HDMI1";
22"V_A7_3V3_VCCO";
23"A7_HDMI1_CEC";
24"A7_HDMI1_CLK_R_N";
25"A7_HDMI1_CLK_N";
26"A7_HDMI1_CLK_P";
27"A7_HDMI1_DATA2_N";
28"A7_HDMI1_DATA2_P";
29"A7_HDMI1_DATA1_N";
30"A7_HDMI1_DATA1_R_P";
31"A7_HDMI1_DATA1_P";
32"A7_HDMI1_DATA0_R_N";
33"A7_HDMI1_DATA0_R_P";
34"GND_SIGNAL\g";
35"GND_SIGNAL\g";
36"GND_SIGNAL\g";
37"GND_SIGNAL\g";
38"GND_SIGNAL\g";
39"GND_SIGNAL\g";
40"V_A7_5V0_IN";
41"V_A7_5V0_HDMI1";
42"A7_HDMI1_DATA2_P";
43"A7_HDMI1_DATA2_N";
44"A7_HDMI1_DATA1_P";
45"A7_HDMI1_DATA1_N";
46"A7_HDMI1_DATA0_P";
47"A7_HDMI1_DATA0_N";
48"A7_HDMI1_CLK_P";
49"A7_HDMI1_CLK_N";
50"A7_HDMI1_CEC";
51"A7_HDMI1_SCL";
52"A7_HDMI1_SDA";
53"V_A7_5V0_HDMI1";
54"A7_HDMI1_HP";
55"A7_HDMI1_CEC";
56"A7_HDMI1_HP";
57"A7_HDMI1_SCL";
58"A7_HDMI1_SDA";
59"A7_HDMI1_SDA";
60"A7_HDMI1_SCL";
61"A7_HDMI1_HP";
62"A7_HDMI1_CEC";
63"A7_HDMI1_DATA2_P";
64"A7_HDMI1_DATA2_N";
65"A7_HDMI1_CLK_P";
66"A7_HDMI1_CLK_N";
67"A7_HDMI1_CLK_N";
68"A7_HDMI1_CLK_P";
69"A7_HDMI1_DATA2_N";
70"A7_HDMI1_DATA2_P";
71"A7_HDMI1_DATA0_P";
72"A7_HDMI1_DATA0_N";
73"A7_HDMI1_DATA1_P";
74"A7_HDMI1_DATA1_N";
75"A7_HDMI1_DATA1_N";
%"RCLAMP0524P"
"1","(-8700,3050)","0","protection","I1";
;
CDS_LIB"protection"
CDS_LMAN_SYM_OUTLINE"-125,275,200,-250";
"10"62;
"9"61;
"8"35;
"7"60;
"6"59;
"5"58;
"4"57;
"3"35;
"2"56;
"1"55;
%"DIODE"
"1","(-5050,4800)","0","diode","I10";
;
VALUE"MBRS120T3"
CODE"15010058"
CDS_LIB"diode"
$LOCATION"?"
CDS_LMAN_SYM_OUTLINE"-50,50,50,-50";
"K"41;
"A"40;
%"GND_SIGNAL"
"1","(-4800,4300)","0","standard","I11";
;
BODY_TYPE"PLUMBING"
HDL_POWER"GND_SIGNAL"
CDS_LIB"standard";
"GND"34;
%"C"
"1","(-4750,4600)","2","capcitor","I12";
;
VALUE"10UF"
$LOCATION"?"
CODE"08070391"
CDS_LMAN_SYM_OUTLINE"-50,0,50,-50"
CDS_LIB"capcitor";
"1"40;
"2"34;
%"R"
"1","(-4550,5550)","0","resistor","I13";
;
VALUE"10"
CODE"07090459"
CDS_LIB"resistor"
$LOCATION"?"
CDS_LMAN_SYM_OUTLINE"-100,25,100,-25";
"A"26;
"B"12;
%"R"
"1","(-4550,5450)","0","resistor","I14";
;
VALUE"10"
CODE"07090459"
CDS_LIB"resistor"
$LOCATION"?"
CDS_LMAN_SYM_OUTLINE"-100,25,100,-25";
"A"25;
"B"24;
%"R"
"1","(-4550,5700)","0","resistor","I15";
;
VALUE"10"
CODE"07090459"
CDS_LIB"resistor"
$LOCATION"?"
CDS_LMAN_SYM_OUTLINE"-100,25,100,-25";
"A"27;
"B"11;
%"R"
"1","(-4550,6050)","0","resistor","I16";
;
VALUE"10"
CODE"07090459"
CDS_LIB"resistor"
$LOCATION"?"
CDS_LMAN_SYM_OUTLINE"-100,25,100,-25";
"A"31;
"B"30;
%"R"
"1","(-5200,6600)","1","resistor","I17";
;
VALUE"49.9"
CODE"07090198"
CDS_LIB"resistor"
$LOCATION"?"
CDS_LMAN_SYM_OUTLINE"-100,25,100,-25";
"A"28;
"B"6;
%"R"
"1","(-5400,6600)","1","resistor","I18";
;
VALUE"49.9"
CODE"07090198"
CDS_LIB"resistor"
$LOCATION"?"
CDS_LMAN_SYM_OUTLINE"-100,25,100,-25";
"A"26;
"B"6;
%"R"
"1","(-5000,6600)","1","resistor","I19";
;
VALUE"49.9"
CODE"07090198"
CDS_LIB"resistor"
$LOCATION"?"
CDS_LMAN_SYM_OUTLINE"-100,25,100,-25";
"A"31;
"B"6;
%"GND_SIGNAL"
"1","(-8750,2550)","0","standard","I2";
;
HDL_POWER"GND_SIGNAL"
BODY_TYPE"PLUMBING"
CDS_LIB"standard";
"GND"35;
%"R"
"1","(-4900,6600)","1","resistor","I20";
;
VALUE"49.9"
CODE"07090198"
CDS_LIB"resistor"
$LOCATION"?"
CDS_LMAN_SYM_OUTLINE"-100,25,100,-25";
"A"7;
"B"6;
%"R"
"1","(-4550,6200)","0","resistor","I21";
;
VALUE"10"
CODE"07090459"
CDS_LIB"resistor"
$LOCATION"?"
CDS_LMAN_SYM_OUTLINE"-100,25,100,-25";
"A"7;
"B"32;
%"R"
"1","(-4550,6300)","0","resistor","I22";
;
VALUE"10"
CODE"07090459"
CDS_LIB"resistor"
$LOCATION"?"
CDS_LMAN_SYM_OUTLINE"-100,25,100,-25";
"A"8;
"B"33;
%"R"
"1","(-4800,6600)","1","resistor","I23";
;
VALUE"49.9"
CODE"07090198"
CDS_LIB"resistor"
$LOCATION"?"
CDS_LMAN_SYM_OUTLINE"-100,25,100,-25";
"A"8;
"B"6;
%"R"
"1","(-2100,2700)","1","resistor","I24";
;
VALUE"1.8K-1%"
CODE"97090132"
CDS_LIB"resistor"
$LOCATION"?"
CDS_LMAN_SYM_OUTLINE"-100,25,100,-25";
"A"19;
"B"18;
%"R"
"1","(-2100,4200)","1","resistor","I25";
;
VALUE"1.8K-1%"
CODE"97090132"
CDS_LIB"resistor"
$LOCATION"?"
CDS_LMAN_SYM_OUTLINE"-100,25,100,-25";
"A"4;
"B"21;
%"AO3400"
"1","(-1800,2250)","3","transistor","I26";
;
CDS_LIB"transistor"
CDS_LMAN_SYM_OUTLINE"-125,125,125,-125";
"3"19;
"2"17;
"1"14;
%"R"
"1","(-1800,2750)","1","resistor","I27";
;
VALUE"10K"
CODE"07090247"
CDS_LIB"resistor"
$LOCATION"?"
CDS_LMAN_SYM_OUTLINE"-100,25,100,-25";
"A"14;
"B"13;
%"AO3400"
"1","(-1800,3750)","3","transistor","I28";
;
CDS_LIB"transistor"
CDS_LMAN_SYM_OUTLINE"-125,125,125,-125";
"3"4;
"2"20;
"1"16;
%"R"
"1","(-1800,4250)","1","resistor","I29";
;
VALUE"10K"
CODE"07090247"
CDS_LIB"resistor"
$LOCATION"?"
CDS_LMAN_SYM_OUTLINE"-100,25,100,-25";
"A"16;
"B"15;
%"RCLAMP0524P"
"1","(-8700,4300)","0","protection","I3";
;
CDS_LIB"protection"
CDS_LMAN_SYM_OUTLINE"-125,275,200,-250";
"10"70;
"9"69;
"8"36;
"7"68;
"6"67;
"5"66;
"4"65;
"3"36;
"2"64;
"1"63;
%"R"
"1","(-1550,4250)","1","resistor","I30";
;
VALUE"1.8K-1%"
CODE"97090132"
CDS_LIB"resistor"
$LOCATION"?"
CDS_LMAN_SYM_OUTLINE"-100,25,100,-25";
"A"20;
"B"15;
%"DIODE"
"1","(-1500,6000)","1","diode","I31";
;
VALUE"1N4148"
CODE"95010058"
CDS_LIB"diode"
$LOCATION"?"
CDS_LMAN_SYM_OUTLINE"-50,50,50,-50";
"K"23;
"A"5;
%"R"
"1","(-1500,6500)","1","resistor","I32";
;
VALUE"27.4K"
CODE"07090320"
CDS_LIB"resistor"
$LOCATION"?"
CDS_LMAN_SYM_OUTLINE"-100,25,100,-25";
"A"5;
"B"22;
%"R"
"1","(-1550,2750)","1","resistor","I33";
;
VALUE"1.8K-1%"
CODE"97090132"
CDS_LIB"resistor"
$LOCATION"?"
CDS_LMAN_SYM_OUTLINE"-100,25,100,-25";
"A"17;
"B"13;
%"R"
"1","(-4550,5800)","0","resistor","I34";
;
VALUE"10"
CODE"07090459"
CDS_LIB"resistor"
$LOCATION"?"
CDS_LMAN_SYM_OUTLINE"-100,25,100,-25";
"A"28;
"B"10;
%"R"
"1","(-4550,5950)","0","resistor","I35";
;
VALUE"10"
CODE"07090459"
CDS_LIB"resistor"
$LOCATION"?"
CDS_LMAN_SYM_OUTLINE"-100,25,100,-25";
"A"29;
"B"9;
%"R"
"1","(-5100,6600)","1","resistor","I36";
;
VALUE"49.9"
CODE"07090198"
CDS_LIB"resistor"
$LOCATION"?"
CDS_LMAN_SYM_OUTLINE"-100,25,100,-25";
"A"29;
"B"6;
%"R"
"1","(-5300,6600)","1","resistor","I37";
;
VALUE"49.9"
CODE"07090198"
CDS_LIB"resistor"
$LOCATION"?"
CDS_LMAN_SYM_OUTLINE"-100,25,100,-25";
"A"27;
"B"6;
%"R"
"1","(-5500,6600)","1","resistor","I38";
;
VALUE"49.9"
CODE"07090198"
CDS_LIB"resistor"
$LOCATION"?"
CDS_LMAN_SYM_OUTLINE"-100,25,100,-25";
"A"25;
"B"6;
%"GND_SIGNAL"
"1","(-8750,3800)","0","standard","I4";
;
HDL_POWER"GND_SIGNAL"
BODY_TYPE"PLUMBING"
CDS_LIB"standard";
"GND"36;
%"GND_SIGNAL"
"1","(-8750,5050)","0","standard","I5";
;
BODY_TYPE"PLUMBING"
HDL_POWER"GND_SIGNAL"
CDS_LIB"standard";
"GND"39;
%"RCLAMP0524P"
"1","(-8700,5550)","0","protection","I6";
;
CDS_LIB"protection"
CDS_LMAN_SYM_OUTLINE"-125,275,200,-250";
"10"1;
"9"2;
"8"39;
"7"3;
"6"75;
"5"74;
"4"73;
"3"39;
"2"72;
"1"71;
%"GND_SIGNAL"
"1","(-5350,1950)","0","standard","I7";
;
HDL_POWER"GND_SIGNAL"
BODY_TYPE"PLUMBING"
CDS_LIB"standard";
"GND"37;
%"GND_SIGNAL"
"1","(-4550,1950)","0","standard","I8";
;
HDL_POWER"GND_SIGNAL"
BODY_TYPE"PLUMBING"
CDS_LIB"standard";
"GND"38;
%"HDMI-A"
"1","(-5000,3500)","0","connector","I9";
;
CDS_LIB"connector"
CDS_LMAN_SYM_OUTLINE"-125,500,325,-1150";
"23"37;
"22"37;
"21"37;
"20"37;
"19"54;
"18"53;
"17"38;
"16"52;
"15"51;
"14"0;
"13"50;
"12"49;
"11"37;
"10"48;
"9"47;
"8"37;
"7"46;
"6"45;
"5"37;
"4"44;
"3"43;
"2"37;
"1"42;
END.
