FILE_TYPE = CONNECTIVITY;
{Allegro Design Entry HDL 16.6-p007 (v16-6-112F) 10/10/2012}
"PAGE_NUMBER" = 30;
0"NC";
1"V_A7_1V0_VCCINT_R";
2"GND_SIGNAL\g";
3"GND_SIGNAL\g";
4"GND_SIGNAL\g";
5"GND_SIGNAL\g";
6"GND_SIGNAL\g";
7"GND_SIGNAL\g";
8"GND_SIGNAL\g";
9"GND_SIGNAL\g";
10"GND_SIGNAL\g";
11"UN$30$R$I24$A";
12"UN$30$R$I19$B";
13"UN$30$C$I30$2";
14"A7_1V0_VCCINT_PG";
15"UN$30$R$I32$B";
16"V_A7_5V0_IN";
17"UN$30$TPSM84824$I1$16";
18"UN$30$R$I21$A";
19"UN$30$R$I26$B";
20"V_A7_1V0_VCCINT";
21"UN$30$R$I21$B";
22"V_A7_5V0_IN";
%"TPSM84824"
"1","(-6700,5350)","0","power","I1";
;
CDS_LIB"power"
CDS_LMAN_SYM_OUTLINE"-125,600,325,-1100";
"24"18;
"23"3;
"22"16;
"21"2;
"20"2;
"19"2;
"18"2;
"17"17;
"16"17;
"15"2;
"14"2;
"13"2;
"12"2;
"11"16;
"10"15;
"9"3;
"8"1;
"7"14;
"6"13;
"5"12;
"4"0;
"3"3;
"2"11;
"1"1;
%"CP"
"1","(-3900,5450)","0","capcitor","I10";
;
VALUE"100U-6.3V"
CODE"98010240"
CDS_LIB"capcitor"
$LOCATION"?"
CDS_LMAN_SYM_OUTLINE"-50,0,50,-50";
"2"9;
"1"1;
%"GND_SIGNAL"
"1","(-4150,4900)","0","standard","I11";
;
HDL_POWER"GND_SIGNAL"
BODY_TYPE"PLUMBING"
CDS_LIB"standard";
"GND"9;
%"R"
"1","(-3500,6200)","0","resistor","I12";
;
VALUE"0.27"
CODE"07090922"
CDS_LIB"resistor"
$LOCATION"?"
CDS_LMAN_SYM_OUTLINE"-100,25,100,-25";
"A"1;
"B"20;
%"R"
"1","(-3500,6100)","0","resistor","I13";
;
VALUE"0.27"
CODE"07090922"
CDS_LIB"resistor"
$LOCATION"?"
CDS_LMAN_SYM_OUTLINE"-100,25,100,-25";
"A"1;
"B"20;
%"R"
"1","(-3500,6150)","0","resistor","I14";
;
VALUE"0.27"
CODE"07090922"
CDS_LIB"resistor"
$LOCATION"?"
CDS_LMAN_SYM_OUTLINE"-100,25,100,-25";
"A"1;
"B"20;
%"R"
"1","(-3500,5900)","0","resistor","I15";
;
VALUE"0.27"
CODE"07090922"
CDS_LIB"resistor"
$LOCATION"?"
CDS_LMAN_SYM_OUTLINE"-100,25,100,-25";
"A"1;
"B"20;
%"R"
"1","(-3500,5950)","0","resistor","I16";
;
VALUE"0.27"
CODE"07090922"
CDS_LIB"resistor"
$LOCATION"?"
CDS_LMAN_SYM_OUTLINE"-100,25,100,-25";
"A"1;
"B"20;
%"R"
"1","(-3500,6000)","0","resistor","I17";
;
VALUE"0.27"
CODE"07090922"
CDS_LIB"resistor"
$LOCATION"?"
CDS_LMAN_SYM_OUTLINE"-100,25,100,-25";
"A"1;
"B"20;
%"R"
"1","(-3500,6050)","0","resistor","I18";
;
VALUE"0.27"
CODE"07090922"
CDS_LIB"resistor"
$LOCATION"?"
CDS_LMAN_SYM_OUTLINE"-100,25,100,-25";
"A"1;
"B"20;
%"R"
"1","(-7450,5400)","0","resistor","I19";
;
VALUE"3.09K-1%"
CODE"97090133"
CDS_LIB"resistor"
$LOCATION"?"
CDS_LMAN_SYM_OUTLINE"-100,25,100,-25";
"A"8;
"B"12;
%"GND_SIGNAL"
"1","(-7000,4100)","0","standard","I2";
;
CDS_LIB"standard"
HDL_POWER"GND_SIGNAL"
BODY_TYPE"PLUMBING";
"GND"2;
%"GND_SIGNAL"
"1","(-7850,5350)","7","standard","I20";
;
HDL_POWER"GND_SIGNAL"
BODY_TYPE"PLUMBING"
CDS_LIB"standard";
"GND"8;
%"R"
"1","(-5750,4900)","0","resistor","I21";
;
VALUE"120K-1%"
CODE"07090432"
CDS_LIB"resistor"
$LOCATION"?"
CDS_LMAN_SYM_OUTLINE"-100,25,100,-25";
"A"18;
"B"21;
%"R"
"1","(-5200,4900)","0","resistor","I22";
;
VALUE"4.02K-1%"
CODE"97090140"
CDS_LIB"resistor"
$LOCATION"?"
CDS_LMAN_SYM_OUTLINE"-100,25,100,-25";
"A"21;
"B"10;
%"GND_SIGNAL"
"1","(-4850,4850)","1","standard","I23";
;
CDS_LIB"standard"
HDL_POWER"GND_SIGNAL"
BODY_TYPE"PLUMBING";
"GND"10;
%"R"
"1","(-6000,5600)","1","resistor","I24";
;
VALUE"10K"
CODE"07090035"
CDS_LIB"resistor"
$LOCATION"?"
CDS_LMAN_SYM_OUTLINE"-100,25,100,-25";
"A"11;
"B"1;
%"R"
"1","(-5750,5300)","0","resistor","I26";
;
VALUE"4.7K"
CODE"07090246"
CDS_LIB"resistor"
$LOCATION"?"
CDS_LMAN_SYM_OUTLINE"-100,25,100,-25";
"A"11;
"B"19;
%"R"
"1","(-5200,5300)","2","resistor","I27";
;
VALUE"10K"
CODE"07090035"
CDS_LIB"resistor"
$LOCATION"?"
CDS_LMAN_SYM_OUTLINE"-100,25,100,-25";
"A"7;
"B"19;
%"GND_SIGNAL"
"1","(-4850,5250)","1","standard","I28";
;
CDS_LIB"standard"
HDL_POWER"GND_SIGNAL"
BODY_TYPE"PLUMBING";
"GND"7;
%"GND_SIGNAL"
"1","(-6300,4100)","0","standard","I3";
;
BODY_TYPE"PLUMBING"
HDL_POWER"GND_SIGNAL"
CDS_LIB"standard";
"GND"3;
%"C"
"1","(-7450,5200)","1","capcitor","I30";
;
VALUE"22NF"
CODE"08070246"
CDS_LIB"capcitor"
$LOCATION"?"
CDS_LMAN_SYM_OUTLINE"-50,0,50,-50";
"1"6;
"2"13;
%"GND_SIGNAL"
"1","(-7850,5150)","7","standard","I31";
;
HDL_POWER"GND_SIGNAL"
BODY_TYPE"PLUMBING"
CDS_LIB"standard";
"GND"6;
%"R"
"1","(-7450,5600)","0","resistor","I32";
;
VALUE"10M"
CODE"10071420"
CDS_LIB"resistor"
$LOCATION"?"
CDS_LMAN_SYM_OUTLINE"-100,25,100,-25";
"A"5;
"B"15;
%"R"
"1","(-7450,5750)","0","resistor","I33";
;
VALUE"10M"
CODE"10071420"
CDS_LIB"resistor"
$LOCATION"?"
CDS_LMAN_SYM_OUTLINE"-100,25,100,-25";
"A"16;
"B"15;
%"GND_SIGNAL"
"1","(-7850,5550)","7","standard","I34";
;
BODY_TYPE"PLUMBING"
HDL_POWER"GND_SIGNAL"
CDS_LIB"standard";
"GND"5;
%"R"
"1","(-5350,5100)","0","resistor","I35";
;
VALUE"47K"
CODE"07090253"
CDS_LIB"resistor"
$LOCATION"?"
CDS_LMAN_SYM_OUTLINE"-100,25,100,-25";
"A"14;
"B"22;
%"C"
"1","(-8800,5500)","0","capcitor","I4";
;
VALUE"10UF"
CODE"08070898"
CDS_LIB"capcitor"
$LOCATION"?"
CDS_LMAN_SYM_OUTLINE"-50,0,50,-50";
"1"16;
"2"4;
%"C"
"1","(-8650,5500)","0","capcitor","I5";
;
VALUE"10UF"
CODE"08070898"
CDS_LIB"capcitor"
$LOCATION"?"
CDS_LMAN_SYM_OUTLINE"-50,0,50,-50";
"1"16;
"2"4;
%"GND_SIGNAL"
"1","(-8850,4950)","0","standard","I6";
;
HDL_POWER"GND_SIGNAL"
BODY_TYPE"PLUMBING"
CDS_LIB"standard";
"GND"4;
%"CP"
"1","(-4100,5450)","0","capcitor","I7";
;
VALUE"100U-6.3V"
CODE"98010240"
CDS_LIB"capcitor"
$LOCATION"?"
CDS_LMAN_SYM_OUTLINE"-50,0,50,-50";
"2"9;
"1"1;
%"R"
"1","(-3500,6250)","0","resistor","I8";
;
VALUE"0.27"
CODE"07090922"
CDS_LIB"resistor"
$LOCATION"?"
CDS_LMAN_SYM_OUTLINE"-100,25,100,-25";
"A"1;
"B"20;
%"CP"
"1","(-4000,5450)","0","capcitor","I9";
;
VALUE"100U-6.3V"
CODE"98010240"
CDS_LIB"capcitor"
$LOCATION"?"
CDS_LMAN_SYM_OUTLINE"-50,0,50,-50";
"2"9;
"1"1;
END.
