FILE_TYPE = CONNECTIVITY;
{Allegro Design Entry HDL 16.6-p007 (v16-6-112F) 10/10/2012}
"PAGE_NUMBER" = 43;
0"NC";
1"GND_SIGNAL\g";
2"GND_SIGNAL\g";
3"A7_SFP3_TX_FAULT";
4"A7_SFP3_TX_DISABLE";
5"A7_SFP3_SDA";
6"A7_SFP3_SCL";
7"A7_SFP3_MOD_ABS";
8"A7_SFP3_RS0";
9"A7_SFP3_RX_LOS";
10"A7_SFP3_RS1";
11"A7_SFP3_SIN_N";
12"A7_SFP3_SIN_P";
13"V_A7_3V3_SFP3_VCCR";
14"V_A7_3V3_SFP3_VCCT";
15"A7_SFP3_SOUT_P";
16"A7_SFP3_SOUT_N";
17"GND_SIGNAL\g";
18"GND_SIGNAL\g";
19"GND_SIGNAL\g";
20"GND_SIGNAL\g";
21"V_A7_3V3_SFP3_VCCR";
22"V_A7_3V3_SFP3_VCCT";
23"V_A7_3V3";
24"V_A7_3V3";
25"V_A7_3V3_SFP3_VCCT";
26"A7_SFP3_TX_FAULT";
27"A7_SFP3_TX_DISABLE";
28"A7_SFP3_MOD_ABS";
29"V_A7_3V3_SFP3_VCCR";
30"A7_SFP3_RX_LOS";
31"A7_SFP3_SDA";
32"A7_SFP3_SCL";
33"V_A7_3V3_SFP3_VCCT";
34"A7_SFP3_RS1";
35"V_A7_3V3_SFP3_VCCR";
36"A7_SFP3_RS0";
%"R"
"1","(-8150,2050)","1","resistor","I1";
;
VALUE"4.7K"
CODE"07090246"
CDS_LIB"resistor"
$LOCATION"?"
CDS_LMAN_SYM_OUTLINE"-100,25,100,-25";
"A"32;
"B"29;
%"R"
"1","(-6000,3900)","1","resistor","I10";
;
VALUE"0"
CODE"07090522"
CDS_LIB"resistor"
$LOCATION"?"
CDS_LMAN_SYM_OUTLINE"-100,25,100,-25";
"A"20;
"B"34;
%"R"
"1","(-8000,4450)","1","resistor","I11";
;
VALUE"4.7K"
CODE"07090246"
CDS_LIB"resistor"
$LOCATION"?"
CDS_LMAN_SYM_OUTLINE"-100,25,100,-25";
"A"36;
"B"35;
%"SFP_CONN"
"1","(-7100,6200)","0","connector","I12";
;
CDS_LIB"connector"
CDS_LMAN_SYM_OUTLINE"-125,500,250,-775";
"20"2;
"19"16;
"18"15;
"17"2;
"16"14;
"15"13;
"14"2;
"13"12;
"12"11;
"11"2;
"10"2;
"9"10;
"8"9;
"7"8;
"6"7;
"5"6;
"4"5;
"3"4;
"2"3;
"1"2;
%"GND_SIGNAL"
"1","(-6750,5350)","0","standard","I13";
;
HDL_POWER"GND_SIGNAL"
BODY_TYPE"PLUMBING"
CDS_LIB"standard";
"GND"2;
%"R"
"1","(-6000,4450)","1","resistor","I14";
;
VALUE"4.7K"
CODE"07090246"
CDS_LIB"resistor"
$LOCATION"?"
CDS_LMAN_SYM_OUTLINE"-100,25,100,-25";
"A"34;
"B"33;
%"LB"
"1","(-2850,3800)","0","inductor","I15";
;
VALUE"100MOHM"
CODE"10070008"
CDS_LIB"inductor"
$LOCATION"?"
CDS_LMAN_SYM_OUTLINE"-125,50,125,0";
"B"21;
"A"23;
%"GND_SIGNAL"
"1","(-2600,3250)","0","standard","I16";
;
BODY_TYPE"PLUMBING"
HDL_POWER"GND_SIGNAL"
CDS_LIB"standard";
"GND"17;
%"C"
"1","(-2550,3600)","0","capcitor","I17";
;
VALUE"10UF"
CODE"08070898"
CDS_LIB"capcitor"
$LOCATION"?"
CDS_LMAN_SYM_OUTLINE"-50,0,50,-50";
"1"21;
"2"17;
%"C"
"1","(-2300,3600)","0","capcitor","I18";
;
VALUE"0.1U"
CODE"08070262"
CDS_LIB"capcitor"
$LOCATION"?"
CDS_LMAN_SYM_OUTLINE"-50,0,50,-50";
"1"21;
"2"17;
%"GND_SIGNAL"
"1","(-2600,4150)","0","standard","I19";
;
HDL_POWER"GND_SIGNAL"
BODY_TYPE"PLUMBING"
CDS_LIB"standard";
"GND"18;
%"R"
"1","(-7950,2050)","1","resistor","I2";
;
VALUE"4.7K"
CODE"07090246"
CDS_LIB"resistor"
$LOCATION"?"
CDS_LMAN_SYM_OUTLINE"-100,25,100,-25";
"A"31;
"B"29;
%"LB"
"1","(-2850,4700)","0","inductor","I20";
;
VALUE"100MOHM"
CODE"10070008"
CDS_LIB"inductor"
$LOCATION"?"
CDS_LMAN_SYM_OUTLINE"-125,50,125,0";
"B"22;
"A"24;
%"C"
"1","(-2550,4500)","0","capcitor","I21";
;
VALUE"10UF"
CODE"08070898"
CDS_LIB"capcitor"
$LOCATION"?"
CDS_LMAN_SYM_OUTLINE"-50,0,50,-50";
"1"22;
"2"18;
%"C"
"1","(-2300,4500)","0","capcitor","I22";
;
VALUE"0.1U"
CODE"08070262"
CDS_LIB"capcitor"
$LOCATION"?"
CDS_LMAN_SYM_OUTLINE"-50,0,50,-50";
"1"22;
"2"18;
%"GND_SIGNAL"
"1","(-2950,5500)","0","standard","I23";
;
BODY_TYPE"PLUMBING"
HDL_POWER"GND_SIGNAL"
CDS_LIB"standard";
"GND"1;
%"SFP_CAGE"
"1","(-2650,6200)","0","connector","I24";
;
CDS_LIB"connector"
CDS_LMAN_SYM_OUTLINE"-125,500,125,-550";
"20"1;
"19"1;
"18"1;
"17"1;
"16"1;
"15"1;
"14"1;
"13"1;
"12"1;
"11"1;
"10"1;
"9"1;
"8"1;
"7"1;
"6"1;
"5"1;
"4"1;
"3"1;
"2"1;
"1"1;
%"R"
"1","(-7750,2050)","1","resistor","I3";
;
VALUE"4.7K"
CODE"07090246"
CDS_LIB"resistor"
$LOCATION"?"
CDS_LMAN_SYM_OUTLINE"-100,25,100,-25";
"A"30;
"B"29;
%"GND_SIGNAL"
"1","(-8050,3550)","0","standard","I4";
;
HDL_POWER"GND_SIGNAL"
BODY_TYPE"PLUMBING"
CDS_LIB"standard";
"GND"19;
%"R"
"1","(-8000,3900)","1","resistor","I5";
;
VALUE"0"
CODE"07090522"
CDS_LIB"resistor"
$LOCATION"?"
CDS_LMAN_SYM_OUTLINE"-100,25,100,-25";
"A"19;
"B"36;
%"R"
"1","(-6000,2050)","1","resistor","I6";
;
VALUE"4.7K"
CODE"07090246"
CDS_LIB"resistor"
$LOCATION"?"
CDS_LMAN_SYM_OUTLINE"-100,25,100,-25";
"A"28;
"B"25;
%"R"
"1","(-5800,2050)","1","resistor","I7";
;
VALUE"4.7K"
CODE"07090246"
CDS_LIB"resistor"
$LOCATION"?"
CDS_LMAN_SYM_OUTLINE"-100,25,100,-25";
"A"27;
"B"25;
%"R"
"1","(-5600,2050)","1","resistor","I8";
;
VALUE"4.7K"
CODE"07090246"
CDS_LIB"resistor"
$LOCATION"?"
CDS_LMAN_SYM_OUTLINE"-100,25,100,-25";
"A"26;
"B"25;
%"GND_SIGNAL"
"1","(-6050,3550)","0","standard","I9";
;
HDL_POWER"GND_SIGNAL"
BODY_TYPE"PLUMBING"
CDS_LIB"standard";
"GND"20;
END.
