FILE_TYPE = CONNECTIVITY;
{Allegro Design Entry HDL 16.6-p007 (v16-6-112F) 10/10/2012}
"PAGE_NUMBER" = 68;
0"NC";
1"GND_SIGNAL\g";
2"Z7_7511_R_EXT";
3"GND_SIGNAL\g";
4"Z7_7511_D25";
5"Z7_7511_PD";
6"GND_SIGNAL\g";
7"V_Z7_3V3_7511_MVDD";
8"V_Z7_3V3_7511_MVDD";
9"Z7_FPGA_7511_SDA";
10"Z7_FPGA_7511_SCL";
11"Z7_FPGA_7511_INT";
12"Z7_FPGA_7511_PD";
13"GND_SIGNAL\g";
14"Z7_7511_DSD5";
15"Z7_7511_DSD4";
16"Z7_7511_DSD3";
17"Z7_7511_DSD2";
18"Z7_7511_DSD1";
19"Z7_7511_DSD0";
20"Z7_7511_DSD_CLK";
21"Z7_FPGA_7511_ISO3";
22"Z7_FPGA_7511_ISO2";
23"Z7_FPGA_7511_ISO1";
24"Z7_FPGA_7511_ISO0";
25"Z7_7511_MCLK";
26"Z7_7511_LRCLK";
27"Z7_7511_SCLK";
28"Z7_7511_CEC_CLK";
29"Z7_7511_CEC_CLK_R";
30"Z7_FPGA_7511_CEC_CLK";
31"GND_SIGNAL\g";
32"GND_SIGNAL\g";
33"V_Z7_1V8_7511_DVDD";
34"GND_SIGNAL\g";
35"V_Z7_1V8_7511_AVDD";
36"GND_SIGNAL\g";
37"V_Z7_3V3_7511_MVDD";
38"GND_SIGNAL\g";
39"V_Z7_1V8_7511_PVDD";
40"V_Z7_3V3_7511_MVDD";
41"V_Z7_1V8";
42"V_Z7_1V8";
43"V_Z7_3V3";
44"V_Z7_1V8";
45"Z7_7511_CLK_P";
46"Z7_7511_CEC_CLK_R";
47"V_Z7_1V8_7511_AVDD";
48"V_Z7_1V8_7511_PVDD";
49"V_Z7_1V8_7511_DVDD";
50"V_Z7_3V3_7511_MVDD";
51"V_Z7_1V8_7511_PVDD";
52"Z7_7511_CLK";
53"Z7_7511_CEC";
54"Z7_7511_CEC_CLK";
55"Z7_7511_SCLK";
56"Z7_7511_LRCLK";
57"Z7_7511_MCLK";
58"Z7_7511_SCL";
59"Z7_7511_SDA";
60"Z7_7511_DE";
61"Z7_7511_HEAC_P";
62"Z7_7511_HEAC_N";
63"Z7_7511_HP";
64"Z7_7511_HSYNC";
65"Z7_FPGA_7511_SCL";
66"Z7_FPGA_7511_SDA";
67"Z7_FPGA_7511_ISO0";
68"Z7_FPGA_7511_ISO1";
69"Z7_FPGA_7511_ISO2";
70"Z7_FPGA_7511_ISO3";
71"Z7_FPGA_7511_INT";
72"Z7_FPGA_7511_PD";
73"Z7_7511_SPDIF";
74"Z7_7511_SPDIF_OUT";
75"Z7_7511_VSYNC";
76"Z7_7511_D0";
77"Z7_7511_D1";
78"Z7_7511_D2";
79"Z7_7511_D3";
80"Z7_7511_D4";
81"Z7_7511_D5";
82"Z7_7511_D6";
83"Z7_7511_D7";
84"Z7_7511_D8";
85"Z7_7511_D9";
86"Z7_7511_D10";
87"Z7_7511_D11";
88"Z7_7511_D12";
89"Z7_7511_D13";
90"Z7_7511_D14";
91"Z7_7511_D15";
92"Z7_7511_D16";
93"Z7_7511_D17";
94"Z7_7511_D18";
95"Z7_7511_D19";
96"Z7_7511_D20";
97"Z7_7511_D21";
98"Z7_7511_D22";
99"Z7_7511_D23";
100"Z7_7511_D24";
101"Z7_7511_D26";
102"Z7_7511_D27";
103"Z7_7511_D28";
104"Z7_7511_D29";
105"Z7_7511_D30";
106"Z7_7511_D31";
107"Z7_7511_D32";
108"Z7_7511_D33";
109"Z7_7511_D34";
110"Z7_7511_D35";
111"Z7_7511_DSD_CLK";
112"Z7_7511_DSD0";
113"Z7_7511_DSD1";
114"Z7_7511_DSD2";
115"Z7_7511_DSD3";
116"Z7_7511_DSD4";
117"Z7_7511_DSD5";
118"Z7_7511_DATA0_N";
119"Z7_7511_DATA0_P";
120"Z7_7511_DATA1_N";
121"Z7_7511_DATA1_P";
122"Z7_7511_DATA2_N";
123"Z7_7511_DATA2_P";
124"Z7_7511_CLK_N";
%"R"
"1","(-9200,1000)","1","resistor","I1";
;
VALUE"887-1%"
CODE""
CDS_LIB"resistor"
$LOCATION"?"
CDS_LMAN_SYM_OUTLINE"-100,25,100,-25";
"A"1;
"B"2;
%"C"
"1","(-2900,2200)","0","capcitor","I10";
;
VALUE"0.01U"
CODE"08070247"
CDS_LIB"capcitor"
$LOCATION"?"
CDS_LMAN_SYM_OUTLINE"-50,0,50,-50";
"1"39;
"2"38;
%"C"
"1","(-2750,2200)","0","capcitor","I11";
;
VALUE"0.01U"
CODE"08070247"
CDS_LIB"capcitor"
$LOCATION"?"
CDS_LMAN_SYM_OUTLINE"-50,0,50,-50";
"1"39;
"2"38;
%"C"
"1","(-2600,2200)","0","capcitor","I12";
;
VALUE"0.01U"
CODE"08070247"
CDS_LIB"capcitor"
$LOCATION"?"
CDS_LMAN_SYM_OUTLINE"-50,0,50,-50";
"1"39;
"2"38;
%"LB"
"1","(-1700,1650)","0","inductor","I13";
;
VALUE"100MOHM"
CODE"10070008"
CDS_LIB"inductor"
$LOCATION"?"
CDS_LMAN_SYM_OUTLINE"-125,50,125,0";
"B"33;
"A"42;
%"GND_SIGNAL"
"1","(-1450,1100)","0","standard","I14";
;
BODY_TYPE"PLUMBING"
HDL_POWER"GND_SIGNAL"
CDS_LIB"standard";
"GND"32;
%"C"
"1","(-1400,1450)","0","capcitor","I15";
;
VALUE"0.1U"
CODE"08070262"
CDS_LIB"capcitor"
$LOCATION"?"
CDS_LMAN_SYM_OUTLINE"-50,0,50,-50";
"1"33;
"2"32;
%"GND_SIGNAL"
"1","(-1500,1850)","0","standard","I16";
;
HDL_POWER"GND_SIGNAL"
BODY_TYPE"PLUMBING"
CDS_LIB"standard";
"GND"34;
%"C"
"1","(-600,1450)","0","capcitor","I17";
;
VALUE"0.01U"
CODE"08070247"
CDS_LIB"capcitor"
$LOCATION"?"
CDS_LMAN_SYM_OUTLINE"-50,0,50,-50";
"1"33;
"2"32;
%"C"
"1","(-450,1450)","0","capcitor","I18";
;
VALUE"0.01U"
CODE"08070247"
CDS_LIB"capcitor"
$LOCATION"?"
CDS_LMAN_SYM_OUTLINE"-50,0,50,-50";
"1"33;
"2"32;
%"C"
"1","(-300,1450)","0","capcitor","I19";
;
VALUE"0.01U"
CODE"08070247"
CDS_LIB"capcitor"
$LOCATION"?"
CDS_LMAN_SYM_OUTLINE"-50,0,50,-50";
"1"33;
"2"32;
%"LB"
"1","(-3700,1650)","0","inductor","I2";
;
VALUE"100MOHM"
CODE"10070008"
CDS_LIB"inductor"
$LOCATION"?"
CDS_LMAN_SYM_OUTLINE"-125,50,125,0";
"B"37;
"A"43;
%"LB"
"1","(-1750,2400)","0","inductor","I20";
;
VALUE"100MOHM"
CODE"10070008"
CDS_LIB"inductor"
$LOCATION"?"
CDS_LMAN_SYM_OUTLINE"-125,50,125,0";
"B"35;
"A"41;
%"R"
"1","(-1900,3250)","1","resistor","I21";
;
VALUE"1K"
CODE"07090277"
CDS_LIB"resistor"
$LOCATION"?"
CDS_LMAN_SYM_OUTLINE"-100,25,100,-25";
"A"6;
"B"5;
%"GND_SIGNAL"
"1","(-1950,2900)","0","standard","I22";
;
BODY_TYPE"PLUMBING"
HDL_POWER"GND_SIGNAL"
CDS_LIB"standard";
"GND"6;
%"C"
"1","(-1450,2200)","0","capcitor","I23";
;
VALUE"0.1U"
CODE"08070262"
CDS_LIB"capcitor"
$LOCATION"?"
CDS_LMAN_SYM_OUTLINE"-50,0,50,-50";
"1"35;
"2"34;
%"C"
"1","(-1300,2200)","0","capcitor","I24";
;
VALUE"0.1U"
CODE"08070262"
CDS_LIB"capcitor"
$LOCATION"?"
CDS_LMAN_SYM_OUTLINE"-50,0,50,-50";
"1"35;
"2"34;
%"C"
"1","(-1150,2200)","0","capcitor","I25";
;
VALUE"0.1U"
CODE"08070262"
CDS_LIB"capcitor"
$LOCATION"?"
CDS_LMAN_SYM_OUTLINE"-50,0,50,-50";
"1"35;
"2"34;
%"R"
"1","(-1550,3600)","0","resistor","I26";
;
VALUE"0"
CODE"07090522"
CDS_LIB"resistor"
$LOCATION"?"
CDS_LMAN_SYM_OUTLINE"-100,25,100,-25";
"A"5;
"B"12;
%"R"
"1","(-1900,3950)","1","resistor","I27";
;
VALUE"4.7K"
CODE"07090246"
CDS_LIB"resistor"
$LOCATION"?"
CDS_LMAN_SYM_OUTLINE"-100,25,100,-25";
"A"5;
"B"7;
%"C"
"1","(-950,2200)","0","capcitor","I28";
;
VALUE"0.01U"
CODE"08070247"
CDS_LIB"capcitor"
$LOCATION"?"
CDS_LMAN_SYM_OUTLINE"-50,0,50,-50";
"1"35;
"2"34;
%"C"
"1","(-800,2200)","0","capcitor","I29";
;
VALUE"0.01U"
CODE"08070247"
CDS_LIB"capcitor"
$LOCATION"?"
CDS_LMAN_SYM_OUTLINE"-50,0,50,-50";
"1"35;
"2"34;
%"GND_SIGNAL"
"1","(-3450,1100)","0","standard","I3";
;
BODY_TYPE"PLUMBING"
HDL_POWER"GND_SIGNAL"
CDS_LIB"standard";
"GND"36;
%"C"
"1","(-650,2200)","0","capcitor","I30";
;
VALUE"0.01U"
CODE"08070247"
CDS_LIB"capcitor"
$LOCATION"?"
CDS_LMAN_SYM_OUTLINE"-50,0,50,-50";
"1"35;
"2"34;
%"R"
"1","(-2550,4550)","0","resistor","I31";
;
VALUE"0"
CODE"07090522"
CDS_LIB"resistor"
$LOCATION"?"
CDS_LMAN_SYM_OUTLINE"-100,25,100,-25";
"A"14;
"B"13;
%"R"
"1","(-2550,4650)","0","resistor","I32";
;
VALUE"0"
CODE"07090522"
CDS_LIB"resistor"
$LOCATION"?"
CDS_LMAN_SYM_OUTLINE"-100,25,100,-25";
"A"15;
"B"13;
%"R"
"1","(-2550,4850)","0","resistor","I33";
;
VALUE"0"
CODE"07090522"
CDS_LIB"resistor"
$LOCATION"?"
CDS_LMAN_SYM_OUTLINE"-100,25,100,-25";
"A"17;
"B"13;
%"R"
"1","(-2550,4750)","0","resistor","I34";
;
VALUE"0"
CODE"07090522"
CDS_LIB"resistor"
$LOCATION"?"
CDS_LMAN_SYM_OUTLINE"-100,25,100,-25";
"A"16;
"B"13;
%"R"
"1","(-2550,4950)","0","resistor","I35";
;
VALUE"0"
CODE"07090522"
CDS_LIB"resistor"
$LOCATION"?"
CDS_LMAN_SYM_OUTLINE"-100,25,100,-25";
"A"18;
"B"13;
%"R"
"1","(-2550,5050)","0","resistor","I36";
;
VALUE"0"
CODE"07090522"
CDS_LIB"resistor"
$LOCATION"?"
CDS_LMAN_SYM_OUTLINE"-100,25,100,-25";
"A"19;
"B"13;
%"R"
"1","(-2550,5250)","0","resistor","I37";
;
VALUE"0"
CODE"07090522"
CDS_LIB"resistor"
$LOCATION"?"
CDS_LMAN_SYM_OUTLINE"-100,25,100,-25";
"A"21;
"B"13;
%"R"
"1","(-2550,5350)","0","resistor","I38";
;
VALUE"0"
CODE"07090522"
CDS_LIB"resistor"
$LOCATION"?"
CDS_LMAN_SYM_OUTLINE"-100,25,100,-25";
"A"22;
"B"13;
%"R"
"1","(-2550,5150)","0","resistor","I39";
;
VALUE"0"
CODE"07090522"
CDS_LIB"resistor"
$LOCATION"?"
CDS_LMAN_SYM_OUTLINE"-100,25,100,-25";
"A"20;
"B"13;
%"C"
"1","(-3200,1450)","0","capcitor","I4";
;
VALUE"0.01U"
CODE"08070247"
CDS_LIB"capcitor"
$LOCATION"?"
CDS_LMAN_SYM_OUTLINE"-50,0,50,-50";
"1"37;
"2"36;
%"R"
"1","(-2550,5550)","0","resistor","I40";
;
VALUE"0"
CODE"07090522"
CDS_LIB"resistor"
$LOCATION"?"
CDS_LMAN_SYM_OUTLINE"-100,25,100,-25";
"A"24;
"B"13;
%"R"
"1","(-2550,5450)","0","resistor","I41";
;
VALUE"0"
CODE"07090522"
CDS_LIB"resistor"
$LOCATION"?"
CDS_LMAN_SYM_OUTLINE"-100,25,100,-25";
"A"23;
"B"13;
%"R"
"1","(-2550,5650)","0","resistor","I42";
;
VALUE"0"
CODE"07090522"
CDS_LIB"resistor"
$LOCATION"?"
CDS_LMAN_SYM_OUTLINE"-100,25,100,-25";
"A"25;
"B"13;
%"R"
"1","(-2550,5750)","0","resistor","I43";
;
VALUE"0"
CODE"07090522"
CDS_LIB"resistor"
$LOCATION"?"
CDS_LMAN_SYM_OUTLINE"-100,25,100,-25";
"A"26;
"B"13;
%"R"
"1","(-2550,5850)","0","resistor","I44";
;
VALUE"0"
CODE"07090522"
CDS_LIB"resistor"
$LOCATION"?"
CDS_LMAN_SYM_OUTLINE"-100,25,100,-25";
"A"27;
"B"13;
%"GND_SIGNAL"
"1","(-1850,4500)","1","standard","I45";
;
HDL_POWER"GND_SIGNAL"
BODY_TYPE"PLUMBING"
CDS_LIB"standard";
"GND"13;
%"R"
"1","(-700,5250)","1","resistor","I46";
;
VALUE"4.7K"
CODE"07090246"
CDS_LIB"resistor"
$LOCATION"?"
CDS_LMAN_SYM_OUTLINE"-100,25,100,-25";
"A"11;
"B"8;
%"R"
"1","(-550,5250)","1","resistor","I47";
;
VALUE"4.7K"
CODE"07090246"
CDS_LIB"resistor"
$LOCATION"?"
CDS_LMAN_SYM_OUTLINE"-100,25,100,-25";
"A"10;
"B"8;
%"R"
"1","(-400,5250)","1","resistor","I48";
;
VALUE"4.7K"
CODE"07090246"
CDS_LIB"resistor"
$LOCATION"?"
CDS_LMAN_SYM_OUTLINE"-100,25,100,-25";
"A"9;
"B"8;
%"R"
"1","(-1600,6450)","0","resistor","I49";
;
VALUE"49.9"
CODE"07090198"
CDS_LIB"resistor"
$LOCATION"?"
CDS_LMAN_SYM_OUTLINE"-100,25,100,-25";
"A"29;
"B"28;
%"GND_SIGNAL"
"1","(-3450,1850)","0","standard","I5";
;
BODY_TYPE"PLUMBING"
HDL_POWER"GND_SIGNAL"
CDS_LIB"standard";
"GND"38;
%"R"
"1","(-1600,6300)","0","resistor","I50";
;
VALUE"49.9"
CODE"07090198"
CDS_LIB"resistor"
$LOCATION"?"
CDS_LMAN_SYM_OUTLINE"-100,25,100,-25";
"A"30;
"B"28;
%"GND_SIGNAL"
"1","(-2000,6750)","0","standard","I51";
;
HDL_POWER"GND_SIGNAL"
BODY_TYPE"PLUMBING"
CDS_LIB"standard";
"GND"31;
%"C"
"1","(-1950,7100)","0","capcitor","I52";
;
VALUE"0.1U"
CODE"08070262"
CDS_LIB"capcitor"
$LOCATION"?"
CDS_LMAN_SYM_OUTLINE"-50,0,50,-50";
"1"40;
"2"31;
%"OSC-12MHZ"
"1","(-1600,7200)","0","oscillator","I53";
;
CDS_LIB"oscillator"
CDS_LMAN_SYM_OUTLINE"-125,125,125,-125";
"VDD"40;
"OUT"46;
"GND"31;
"NNC"0;
%"C"
"1","(-750,1450)","0","capcitor","I54";
;
VALUE"0.01U"
CODE"08070247"
CDS_LIB"capcitor"
$LOCATION"?"
CDS_LMAN_SYM_OUTLINE"-50,0,50,-50";
"1"33;
"2"32;
%"C"
"1","(-950,1450)","0","capcitor","I55";
;
VALUE"0.1U"
CODE"08070262"
CDS_LIB"capcitor"
$LOCATION"?"
CDS_LMAN_SYM_OUTLINE"-50,0,50,-50";
"1"33;
"2"32;
%"C"
"1","(-1100,1450)","0","capcitor","I56";
;
VALUE"0.1U"
CODE"08070262"
CDS_LIB"capcitor"
$LOCATION"?"
CDS_LMAN_SYM_OUTLINE"-50,0,50,-50";
"1"33;
"2"32;
%"C"
"1","(-1250,1450)","0","capcitor","I57";
;
VALUE"0.1U"
CODE"08070262"
CDS_LIB"capcitor"
$LOCATION"?"
CDS_LMAN_SYM_OUTLINE"-50,0,50,-50";
"1"33;
"2"32;
%"C"
"1","(-3400,1450)","0","capcitor","I58";
;
VALUE"0.1U"
CODE"08070262"
CDS_LIB"capcitor"
$LOCATION"?"
CDS_LMAN_SYM_OUTLINE"-50,0,50,-50";
"1"37;
"2"36;
%"GND_SIGNAL"
"1","(-5800,500)","0","standard","I59";
;
BODY_TYPE"PLUMBING"
HDL_POWER"GND_SIGNAL"
CDS_LIB"standard";
"GND"3;
%"LB"
"1","(-3700,2400)","0","inductor","I6";
;
VALUE"100MOHM"
CODE"10070008"
CDS_LIB"inductor"
$LOCATION"?"
CDS_LMAN_SYM_OUTLINE"-125,50,125,0";
"B"39;
"A"44;
%"GND_SIGNAL"
"1","(-9250,600)","0","standard","I60";
;
HDL_POWER"GND_SIGNAL"
BODY_TYPE"PLUMBING"
CDS_LIB"standard";
"GND"1;
%"ADV7511KSTZ"
"1","(-7450,4000)","0","ic","I61";
;
PACK_TYPE""
VALUE""
CDS_LIB"ic"
$LOCATION"?"
CDS_LMAN_SYM_OUTLINE"-1200,3500,1200,-3500";
"AVDD_3"47;
"GND_11"3;
"GND_8"3;
"GND_10"3;
"GND_7"3;
"GND_9"3;
"GND_6"3;
"GND_5"3;
"GND_4"3;
"GND_3"3;
"GND_2"3;
"GND"3;
"TXC+"45;
"TXC-"124;
"TX2+"123;
"TX2-"122;
"TX1+"121;
"TX1-"120;
"TX0+"119;
"TX0-"118;
"DSD5"117;
"DSD4"116;
"DSD3"115;
"DSD2"114;
"DSD1"113;
"DSD0"112;
"DSD_CLK"111;
"D35"110;
"D34"109;
"D33"108;
"D32"107;
"D31"106;
"D30"105;
"D29"104;
"D28"103;
"D27"102;
"D26"101;
"D25"4;
"D24"100;
"D23"99;
"D22"98;
"D21"97;
"D20"96;
"D19"95;
"D18"94;
"D17"93;
"D16"92;
"D15"91;
"D14"90;
"D13"89;
"D12"88;
"D11"87;
"D10"86;
"D9"85;
"D8"84;
"D7"83;
"D6"82;
"D5"81;
"D4"80;
"D3"79;
"D2"78;
"D1"77;
"D0"76;
"R_EXT"2;
"SYNC"75;
"SPDIF_OUT"74;
"SPDIF"73;
"PD"72;
"INT"71;
"ISO3"70;
"ISO2"69;
"ISO1"68;
"ISO0"67;
"SDA"66;
"SCL"65;
"HSYNC"64;
"HPD"63;
"HEAC-"62;
"HEAC+"61;
"DE"60;
"DDCSDA"59;
"DDCSCL"58;
"MCLK"57;
"LRCLK"56;
"SCLK"55;
"CEC_CLK"54;
"CEC"53;
"CLK"52;
"PVDD_2"51;
"PVDD"51;
"PLVDD"51;
"MVDD"50;
"DVDD_5"49;
"DVDD_4"49;
"DVDD_3"49;
"DVDD_2"49;
"DVDD"49;
"BGVDD"48;
"AVDD_2"47;
"AVDD"47;
%"C"
"1","(-3400,2200)","0","capcitor","I7";
;
VALUE"0.1U"
CODE"08070262"
CDS_LIB"capcitor"
$LOCATION"?"
CDS_LMAN_SYM_OUTLINE"-50,0,50,-50";
"1"39;
"2"38;
%"C"
"1","(-3250,2200)","0","capcitor","I8";
;
VALUE"0.1U"
CODE"08070262"
CDS_LIB"capcitor"
$LOCATION"?"
CDS_LMAN_SYM_OUTLINE"-50,0,50,-50";
"1"39;
"2"38;
%"C"
"1","(-3100,2200)","0","capcitor","I9";
;
VALUE"0.1U"
CODE"08070262"
CDS_LIB"capcitor"
$LOCATION"?"
CDS_LMAN_SYM_OUTLINE"-50,0,50,-50";
"1"39;
"2"38;
END.
