FILE_TYPE = CONNECTIVITY;
{Allegro Design Entry HDL 16.6-p007 (v16-6-112F) 10/10/2012}
"PAGE_NUMBER" = 17;
0"NC";
1"GND_SIGNAL\g";
2"GND_SIGNAL\g";
3"GND_SIGNAL\g";
4"GND_SIGNAL\g";
5"S7_DDR_BA0";
6"S7_DDR_RESET_N";
7"V_S7_1V35_DDR";
8"UN$17$C$I20$1";
9"V_S7_1V35_DDR";
10"V_S7_1V35";
11"UN$17$MT41K512M16HA-125$I1$L8";
12"S7_DDR_CLK_N";
13"S7_DDR_CLK_P";
14"S7_DDR_A3";
15"S7_DDR_A4";
16"S7_DDR_A5";
17"S7_DDR_A6";
18"S7_DDR_DQ6";
19"S7_DDR_DQ7";
20"S7_DDR_DQ8";
21"S7_DDR_DQ13";
22"V_S7_1V35_DDR";
23"S7_DDR_DQ1";
24"S7_DDR_DQ9";
25"S7_DDR_DQ11";
26"S7_DDR_DQ15";
27"S7_DDR_DQ12";
28"S7_DDR_DQS1_N";
29"S7_DDR_DQ14";
30"S7_DDR_DQS1_P";
31"S7_DDR_DQ10";
32"S7_DDR_DM1";
33"S7_DDR_DQ0";
34"S7_DDR_DM0";
35"S7_DDR_DQ2";
36"S7_DDR_DQS0_P";
37"S7_DDR_DQS0_N";
38"S7_DDR_DQ4";
39"S7_DDR_DQ5";
40"S7_DDR_RAS_N";
41"S7_DDR_CLK_P";
42"S7_DDR_ODT";
43"S7_DDR_CAS_N";
44"S7_DDR_CLK_N";
45"S7_DDR_CKE";
46"S7_DDR_CS_N";
47"S7_DDR_WE_N";
48"S7_DDR_A10";
49"S7_DDR_BA2";
50"S7_DDR_A15";
51"S7_DDR_A0";
52"S7_DDR_A12";
53"S7_DDR_BA1";
54"S7_DDR_A2";
55"S7_DDR_A1";
56"S7_DDR_A7";
57"S7_DDR_A9";
58"S7_DDR_A11";
59"S7_DDR_A13";
60"S7_DDR_A14";
61"S7_DDR_A8";
62"S7_DDR_DQ3";
%"MT41K512M16HA-125"
"1","(-7550,4400)","0","ic","I1";
;
CDS_LMAN_SYM_OUTLINE"-125,1400,325,-1850"
CDS_LIB"ic";
"F8"62;
"T8"61;
"T7"60;
"T3"59;
"T2"6;
"R8"17;
"R7"58;
"R3"57;
"R2"56;
"P8"15;
"P7"55;
"P3"54;
"P2"16;
"N8"53;
"N7"52;
"N3"51;
"N2"14;
"M7"50;
"M3"49;
"M2"5;
"L9"0;
"L8"11;
"L7"48;
"L3"47;
"L2"46;
"L1"0;
"K9"45;
"K7"44;
"K3"43;
"K1"42;
"J9"0;
"J7"41;
"J3"40;
"J1"0;
"H8"39;
"H7"19;
"H3"38;
"G3"37;
"G2"18;
"F7"23;
"F3"36;
"F2"35;
"E7"34;
"E3"33;
"D7"20;
"D3"32;
"C8"31;
"C7"30;
"C3"24;
"C2"25;
"B8"29;
"B7"28;
"A7"27;
"A3"26;
"A2"21;
%"C"
"1","(-1700,3150)","0","capcitor","I10";
;
$LOCATION"?"
VALUE"0.1U"
CDS_LMAN_SYM_OUTLINE"-50,0,50,-50"
CDS_LIB"capcitor"
CODE"08070262";
"1"7;
"2"1;
%"C"
"1","(-1450,3150)","0","capcitor","I11";
;
$LOCATION"?"
VALUE"0.1U"
CDS_LMAN_SYM_OUTLINE"-50,0,50,-50"
CDS_LIB"capcitor"
CODE"08070262";
"1"7;
"2"1;
%"C"
"1","(-850,3150)","0","capcitor","I12";
;
$LOCATION"?"
VALUE"0.1U"
CDS_LMAN_SYM_OUTLINE"-50,0,50,-50"
CDS_LIB"capcitor"
CODE"08070262";
"1"7;
"2"1;
%"C"
"1","(-1000,3150)","0","capcitor","I13";
;
$LOCATION"?"
VALUE"0.1U"
CDS_LMAN_SYM_OUTLINE"-50,0,50,-50"
CDS_LIB"capcitor"
CODE"08070262";
"1"7;
"2"1;
%"C"
"1","(-1150,3150)","0","capcitor","I14";
;
$LOCATION"?"
VALUE"0.1U"
CDS_LMAN_SYM_OUTLINE"-50,0,50,-50"
CDS_LIB"capcitor"
CODE"08070262";
"1"7;
"2"1;
%"C"
"1","(-1300,3150)","0","capcitor","I15";
;
$LOCATION"?"
VALUE"0.1U"
CDS_LMAN_SYM_OUTLINE"-50,0,50,-50"
CDS_LIB"capcitor"
CODE"08070262";
"1"7;
"2"1;
%"GND_SIGNAL"
"1","(-2600,2750)","0","standard","I16";
;
CDS_LIB"standard"
BODY_TYPE"PLUMBING"
HDL_POWER"GND_SIGNAL";
"GND"1;
%"R"
"1","(-2150,4800)","1","resistor","I17";
;
$LOCATION"?"
VALUE"1K-1%"
CDS_LMAN_SYM_OUTLINE"-100,25,100,-25"
CDS_LIB"resistor"
CODE"07090549";
"A"8;
"B"9;
%"R"
"1","(-2150,4200)","1","resistor","I18";
;
$LOCATION"?"
VALUE"1K-1%"
CDS_LMAN_SYM_OUTLINE"-100,25,100,-25"
CDS_LIB"resistor"
CODE"07090549";
"A"4;
"B"8;
%"GND_SIGNAL"
"1","(-2200,3800)","0","standard","I19";
;
CDS_LIB"standard"
BODY_TYPE"PLUMBING"
HDL_POWER"GND_SIGNAL";
"GND"4;
%"MT41K512M16HA-125"
"2","(-1650,4850)","0","ic","I2";
;
CDS_LMAN_SYM_OUTLINE"-125,1100,250,-425"
CDS_LIB"ic";
"T9"3;
"T1"3;
"R9"9;
"R1"9;
"P9"3;
"P1"3;
"N9"9;
"N1"9;
"M9"3;
"M8"8;
"M1"3;
"K8"9;
"K2"9;
"J8"3;
"J2"3;
"H9"22;
"H2"22;
"H1"8;
"G9"3;
"G8"3;
"G7"9;
"G1"3;
"F9"3;
"F1"22;
"E9"22;
"E8"3;
"E2"3;
"E1"3;
"D9"9;
"D8"3;
"D2"22;
"D1"3;
"C9"22;
"C1"22;
"B9"3;
"B3"3;
"B2"9;
"B1"3;
"A9"3;
"A8"22;
"A1"22;
%"C"
"1","(-2600,4250)","2","capcitor","I20";
;
$LOCATION"?"
VALUE"1U"
CDS_LMAN_SYM_OUTLINE"-50,0,50,-50"
CDS_LIB"capcitor"
CODE"98070403";
"1"8;
"2"4;
%"C"
"1","(-2400,4850)","0","capcitor","I21";
;
$LOCATION"?"
VALUE"0.01U"
CDS_LMAN_SYM_OUTLINE"-50,0,50,-50"
CDS_LIB"capcitor"
CODE"08070247";
"1"9;
"2"8;
%"C"
"1","(-2400,4250)","0","capcitor","I22";
;
$LOCATION"?"
VALUE"0.01U"
CDS_LMAN_SYM_OUTLINE"-50,0,50,-50"
CDS_LIB"capcitor"
CODE"08070247";
"1"8;
"2"4;
%"R"
"1","(-6850,3050)","0","resistor","I23";
;
$LOCATION"?"
VALUE"240"
CDS_LMAN_SYM_OUTLINE"-100,25,100,-25"
CDS_LIB"resistor"
CODE"07090111";
"A"11;
"B"2;
%"GND_SIGNAL"
"1","(-6450,3000)","1","standard","I24";
;
CDS_LIB"standard"
BODY_TYPE"PLUMBING"
HDL_POWER"GND_SIGNAL";
"GND"2;
%"R"
"1","(-9850,3550)","1","resistor","I25";
;
$LOCATION"?"
VALUE"80-1%"
CDS_LMAN_SYM_OUTLINE"-100,25,100,-25"
CDS_LIB"resistor"
CODE"";
"A"12;
"B"13;
%"GND_SIGNAL"
"1","(-1350,4600)","0","standard","I3";
;
CDS_LIB"standard"
HDL_POWER"GND_SIGNAL"
BODY_TYPE"PLUMBING";
"GND"3;
%"LB"
"1","(-2900,3350)","0","inductor","I4";
;
$LOCATION"?"
VALUE"100MOHM"
CDS_LMAN_SYM_OUTLINE"-125,50,125,0"
CDS_LIB"inductor"
CODE"10070008";
"B"7;
"A"10;
%"C"
"1","(-2550,3150)","0","capcitor","I5";
;
$LOCATION"?"
VALUE"10UF"
CDS_LMAN_SYM_OUTLINE"-50,0,50,-50"
CDS_LIB"capcitor"
CODE"08070898";
"1"7;
"2"1;
%"C"
"1","(-2300,3150)","0","capcitor","I6";
;
$LOCATION"?"
VALUE"0.1U"
CDS_LMAN_SYM_OUTLINE"-50,0,50,-50"
CDS_LIB"capcitor"
CODE"08070262";
"1"7;
"2"1;
%"C"
"1","(-2150,3150)","0","capcitor","I7";
;
$LOCATION"?"
VALUE"0.1U"
CDS_LMAN_SYM_OUTLINE"-50,0,50,-50"
CDS_LIB"capcitor"
CODE"08070262";
"1"7;
"2"1;
%"C"
"1","(-2000,3150)","0","capcitor","I8";
;
$LOCATION"?"
VALUE"0.1U"
CDS_LMAN_SYM_OUTLINE"-50,0,50,-50"
CDS_LIB"capcitor"
CODE"08070262";
"1"7;
"2"1;
%"C"
"1","(-1850,3150)","0","capcitor","I9";
;
$LOCATION"?"
VALUE"0.1U"
CDS_LMAN_SYM_OUTLINE"-50,0,50,-50"
CDS_LIB"capcitor"
CODE"08070262";
"1"7;
"2"1;
END.
