FILE_TYPE = CONNECTIVITY;
{Allegro Design Entry HDL 16.6-p007 (v16-6-112F) 10/10/2012}
"PAGE_NUMBER" = 88;
0"NC";
1"V_Z7_1V0_VCCINT";
2"GND_SIGNAL\g";
3"GND_SIGNAL\g";
4"V_Z7_1V2_MGTAVTT";
5"GND_SIGNAL\g";
6"V_Z7_1V0_MGTAVCC";
7"V_Z7_PS_1V35_DDR";
8"V_Z7_1V0_VCCBRAM";
9"GND_SIGNAL\g";
10"V_Z7_PL_1V35_DDR";
11"GND_SIGNAL\g";
12"V_Z7_PL_3V3_VCCO";
13"GND_SIGNAL\g";
14"V_Z7_PL_3V3_VCCO";
15"GND_SIGNAL\g";
16"V_Z7_1V0_VCCPINT";
17"GND_SIGNAL\g";
18"V_Z7_1V8_VCCPAUX";
19"GND_SIGNAL\g";
20"GND_SIGNAL\g";
21"V_Z7_1V8_VCCAUX";
22"GND_SIGNAL\g";
23"V_Z7_1V0";
24"GND_SIGNAL\g";
25"GND_SIGNAL\g";
26"V_Z7_PS_3V3_VCCO";
27"V_Z7_PS_3V3_VCCO";
28"V_Z7_PL_1V35_PL_DDR";
29"V_Z7_PL_3V3_VCCO";
30"V_Z7_PL_3V3_VCCO";
31"GND_SIGNAL\g";
32"V_Z7_3V3";
33"GND_SIGNAL\g";
34"GND_SIGNAL\g";
35"V_Z7_PS_3V3_VCCO";
36"V_Z7_PS_2V5_VCCO";
37"V_Z7_3V3";
38"V_Z7_PL_3V3_VCCO";
39"V_Z7_1V8";
40"V_Z7_2V5";
41"V_Z7_1V2";
42"V_Z7_1V0";
43"V_Z7_1V8";
44"V_Z7_1V0";
45"V_Z7_1V0";
46"V_Z7_PS_3V3_VCCO";
47"V_Z7_PS_3V3_VCCO";
48"V_Z7_1V0_VCCPINT";
49"V_Z7_1V0_MGTAVCC";
50"V_Z7_1V2_MGTAVTT";
51"V_Z7_1V8_VCCAUX";
52"V_Z7_1V0_VCCBRAM";
53"V_Z7_1V0_VCCINT";
54"V_Z7_PL_3V3_VCCO";
55"V_Z7_PL_1V35_DDR";
56"V_Z7_PL_3V3_VCCO";
57"V_Z7_PS_1V35_DDR";
58"V_Z7_1V8_VCCPAUX";
%"XC7Z015_1CLG485C"
"9","(-7100,5800)","0","ic","I1";
;
VALUE"XC7Z015_1CLG485C"
CDS_LIB"ic"
CDS_LMAN_SYM_OUTLINE"-125,1750,900,-100";
"R15"48;
"N15"48;
"L15"48;
"J15"48;
"H14"48;
"G15"48;
"P14"58;
"M14"58;
"L13"58;
"K14"58;
"E11"46;
"D14"46;
"B10"46;
"A13"46;
"C17"47;
"B20"47;
"V22"57;
"R21"57;
"N17"57;
"M20"57;
"K16"57;
"J19"57;
"H22"57;
"F18"57;
"E21"57;
"G5"56;
"F8"56;
"E1"56;
"D4"56;
"C7"56;
"A3"56;
"R1"55;
"P4"55;
"N7"55;
"L3"55;
"K6"28;
"H2"28;
"Y16"29;
"W19"29;
"V12"29;
"U15"29;
"T18"29;
"AB20"29;
"AA13"29;
"R11"54;
"R9"53;
"P10"53;
"N9"53;
"M10"53;
"L9"53;
"K10"53;
"J11"53;
"J9"53;
"J13"52;
"H12"52;
"T12"51;
"R13"51;
"P12"51;
"N13"51;
"Y7"50;
"AB6"50;
"AB1"50;
"AA8"50;
"AA4"50;
"AA2"50;
"W9"49;
"W5"49;
"U8"49;
"U6"49;
"U4"49;
%"C"
"1","(-7700,5100)","0","capcitor","I10";
;
VALUE"470NF"
CODE"08070401"
CDS_LIB"capcitor"
$LOCATION"?"
CDS_LMAN_SYM_OUTLINE"-50,0,50,-50";
"1"1;
"2"2;
%"C"
"1","(-5150,2600)","0","capcitor","I100";
;
VALUE"470NF"
CODE"08070401"
CDS_LIB"capcitor"
$LOCATION"?"
CDS_LMAN_SYM_OUTLINE"-50,0,50,-50";
"1"7;
"2"19;
%"C"
"1","(-5000,2600)","0","capcitor","I101";
;
VALUE"470NF"
CODE"08070401"
CDS_LIB"capcitor"
$LOCATION"?"
CDS_LMAN_SYM_OUTLINE"-50,0,50,-50";
"1"7;
"2"19;
%"C"
"1","(-5450,1700)","0","capcitor","I102";
;
VALUE"470NF"
$LOCATION"?"
CDS_LMAN_SYM_OUTLINE"-50,0,50,-50"
CDS_LIB"capcitor"
CODE"08070401";
"1"27;
"2"24;
%"C"
"1","(-5750,1700)","0","capcitor","I103";
;
VALUE"4.7UF"
CODE"10081926"
CDS_LIB"capcitor"
$LOCATION"?"
CDS_LMAN_SYM_OUTLINE"-50,0,50,-50";
"1"27;
"2"24;
%"CP"
"1","(-6100,1700)","0","capcitor","I104";
;
VALUE"100U-6.3V"
CODE"98010240"
CDS_LIB"capcitor"
$LOCATION"?"
CDS_LMAN_SYM_OUTLINE"-50,0,50,-50";
"2"24;
"1"27;
%"GND_SIGNAL"
"1","(-6150,1300)","0","standard","I105";
;
CDS_LIB"standard"
HDL_POWER"GND_SIGNAL"
BODY_TYPE"PLUMBING";
"GND"24;
%"C"
"1","(-4700,1700)","0","capcitor","I106";
;
VALUE"4.7UF"
CODE"10081926"
CDS_LIB"capcitor"
$LOCATION"?"
CDS_LMAN_SYM_OUTLINE"-50,0,50,-50";
"1"26;
"2"25;
%"C"
"1","(-4400,1700)","0","capcitor","I107";
;
VALUE"470NF"
$LOCATION"?"
CODE"08070401"
CDS_LMAN_SYM_OUTLINE"-50,0,50,-50"
CDS_LIB"capcitor";
"1"26;
"2"25;
%"CP"
"1","(-5050,1700)","0","capcitor","I108";
;
VALUE"100U-6.3V"
CODE"98010240"
CDS_LIB"capcitor"
$LOCATION"?"
CDS_LMAN_SYM_OUTLINE"-50,0,50,-50";
"2"25;
"1"26;
%"GND_SIGNAL"
"1","(-5100,1300)","0","standard","I109";
;
BODY_TYPE"PLUMBING"
HDL_POWER"GND_SIGNAL"
CDS_LIB"standard";
"GND"25;
%"C"
"1","(-7550,5100)","0","capcitor","I11";
;
VALUE"470NF"
CODE"08070401"
CDS_LIB"capcitor"
$LOCATION"?"
CDS_LMAN_SYM_OUTLINE"-50,0,50,-50";
"1"1;
"2"2;
%"LB"
"1","(-5450,3500)","0","inductor","I110";
;
VALUE"100MOHM"
CODE"10070008"
CDS_LIB"inductor"
$LOCATION"?"
CDS_LMAN_SYM_OUTLINE"-125,50,125,0";
"B"36;
"A"40;
%"C"
"1","(-7400,5100)","0","capcitor","I12";
;
VALUE"470NF"
CODE"08070401"
CDS_LIB"capcitor"
$LOCATION"?"
CDS_LMAN_SYM_OUTLINE"-50,0,50,-50";
"1"1;
"2"2;
%"GND_SIGNAL"
"1","(-8700,4750)","0","standard","I13";
;
HDL_POWER"GND_SIGNAL"
BODY_TYPE"PLUMBING"
CDS_LIB"standard";
"GND"2;
%"LB"
"1","(-9000,4350)","0","inductor","I14";
;
VALUE"100MOHM"
CODE"10070008"
CDS_LIB"inductor"
$LOCATION"?"
CDS_LMAN_SYM_OUTLINE"-125,50,125,0";
"B"8;
"A"44;
%"C"
"1","(-8000,4100)","0","capcitor","I15";
;
VALUE"470NF"
CODE"08070401"
CDS_LIB"capcitor"
$LOCATION"?"
CDS_LMAN_SYM_OUTLINE"-50,0,50,-50";
"1"8;
"2"22;
%"C"
"1","(-8300,4100)","0","capcitor","I16";
;
VALUE"4.7UF"
CODE"10081926"
CDS_LIB"capcitor"
$LOCATION"?"
CDS_LMAN_SYM_OUTLINE"-50,0,50,-50";
"1"8;
"2"22;
%"CP"
"1","(-8650,4100)","0","capcitor","I18";
;
VALUE"100U-6.3V"
CODE"98010240"
CDS_LIB"capcitor"
$LOCATION"?"
CDS_LMAN_SYM_OUTLINE"-50,0,50,-50";
"2"22;
"1"8;
%"GND_SIGNAL"
"1","(-8700,3700)","0","standard","I19";
;
CDS_LIB"standard"
BODY_TYPE"PLUMBING"
HDL_POWER"GND_SIGNAL";
"GND"22;
%"XC7Z015_1CLG485C"
"8","(-1550,5300)","0","ic","I2";
;
VALUE"XC7Z015_1CLG485C"
CDS_LIB"ic"
CDS_LMAN_SYM_OUTLINE"-125,2150,525,-100";
"Y21"33;
"Y11"33;
"Y10"33;
"Y9"33;
"Y5"33;
"Y3"33;
"Y1"33;
"W14"33;
"W10"33;
"W7"33;
"W1"33;
"V17"33;
"V8"33;
"V6"33;
"V4"33;
"V3"33;
"V2"33;
"V1"33;
"U20"33;
"U10"33;
"U3"33;
"T13"33;
"T7"33;
"T6"33;
"T5"33;
"T4"33;
"T3"33;
"R16"33;
"R14"33;
"R12"33;
"R10"33;
"R6"33;
"P19"33;
"P15"33;
"P13"33;
"P11"33;
"P9"33;
"N22"33;
"N14"33;
"N10"33;
"N2"33;
"M15"33;
"M13"33;
"M9"34;
"M5"34;
"L18"34;
"L14"34;
"L10"34;
"L8"34;
"K21"34;
"K15"34;
"K13"34;
"K9"34;
"K1"34;
"J14"34;
"J12"34;
"J10"34;
"J4"34;
"H17"34;
"H15"34;
"H13"34;
"H7"34;
"G20"34;
"G10"34;
"F13"34;
"F3"34;
"E16"34;
"E6"34;
"D19"34;
"D9"34;
"C22"34;
"C12"34;
"C2"34;
"B15"34;
"B5"34;
"AB15"34;
"AB10"34;
"AB8"34;
"AB4"34;
"AB2"34;
"AA18"34;
"AA10"34;
"AA6"34;
"AA1"34;
"A18"34;
"A8"34;
%"CP"
"1","(-8650,3000)","0","capcitor","I20";
;
VALUE"47U-6.3V"
CODE"98010241"
CDS_LIB"capcitor"
$LOCATION"?"
CDS_LMAN_SYM_OUTLINE"-50,0,50,-50";
"2"20;
"1"21;
%"LB"
"1","(-9000,3400)","0","inductor","I21";
;
VALUE"100MOHM"
CODE"10070008"
CDS_LIB"inductor"
$LOCATION"?"
CDS_LMAN_SYM_OUTLINE"-125,50,125,0";
"B"21;
"A"43;
%"LB"
"1","(-9000,3250)","0","inductor","I22";
;
VALUE"100MOHM"
CODE"10070008"
CDS_LIB"inductor"
$LOCATION"?"
CDS_LMAN_SYM_OUTLINE"-125,50,125,0";
"B"21;
"A"43;
%"C"
"1","(-8050,3000)","0","capcitor","I23";
;
VALUE"470NF"
CODE"08070401"
CDS_LIB"capcitor"
$LOCATION"?"
CDS_LMAN_SYM_OUTLINE"-50,0,50,-50";
"1"21;
"2"20;
%"C"
"1","(-8350,3000)","0","capcitor","I24";
;
VALUE"4.7UF"
CODE"10081926"
CDS_LIB"capcitor"
$LOCATION"?"
CDS_LMAN_SYM_OUTLINE"-50,0,50,-50";
"1"21;
"2"20;
%"C"
"1","(-7900,3000)","0","capcitor","I25";
;
VALUE"470NF"
CODE"08070401"
CDS_LIB"capcitor"
$LOCATION"?"
CDS_LMAN_SYM_OUTLINE"-50,0,50,-50";
"1"21;
"2"20;
%"GND_SIGNAL"
"1","(-8700,2550)","0","standard","I26";
;
HDL_POWER"GND_SIGNAL"
BODY_TYPE"PLUMBING"
CDS_LIB"standard";
"GND"20;
%"C"
"1","(-8650,2000)","0","capcitor","I27";
;
VALUE"4.7UF"
CODE"10081926"
CDS_LIB"capcitor"
$LOCATION"?"
CDS_LMAN_SYM_OUTLINE"-50,0,50,-50";
"1"6;
"2"5;
%"C"
"1","(-8400,2000)","0","capcitor","I28";
;
VALUE"0.1U"
CODE"08070262"
CDS_LIB"capcitor"
$LOCATION"?"
CDS_LMAN_SYM_OUTLINE"-50,0,50,-50";
"1"6;
"2"5;
%"C"
"1","(-8250,2000)","0","capcitor","I29";
;
VALUE"0.1U"
CODE"08070262"
CDS_LIB"capcitor"
$LOCATION"?"
CDS_LMAN_SYM_OUTLINE"-50,0,50,-50";
"1"6;
"2"5;
%"GND_SIGNAL"
"1","(-1850,4950)","0","standard","I3";
;
CDS_LIB"standard"
HDL_POWER"GND_SIGNAL"
BODY_TYPE"PLUMBING";
"GND"34;
%"C"
"1","(-7950,2000)","0","capcitor","I30";
;
VALUE"0.1U"
CODE"08070262"
CDS_LIB"capcitor"
$LOCATION"?"
CDS_LMAN_SYM_OUTLINE"-50,0,50,-50";
"1"6;
"2"5;
%"C"
"1","(-8100,2000)","0","capcitor","I31";
;
VALUE"0.1U"
CODE"08070262"
CDS_LIB"capcitor"
$LOCATION"?"
CDS_LMAN_SYM_OUTLINE"-50,0,50,-50";
"1"6;
"2"5;
%"C"
"1","(-7500,2000)","0","capcitor","I32";
;
VALUE"0.1U"
CODE"08070262"
CDS_LIB"capcitor"
$LOCATION"?"
CDS_LMAN_SYM_OUTLINE"-50,0,50,-50";
"1"6;
"2"5;
%"C"
"1","(-7350,2000)","0","capcitor","I33";
;
VALUE"0.1U"
CODE"08070262"
CDS_LIB"capcitor"
$LOCATION"?"
CDS_LMAN_SYM_OUTLINE"-50,0,50,-50";
"1"6;
"2"5;
%"C"
"1","(-7650,2000)","0","capcitor","I34";
;
VALUE"0.1U"
CODE"08070262"
CDS_LIB"capcitor"
$LOCATION"?"
CDS_LMAN_SYM_OUTLINE"-50,0,50,-50";
"1"6;
"2"5;
%"C"
"1","(-7800,2000)","0","capcitor","I35";
;
VALUE"0.1U"
CODE"08070262"
CDS_LIB"capcitor"
$LOCATION"?"
CDS_LMAN_SYM_OUTLINE"-50,0,50,-50";
"1"6;
"2"5;
%"C"
"1","(-7200,2000)","0","capcitor","I36";
;
VALUE"0.1U"
CODE"08070262"
CDS_LIB"capcitor"
$LOCATION"?"
CDS_LMAN_SYM_OUTLINE"-50,0,50,-50";
"1"6;
"2"5;
%"C"
"1","(-7050,2000)","0","capcitor","I37";
;
VALUE"0.1U"
CODE"08070262"
CDS_LIB"capcitor"
$LOCATION"?"
CDS_LMAN_SYM_OUTLINE"-50,0,50,-50";
"1"6;
"2"5;
%"GND_SIGNAL"
"1","(-8700,1600)","0","standard","I38";
;
CDS_LIB"standard"
BODY_TYPE"PLUMBING"
HDL_POWER"GND_SIGNAL";
"GND"5;
%"LB"
"1","(-9000,2200)","0","inductor","I39";
;
VALUE"100MOHM"
CODE"10070008"
CDS_LIB"inductor"
$LOCATION"?"
CDS_LMAN_SYM_OUTLINE"-125,50,125,0";
"B"6;
"A"42;
%"GND_SIGNAL"
"1","(-950,4950)","0","standard","I4";
;
HDL_POWER"GND_SIGNAL"
BODY_TYPE"PLUMBING"
CDS_LIB"standard";
"GND"33;
%"C"
"1","(-8100,950)","0","capcitor","I40";
;
VALUE"0.1U"
CODE"08070262"
CDS_LIB"capcitor"
$LOCATION"?"
CDS_LMAN_SYM_OUTLINE"-50,0,50,-50";
"1"4;
"2"3;
%"C"
"1","(-7950,950)","0","capcitor","I41";
;
VALUE"0.1U"
CODE"08070262"
CDS_LIB"capcitor"
$LOCATION"?"
CDS_LMAN_SYM_OUTLINE"-50,0,50,-50";
"1"4;
"2"3;
%"C"
"1","(-7050,950)","0","capcitor","I42";
;
VALUE"0.1U"
CODE"08070262"
CDS_LIB"capcitor"
$LOCATION"?"
CDS_LMAN_SYM_OUTLINE"-50,0,50,-50";
"1"4;
"2"3;
%"C"
"1","(-7350,950)","0","capcitor","I43";
;
VALUE"0.1U"
CODE"08070262"
CDS_LIB"capcitor"
$LOCATION"?"
CDS_LMAN_SYM_OUTLINE"-50,0,50,-50";
"1"4;
"2"3;
%"C"
"1","(-7200,950)","0","capcitor","I44";
;
VALUE"0.1U"
CODE"08070262"
CDS_LIB"capcitor"
$LOCATION"?"
CDS_LMAN_SYM_OUTLINE"-50,0,50,-50";
"1"4;
"2"3;
%"C"
"1","(-7500,950)","0","capcitor","I45";
;
VALUE"0.1U"
CODE"08070262"
CDS_LIB"capcitor"
$LOCATION"?"
CDS_LMAN_SYM_OUTLINE"-50,0,50,-50";
"1"4;
"2"3;
%"C"
"1","(-7650,950)","0","capcitor","I46";
;
VALUE"0.1U"
CODE"08070262"
CDS_LIB"capcitor"
$LOCATION"?"
CDS_LMAN_SYM_OUTLINE"-50,0,50,-50";
"1"4;
"2"3;
%"C"
"1","(-7800,950)","0","capcitor","I47";
;
VALUE"0.1U"
CODE"08070262"
CDS_LIB"capcitor"
$LOCATION"?"
CDS_LMAN_SYM_OUTLINE"-50,0,50,-50";
"1"4;
"2"3;
%"LB"
"1","(-9000,1150)","0","inductor","I48";
;
VALUE"100MOHM"
CODE"10070008"
CDS_LIB"inductor"
$LOCATION"?"
CDS_LMAN_SYM_OUTLINE"-125,50,125,0";
"B"4;
"A"41;
%"C"
"1","(-8250,950)","0","capcitor","I49";
;
VALUE"0.1U"
CODE"08070262"
CDS_LIB"capcitor"
$LOCATION"?"
CDS_LMAN_SYM_OUTLINE"-50,0,50,-50";
"1"4;
"2"3;
%"LB"
"1","(-9000,5350)","0","inductor","I5";
;
VALUE"3A"
CODE"10070007"
CDS_LIB"inductor"
$LOCATION"?"
CDS_LMAN_SYM_OUTLINE"-125,50,125,0";
"B"1;
"A"45;
%"C"
"1","(-8400,950)","0","capcitor","I50";
;
VALUE"0.1U"
CODE"08070262"
CDS_LIB"capcitor"
$LOCATION"?"
CDS_LMAN_SYM_OUTLINE"-50,0,50,-50";
"1"4;
"2"3;
%"C"
"1","(-8650,950)","0","capcitor","I51";
;
VALUE"4.7UF"
CODE"10081926"
CDS_LIB"capcitor"
$LOCATION"?"
CDS_LMAN_SYM_OUTLINE"-50,0,50,-50";
"1"4;
"2"3;
%"GND_SIGNAL"
"1","(-8700,550)","0","standard","I52";
;
BODY_TYPE"PLUMBING"
HDL_POWER"GND_SIGNAL"
CDS_LIB"standard";
"GND"3;
%"C"
"1","(-6750,950)","0","capcitor","I53";
;
VALUE"0.1U"
CODE"08070262"
CDS_LIB"capcitor"
$LOCATION"?"
CDS_LMAN_SYM_OUTLINE"-50,0,50,-50";
"1"4;
"2"3;
%"C"
"1","(-6900,950)","0","capcitor","I54";
;
VALUE"0.1U"
CODE"08070262"
CDS_LIB"capcitor"
$LOCATION"?"
CDS_LMAN_SYM_OUTLINE"-50,0,50,-50";
"1"4;
"2"3;
%"CP"
"1","(-5100,5050)","0","capcitor","I55";
;
VALUE"100U-6.3V"
CODE"98010240"
CDS_LIB"capcitor"
$LOCATION"?"
CDS_LMAN_SYM_OUTLINE"-50,0,50,-50";
"2"15;
"1"16;
%"C"
"1","(-4450,5050)","0","capcitor","I56";
;
VALUE"470NF"
CODE"08070401"
CDS_LIB"capcitor"
$LOCATION"?"
CDS_LMAN_SYM_OUTLINE"-50,0,50,-50";
"1"16;
"2"15;
%"C"
"1","(-4750,5050)","0","capcitor","I57";
;
VALUE"4.7UF"
CODE"10081926"
CDS_LIB"capcitor"
$LOCATION"?"
CDS_LMAN_SYM_OUTLINE"-50,0,50,-50";
"1"16;
"2"15;
%"LB"
"1","(-5450,5300)","0","inductor","I58";
;
VALUE"3A"
CODE"10070007"
CDS_LIB"inductor"
$LOCATION"?"
CDS_LMAN_SYM_OUTLINE"-125,50,125,0";
"B"16;
"A"23;
%"GND_SIGNAL"
"1","(-5150,4650)","0","standard","I59";
;
CDS_LIB"standard"
HDL_POWER"GND_SIGNAL"
BODY_TYPE"PLUMBING";
"GND"15;
%"CP"
"1","(-8650,5100)","0","capcitor","I6";
;
VALUE"330U-10V"
CODE"10081111"
CDS_LIB"capcitor"
$LOCATION"?"
CDS_LMAN_SYM_OUTLINE"-50,0,50,-50";
"2"2;
"1"1;
%"C"
"1","(-4300,5050)","0","capcitor","I60";
;
VALUE"470NF"
CODE"08070401"
CDS_LIB"capcitor"
$LOCATION"?"
CDS_LMAN_SYM_OUTLINE"-50,0,50,-50";
"1"16;
"2"15;
%"C"
"1","(-4150,5050)","0","capcitor","I61";
;
VALUE"470NF"
CODE"08070401"
CDS_LIB"capcitor"
$LOCATION"?"
CDS_LMAN_SYM_OUTLINE"-50,0,50,-50";
"1"16;
"2"15;
%"CP"
"1","(-5100,4100)","0","capcitor","I62";
;
VALUE"100U-6.3V"
CODE"98010240"
CDS_LIB"capcitor"
$LOCATION"?"
CDS_LMAN_SYM_OUTLINE"-50,0,50,-50";
"2"17;
"1"18;
%"C"
"1","(-4450,4100)","0","capcitor","I63";
;
VALUE"470NF"
CODE"08070401"
CDS_LIB"capcitor"
$LOCATION"?"
CDS_LMAN_SYM_OUTLINE"-50,0,50,-50";
"1"18;
"2"17;
%"C"
"1","(-4750,4100)","0","capcitor","I64";
;
VALUE"4.7UF"
CODE"10081926"
CDS_LIB"capcitor"
$LOCATION"?"
CDS_LMAN_SYM_OUTLINE"-50,0,50,-50";
"1"18;
"2"17;
%"LB"
"1","(-5450,4350)","0","inductor","I65";
;
VALUE"100MOHM"
CODE"10070008"
CDS_LIB"inductor"
$LOCATION"?"
CDS_LMAN_SYM_OUTLINE"-125,50,125,0";
"B"18;
"A"39;
%"GND_SIGNAL"
"1","(-5150,3700)","0","standard","I66";
;
CDS_LIB"standard"
HDL_POWER"GND_SIGNAL"
BODY_TYPE"PLUMBING";
"GND"17;
%"LB"
"1","(-1500,4400)","0","inductor","I67";
;
VALUE"100MOHM"
CODE"10070008"
CDS_LIB"inductor"
$LOCATION"?"
CDS_LMAN_SYM_OUTLINE"-125,50,125,0";
"B"38;
"A"37;
%"CP"
"1","(-2700,3750)","0","capcitor","I68";
;
VALUE"47U-6.3V"
CODE"98010241"
CDS_LIB"capcitor"
$LOCATION"?"
CDS_LMAN_SYM_OUTLINE"-50,0,50,-50";
"2"31;
"1"30;
%"GND_SIGNAL"
"1","(-2750,3350)","0","standard","I69";
;
HDL_POWER"GND_SIGNAL"
BODY_TYPE"PLUMBING"
CDS_LIB"standard";
"GND"31;
%"C"
"1","(-8300,5100)","0","capcitor","I7";
;
VALUE"4.7UF"
CODE"10081926"
CDS_LIB"capcitor"
$LOCATION"?"
CDS_LMAN_SYM_OUTLINE"-50,0,50,-50";
"1"1;
"2"2;
%"C"
"1","(-2250,2550)","0","capcitor","I70";
;
VALUE"470NF"
CODE"08070401"
CDS_LIB"capcitor"
$LOCATION"?"
CDS_LMAN_SYM_OUTLINE"-50,0,50,-50";
"1"10;
"2"9;
%"C"
"1","(-2700,2550)","0","capcitor","I71";
;
VALUE"4.7UF"
CODE"10081926"
CDS_LIB"capcitor"
$LOCATION"?"
CDS_LMAN_SYM_OUTLINE"-50,0,50,-50";
"1"10;
"2"9;
%"CP"
"1","(-3000,2550)","0","capcitor","I72";
;
VALUE"47U-6.3V"
CODE"98010241"
CDS_LIB"capcitor"
$LOCATION"?"
CDS_LMAN_SYM_OUTLINE"-50,0,50,-50";
"2"9;
"1"10;
%"C"
"1","(-2550,2550)","0","capcitor","I73";
;
VALUE"4.7UF"
CODE"10081926"
CDS_LIB"capcitor"
$LOCATION"?"
CDS_LMAN_SYM_OUTLINE"-50,0,50,-50";
"1"10;
"2"9;
%"C"
"1","(-2100,2550)","0","capcitor","I74";
;
VALUE"470NF"
CODE"08070401"
CDS_LIB"capcitor"
$LOCATION"?"
CDS_LMAN_SYM_OUTLINE"-50,0,50,-50";
"1"10;
"2"9;
%"C"
"1","(-1800,2550)","0","capcitor","I75";
;
VALUE"470NF"
CODE"08070401"
CDS_LIB"capcitor"
$LOCATION"?"
CDS_LMAN_SYM_OUTLINE"-50,0,50,-50";
"1"10;
"2"9;
%"C"
"1","(-1950,2550)","0","capcitor","I76";
;
VALUE"470NF"
CODE"08070401"
CDS_LIB"capcitor"
$LOCATION"?"
CDS_LMAN_SYM_OUTLINE"-50,0,50,-50";
"1"10;
"2"9;
%"GND_SIGNAL"
"1","(-3050,2150)","0","standard","I77";
;
HDL_POWER"GND_SIGNAL"
BODY_TYPE"PLUMBING"
CDS_LIB"standard";
"GND"9;
%"C"
"1","(-1050,3750)","0","capcitor","I78";
;
VALUE"4.7UF"
CODE"10081926"
CDS_LIB"capcitor"
$LOCATION"?"
CDS_LMAN_SYM_OUTLINE"-50,0,50,-50";
"1"14;
"2"13;
%"C"
"1","(-300,3750)","0","capcitor","I79";
;
VALUE"470NF"
CODE"08070401"
CDS_LIB"capcitor"
$LOCATION"?"
CDS_LMAN_SYM_OUTLINE"-50,0,50,-50";
"1"14;
"2"13;
%"C"
"1","(-7850,5100)","0","capcitor","I8";
;
VALUE"470NF"
CODE"08070401"
CDS_LIB"capcitor"
$LOCATION"?"
CDS_LMAN_SYM_OUTLINE"-50,0,50,-50";
"1"1;
"2"2;
%"C"
"1","(-450,3750)","0","capcitor","I80";
;
VALUE"470NF"
CODE"08070401"
CDS_LIB"capcitor"
$LOCATION"?"
CDS_LMAN_SYM_OUTLINE"-50,0,50,-50";
"1"14;
"2"13;
%"C"
"1","(-600,3750)","0","capcitor","I81";
;
VALUE"470NF"
CODE"08070401"
CDS_LIB"capcitor"
$LOCATION"?"
CDS_LMAN_SYM_OUTLINE"-50,0,50,-50";
"1"14;
"2"13;
%"C"
"1","(-750,3750)","0","capcitor","I82";
;
VALUE"470NF"
CODE"08070401"
CDS_LIB"capcitor"
$LOCATION"?"
CDS_LMAN_SYM_OUTLINE"-50,0,50,-50";
"1"14;
"2"13;
%"C"
"1","(-1200,3750)","0","capcitor","I83";
;
VALUE"4.7UF"
CODE"10081926"
CDS_LIB"capcitor"
$LOCATION"?"
CDS_LMAN_SYM_OUTLINE"-50,0,50,-50";
"1"14;
"2"13;
%"CP"
"1","(-1500,3750)","0","capcitor","I84";
;
VALUE"47U-6.3V"
CODE"98010241"
CDS_LIB"capcitor"
$LOCATION"?"
CDS_LMAN_SYM_OUTLINE"-50,0,50,-50";
"2"13;
"1"14;
%"GND_SIGNAL"
"1","(-1550,3350)","0","standard","I85";
;
CDS_LIB"standard"
HDL_POWER"GND_SIGNAL"
BODY_TYPE"PLUMBING";
"GND"13;
%"C"
"1","(-750,2550)","0","capcitor","I86";
;
VALUE"470NF"
CODE"08070401"
CDS_LIB"capcitor"
$LOCATION"?"
CDS_LMAN_SYM_OUTLINE"-50,0,50,-50";
"1"12;
"2"11;
%"C"
"1","(-450,2550)","0","capcitor","I87";
;
VALUE"470NF"
CODE"08070401"
CDS_LIB"capcitor"
$LOCATION"?"
CDS_LMAN_SYM_OUTLINE"-50,0,50,-50";
"1"12;
"2"11;
%"C"
"1","(-300,2550)","0","capcitor","I88";
;
VALUE"470NF"
CODE"08070401"
CDS_LIB"capcitor"
$LOCATION"?"
CDS_LMAN_SYM_OUTLINE"-50,0,50,-50";
"1"12;
"2"11;
%"C"
"1","(-600,2550)","0","capcitor","I89";
;
VALUE"470NF"
CODE"08070401"
CDS_LIB"capcitor"
$LOCATION"?"
CDS_LMAN_SYM_OUTLINE"-50,0,50,-50";
"1"12;
"2"11;
%"C"
"1","(-8150,5100)","0","capcitor","I9";
;
VALUE"4.7UF"
CODE"10081926"
CDS_LIB"capcitor"
$LOCATION"?"
CDS_LMAN_SYM_OUTLINE"-50,0,50,-50";
"1"1;
"2"2;
%"C"
"1","(-1050,2550)","0","capcitor","I90";
;
VALUE"470NF"
CODE"08070401"
CDS_LIB"capcitor"
$LOCATION"?"
CDS_LMAN_SYM_OUTLINE"-50,0,50,-50";
"1"12;
"2"11;
%"C"
"1","(-1200,2550)","0","capcitor","I91";
;
VALUE"470NF"
CODE"08070401"
CDS_LIB"capcitor"
$LOCATION"?"
CDS_LMAN_SYM_OUTLINE"-50,0,50,-50";
"1"12;
"2"11;
%"CP"
"1","(-1500,2550)","0","capcitor","I92";
;
VALUE"47U-6.3V"
CODE"98010241"
CDS_LIB"capcitor"
$LOCATION"?"
CDS_LMAN_SYM_OUTLINE"-50,0,50,-50";
"2"11;
"1"12;
%"GND_SIGNAL"
"1","(-1550,2150)","0","standard","I93";
;
CDS_LIB"standard"
HDL_POWER"GND_SIGNAL"
BODY_TYPE"PLUMBING";
"GND"11;
%"LB"
"1","(-5450,3200)","0","inductor","I94";
;
VALUE"100MOHM"
CODE"10070008"
CDS_LIB"inductor"
$LOCATION"?"
CDS_LMAN_SYM_OUTLINE"-125,50,125,0";
"B"35;
"A"32;
%"C"
"1","(-5450,2600)","0","capcitor","I95";
;
VALUE"470NF"
CODE"08070401"
CDS_LIB"capcitor"
$LOCATION"?"
CDS_LMAN_SYM_OUTLINE"-50,0,50,-50";
"1"7;
"2"19;
%"C"
"1","(-5750,2600)","0","capcitor","I96";
;
VALUE"4.7UF"
CODE"10081926"
CDS_LIB"capcitor"
$LOCATION"?"
CDS_LMAN_SYM_OUTLINE"-50,0,50,-50";
"1"7;
"2"19;
%"CP"
"1","(-6100,2600)","0","capcitor","I97";
;
VALUE"100U-6.3V"
CODE"98010240"
CDS_LIB"capcitor"
$LOCATION"?"
CDS_LMAN_SYM_OUTLINE"-50,0,50,-50";
"2"19;
"1"7;
%"GND_SIGNAL"
"1","(-6150,2200)","0","standard","I98";
;
CDS_LIB"standard"
HDL_POWER"GND_SIGNAL"
BODY_TYPE"PLUMBING";
"GND"19;
%"C"
"1","(-5300,2600)","0","capcitor","I99";
;
VALUE"470NF"
CODE"08070401"
CDS_LIB"capcitor"
$LOCATION"?"
CDS_LMAN_SYM_OUTLINE"-50,0,50,-50";
"1"7;
"2"19;
END.
