FILE_TYPE = CONNECTIVITY;
{Allegro Design Entry HDL 16.6-p007 (v16-6-112F) 10/10/2012}
"PAGE_NUMBER" = 80;
0"NC";
1"GND_SIGNAL\g";
2"V_Z7_S6_2V5_VCCO";
3"V_Z7_2V5";
4"Z7_S6_HSWAPEN";
5"GND_SIGNAL\g";
6"Z7_S6_HSWAPEN";
7"Z7_S6_PS_DATA0";
8"Z7_S6_PS_DATA1";
9"Z7_S6_PS_DATA2";
10"Z7_S6_PS_DATA3";
11"Z7_S6_PS_DATA4";
12"Z7_S6_PS_DATA5";
13"Z7_S6_PS_DATA6";
14"Z7_S6_PS_DATA7";
15"Z7_S6_PS_DATA8";
16"Z7_S6_PS_DATA9";
17"Z7_S6_PS_DATA10";
18"Z7_S6_PS_DATA11";
19"Z7_S6_PS_DATA12";
20"Z7_S6_PS_DATA13";
21"Z7_S6_PS_DATA14";
22"Z7_S6_PS_DATA15";
23"V_Z7_S6_2V5_VCCO";
%"C"
"1","(-6000,2550)","0","capcitor","I10";
;
VALUE"0.1U"
CODE"08070262"
CDS_LIB"capcitor"
$LOCATION"?"
CDS_LMAN_SYM_OUTLINE"-50,0,50,-50";
"1"2;
"2"1;
%"C"
"1","(-5900,2550)","0","capcitor","I11";
;
VALUE"0.1U"
CODE"08070262"
CDS_LIB"capcitor"
$LOCATION"?"
CDS_LMAN_SYM_OUTLINE"-50,0,50,-50";
"1"2;
"2"1;
%"C"
"1","(-6400,2550)","0","capcitor","I2";
;
VALUE"0.1U"
CODE"08070262"
CDS_LIB"capcitor"
$LOCATION"?"
CDS_LMAN_SYM_OUTLINE"-50,0,50,-50";
"1"2;
"2"1;
%"XC6SLX16CSG324"
"1","(-6225,4950)","0","ic","I23";
;
VALUE1"XC6SLX16CSG324"
CDS_LIB"ic"
VALUE"XC6SLX16CSG324"
$LOCATION"?"
CDS_LMAN_SYM_OUTLINE"-600,125,600,-1750";
"VCCO6_0"23;
"VCCO5_0"23;
"VCCO4_0"23;
"VCCO3_0"23;
"VCCO2_0"23;
"VCCO1_0"23;
"IO_L66N_SCP0_0"0;
"IO_L66P_SCP1_0"0;
"IO_L65N_SCP2_0"0;
"IO_L65P_SCP3_0"0;
"IO_L64N_SCP4_0"0;
"IO_L64P_SCP5_0"0;
"IO_L63N_SCP6_0"0;
"IO_L63P_SCP7_0"0;
"IO_L62N_VREF_0"0;
"IO_L62P_0"0;
"IO_L51N_0"0;
"IO_L51P_0"0;
"IO_L50N_0"0;
"IO_L50P_0"0;
"IO_L47N_0"0;
"IO_L47P_0"0;
"IO_L42N_0"0;
"IO_L42P_0"0;
"IO_L41N_0"0;
"IO_L41P_0"0;
"IO_L40N_0"0;
"IO_L40P_0"0;
"IO_L39N_0"0;
"IO_L39P_0"0;
"IO_L38N_VREF_0"0;
"IO_L38P_0"0;
"IO_L37N_GCLK12_0"0;
"IO_L37P_GCLK13_0"0;
"IO_L36N_GCLK14_0"0;
"IO_L36P_GCLK15_0"0;
"IO_L35N_GCLK16_0"0;
"IO_L35P_GCLK17_0"0;
"IO_L34N_GCLK18_0"0;
"IO_L34P_GCLK19_0"22;
"IO_L33N_0"0;
"IO_L33P_0"0;
"IO_L32N_0"21;
"IO_L32P_0"20;
"IO_L11N_0"19;
"IO_L11P_0"18;
"IO_L10N_0"17;
"IO_L10P_0"16;
"IO_L9N_0"15;
"IO_L9P_0"14;
"IO_L8N_VREF_0"13;
"IO_L8P_0"12;
"IO_L7N_0"11;
"IO_L7P_0"10;
"IO_L6N_0"9;
"IO_L6P_0"8;
"IO_L5N_0"7;
"IO_L5P_0"0;
"IO_L4N_0"0;
"IO_L4P_0"0;
"IO_L3N_0"0;
"IO_L3P_0"0;
"IO_L2N_0"0;
"IO_L2P_0"0;
"IO_L1N_VREF_0"0;
"IO_L1P_HSWAPEN_0"6;
%"R"
"1","(-7400,5700)","0","resistor","I24";
;
VALUE"1K"
CODE"07090277"
CDS_LIB"resistor"
$LOCATION"?"
CDS_LMAN_SYM_OUTLINE"-100,25,100,-25";
"A"5;
"B"4;
%"GND_SIGNAL"
"1","(-7900,5650)","7","standard","I25";
;
CDS_LIB"standard"
HDL_POWER"GND_SIGNAL"
BODY_TYPE"PLUMBING";
"GND"5;
%"LB"
"1","(-6950,2750)","0","inductor","I26";
;
VALUE"100MOHM"
CODE"10070008"
CDS_LIB"inductor"
$LOCATION"?"
CDS_LMAN_SYM_OUTLINE"-125,50,125,0";
"B"2;
"A"3;
%"GND_SIGNAL"
"1","(-6450,2050)","0","standard","I27";
;
CDS_LIB"standard"
BODY_TYPE"PLUMBING"
HDL_POWER"GND_SIGNAL";
"GND"1;
%"C"
"1","(-6300,2550)","0","capcitor","I7";
;
VALUE"0.1U"
CODE"08070262"
CDS_LIB"capcitor"
$LOCATION"?"
CDS_LMAN_SYM_OUTLINE"-50,0,50,-50";
"1"2;
"2"1;
%"C"
"1","(-6200,2550)","0","capcitor","I8";
;
VALUE"0.1U"
CODE"08070262"
CDS_LIB"capcitor"
$LOCATION"?"
CDS_LMAN_SYM_OUTLINE"-50,0,50,-50";
"1"2;
"2"1;
%"C"
"1","(-6100,2550)","0","capcitor","I9";
;
VALUE"0.1U"
CODE"08070262"
CDS_LIB"capcitor"
$LOCATION"?"
CDS_LMAN_SYM_OUTLINE"-50,0,50,-50";
"1"2;
"2"1;
END.
