FILE_TYPE = CONNECTIVITY;
{Allegro Design Entry HDL 16.6-p007 (v16-6-112F) 10/10/2012}
"PAGE_NUMBER" = 41;
0"NC";
1"GND_SIGNAL\g";
2"GND_SIGNAL\g";
3"GND_SIGNAL\g";
4"GND_SIGNAL\g";
5"GND_SIGNAL\g";
6"GND_SIGNAL\g";
7"A7_SFP1_TX_FAULT";
8"A7_SFP1_TX_DISABLE";
9"A7_SFP1_SDA";
10"A7_SFP1_SCL";
11"A7_SFP1_MOD_ABS";
12"A7_SFP1_RS0";
13"A7_SFP1_RX_LOS";
14"A7_SFP1_RS1";
15"A7_SFP1_SIN_N";
16"A7_SFP1_SIN_P";
17"V_A7_3V3_SFP1_VCCR";
18"V_A7_3V3_SFP1_VCCT";
19"A7_SFP1_SOUT_P";
20"A7_SFP1_SOUT_N";
21"V_A7_3V3_SFP1_VCCT";
22"A7_SFP1_RS1";
23"A7_SFP1_RS0";
24"V_A7_3V3_SFP1_VCCT";
25"V_A7_3V3_SFP1_VCCR";
26"A7_SFP1_TX_FAULT";
27"A7_SFP1_TX_DISABLE";
28"A7_SFP1_MOD_ABS";
29"V_A7_3V3_SFP1_VCCR";
30"A7_SFP1_RX_LOS";
31"A7_SFP1_SDA";
32"A7_SFP1_SCL";
33"V_A7_3V3";
34"V_A7_3V3_SFP1_VCCT";
35"V_A7_3V3";
36"V_A7_3V3_SFP1_VCCR";
%"R"
"1","(-8100,2000)","1","resistor","I1";
;
$LOCATION"?"
VALUE"4.7K"
CDS_LMAN_SYM_OUTLINE"-100,25,100,-25"
CDS_LIB"resistor"
CODE"07090246";
"A"32;
"B"29;
%"R"
"1","(-5950,3850)","1","resistor","I10";
;
$LOCATION"?"
VALUE"0"
CDS_LMAN_SYM_OUTLINE"-100,25,100,-25"
CDS_LIB"resistor"
CODE"07090522";
"A"6;
"B"22;
%"R"
"1","(-7950,4400)","1","resistor","I11";
;
$LOCATION"?"
VALUE"4.7K"
CDS_LMAN_SYM_OUTLINE"-100,25,100,-25"
CDS_LIB"resistor"
CODE"07090246";
"A"23;
"B"25;
%"SFP_CONN"
"1","(-7050,6150)","0","connector","I12";
;
CDS_LMAN_SYM_OUTLINE"-125,500,250,-775"
CDS_LIB"connector";
"20"1;
"19"20;
"18"19;
"17"1;
"16"18;
"15"17;
"14"1;
"13"16;
"12"15;
"11"1;
"10"1;
"9"14;
"8"13;
"7"12;
"6"11;
"5"10;
"4"9;
"3"8;
"2"7;
"1"1;
%"GND_SIGNAL"
"1","(-6700,5300)","0","standard","I13";
;
CDS_LIB"standard"
HDL_POWER"GND_SIGNAL"
BODY_TYPE"PLUMBING";
"GND"1;
%"R"
"1","(-5950,4400)","1","resistor","I14";
;
$LOCATION"?"
VALUE"4.7K"
CDS_LMAN_SYM_OUTLINE"-100,25,100,-25"
CDS_LIB"resistor"
CODE"07090246";
"A"22;
"B"24;
%"GND_SIGNAL"
"1","(-2550,3200)","0","standard","I15";
;
CDS_LIB"standard"
BODY_TYPE"PLUMBING"
HDL_POWER"GND_SIGNAL";
"GND"5;
%"LB"
"1","(-2800,3750)","0","inductor","I16";
;
$LOCATION"?"
VALUE"100MOHM"
CDS_LMAN_SYM_OUTLINE"-125,50,125,0"
CDS_LIB"inductor"
CODE"10070008";
"B"34;
"A"33;
%"C"
"1","(-2500,3550)","0","capcitor","I17";
;
$LOCATION"?"
VALUE"10UF"
CDS_LMAN_SYM_OUTLINE"-50,0,50,-50"
CDS_LIB"capcitor"
CODE"98070517";
"1"34;
"2"5;
%"C"
"1","(-2250,3550)","0","capcitor","I18";
;
$LOCATION"?"
VALUE"0.1U"
CDS_LMAN_SYM_OUTLINE"-50,0,50,-50"
CDS_LIB"capcitor"
CODE"08070262";
"1"34;
"2"5;
%"GND_SIGNAL"
"1","(-2550,4100)","0","standard","I19";
;
CDS_LIB"standard"
HDL_POWER"GND_SIGNAL"
BODY_TYPE"PLUMBING";
"GND"2;
%"R"
"1","(-7900,2000)","1","resistor","I2";
;
$LOCATION"?"
VALUE"4.7K"
CDS_LMAN_SYM_OUTLINE"-100,25,100,-25"
CDS_LIB"resistor"
CODE"07090246";
"A"31;
"B"29;
%"LB"
"1","(-2800,4650)","0","inductor","I20";
;
$LOCATION"?"
VALUE"100MOHM"
CDS_LMAN_SYM_OUTLINE"-125,50,125,0"
CDS_LIB"inductor"
CODE"10070008";
"B"36;
"A"35;
%"C"
"1","(-2500,4450)","0","capcitor","I21";
;
$LOCATION"?"
VALUE"10UF"
CDS_LMAN_SYM_OUTLINE"-50,0,50,-50"
CDS_LIB"capcitor"
CODE"98070517";
"1"36;
"2"2;
%"C"
"1","(-2250,4450)","0","capcitor","I22";
;
$LOCATION"?"
VALUE"0.1U"
CDS_LMAN_SYM_OUTLINE"-50,0,50,-50"
CDS_LIB"capcitor"
CODE"08070262";
"1"36;
"2"2;
%"GND_SIGNAL"
"1","(-2900,5450)","0","standard","I23";
;
CDS_LIB"standard"
BODY_TYPE"PLUMBING"
HDL_POWER"GND_SIGNAL";
"GND"3;
%"SFP_CAGE"
"1","(-2600,6150)","0","connector","I24";
;
CDS_LMAN_SYM_OUTLINE"-125,500,125,-550"
CDS_LIB"connector";
"20"3;
"19"3;
"18"3;
"17"3;
"16"3;
"15"3;
"14"3;
"13"3;
"12"3;
"11"3;
"10"3;
"9"3;
"8"3;
"7"3;
"6"3;
"5"3;
"4"3;
"3"3;
"2"3;
"1"3;
%"R"
"1","(-7700,2000)","1","resistor","I3";
;
$LOCATION"?"
VALUE"4.7K"
CDS_LMAN_SYM_OUTLINE"-100,25,100,-25"
CDS_LIB"resistor"
CODE"07090246";
"A"30;
"B"29;
%"GND_SIGNAL"
"1","(-8000,3500)","0","standard","I4";
;
CDS_LIB"standard"
HDL_POWER"GND_SIGNAL"
BODY_TYPE"PLUMBING";
"GND"4;
%"R"
"1","(-7950,3850)","1","resistor","I5";
;
$LOCATION"?"
VALUE"0"
CDS_LMAN_SYM_OUTLINE"-100,25,100,-25"
CDS_LIB"resistor"
CODE"07090522";
"A"4;
"B"23;
%"R"
"1","(-5950,2000)","1","resistor","I6";
;
$LOCATION"?"
VALUE"4.7K"
CDS_LMAN_SYM_OUTLINE"-100,25,100,-25"
CDS_LIB"resistor"
CODE"07090246";
"A"28;
"B"21;
%"R"
"1","(-5750,2000)","1","resistor","I7";
;
$LOCATION"?"
VALUE"4.7K"
CDS_LMAN_SYM_OUTLINE"-100,25,100,-25"
CDS_LIB"resistor"
CODE"07090246";
"A"27;
"B"21;
%"R"
"1","(-5550,2000)","1","resistor","I8";
;
$LOCATION"?"
VALUE"4.7K"
CDS_LMAN_SYM_OUTLINE"-100,25,100,-25"
CDS_LIB"resistor"
CODE"07090246";
"A"26;
"B"21;
%"GND_SIGNAL"
"1","(-6000,3500)","0","standard","I9";
;
CDS_LIB"standard"
HDL_POWER"GND_SIGNAL"
BODY_TYPE"PLUMBING";
"GND"6;
END.
