FILE_TYPE = CONNECTIVITY;
{Allegro Design Entry HDL 16.6-p007 (v16-6-112F) 10/10/2012}
"PAGE_NUMBER" = 99;
0"NC";
1"GND_SIGNAL\g";
2"GND_SIGNAL\g";
3"GND_SIGNAL\g";
4"GND_SIGNAL\g";
5"GND_SIGNAL\g";
6"GND_SIGNAL\g";
7"GND_SIGNAL\g";
8"GND_SIGNAL\g";
9"GND_SIGNAL\g";
10"GND_SIGNAL\g";
11"GND_SIGNAL\g";
12"GND_SIGNAL\g";
13"GND_SIGNAL\g";
14"GND_SIGNAL\g";
15"GND_SIGNAL\g";
16"GND_SIGNAL\g";
17"GND_SIGNAL\g";
18"GND_SIGNAL\g";
19"GND_SIGNAL\g";
20"GND_SIGNAL\g";
21"GND_SIGNAL\g";
22"GND_SIGNAL\g";
23"GND_SIGNAL\g";
24"A7_USBHUB_PSELF";
25"A7_USBHUB_PGANG";
26"A7_USBHUB_RREF";
27"A7_USBHUB_TEST";
28"A7_USBPHY_DATA_P";
29"A7_USBPHY_DATA_N";
30"A7_USBHUB_PWREN3_R_N";
31"A7_USBHUB_PAMBER4";
32"A7_USBHUB_PWREN4_R_N";
33"A7_USBHUB_PWREN4_N";
34"A7_USBHUB_OVCUR4_N";
35"V_A7_5V0_USBHUB_VBUS4";
36"V_A7_5V0_USBHUB3";
37"V_A7_5V0_USBHUB_VBUS3";
38"A7_USBHUB_PWREN3_N";
39"A7_USBHUB_OVCUR3_N";
40"A7_USBHUB_PWREN2_N";
41"A7_USBHUB_OVCUR2_N";
42"V_A7_5V0_USBHUB_VBUS2";
43"V_A7_5V0_USBHUB2";
44"V_A7_5V0_USBHUB_VBUS1";
45"A7_USBHUB_PWREN1_N";
46"A7_USBHUB_OVCUR1_N";
47"V_A7_3V3";
48"V_A7_3V3_USBHUB_DVDD";
49"V_A7_3V3_USBHUB_AVDD";
50"A7_USBHUB_PGREEN4";
51"A7_USBHUB_OVCUR4_R_N";
52"A7_USBHUB_DATA4_N";
53"A7_USBHUB_DATA4_P";
54"A7_USBHUB_PGREEN3";
55"A7_USBHUB_PAMBER3";
56"A7_USBHUB_OVCUR3_R_N";
57"A7_USBHUB_DATA3_P";
58"A7_USBHUB_PWREN2_R_N";
59"A7_USBHUB_RESET_N";
60"A7_USBHUB_PAMBER3";
61"A7_USBHUB_PAMBER4";
62"A7_USBHUB_PAMBER2";
63"A7_USBHUB_PGANG";
64"V_A7_USBHUB_DVDD";
65"V_A7_3V3_USBHUB_LDOOUT";
66"V_A7_3V3_USBHUB_AVDD";
67"V_A7_5V0_USBHUB_VBUS1";
68"A7_USBHUB_DATA3_P";
69"A7_USBHUB_XTAL1";
70"A7_USBHUB_DATA4_P";
71"A7_USBHUB_DATA4_N";
72"A7_USBHUB_PGREEN1";
73"A7_USBHUB_PGREEN2";
74"A7_USBHUB_PGREEN3";
75"A7_USBHUB_PGREEN4";
76"V_A7_5V0_USBHUB_VBUS1";
77"A7_USBHUB_DATA1_N";
78"A7_USBHUB_PSELF";
79"A7_USBHUB_XTAL1";
80"A7_USBHUB_XTAL2";
81"A7_USBHUB_RESET_N";
82"V_A7_3V3_USBHUB_LDOOUT";
83"V_A7_5V0_USBHUB1";
84"V_A7_3V3_USBHUB_DVDD";
85"A7_USBHUB_PGREEN1";
86"A7_USBHUB_DATA1_N";
87"V_A7_3V3_USBHUB_LDOOUT";
88"V_A7_5V0_IN";
89"V_A7_3V3";
90"V_A7_5V0_IN";
91"V_A7_5V0_USBHUB3";
92"V_A7_5V0_USBHUB2";
93"V_A7_5V0_IN";
94"V_A7_3V3_USBHUB_LDOOUT";
95"A7_USBHUB_OVCUR2_R_N";
96"A7_USBHUB_PWREN1_R_N";
97"A7_USBHUB_OVCUR1_R_N";
98"A7_USBHUB_DATA2_P";
99"A7_USBHUB_PGREEN2";
100"A7_USBHUB_DATA3_N";
101"A7_USBHUB_DATA1_P";
102"A7_USBHUB_PAMBER2";
103"V_A7_5V0_USBHUB1";
104"A7_USBHUB_RREF";
105"A7_USBHUB_XTAL2";
106"A7_USBHUB_TEST";
107"V_A7_USBHUB_DVDD";
108"A7_USBHUB_PAMBER1";
109"V_A7_5V0_USBHUB_VBUS3";
110"V_A7_5V0_USBHUB_VBUS4";
111"V_A7_5V0_USBHUB_VBUS3";
112"V_A7_5V0_USBHUB_VBUS4";
113"A7_USBHUB_DATA3_N";
114"V_A7_5V0_USBHUB_VBUS2";
115"V_A7_5V0_USBHUB_VBUS2";
116"A7_USBHUB_DATA2_P";
117"A7_USBHUB_DATA2_N";
118"A7_USBHUB_DATA1_P";
119"UN$99$LEDS$I97$A";
120"UN$99$LEDS$I98$A";
121"UN$99$LEDS$I100$A";
122"UN$99$LEDS$I99$A";
123"A7_USBHUB_DATA2_N";
124"A7_USBHUB_PAMBER1";
%"GND_SIGNAL"
"1","(-10350,2400)","0","standard","I1";
;
CDS_LIB"standard"
HDL_POWER"GND_SIGNAL"
BODY_TYPE"PLUMBING";
"GND"23;
%"C"
"1","(-9000,1750)","0","capcitor","I10";
;
$LOCATION"?"
VALUE"0.1U"
CDS_LIB"capcitor"
CDS_LMAN_SYM_OUTLINE"-50,0,50,-50"
CODE"08070262";
"1"92;
"2"5;
%"LED_S"
"1","(-1350,7250)","2","diode","I100";
;
$LOCATION"?"
VALUE"HSMG-C170-B"
CDS_LIB"diode"
CDS_LMAN_SYM_OUTLINE"-150,50,50,-75"
CODE"15020063";
"A"121;
"B"22;
%"GND_SIGNAL"
"1","(-800,7350)","1","standard","I101";
;
CDS_LIB"standard"
HDL_POWER"GND_SIGNAL"
BODY_TYPE"PLUMBING";
"GND"22;
%"R"
"1","(-5550,5300)","0","resistor","I102";
;
$LOCATION"?"
VALUE"4.7K"
CDS_LIB"resistor"
CDS_LMAN_SYM_OUTLINE"-100,25,100,-25"
CODE"07090246";
"A"108;
"B"64;
%"R"
"1","(-5550,5200)","0","resistor","I103";
;
$LOCATION"?"
VALUE"1K"
CDS_LIB"resistor"
CDS_LMAN_SYM_OUTLINE"-100,25,100,-25"
CODE"07090277";
"A"108;
"B"15;
%"R"
"1","(-5550,5000)","0","resistor","I104";
;
$LOCATION"?"
VALUE"4.7K"
CDS_LIB"resistor"
CDS_LMAN_SYM_OUTLINE"-100,25,100,-25"
CODE"07090246";
"A"62;
"B"64;
%"R"
"1","(-5550,4900)","0","resistor","I105";
;
$LOCATION"?"
VALUE"1K"
CDS_LIB"resistor"
CDS_LMAN_SYM_OUTLINE"-100,25,100,-25"
CODE"07090277";
"A"62;
"B"15;
%"C"
"1","(-10150,2750)","0","capcitor","I11";
;
$LOCATION"?"
VALUE"0.1U"
CDS_LIB"capcitor"
CDS_LMAN_SYM_OUTLINE"-50,0,50,-50"
CODE"08070262";
"1"87;
"2"23;
%"LB"
"1","(-9100,3900)","0","inductor","I12";
;
$LOCATION"?"
VALUE"100MOHM"
CDS_LIB"inductor"
CDS_LMAN_SYM_OUTLINE"-125,50,125,0"
CODE"10070008";
"B"48;
"A"89;
%"LB"
"1","(-8350,2950)","0","inductor","I13";
;
$LOCATION"?"
VALUE"100MOHM"
CDS_LIB"inductor"
CDS_LMAN_SYM_OUTLINE"-125,50,125,0"
CODE"10070008";
"B"103;
"A"93;
%"GND_SIGNAL"
"1","(-8850,3300)","0","standard","I14";
;
CDS_LIB"standard"
HDL_POWER"GND_SIGNAL"
BODY_TYPE"PLUMBING";
"GND"21;
%"C"
"1","(-8800,3700)","0","capcitor","I15";
;
VALUE"0.1U"
$LOCATION"?"
CDS_LIB"capcitor"
CDS_LMAN_SYM_OUTLINE"-50,0,50,-50"
CODE"08070262";
"1"48;
"2"21;
%"C"
"1","(-8650,3700)","0","capcitor","I16";
;
$LOCATION"?"
VALUE"0.1U"
CDS_LIB"capcitor"
CDS_LMAN_SYM_OUTLINE"-50,0,50,-50"
CODE"08070262";
"1"48;
"2"21;
%"C"
"1","(-8500,3700)","0","capcitor","I17";
;
$LOCATION"?"
VALUE"0.1U"
CDS_LIB"capcitor"
CDS_LMAN_SYM_OUTLINE"-50,0,50,-50"
CODE"08070262";
"1"48;
"2"21;
%"C"
"1","(-8350,3700)","0","capcitor","I18";
;
$LOCATION"?"
VALUE"0.1U"
CDS_LIB"capcitor"
CDS_LMAN_SYM_OUTLINE"-50,0,50,-50"
CODE"08070262";
"1"48;
"2"21;
%"LB"
"1","(-9100,4100)","0","inductor","I19";
;
$LOCATION"?"
VALUE"100MOHM"
CDS_LIB"inductor"
CDS_LMAN_SYM_OUTLINE"-125,50,125,0"
CODE"10070008";
"B"48;
"A"94;
%"CP"
"1","(-10300,2750)","0","capcitor","I2";
;
$LOCATION"?"
VALUE"22U-10V"
CDS_LIB"capcitor"
CDS_LMAN_SYM_OUTLINE"-50,0,50,-50"
CODE"08020082";
"2"23;
"1"87;
%"GND_SIGNAL"
"1","(-9450,4500)","0","standard","I20";
;
CDS_LIB"standard"
HDL_POWER"GND_SIGNAL"
BODY_TYPE"PLUMBING";
"GND"20;
%"CP"
"1","(-9400,4900)","0","capcitor","I21";
;
VALUE"220U-10V"
$LOCATION"?"
CDS_LIB"capcitor"
CDS_LMAN_SYM_OUTLINE"-50,0,50,-50"
CODE"08020083";
"2"20;
"1"47;
%"LB"
"1","(-9100,5100)","0","inductor","I22";
;
$LOCATION"?"
VALUE"100MOHM"
CDS_LIB"inductor"
CDS_LMAN_SYM_OUTLINE"-125,50,125,0"
CODE"10070008";
"B"66;
"A"47;
%"LB"
"1","(-9100,5350)","0","inductor","I23";
;
$LOCATION"?"
VALUE"100MOHM"
CDS_LIB"inductor"
CDS_LMAN_SYM_OUTLINE"-125,50,125,0"
CODE"10070008";
"B"66;
"A"65;
%"C"
"1","(-8800,4900)","0","capcitor","I24";
;
$LOCATION"?"
VALUE"0.1U"
CDS_LIB"capcitor"
CDS_LMAN_SYM_OUTLINE"-50,0,50,-50"
CODE"08070262";
"1"66;
"2"20;
%"C"
"1","(-8650,4900)","0","capcitor","I25";
;
$LOCATION"?"
VALUE"0.1U"
CDS_LIB"capcitor"
CDS_LMAN_SYM_OUTLINE"-50,0,50,-50"
CODE"08070262";
"1"66;
"2"20;
%"C"
"1","(-8500,4900)","0","capcitor","I26";
;
$LOCATION"?"
VALUE"0.1U"
CDS_LIB"capcitor"
CDS_LMAN_SYM_OUTLINE"-50,0,50,-50"
CODE"08070262";
"1"66;
"2"20;
%"C"
"1","(-8350,4900)","0","capcitor","I27";
;
VALUE"0.1U"
$LOCATION"?"
CDS_LIB"capcitor"
CDS_LMAN_SYM_OUTLINE"-50,0,50,-50"
CODE"08070262";
"1"66;
"2"20;
%"GND_SIGNAL"
"1","(-9050,5750)","0","standard","I28";
;
CDS_LIB"standard"
BODY_TYPE"PLUMBING"
HDL_POWER"GND_SIGNAL";
"GND"19;
%"GL850G"
"1","(-8650,7400)","0","ic","I29";
;
$LOCATION"?"
VALUE"GL850G"
CDS_LIB"ic"
CDS_LMAN_SYM_OUTLINE"-250,125,250,-1525";
"PWREN4#"32;
"PGREEN4"50;
"PAMBER4"31;
"OVCUR4#"51;
"DM4"52;
"PWREN3#"30;
"PGREEN3"54;
"PAMBER3"55;
"OVCUR3#"56;
"DP4"53;
"DM3"100;
"DP3"57;
"PWREN2#"58;
"PGREEN2"99;
"PAMBER2"102;
"OVCUR2#"95;
"DM2"123;
"DP2"98;
"PWREN1#"96;
"PGREEN1"85;
"PAMBER1"124;
"OVCUR1#"97;
"DM1"86;
"DP1"101;
"AGND4"19;
"AGND3"19;
"AGND2"19;
"AGND1"19;
"AVDD5"49;
"AVDD4"49;
"AVDD3"49;
"AVDD2"49;
"AVDD1"49;
"DVDD4/SEL48"84;
"DVDD3/SEL27"84;
"DVDD2"84;
"DVDD1"84;
"V5"83;
"V33"82;
"DM0"29;
"DP0"28;
"TEST"27;
"RREF"26;
"PGANG"25;
"PSELF"24;
"RESET#"81;
"X2"80;
"X1"79;
%"LB"
"1","(-9500,1100)","0","inductor","I3";
;
$LOCATION"?"
VALUE"100MOHM"
CDS_LIB"inductor"
CDS_LMAN_SYM_OUTLINE"-125,50,125,0"
CODE"10070008";
"B"91;
"A"90;
%"C"
"1","(-8200,4900)","0","capcitor","I30";
;
VALUE"0.1U"
$LOCATION"?"
CDS_LIB"capcitor"
CDS_LMAN_SYM_OUTLINE"-50,0,50,-50"
CODE"08070262";
"1"66;
"2"20;
%"GND_SIGNAL"
"1","(-8050,2400)","0","standard","I31";
;
CDS_LIB"standard"
HDL_POWER"GND_SIGNAL"
BODY_TYPE"PLUMBING";
"GND"18;
%"CP"
"1","(-8000,2750)","0","capcitor","I32";
;
$LOCATION"?"
VALUE"22U-10V"
CDS_LIB"capcitor"
CDS_LMAN_SYM_OUTLINE"-50,0,50,-50"
CODE"08020082";
"2"18;
"1"103;
%"C"
"1","(-7850,2750)","0","capcitor","I33";
;
$LOCATION"?"
VALUE"0.1U"
CDS_LIB"capcitor"
CDS_LMAN_SYM_OUTLINE"-50,0,50,-50"
CODE"08070262";
"1"103;
"2"18;
%"CRYSTAL"
"1","(-5600,1350)","1","oscillator","I34";
;
$LOCATION"?"
VALUE"12.288MHZ"
CDS_LIB"oscillator"
CDS_LMAN_SYM_OUTLINE"50,100,225,-100"
CODE"92020120";
"A1"105;
"A2"69;
%"C"
"1","(-5100,1250)","1","capcitor","I35";
;
$LOCATION"?"
VALUE"22PF"
CDS_LIB"capcitor"
CDS_LMAN_SYM_OUTLINE"-50,0,50,-50"
CODE"98070510";
"1"105;
"2"17;
%"R"
"1","(-5250,1500)","1","resistor","I36";
;
$LOCATION"?"
VALUE"1M"
CDS_LIB"resistor"
CDS_LMAN_SYM_OUTLINE"-100,25,100,-25"
CODE"97090121";
"A"105;
"B"69;
%"C"
"1","(-5100,1750)","1","capcitor","I37";
;
$LOCATION"?"
VALUE"22PF"
CDS_LIB"capcitor"
CDS_LMAN_SYM_OUTLINE"-50,0,50,-50"
CODE"98070510";
"1"69;
"2"17;
%"GND_SIGNAL"
"1","(-4750,1450)","1","standard","I38";
;
CDS_LIB"standard"
BODY_TYPE"PLUMBING"
HDL_POWER"GND_SIGNAL";
"GND"17;
%"R"
"1","(-5650,2550)","0","resistor","I39";
;
$LOCATION"?"
VALUE"680"
CDS_LIB"resistor"
CDS_LMAN_SYM_OUTLINE"-100,25,100,-25"
CODE"07090483";
"A"104;
"B"16;
%"LB"
"1","(-9500,1950)","0","inductor","I4";
;
$LOCATION"?"
VALUE"100MOHM"
CDS_LIB"inductor"
CDS_LMAN_SYM_OUTLINE"-125,50,125,0"
CODE"10070008";
"B"92;
"A"88;
%"R"
"1","(-5650,2750)","0","resistor","I40";
;
$LOCATION"?"
VALUE"100K"
CDS_LIB"resistor"
CDS_LMAN_SYM_OUTLINE"-100,25,100,-25"
CODE"97090114";
"A"63;
"B"16;
%"R"
"1","(-5650,3050)","0","resistor","I41";
;
$LOCATION"?"
VALUE"1K"
CDS_LIB"resistor"
CDS_LMAN_SYM_OUTLINE"-100,25,100,-25"
CODE"07090277";
"A"106;
"B"16;
%"R"
"1","(-5650,2850)","0","resistor","I42";
;
$LOCATION"?"
VALUE"100K"
CDS_LIB"resistor"
CDS_LMAN_SYM_OUTLINE"-100,25,100,-25"
CODE"97090114";
"A"63;
"B"107;
%"GND_SIGNAL"
"1","(-5200,2350)","0","standard","I43";
;
CDS_LIB"standard"
HDL_POWER"GND_SIGNAL"
BODY_TYPE"PLUMBING";
"GND"16;
%"R"
"1","(-5650,3150)","0","resistor","I44";
;
$LOCATION"?"
VALUE"4.7K"
CDS_LIB"resistor"
CDS_LMAN_SYM_OUTLINE"-100,25,100,-25"
CODE"07090246";
"A"106;
"B"107;
%"R"
"1","(-5650,3450)","0","resistor","I45";
;
$LOCATION"?"
VALUE"4.7K"
CDS_LIB"resistor"
CDS_LMAN_SYM_OUTLINE"-100,25,100,-25"
CODE"07090246";
"A"78;
"B"107;
%"R"
"1","(-5650,3350)","0","resistor","I46";
;
$LOCATION"?"
VALUE"1K"
CDS_LIB"resistor"
CDS_LMAN_SYM_OUTLINE"-100,25,100,-25"
CODE"07090277";
"A"78;
"B"16;
%"R"
"1","(-5650,3700)","0","resistor","I47";
;
$LOCATION"?"
VALUE"4.7K"
CDS_LIB"resistor"
CDS_LMAN_SYM_OUTLINE"-100,25,100,-25"
CODE"07090246";
"A"59;
"B"107;
%"GND_SIGNAL"
"1","(-5100,4050)","0","standard","I48";
;
CDS_LIB"standard"
HDL_POWER"GND_SIGNAL"
BODY_TYPE"PLUMBING";
"GND"15;
%"R"
"1","(-6850,6100)","0","resistor","I49";
;
$LOCATION"?"
VALUE"0"
CDS_LIB"resistor"
CDS_LMAN_SYM_OUTLINE"-100,25,100,-25"
CODE"07090522";
"A"32;
"B"34;
%"GND_SIGNAL"
"1","(-9200,550)","0","standard","I5";
;
CDS_LIB"standard"
BODY_TYPE"PLUMBING"
HDL_POWER"GND_SIGNAL";
"GND"14;
%"R"
"1","(-6850,6250)","0","resistor","I50";
;
$LOCATION"?"
VALUE"0"
CDS_LIB"resistor"
CDS_LMAN_SYM_OUTLINE"-100,25,100,-25"
CODE"07090522";
"A"51;
"B"33;
%"R"
"1","(-6850,6450)","0","resistor","I51";
;
$LOCATION"?"
VALUE"0"
CDS_LIB"resistor"
CDS_LMAN_SYM_OUTLINE"-100,25,100,-25"
CODE"07090522";
"A"30;
"B"38;
%"R"
"1","(-6850,6600)","0","resistor","I52";
;
$LOCATION"?"
VALUE"0"
CDS_LIB"resistor"
CDS_LMAN_SYM_OUTLINE"-100,25,100,-25"
CODE"07090522";
"A"56;
"B"39;
%"R"
"1","(-6850,6950)","0","resistor","I53";
;
$LOCATION"?"
VALUE"0"
CDS_LIB"resistor"
CDS_LMAN_SYM_OUTLINE"-100,25,100,-25"
CODE"07090522";
"A"95;
"B"40;
%"R"
"1","(-6850,7150)","0","resistor","I54";
;
$LOCATION"?"
VALUE"0"
CDS_LIB"resistor"
CDS_LMAN_SYM_OUTLINE"-100,25,100,-25"
CODE"07090522";
"A"96;
"B"45;
%"R"
"1","(-6850,6800)","0","resistor","I55";
;
$LOCATION"?"
VALUE"0"
CDS_LIB"resistor"
CDS_LMAN_SYM_OUTLINE"-100,25,100,-25"
CODE"07090522";
"A"58;
"B"41;
%"R"
"1","(-6850,7300)","0","resistor","I56";
;
$LOCATION"?"
VALUE"0"
CDS_LIB"resistor"
CDS_LMAN_SYM_OUTLINE"-100,25,100,-25"
CODE"07090522";
"A"97;
"B"46;
%"R"
"1","(-5550,4300)","0","resistor","I57";
;
$LOCATION"?"
VALUE"1K"
CDS_LIB"resistor"
CDS_LMAN_SYM_OUTLINE"-100,25,100,-25"
CODE"07090277";
"A"61;
"B"15;
%"R"
"1","(-5550,4600)","0","resistor","I58";
;
$LOCATION"?"
VALUE"1K"
CDS_LIB"resistor"
CDS_LMAN_SYM_OUTLINE"-100,25,100,-25"
CODE"07090277";
"A"60;
"B"15;
%"R"
"1","(-5550,4400)","0","resistor","I59";
;
VALUE"4.7K"
$LOCATION"?"
CDS_LIB"resistor"
CDS_LMAN_SYM_OUTLINE"-100,25,100,-25"
CODE"07090246";
"A"61;
"B"64;
%"C"
"1","(-9150,900)","0","capcitor","I6";
;
$LOCATION"?"
VALUE"10UF"
CDS_LIB"capcitor"
CDS_LMAN_SYM_OUTLINE"-50,0,50,-50"
CODE"98070517";
"1"91;
"2"14;
%"R"
"1","(-5550,4700)","0","resistor","I60";
;
$LOCATION"?"
VALUE"4.7K"
CDS_LIB"resistor"
CDS_LMAN_SYM_OUTLINE"-100,25,100,-25"
CODE"07090246";
"A"60;
"B"64;
%"GND_SIGNAL"
"1","(-4850,6050)","2","standard","I61";
;
CDS_LIB"standard"
BODY_TYPE"PLUMBING"
HDL_POWER"GND_SIGNAL";
"GND"13;
%"LM3526"
"1","(-5200,6300)","0","power","I62";
;
VALUE"LM3526"
CDS_LIB"power"
$LOCATION"?"
CDS_LMAN_SYM_OUTLINE"-200,200,200,-150";
"FLAGA"39;
"ENA* \B"38;
"OUTA"37;
"IN"36;
"GND"13;
"OUTB"35;
"ENB* \B"34;
"FLAGB"33;
%"LM3526"
"1","(-5250,7100)","0","power","I63";
;
VALUE"LM3526"
CDS_LIB"power"
$LOCATION"?"
CDS_LMAN_SYM_OUTLINE"-200,200,200,-150";
"FLAGA"46;
"ENA* \B"45;
"OUTA"44;
"IN"43;
"GND"12;
"OUTB"42;
"ENB* \B"41;
"FLAGB"40;
%"GND_SIGNAL"
"1","(-4850,6850)","2","standard","I64";
;
CDS_LIB"standard"
HDL_POWER"GND_SIGNAL"
BODY_TYPE"PLUMBING";
"GND"12;
%"GND_SIGNAL"
"1","(-3100,1500)","0","standard","I65";
;
CDS_LIB"standard"
HDL_POWER"GND_SIGNAL"
BODY_TYPE"PLUMBING";
"GND"11;
%"CP"
"1","(-3050,1850)","0","capcitor","I66";
;
$LOCATION"?"
VALUE"100U-10V"
CDS_LIB"capcitor"
CDS_LMAN_SYM_OUTLINE"-50,0,50,-50"
CODE"08020091";
"2"11;
"1"109;
%"C"
"1","(-2850,1850)","0","capcitor","I67";
;
$LOCATION"?"
VALUE"0.1U"
CDS_LIB"capcitor"
CDS_LMAN_SYM_OUTLINE"-50,0,50,-50"
CODE"08070262";
"1"109;
"2"11;
%"GND_SIGNAL"
"1","(-2100,2350)","0","standard","I68";
;
CDS_LIB"standard"
HDL_POWER"GND_SIGNAL"
BODY_TYPE"PLUMBING";
"GND"10;
%"GND_SIGNAL"
"1","(-3100,3950)","0","standard","I69";
;
CDS_LIB"standard"
HDL_POWER"GND_SIGNAL"
BODY_TYPE"PLUMBING";
"GND"9;
%"C"
"1","(-9000,900)","0","capcitor","I7";
;
$LOCATION"?"
VALUE"0.1U"
CDS_LIB"capcitor"
CDS_LMAN_SYM_OUTLINE"-50,0,50,-50"
CODE"08070262";
"1"91;
"2"14;
%"GND_SIGNAL"
"1","(-1800,1500)","0","standard","I70";
;
CDS_LIB"standard"
HDL_POWER"GND_SIGNAL"
BODY_TYPE"PLUMBING";
"GND"8;
%"CP"
"1","(-1750,1850)","0","capcitor","I71";
;
$LOCATION"?"
VALUE"100U-10V"
CDS_LIB"capcitor"
CDS_LMAN_SYM_OUTLINE"-50,0,50,-50"
CODE"08020091";
"2"8;
"1"112;
%"C"
"1","(-1550,1850)","0","capcitor","I72";
;
$LOCATION"?"
VALUE"0.1U"
CDS_LIB"capcitor"
CDS_LMAN_SYM_OUTLINE"-50,0,50,-50"
CODE"08070262";
"1"112;
"2"8;
%"R"
"1","(-2050,2750)","1","resistor","I73";
;
$LOCATION"?"
VALUE"15K"
CDS_LIB"resistor"
CDS_LMAN_SYM_OUTLINE"-100,25,100,-25"
CODE"97090129";
"A"10;
"B"113;
%"R"
"1","(-2000,2750)","1","resistor","I74";
;
$LOCATION"?"
VALUE"15K"
CDS_LIB"resistor"
CDS_LMAN_SYM_OUTLINE"-100,25,100,-25"
CODE"97090129";
"A"10;
"B"68;
%"R"
"1","(-1850,2750)","1","resistor","I75";
;
$LOCATION"?"
VALUE"15K"
CDS_LIB"resistor"
CDS_LMAN_SYM_OUTLINE"-100,25,100,-25"
CODE"97090129";
"A"10;
"B"71;
%"R"
"1","(-1800,2750)","1","resistor","I76";
;
$LOCATION"?"
VALUE"15K"
CDS_LIB"resistor"
CDS_LMAN_SYM_OUTLINE"-100,25,100,-25"
CODE"97090129";
"A"10;
"B"70;
%"GND_SIGNAL"
"1","(-1650,2950)","7","standard","I77";
;
CDS_LIB"standard"
BODY_TYPE"PLUMBING"
HDL_POWER"GND_SIGNAL";
"GND"7;
%"USB_DUL"
"1","(-1150,3200)","0","connector","I78";
;
VALUE"USB_DUL"
CDS_LIB"connector"
NEEDS_NO_SIZE"TRUE";
"VBUS <0>"111;
"GND <0>"6;
"D+ <0>"68;
"D- <0>"113;
"D+ <1>"70;
"D- <1>"71;
"VBUS <1>"110;
"GND <1>"7;
%"GND_SIGNAL"
"1","(-1650,3250)","7","standard","I79";
;
CDS_LIB"standard"
BODY_TYPE"PLUMBING"
HDL_POWER"GND_SIGNAL";
"GND"6;
%"GND_SIGNAL"
"1","(-9200,1400)","0","standard","I8";
;
CDS_LIB"standard"
HDL_POWER"GND_SIGNAL"
BODY_TYPE"PLUMBING";
"GND"5;
%"GND_SIGNAL"
"1","(-1800,3950)","0","standard","I80";
;
CDS_LIB"standard"
HDL_POWER"GND_SIGNAL"
BODY_TYPE"PLUMBING";
"GND"4;
%"CP"
"1","(-3050,4300)","0","capcitor","I81";
;
$LOCATION"?"
VALUE"100U-10V"
CDS_LIB"capcitor"
CDS_LMAN_SYM_OUTLINE"-50,0,50,-50"
CODE"08020091";
"2"9;
"1"67;
%"C"
"1","(-2850,4300)","0","capcitor","I82";
;
$LOCATION"?"
VALUE"0.1U"
CDS_LIB"capcitor"
CDS_LMAN_SYM_OUTLINE"-50,0,50,-50"
CODE"08070262";
"1"67;
"2"9;
%"GND_SIGNAL"
"1","(-2100,4800)","0","standard","I83";
;
CDS_LIB"standard"
HDL_POWER"GND_SIGNAL"
BODY_TYPE"PLUMBING";
"GND"3;
%"R"
"1","(-1900,7400)","0","resistor","I84";
;
$LOCATION"?"
VALUE"330"
CDS_LIB"resistor"
CDS_LMAN_SYM_OUTLINE"-100,25,100,-25"
CODE"07090387";
"A"72;
"B"122;
%"R"
"1","(-1900,7250)","0","resistor","I85";
;
$LOCATION"?"
VALUE"330"
CDS_LIB"resistor"
CDS_LMAN_SYM_OUTLINE"-100,25,100,-25"
CODE"07090387";
"A"73;
"B"121;
%"R"
"1","(-1900,7100)","0","resistor","I86";
;
$LOCATION"?"
VALUE"330"
CDS_LIB"resistor"
CDS_LMAN_SYM_OUTLINE"-100,25,100,-25"
CODE"07090387";
"A"74;
"B"120;
%"R"
"1","(-1900,6950)","0","resistor","I87";
;
$LOCATION"?"
VALUE"330"
CDS_LIB"resistor"
CDS_LMAN_SYM_OUTLINE"-100,25,100,-25"
CODE"07090387";
"A"75;
"B"119;
%"CP"
"1","(-1750,4300)","0","capcitor","I88";
;
$LOCATION"?"
VALUE"100U-10V"
CDS_LIB"capcitor"
CDS_LMAN_SYM_OUTLINE"-50,0,50,-50"
CODE"08020091";
"2"4;
"1"115;
%"R"
"1","(-2050,5200)","1","resistor","I89";
;
$LOCATION"?"
VALUE"15K"
CDS_LIB"resistor"
CDS_LMAN_SYM_OUTLINE"-100,25,100,-25"
CODE"97090129";
"A"3;
"B"77;
%"C"
"1","(-9150,1750)","0","capcitor","I9";
;
$LOCATION"?"
VALUE"10UF"
CDS_LIB"capcitor"
CDS_LMAN_SYM_OUTLINE"-50,0,50,-50"
CODE"98070517";
"1"92;
"2"5;
%"R"
"1","(-2000,5200)","1","resistor","I90";
;
$LOCATION"?"
VALUE"15K"
CDS_LIB"resistor"
CDS_LMAN_SYM_OUTLINE"-100,25,100,-25"
CODE"97090129";
"A"3;
"B"118;
%"R"
"1","(-1850,5200)","1","resistor","I91";
;
$LOCATION"?"
VALUE"15K"
CDS_LIB"resistor"
CDS_LMAN_SYM_OUTLINE"-100,25,100,-25"
CODE"97090129";
"A"3;
"B"117;
%"R"
"1","(-1800,5200)","1","resistor","I92";
;
$LOCATION"?"
VALUE"15K"
CDS_LIB"resistor"
CDS_LMAN_SYM_OUTLINE"-100,25,100,-25"
CODE"97090129";
"A"3;
"B"116;
%"C"
"1","(-1550,4300)","0","capcitor","I93";
;
$LOCATION"?"
VALUE"0.1U"
CDS_LIB"capcitor"
CDS_LMAN_SYM_OUTLINE"-50,0,50,-50"
CODE"08070262";
"1"115;
"2"4;
%"GND_SIGNAL"
"1","(-1650,5400)","7","standard","I94";
;
CDS_LIB"standard"
BODY_TYPE"PLUMBING"
HDL_POWER"GND_SIGNAL";
"GND"2;
%"GND_SIGNAL"
"1","(-1650,5700)","7","standard","I95";
;
CDS_LIB"standard"
BODY_TYPE"PLUMBING"
HDL_POWER"GND_SIGNAL";
"GND"1;
%"USB_DUL"
"1","(-1150,5650)","0","connector","I96";
;
VALUE"USB_DUL"
CDS_LIB"connector"
NEEDS_NO_SIZE"TRUE";
"VBUS <0>"76;
"GND <0>"1;
"D+ <0>"118;
"D- <0>"77;
"D+ <1>"116;
"D- <1>"117;
"VBUS <1>"114;
"GND <1>"2;
%"LED_S"
"1","(-1350,6950)","2","diode","I97";
;
$LOCATION"?"
VALUE"HSMG-C170-B"
CDS_LIB"diode"
CDS_LMAN_SYM_OUTLINE"-150,50,50,-75"
CODE"15020063";
"A"119;
"B"22;
%"LED_S"
"1","(-1350,7100)","2","diode","I98";
;
$LOCATION"?"
VALUE"HSMG-C170-B"
CDS_LIB"diode"
CDS_LMAN_SYM_OUTLINE"-150,50,50,-75"
CODE"15020063";
"A"120;
"B"22;
%"LED_S"
"1","(-1350,7400)","2","diode","I99";
;
$LOCATION"?"
VALUE"HSMG-C170-B"
CDS_LIB"diode"
CDS_LMAN_SYM_OUTLINE"-150,50,50,-75"
CODE"15020063";
"A"122;
"B"22;
END.
