FILE_TYPE = CONNECTIVITY;
{Allegro Design Entry HDL 16.6-p007 (v16-6-112F) 10/10/2012}
"PAGE_NUMBER" = 93;
0"NC";
1"Z7_HDMI_DATA1_R_N";
2"Z7_HDMI_DATA2_R_P";
3"Z7_HDMI_DATA2_R_N";
4"Z7_HDMI_SCL_Q";
5"Z7_HDMI_SDA_Q";
6"Z7_HDMI_CEC";
7"Z7_SFP_SCL";
8"Z7_SFP_SDA";
9"Z7_SFP_MOD_ABS";
10"Z7_SFP_RX_LOS";
11"Z7_SFP_TX_DISABLE";
12"Z7_SFP_TX_FAULT";
13"Z7_SFP_RS0";
14"Z7_SFP_RS1";
15"CLK_Z7_PL_74M25_HDMI";
16"Z7_HDMI_CLK_R_P";
17"Z7_HDMI_CLK_R_N";
18"Z7_S6_PL_DATA14";
19"Z7_S6_PL_DATA13";
20"Z7_S6_PL_DATA12";
21"Z7_S6_PL_DATA11";
22"Z7_S6_PL_DATA10";
23"Z7_S6_PL_DATA9";
24"Z7_S6_PL_DATA8";
25"Z7_S6_PL_DATA7";
26"Z7_S6_PL_DATA6";
27"Z7_S6_PL_DATA5";
28"Z7_S6_PL_DATA4";
29"Z7_S6_PL_DATA3";
30"Z7_S6_PL_DATA2";
31"Z7_S6_PL_DATA1";
32"Z7_S6_PL_DATA0";
33"CLK_Z7_PL_50M_MAIN";
34"Z7_S6_PL_DATA15";
35"Z7_HDMI_DATA1_R_P";
36"Z7_HDMI_HP";
37"Z7_HDMI_DATA0_R_P";
38"Z7_HDMI_DATA0_R_N";
%"XC7Z015_1CLG485C"
"4","(-6250,4250)","0","ic","I1";
;
VALUE"XC7Z015_1CLG485C"
CDS_LIB"ic"
CDS_LMAN_SYM_OUTLINE"-125,1250,1100,-100";
"H5"0;
"G1"0;
"H1"0;
"F1"0;
"F2"0;
"G2"0;
"G3"18;
"E3"19;
"E4"20;
"F4"21;
"G4"22;
"H3"23;
"H4"24;
"B1"25;
"B2"26;
"D2"27;
"E2"28;
"C1"29;
"D1"30;
"A1"31;
"A2"32;
"C3"0;
"D3"34;
"B3"0;
"B4"33;
"C4"17;
"D5"16;
"C5"0;
"C6"15;
"A4"0;
"A5"0;
"A6"0;
"A7"14;
"B6"13;
"B7"12;
"B8"11;
"C8"10;
"F6"9;
"G6"8;
"E5"7;
"F5"6;
"G7"5;
"G8"4;
"D8"3;
"E8"2;
"D6"1;
"D7"35;
"E7"38;
"F7"37;
"H6"36;
END.
