FILE_TYPE = CONNECTIVITY;
{Allegro Design Entry HDL 16.6-p007 (v16-6-112F) 10/10/2012}
"PAGE_NUMBER" = 71;
0"NC";
1"Z7_SFP_RS1";
2"V_Z7_3V3";
3"GND_SIGNAL\g";
4"V_Z7_3V3_SFP_VCCT";
5"GND_SIGNAL\g";
6"V_Z7_3V3_SFP_VCCR";
7"V_Z7_3V3";
8"Z7_SFP_RS0";
9"GND_SIGNAL\g";
10"GND_SIGNAL\g";
11"V_Z7_3V3_SFP_VCCT";
12"Z7_SFP_TX_FAULT";
13"Z7_SFP_TX_DISABLE";
14"Z7_SFP_MOD_ABS";
15"V_Z7_3V3_SFP_VCCR";
16"Z7_SFP_RX_LOS";
17"Z7_SFP_SDA";
18"Z7_SFP_SCL";
19"V_Z7_3V3_SFP_VCCT";
20"V_Z7_3V3_SFP_VCCR";
21"GND_SIGNAL\g";
22"GND_SIGNAL\g";
23"Z7_SFP_SIN_P";
24"Z7_SFP_SIN_N";
25"Z7_SFP_TX_FAULT";
26"Z7_SFP_TX_DISABLE";
27"Z7_SFP_SDA";
28"Z7_SFP_SCL";
29"Z7_SFP_MOD_ABS";
30"Z7_SFP_RS0";
31"Z7_SFP_RX_LOS";
32"Z7_SFP_RS1";
33"V_Z7_3V3_SFP_VCCR";
34"V_Z7_3V3_SFP_VCCT";
35"Z7_SFP_SOUT_P";
36"Z7_SFP_SOUT_N";
%"R"
"1","(-8150,2000)","1","resistor","I1";
;
VALUE"4.7K"
CODE"07090246"
CDS_LIB"resistor"
$LOCATION"?"
CDS_LMAN_SYM_OUTLINE"-100,25,100,-25";
"A"18;
"B"15;
%"R"
"1","(-6000,3850)","1","resistor","I10";
;
VALUE"0"
CODE"07090522"
CDS_LIB"resistor"
$LOCATION"?"
CDS_LMAN_SYM_OUTLINE"-100,25,100,-25";
"A"10;
"B"1;
%"R"
"1","(-8000,4400)","1","resistor","I11";
;
VALUE"4.7K"
CODE"07090246"
CDS_LIB"resistor"
$LOCATION"?"
CDS_LMAN_SYM_OUTLINE"-100,25,100,-25";
"A"8;
"B"20;
%"GND_SIGNAL"
"1","(-6750,5300)","0","standard","I12";
;
BODY_TYPE"PLUMBING"
HDL_POWER"GND_SIGNAL"
CDS_LIB"standard";
"GND"22;
%"R"
"1","(-6000,4400)","1","resistor","I13";
;
VALUE"4.7K"
CODE"07090246"
CDS_LIB"resistor"
$LOCATION"?"
CDS_LMAN_SYM_OUTLINE"-100,25,100,-25";
"A"1;
"B"19;
%"GND_SIGNAL"
"1","(-2600,3200)","0","standard","I14";
;
HDL_POWER"GND_SIGNAL"
BODY_TYPE"PLUMBING"
CDS_LIB"standard";
"GND"5;
%"LB"
"1","(-2850,3750)","0","inductor","I15";
;
VALUE"100MOHM"
CODE"10070008"
CDS_LIB"inductor"
$LOCATION"?"
CDS_LMAN_SYM_OUTLINE"-125,50,125,0";
"B"6;
"A"7;
%"C"
"1","(-2550,3550)","0","capcitor","I16";
;
VALUE"10UF"
CODE"08070898"
CDS_LIB"capcitor"
$LOCATION"?"
CDS_LMAN_SYM_OUTLINE"-50,0,50,-50";
"1"6;
"2"5;
%"GND_SIGNAL"
"1","(-2600,4100)","0","standard","I17";
;
BODY_TYPE"PLUMBING"
HDL_POWER"GND_SIGNAL"
CDS_LIB"standard";
"GND"3;
%"LB"
"1","(-2850,4650)","0","inductor","I18";
;
VALUE"100MOHM"
CODE"10070008"
CDS_LIB"inductor"
$LOCATION"?"
CDS_LMAN_SYM_OUTLINE"-125,50,125,0";
"B"4;
"A"2;
%"C"
"1","(-2550,4450)","0","capcitor","I19";
;
VALUE"10UF"
CODE"08070898"
CDS_LIB"capcitor"
$LOCATION"?"
CDS_LMAN_SYM_OUTLINE"-50,0,50,-50";
"1"4;
"2"3;
%"R"
"1","(-7950,2000)","1","resistor","I2";
;
VALUE"4.7K"
CODE"07090246"
CDS_LIB"resistor"
$LOCATION"?"
CDS_LMAN_SYM_OUTLINE"-100,25,100,-25";
"A"17;
"B"15;
%"C"
"1","(-2300,4450)","0","capcitor","I20";
;
VALUE"0.1U"
CODE"08070262"
CDS_LIB"capcitor"
$LOCATION"?"
CDS_LMAN_SYM_OUTLINE"-50,0,50,-50";
"1"4;
"2"3;
%"GND_SIGNAL"
"1","(-2950,5450)","0","standard","I21";
;
HDL_POWER"GND_SIGNAL"
BODY_TYPE"PLUMBING"
CDS_LIB"standard";
"GND"21;
%"SFP_CAGE"
"1","(-2650,6150)","0","connector","I22";
;
CDS_LIB"connector"
CDS_LMAN_SYM_OUTLINE"-125,500,125,-550";
"20"21;
"19"21;
"18"21;
"17"21;
"16"21;
"15"21;
"14"21;
"13"21;
"12"21;
"11"21;
"10"21;
"9"21;
"8"21;
"7"21;
"6"21;
"5"21;
"4"21;
"3"21;
"2"21;
"1"21;
%"C"
"1","(-2300,3550)","0","capcitor","I23";
;
VALUE"0.1U"
CODE"08070262"
CDS_LIB"capcitor"
$LOCATION"?"
CDS_LMAN_SYM_OUTLINE"-50,0,50,-50";
"1"6;
"2"5;
%"SFP_CONN"
"1","(-7100,6150)","0","connector","I24";
;
CDS_LIB"connector"
CDS_LMAN_SYM_OUTLINE"-125,500,250,-775";
"20"22;
"19"36;
"18"35;
"17"22;
"16"34;
"15"33;
"14"22;
"13"23;
"12"24;
"11"22;
"10"22;
"9"32;
"8"31;
"7"30;
"6"29;
"5"28;
"4"27;
"3"26;
"2"25;
"1"22;
%"R"
"1","(-7750,2000)","1","resistor","I3";
;
VALUE"4.7K"
CODE"07090246"
CDS_LIB"resistor"
$LOCATION"?"
CDS_LMAN_SYM_OUTLINE"-100,25,100,-25";
"A"16;
"B"15;
%"GND_SIGNAL"
"1","(-8050,3500)","0","standard","I4";
;
BODY_TYPE"PLUMBING"
HDL_POWER"GND_SIGNAL"
CDS_LIB"standard";
"GND"9;
%"R"
"1","(-8000,3850)","1","resistor","I5";
;
VALUE"0"
CODE"07090522"
CDS_LIB"resistor"
$LOCATION"?"
CDS_LMAN_SYM_OUTLINE"-100,25,100,-25";
"A"9;
"B"8;
%"R"
"1","(-6000,2000)","1","resistor","I6";
;
VALUE"4.7K"
CODE"07090246"
CDS_LIB"resistor"
$LOCATION"?"
CDS_LMAN_SYM_OUTLINE"-100,25,100,-25";
"A"14;
"B"11;
%"R"
"1","(-5800,2000)","1","resistor","I7";
;
VALUE"4.7K"
CODE"07090246"
CDS_LIB"resistor"
$LOCATION"?"
CDS_LMAN_SYM_OUTLINE"-100,25,100,-25";
"A"13;
"B"11;
%"R"
"1","(-5600,2000)","1","resistor","I8";
;
VALUE"4.7K"
CODE"07090246"
CDS_LIB"resistor"
$LOCATION"?"
CDS_LMAN_SYM_OUTLINE"-100,25,100,-25";
"A"12;
"B"11;
%"GND_SIGNAL"
"1","(-6050,3500)","0","standard","I9";
;
BODY_TYPE"PLUMBING"
HDL_POWER"GND_SIGNAL"
CDS_LIB"standard";
"GND"10;
END.
