FILE_TYPE = CONNECTIVITY;
{Allegro Design Entry HDL 16.6-p007 (v16-6-112F) 10/10/2012}
"PAGE_NUMBER" = 77;
0"NC";
1"GND_SIGNAL\g";
2"GND_SIGNAL\g";
3"GND_SIGNAL\g";
4"Z7_PS_EMMC_CLK";
5"Z7_PS_EMMC_CMD";
6"Z7_PS_EMMC_RESET_N";
7"Z7_PS_EMMC_DATA7";
8"Z7_PS_EMMC_DATA6";
9"Z7_PS_EMMC_DATA5";
10"Z7_PS_EMMC_DATA4";
11"Z7_PS_EMMC_DATA3";
12"Z7_PS_EMMC_DATA2";
13"Z7_PS_EMMC_DATA1";
14"Z7_PS_EMMC_DATA0";
15"Z7_PS_EMMC_RESET_N";
16"V_Z7_PS_3V3_EMMC";
17"V_Z7_3V3";
18"V_Z7_PS_3V3_EMMC";
19"UN$77$C$I11$1";
20"V_Z7_PS_3V3_EMMC";
21"V_Z7_PS_3V3_EMMC";
%"MTFC8GACAAAM-1M"
"1","(-7500,5600)","0","ic","I1";
;
CDS_LMAN_SYM_OUTLINE"-125,275,225,-500"
CDS_LIB"ic";
"M6"4;
"M5"5;
"K5"6;
"B6"7;
"B5"8;
"B4"9;
"B3"10;
"B2"11;
"A5"12;
"A4"13;
"A3"14;
%"GND_SIGNAL"
"1","(-3800,4650)","0","standard","I10";
;
HDL_POWER"GND_SIGNAL"
BODY_TYPE"PLUMBING"
CDS_LIB"standard";
"GND"1;
%"C"
"1","(-4700,4450)","0","capcitor","I11";
;
CDS_LMAN_SYM_OUTLINE"-50,0,50,-50"
$LOCATION"?"
CDS_LIB"capcitor"
CODE"08070262"
VALUE"0.1U";
"1"19;
"2"2;
%"C"
"1","(-4550,4450)","0","capcitor","I12";
;
CDS_LMAN_SYM_OUTLINE"-50,0,50,-50"
$LOCATION"?"
CDS_LIB"capcitor"
CODE"08070403"
VALUE"1U-10V";
"1"19;
"2"2;
%"GND_SIGNAL"
"1","(-4750,4050)","0","standard","I13";
;
BODY_TYPE"PLUMBING"
HDL_POWER"GND_SIGNAL"
CDS_LIB"standard";
"GND"2;
%"R"
"1","(-7200,4350)","0","resistor","I14";
;
CDS_LMAN_SYM_OUTLINE"-100,25,100,-25"
$LOCATION"?"
CDS_LIB"resistor"
CODE"07090247"
VALUE"10K";
"A"15;
"B"16;
%"MTFC8GACAAAM-1M"
"2","(-4150,5000)","0","ic","I2";
;
CDS_LMAN_SYM_OUTLINE"-125,900,225,-900"
CDS_LIB"ic";
"P10"0;
"P7"0;
"P6"1;
"P5"20;
"P4"1;
"P3"20;
"N5"1;
"N4"20;
"N2"1;
"M4"20;
"K10"0;
"K9"21;
"K8"1;
"K7"0;
"K6"0;
"J10"21;
"J5"0;
"H10"1;
"H5"0;
"G10"0;
"G5"1;
"G3"0;
"F10"0;
"F5"21;
"E10"0;
"E9"0;
"E8"0;
"E7"1;
"E6"21;
"E5"0;
"C6"20;
"C5"0;
"C4"1;
"C2"19;
"A7"0;
"A6"0;
%"MTFC8GACAAAM-1M"
"3","(-1750,3300)","0","ic","I3";
;
CDS_LMAN_SYM_OUTLINE"-125,2575,300,-125"
CDS_LIB"ic";
"P14"0;
"P13"0;
"P12"0;
"P11"0;
"P9"0;
"P8"0;
"P2"0;
"P1"0;
"N14"0;
"N13"0;
"N12"0;
"N11"0;
"N10"0;
"N9"0;
"N8"0;
"N7"0;
"N6"0;
"N3"0;
"N1"0;
"M14"0;
"M13"0;
"M12"0;
"M11"0;
"M10"0;
"M9"0;
"M8"0;
"M7"0;
"M3"0;
"M2"0;
"M1"0;
"L14"0;
"L13"0;
"L12"0;
"L3"0;
"L2"0;
"L1"0;
"K14"0;
"K13"0;
"K12"0;
"K3"0;
"K2"0;
"K1"0;
"J14"0;
"J13"0;
"J12"0;
"J3"0;
"J2"0;
"J1"0;
"H14"0;
"H13"0;
"H12"0;
"H3"0;
"H2"0;
"H1"0;
"G14"0;
"G13"0;
"G12"0;
"G2"0;
"G1"0;
"F14"0;
"F13"0;
"F12"0;
"F3"0;
"F2"0;
"F1"0;
"E14"0;
"E13"0;
"E12"0;
"E3"0;
"E2"0;
"E1"0;
"D14"0;
"D13"0;
"D12"0;
"D4"0;
"D3"0;
"D2"0;
"D1"0;
"C14"0;
"C13"0;
"C12"0;
"C11"0;
"C10"0;
"C9"0;
"C8"0;
"C7"0;
"C3"0;
"C1"0;
"B14"0;
"B13"0;
"B12"0;
"B11"0;
"B10"0;
"B9"0;
"B8"0;
"B7"0;
"B1"0;
"A14"0;
"A13"0;
"A12"0;
"A11"0;
"A10"0;
"A9"0;
"A8"0;
"A2"0;
"A1"0;
%"C"
"1","(-4100,2500)","0","capcitor","I4";
;
CDS_LMAN_SYM_OUTLINE"-50,0,50,-50"
$LOCATION"?"
CDS_LIB"capcitor"
CODE"08070262"
VALUE"0.1U";
"1"18;
"2"3;
%"C"
"1","(-4250,2500)","0","capcitor","I5";
;
CDS_LMAN_SYM_OUTLINE"-50,0,50,-50"
$LOCATION"?"
CDS_LIB"capcitor"
CODE"08070262"
VALUE"0.1U";
"1"18;
"2"3;
%"C"
"1","(-4400,2500)","0","capcitor","I6";
;
CDS_LMAN_SYM_OUTLINE"-50,0,50,-50"
$LOCATION"?"
CDS_LIB"capcitor"
CODE"08070262"
VALUE"0.1U";
"1"18;
"2"3;
%"C"
"1","(-4550,2500)","0","capcitor","I7";
;
CDS_LMAN_SYM_OUTLINE"-50,0,50,-50"
$LOCATION"?"
CDS_LIB"capcitor"
CODE"08070262"
VALUE"0.1U";
"1"18;
"2"3;
%"LB"
"1","(-5000,2700)","0","inductor","I8";
;
CDS_LMAN_SYM_OUTLINE"-125,50,125,0"
$LOCATION"?"
CDS_LIB"inductor"
CODE"10070008"
VALUE"100MOHM";
"B"18;
"A"17;
%"GND_SIGNAL"
"1","(-4600,2050)","0","standard","I9";
;
BODY_TYPE"PLUMBING"
HDL_POWER"GND_SIGNAL"
CDS_LIB"standard";
"GND"3;
END.
