FILE_TYPE = CONNECTIVITY;
{Allegro Design Entry HDL 16.6-p007 (v16-6-112F) 10/10/2012}
"PAGE_NUMBER" = 4;
0"NC";
1"GND_SIGNAL\g";
2"GND_SIGNAL\g";
3"GND_SIGNAL\g";
4"GND_SIGNAL\g";
5"V_S7_3V3";
6"V_S7_1V35_SW";
7"V_S7_5V0_IN";
8"UN$4$C$I7$2";
9"V_S7_1V35_R";
10"UN$4$R$I4$A";
11"V_S7_1V35";
%"NCP1529"
"1","(-4400,4650)","0","power","I1";
;
CDS_LIB"power"
CDS_LMAN_SYM_OUTLINE"-200,150,175,-375";
"5"8;
"4"7;
"3"6;
"2"4;
"1"5;
%"C"
"1","(-5300,4600)","1","capcitor","I10";
;
$LOCATION"?"
VALUE"10UF"
CODE"08070898"
CDS_LIB"capcitor"
CDS_LMAN_SYM_OUTLINE"-50,0,50,-50";
"1"1;
"2"7;
%"C"
"1","(-5300,4500)","1","capcitor","I11";
;
$LOCATION"?"
VALUE"0.1U"
CDS_LMAN_SYM_OUTLINE"-50,0,50,-50"
CDS_LIB"capcitor"
CODE"08070262";
"1"1;
"2"7;
%"GND_SIGNAL"
"1","(-4050,3450)","0","standard","I12";
;
BODY_TYPE"PLUMBING"
HDL_POWER"GND_SIGNAL"
CDS_LIB"standard";
"GND"4;
%"GND_SIGNAL"
"1","(-2400,3400)","0","standard","I13";
;
CDS_LIB"standard"
HDL_POWER"GND_SIGNAL"
BODY_TYPE"PLUMBING";
"GND"3;
%"R"
"1","(-5050,4000)","1","resistor","I14";
;
VALUE"1M"
$LOCATION"?"
CODE"97090121"
CDS_LIB"resistor"
CDS_LMAN_SYM_OUTLINE"-100,25,100,-25";
"A"2;
"B"5;
%"GND_SIGNAL"
"1","(-5100,3450)","0","standard","I15";
;
CDS_LIB"standard"
BODY_TYPE"PLUMBING"
HDL_POWER"GND_SIGNAL";
"GND"2;
%"GND_SIGNAL"
"1","(-5700,4450)","7","standard","I17";
;
CDS_LIB"standard"
HDL_POWER"GND_SIGNAL"
BODY_TYPE"PLUMBING";
"GND"1;
%"R"
"1","(-1950,5200)","0","resistor","I18";
;
VALUE"0.27"
$LOCATION"?"
CODE"07090922"
CDS_LIB"resistor"
CDS_LMAN_SYM_OUTLINE"-100,25,100,-25";
"A"9;
"B"11;
%"R"
"1","(-1950,5250)","0","resistor","I19";
;
VALUE"0.27"
$LOCATION"?"
CODE"07090922"
CDS_LIB"resistor"
CDS_LMAN_SYM_OUTLINE"-100,25,100,-25";
"A"9;
"B"11;
%"L"
"1","(-3450,5200)","0","inductor","I2";
;
VALUE"2.2UH"
$LOCATION"?"
CODE"10031009"
CDS_LIB"inductor"
CDS_LMAN_SYM_OUTLINE"-125,50,125,0";
"A"6;
"B"9;
%"R"
"1","(-3100,4100)","1","resistor","I4";
;
VALUE"392K"
$LOCATION"?"
CODE"07090584"
CDS_LIB"resistor"
CDS_LMAN_SYM_OUTLINE"-100,25,100,-25";
"A"10;
"B"8;
%"R"
"1","(-3450,3750)","0","resistor","I5";
;
VALUE"100K-1%"
$LOCATION"?"
CODE"07092148"
CDS_LIB"resistor"
CDS_LMAN_SYM_OUTLINE"-100,25,100,-25";
"A"4;
"B"10;
%"R"
"1","(-3100,4850)","1","resistor","I6";
;
VALUE"392K"
$LOCATION"?"
CODE"07090584"
CDS_LIB"resistor"
CDS_LMAN_SYM_OUTLINE"-100,25,100,-25";
"A"8;
"B"9;
%"C"
"1","(-2850,4900)","0","capcitor","I7";
;
VALUE"18PF"
$LOCATION"?"
CODE"98070523"
CDS_LIB"capcitor"
CDS_LMAN_SYM_OUTLINE"-50,0,50,-50";
"1"9;
"2"8;
%"C"
"1","(-2550,4500)","0","capcitor","I8";
;
VALUE"10UF"
$LOCATION"?"
CODE"08070898"
CDS_LIB"capcitor"
CDS_LMAN_SYM_OUTLINE"-50,0,50,-50";
"1"9;
"2"3;
%"C"
"1","(-2350,4500)","0","capcitor","I9";
;
VALUE"0.1U"
$LOCATION"?"
CODE"08070262"
CDS_LIB"capcitor"
CDS_LMAN_SYM_OUTLINE"-50,0,50,-50";
"1"9;
"2"3;
END.
