FILE_TYPE = CONNECTIVITY;
{Allegro Design Entry HDL 16.6-p007 (v16-6-112F) 10/10/2012}
"PAGE_NUMBER" = 5;
0"NC";
1"GND_SIGNAL\g";
2"GND_SIGNAL\g";
3"GND_SIGNAL\g";
4"GND_SIGNAL\g";
5"GND_SIGNAL\g";
6"GND_SIGNAL\g";
7"GND_SIGNAL\g";
8"V_S7_1V8_7612_CVDD";
9"V_S7_3V3";
10"S7_7612_A_DATA1_P";
11"S7_7612_A_DATA2_P";
12"S7_7612_A_DATA0_N";
13"S7_7612_AP0";
14"S7_7612_AP1";
15"S7_7612_XTAL_N";
16"S7_7612_XTAL_P";
17"V_S7_3V3_7612_DVDDIO";
18"V_S7_1V8_7612_PVDD";
19"V_S7_3V3_7612_TVDD";
20"V_S7_1V8_7612_DVDD";
21"S7_7612_B_SDA";
22"S7_7612_B_SCL";
23"S7_7612_A_SDA";
24"S7_7612_A_SCL";
25"S7_7612_RESET_N";
26"S7_7612_CS_N";
27"S7_7612_AP5";
28"S7_7612_AP4";
29"S7_7612_AP3";
30"S7_7612_AP2";
31"S7_7612_CS_N";
32"S7_7612_AP5";
33"S7_7612_AP4";
34"S7_7612_AP3";
35"S7_7612_AP2";
36"S7_7612_AP1";
37"S7_7612_AP0";
38"S7_7612_MCLK";
39"V_S7_3V3_7612_DVDDIO";
40"S7_7612_SDA";
41"S7_7612_SCL";
42"V_S7_3V3";
43"V_S7_1V8";
44"V_S7_1V8";
45"V_S7_1V8";
46"V_S7_1V8_7612_DVDD";
47"V_S7_3V3_7612_DVDDIO";
48"V_S7_1V8_7612_CVDD";
49"V_S7_3V3_7612_TVDD";
50"S7_7612_B_DATA1_N";
51"S7_7612_B_DATA0_N";
52"S7_7612_B_DATA2_P";
53"S7_7612_B_DATA1_P";
54"S7_7612_B_DATA0_P";
55"S7_7612_A_CLK_P";
56"S7_7612_A_CLK_N";
57"S7_7612_A_DATA2_N";
58"S7_7612_A_DATA1_N";
59"V_S7_1V8_7612_PVDD";
60"S7_7612_A_DATA0_P";
61"S7_7612_B_DATA2_N";
62"S7_7612_B_CLK_N";
63"S7_7612_B_CLK_P";
64"S7_7612_A_HP";
65"S7_7612_B_HP";
66"S7_7612_INT1";
67"S7_7612_MCLK";
68"V_S7_7612_A_5V0";
69"V_S7_7612_B_5V0";
70"S7_7612_SCL";
71"S7_7612_INT2";
72"S7_7612_SDA";
73"S7_7612_XTAL_N";
74"S7_7612_XTAL_P";
75"S7_7612_DE";
%"ADV7612BSWZ"
"1","(-4000,5600)","0","ic","I1";
;
$LOCATION"?"
CDS_LMAN_SYM_OUTLINE"-1400,1800,1400,-1700"
CDS_LIB"ic"
VALUE""
PACK_TYPE"";
"DE"75;
"XTALP"74;
"XTALN"73;
"SDA"72;
"SCLK/INT2"71;
"SCL"70;
"RXB_5V"69;
"RXA_5V"68;
"MCLK/INT2"67;
"INT1"66;
"HPA_B"65;
"HPA_A/INT2"64;
"RXB_C+"63;
"RXB_C-"62;
"RXB_2-"61;
"RXB_1-"50;
"RXB_0-"51;
"RXB_2+"52;
"RXB_1+"53;
"RXB_0+"54;
"RXA_C+"55;
"RXA_C-"56;
"RXA_2-"57;
"RXA_1-"58;
"RXA_0-"12;
"RXA_2+"11;
"RXA_1+"10;
"RXA_0+"60;
"DDCB_SDA"21;
"DDCB_SCL"22;
"DDCA_SDA"23;
"DDCA_SCL"24;
"RESET"25;
"CS"26;
"AP5"27;
"AP4"28;
"AP3"29;
"AP2"30;
"AP1/I2S_TDM"14;
"AP0"13;
"TVDD_6"49;
"TVDD_5"49;
"TVDD_4"49;
"TVDD_3"49;
"TVDD_2"49;
"TVDD"49;
"PVDD"59;
"DVDD_4"46;
"DVDD_3"46;
"DVDD"46;
"DVDDIO_4"47;
"DVDDIO_3"47;
"DVDDIO_2"47;
"DVDDIO"47;
"CVDD_3"48;
"CVDD_2"48;
"DVDD_2"46;
"CVDD"48;
%"GND_SIGNAL"
"1","(-8850,1500)","0","standard","I10";
;
CDS_LIB"standard"
BODY_TYPE"PLUMBING"
HDL_POWER"GND_SIGNAL";
"GND"7;
%"LB"
"1","(-9150,1050)","0","inductor","I11";
;
VALUE"100MOHM"
$LOCATION"?"
CODE"10070008"
CDS_LIB"inductor"
CDS_LMAN_SYM_OUTLINE"-125,50,125,0";
"B"20;
"A"43;
%"C"
"1","(-8800,850)","0","capcitor","I12";
;
VALUE"0.1U"
$LOCATION"?"
CODE"08070262"
CDS_LIB"capcitor"
CDS_LMAN_SYM_OUTLINE"-50,0,50,-50";
"1"20;
"2"6;
%"C"
"1","(-8650,850)","0","capcitor","I13";
;
VALUE"0.1U"
$LOCATION"?"
CODE"08070262"
CDS_LIB"capcitor"
CDS_LMAN_SYM_OUTLINE"-50,0,50,-50";
"1"20;
"2"6;
%"C"
"1","(-8500,850)","0","capcitor","I14";
;
VALUE"0.1U"
$LOCATION"?"
CODE"08070262"
CDS_LIB"capcitor"
CDS_LMAN_SYM_OUTLINE"-50,0,50,-50";
"1"20;
"2"6;
%"C"
"1","(-8300,850)","0","capcitor","I15";
;
VALUE"0.01U"
$LOCATION"?"
CODE"08070247"
CDS_LIB"capcitor"
CDS_LMAN_SYM_OUTLINE"-50,0,50,-50";
"1"20;
"2"6;
%"C"
"1","(-8150,850)","0","capcitor","I16";
;
VALUE"0.01U"
$LOCATION"?"
CODE"08070247"
CDS_LIB"capcitor"
CDS_LMAN_SYM_OUTLINE"-50,0,50,-50";
"1"20;
"2"6;
%"C"
"1","(-8000,850)","0","capcitor","I17";
;
VALUE"0.01U"
$LOCATION"?"
CODE"08070247"
CDS_LIB"capcitor"
CDS_LMAN_SYM_OUTLINE"-50,0,50,-50";
"1"20;
"2"6;
%"GND_SIGNAL"
"1","(-8850,450)","0","standard","I18";
;
BODY_TYPE"PLUMBING"
HDL_POWER"GND_SIGNAL"
CDS_LIB"standard";
"GND"6;
%"LB"
"1","(-9150,3200)","0","inductor","I19";
;
VALUE"100MOHM"
$LOCATION"?"
CODE"10070008"
CDS_LIB"inductor"
CDS_LMAN_SYM_OUTLINE"-125,50,125,0";
"B"18;
"A"45;
%"LB"
"1","(-9150,2100)","0","inductor","I2";
;
VALUE"100MOHM"
$LOCATION"?"
CODE"10070008"
CDS_LIB"inductor"
CDS_LMAN_SYM_OUTLINE"-125,50,125,0";
"B"8;
"A"44;
%"C"
"1","(-8800,3000)","0","capcitor","I20";
;
VALUE"0.1U"
$LOCATION"?"
CODE"08070262"
CDS_LIB"capcitor"
CDS_LMAN_SYM_OUTLINE"-50,0,50,-50";
"1"18;
"2"5;
%"C"
"1","(-8650,3000)","0","capcitor","I21";
;
VALUE"0.01U"
$LOCATION"?"
CODE"08070247"
CDS_LIB"capcitor"
CDS_LMAN_SYM_OUTLINE"-50,0,50,-50";
"1"18;
"2"5;
%"GND_SIGNAL"
"1","(-8850,2550)","0","standard","I22";
;
CDS_LIB"standard"
BODY_TYPE"PLUMBING"
HDL_POWER"GND_SIGNAL";
"GND"5;
%"C"
"1","(-5350,1850)","0","capcitor","I23";
;
VALUE"0.1U"
$LOCATION"?"
CODE"08070262"
CDS_LIB"capcitor"
CDS_LMAN_SYM_OUTLINE"-50,0,50,-50";
"1"17;
"2"4;
%"C"
"1","(-5200,1850)","0","capcitor","I24";
;
VALUE"0.1U"
$LOCATION"?"
CODE"08070262"
CDS_LIB"capcitor"
CDS_LMAN_SYM_OUTLINE"-50,0,50,-50";
"1"17;
"2"4;
%"C"
"1","(-5050,1850)","0","capcitor","I25";
;
VALUE"0.1U"
$LOCATION"?"
CODE"08070262"
CDS_LIB"capcitor"
CDS_LMAN_SYM_OUTLINE"-50,0,50,-50";
"1"17;
"2"4;
%"C"
"1","(-4900,1850)","0","capcitor","I26";
;
VALUE"0.1U"
$LOCATION"?"
CODE"08070262"
CDS_LIB"capcitor"
CDS_LMAN_SYM_OUTLINE"-50,0,50,-50";
"1"17;
"2"4;
%"C"
"1","(-4700,1850)","0","capcitor","I27";
;
VALUE"0.01U"
$LOCATION"?"
CODE"08070247"
CDS_LIB"capcitor"
CDS_LMAN_SYM_OUTLINE"-50,0,50,-50";
"1"17;
"2"4;
%"C"
"1","(-4550,1850)","0","capcitor","I28";
;
VALUE"0.01U"
$LOCATION"?"
CODE"08070247"
CDS_LIB"capcitor"
CDS_LMAN_SYM_OUTLINE"-50,0,50,-50";
"1"17;
"2"4;
%"C"
"1","(-4400,1850)","0","capcitor","I29";
;
VALUE"0.01U"
$LOCATION"?"
CODE"08070247"
CDS_LIB"capcitor"
CDS_LMAN_SYM_OUTLINE"-50,0,50,-50";
"1"17;
"2"4;
%"C"
"1","(-8600,1900)","0","capcitor","I3";
;
VALUE"0.1U"
$LOCATION"?"
CODE"08070262"
CDS_LIB"capcitor"
CDS_LMAN_SYM_OUTLINE"-50,0,50,-50";
"1"8;
"2"7;
%"C"
"1","(-4250,1850)","0","capcitor","I30";
;
VALUE"0.01U"
$LOCATION"?"
CODE"08070247"
CDS_LIB"capcitor"
CDS_LMAN_SYM_OUTLINE"-50,0,50,-50";
"1"17;
"2"4;
%"GND_SIGNAL"
"1","(-5400,1450)","0","standard","I31";
;
CDS_LIB"standard"
HDL_POWER"GND_SIGNAL"
BODY_TYPE"PLUMBING";
"GND"4;
%"LB"
"1","(-5750,2100)","0","inductor","I32";
;
VALUE"100MOHM"
$LOCATION"?"
CODE"10070008"
CDS_LIB"inductor"
CDS_LMAN_SYM_OUTLINE"-125,50,125,0";
"B"17;
"A"42;
%"C"
"1","(-4900,3000)","0","capcitor","I33";
;
VALUE"0.1U"
$LOCATION"?"
CODE"08070262"
CDS_LIB"capcitor"
CDS_LMAN_SYM_OUTLINE"-50,0,50,-50";
"1"19;
"2"3;
%"C"
"1","(-5050,3000)","0","capcitor","I34";
;
VALUE"0.1U"
$LOCATION"?"
CODE"08070262"
CDS_LIB"capcitor"
CDS_LMAN_SYM_OUTLINE"-50,0,50,-50";
"1"19;
"2"3;
%"C"
"1","(-5200,3000)","0","capcitor","I35";
;
VALUE"0.1U"
$LOCATION"?"
CODE"08070262"
CDS_LIB"capcitor"
CDS_LMAN_SYM_OUTLINE"-50,0,50,-50";
"1"19;
"2"3;
%"C"
"1","(-5350,3000)","0","capcitor","I36";
;
VALUE"0.1U"
$LOCATION"?"
CODE"08070262"
CDS_LIB"capcitor"
CDS_LMAN_SYM_OUTLINE"-50,0,50,-50";
"1"19;
"2"3;
%"C"
"1","(-4750,3000)","0","capcitor","I37";
;
VALUE"0.1U"
$LOCATION"?"
CODE"08070262"
CDS_LIB"capcitor"
CDS_LMAN_SYM_OUTLINE"-50,0,50,-50";
"1"19;
"2"3;
%"C"
"1","(-4600,3000)","0","capcitor","I38";
;
VALUE"0.1U"
$LOCATION"?"
CODE"08070262"
CDS_LIB"capcitor"
CDS_LMAN_SYM_OUTLINE"-50,0,50,-50";
"1"19;
"2"3;
%"C"
"1","(-4400,3000)","0","capcitor","I39";
;
VALUE"0.01U"
$LOCATION"?"
CODE"08070247"
CDS_LIB"capcitor"
CDS_LMAN_SYM_OUTLINE"-50,0,50,-50";
"1"19;
"2"3;
%"C"
"1","(-7800,1900)","0","capcitor","I4";
;
VALUE"0.01U"
$LOCATION"?"
CODE"08070247"
CDS_LIB"capcitor"
CDS_LMAN_SYM_OUTLINE"-50,0,50,-50";
"1"8;
"2"7;
%"C"
"1","(-4250,3000)","0","capcitor","I40";
;
VALUE"0.01U"
$LOCATION"?"
CODE"08070247"
CDS_LIB"capcitor"
CDS_LMAN_SYM_OUTLINE"-50,0,50,-50";
"1"19;
"2"3;
%"C"
"1","(-4100,3000)","0","capcitor","I41";
;
VALUE"0.01U"
$LOCATION"?"
CODE"08070247"
CDS_LIB"capcitor"
CDS_LMAN_SYM_OUTLINE"-50,0,50,-50";
"1"19;
"2"3;
%"C"
"1","(-3950,3000)","0","capcitor","I42";
;
VALUE"0.01U"
$LOCATION"?"
CODE"08070247"
CDS_LIB"capcitor"
CDS_LMAN_SYM_OUTLINE"-50,0,50,-50";
"1"19;
"2"3;
%"C"
"1","(-3800,3000)","0","capcitor","I43";
;
VALUE"0.01U"
$LOCATION"?"
CODE"08070247"
CDS_LIB"capcitor"
CDS_LMAN_SYM_OUTLINE"-50,0,50,-50";
"1"19;
"2"3;
%"C"
"1","(-3650,3000)","0","capcitor","I44";
;
VALUE"0.01U"
$LOCATION"?"
CODE"08070247"
CDS_LIB"capcitor"
CDS_LMAN_SYM_OUTLINE"-50,0,50,-50";
"1"19;
"2"3;
%"GND_SIGNAL"
"1","(-5400,2550)","0","standard","I45";
;
CDS_LIB"standard"
BODY_TYPE"PLUMBING"
HDL_POWER"GND_SIGNAL";
"GND"3;
%"LB"
"1","(-5750,3200)","0","inductor","I46";
;
VALUE"100MOHM"
$LOCATION"?"
CODE"10070008"
CDS_LIB"inductor"
CDS_LMAN_SYM_OUTLINE"-125,50,125,0";
"B"19;
"A"9;
%"CRYSTAL"
"1","(-2500,1650)","1","oscillator","I47";
;
VALUE"28.636MHZ"
$LOCATION"?"
CDS_LMAN_SYM_OUTLINE"50,100,225,-100"
CDS_LIB"oscillator"
CODE"12020113";
"A1"15;
"A2"16;
%"C"
"1","(-2800,2100)","1","capcitor","I48";
;
VALUE"47PF"
$LOCATION"?"
CODE"98070500"
CDS_LIB"capcitor"
CDS_LMAN_SYM_OUTLINE"-50,0,50,-50";
"1"2;
"2"16;
%"C"
"1","(-2800,1450)","1","capcitor","I49";
;
VALUE"47PF"
$LOCATION"?"
CODE"98070500"
CDS_LIB"capcitor"
CDS_LMAN_SYM_OUTLINE"-50,0,50,-50";
"1"2;
"2"15;
%"C"
"1","(-8800,1900)","0","capcitor","I5";
;
VALUE"1U"
$LOCATION"?"
CODE"98070403"
CDS_LIB"capcitor"
CDS_LMAN_SYM_OUTLINE"-50,0,50,-50";
"1"8;
"2"7;
%"R"
"1","(-2150,1750)","1","resistor","I50";
;
VALUE"392K"
$LOCATION"?"
CODE"07090584"
CDS_LIB"resistor"
CDS_LMAN_SYM_OUTLINE"-100,25,100,-25";
"A"15;
"B"16;
%"GND_SIGNAL"
"1","(-3300,1400)","7","standard","I51";
;
CDS_LIB"standard"
BODY_TYPE"PLUMBING"
HDL_POWER"GND_SIGNAL";
"GND"2;
%"R"
"1","(-9200,4650)","0","resistor","I52";
;
VALUE"0"
$LOCATION"?"
CODE"07090522"
CDS_LIB"resistor"
CDS_LMAN_SYM_OUTLINE"-100,25,100,-25";
"A"37;
"B"1;
%"R"
"1","(-9200,4550)","0","resistor","I53";
;
VALUE"0"
$LOCATION"?"
CODE"07090522"
CDS_LIB"resistor"
CDS_LMAN_SYM_OUTLINE"-100,25,100,-25";
"A"36;
"B"1;
%"R"
"1","(-9200,4450)","0","resistor","I54";
;
VALUE"0"
$LOCATION"?"
CODE"07090522"
CDS_LIB"resistor"
CDS_LMAN_SYM_OUTLINE"-100,25,100,-25";
"A"35;
"B"1;
%"R"
"1","(-9200,4350)","0","resistor","I55";
;
VALUE"0"
$LOCATION"?"
CODE"07090522"
CDS_LIB"resistor"
CDS_LMAN_SYM_OUTLINE"-100,25,100,-25";
"A"34;
"B"1;
%"R"
"1","(-9200,4250)","0","resistor","I56";
;
VALUE"0"
$LOCATION"?"
CODE"07090522"
CDS_LIB"resistor"
CDS_LMAN_SYM_OUTLINE"-100,25,100,-25";
"A"33;
"B"1;
%"R"
"1","(-9200,4150)","0","resistor","I57";
;
VALUE"0"
$LOCATION"?"
CODE"07090522"
CDS_LIB"resistor"
CDS_LMAN_SYM_OUTLINE"-100,25,100,-25";
"A"32;
"B"1;
%"GND_SIGNAL"
"1","(-8600,4100)","1","standard","I58";
;
CDS_LIB"standard"
BODY_TYPE"PLUMBING"
HDL_POWER"GND_SIGNAL";
"GND"1;
%"R"
"1","(-9200,5000)","0","resistor","I59";
;
$LOCATION"?"
VALUE"47K"
CODE"07090253"
CDS_LIB"resistor"
CDS_LMAN_SYM_OUTLINE"-100,25,100,-25";
"A"31;
"B"1;
%"C"
"1","(-8450,1900)","0","capcitor","I6";
;
VALUE"0.1U"
$LOCATION"?"
CODE"08070262"
CDS_LIB"capcitor"
CDS_LMAN_SYM_OUTLINE"-50,0,50,-50";
"1"8;
"2"7;
%"R"
"1","(-9000,6650)","1","resistor","I60";
;
$LOCATION"?"
VALUE"4.7K"
CODE"07090246"
CDS_LIB"resistor"
CDS_LMAN_SYM_OUTLINE"-100,25,100,-25";
"A"41;
"B"39;
%"R"
"1","(-8800,6650)","1","resistor","I61";
;
VALUE"4.7K"
$LOCATION"?"
CODE"07090246"
CDS_LIB"resistor"
CDS_LMAN_SYM_OUTLINE"-100,25,100,-25";
"A"40;
"B"39;
%"R"
"1","(-9200,4750)","0","resistor","I62";
;
VALUE"0"
$LOCATION"?"
CODE"07090522"
CDS_LIB"resistor"
CDS_LMAN_SYM_OUTLINE"-100,25,100,-25";
"A"38;
"B"1;
%"C"
"1","(-8300,1900)","0","capcitor","I7";
;
VALUE"0.1U"
$LOCATION"?"
CODE"08070262"
CDS_LIB"capcitor"
CDS_LMAN_SYM_OUTLINE"-50,0,50,-50";
"1"8;
"2"7;
%"C"
"1","(-8100,1900)","0","capcitor","I8";
;
$LOCATION"?"
VALUE"0.01U"
CODE"08070247"
CDS_LIB"capcitor"
CDS_LMAN_SYM_OUTLINE"-50,0,50,-50";
"1"8;
"2"7;
%"C"
"1","(-7950,1900)","0","capcitor","I9";
;
$LOCATION"?"
VALUE"0.01U"
CODE"08070247"
CDS_LIB"capcitor"
CDS_LMAN_SYM_OUTLINE"-50,0,50,-50";
"1"8;
"2"7;
END.
