FILE_TYPE = CONNECTIVITY;
{Allegro Design Entry HDL 16.6-p007 (v16-6-112F) 10/10/2012}
"PAGE_NUMBER" = 3;
0"NC";
1"V_S7_1V0";
2"GND_SIGNAL\g";
3"V_S7_5V0_IN";
4"V_S7_1V8_SW";
5"GND_SIGNAL\g";
6"GND_SIGNAL\g";
7"GND_SIGNAL\g";
8"GND_SIGNAL\g";
9"GND_SIGNAL\g";
10"GND_SIGNAL\g";
11"GND_SIGNAL\g";
12"GND_SIGNAL\g";
13"GND_SIGNAL\g";
14"GND_SIGNAL\g";
15"GND_SIGNAL\g";
16"GND_SIGNAL\g";
17"GND_SIGNAL\g";
18"GND_SIGNAL\g";
19"GND_SIGNAL\g";
20"GND_SIGNAL\g";
21"GND_SIGNAL\g";
22"GND_SIGNAL\g";
23"GND_SIGNAL\g";
24"GND_SIGNAL\g";
25"GND_SIGNAL\g";
26"GND_SIGNAL\g";
27"GND_SIGNAL\g";
28"GND_SIGNAL\g";
29"GND_SIGNAL\g";
30"GND_SIGNAL\g";
31"GND_SIGNAL\g";
32"GND_SIGNAL\g";
33"GND_SIGNAL\g";
34"UN$3$ADP5053$I8$40";
35"V_S7_5V0_IN";
36"UN$3$ADP5053$I8$48";
37"S7_RST_N";
38"V_S7_5053_VDD";
39"V_S7_1V8";
40"V_S7_1V8_R";
41"V_S7_2V5";
42"V_S7_2V5_R";
43"V_S7_3V3";
44"V_S7_3V3_R";
45"V_S7_1V0_VCCINT";
46"V_S7_1V0_R";
47"V_S7_5V0_IN";
48"V_S7_3V3";
49"UN$3$ADP5053$I8$6";
50"UN$3$ADP5053$I8$16";
51"UN$3$R$I48$B";
52"UN$3$R$I44$B";
53"UN$3$ADP5053$I8$45";
54"V_S7_2V5_SW";
55"UN$3$R$I39$B";
56"UN$3$ADP5053$I8$21";
57"UN$3$ADP5053$I8$31";
58"UN$3$R$I35$A";
59"V_S7_1V0_SW";
60"V_S7_3V3_SW";
61"V_S7_5053_VREG";
62"S7_PG_LED";
63"UN$3$ADP5053$I8$38";
64"UN$3$ADP5053$I8$43";
65"UN$3$ADP5053$I8$41";
66"S7_5053_MR_N";
67"S7_5053_WDI";
68"UN$3$ADP5053$I8$1";
69"UN$3$ADP5053$I8$47";
70"V_S7_5053_VREG";
71"V_S7_5053_VREG";
72"V_S7_5053_VREG";
73"UN$3$C$I22$1";
74"UN$3$C$I20$1";
75"UN$3$R$I24$A";
76"V_S7_5V0_IN";
77"UN$3$LEDS$I101$A";
78"V_S7_1V0";
79"UN$3$C$I17$1";
80"UN$3$ADP5053$I8$14";
81"UN$3$ADP5053$I8$23";
82"V_S7_1V0";
83"UN$3$C$I13$1";
84"UN$3$R$I14$A";
85"S7_PG_LED";
86"UN$3$ADP5053$I8$29";
87"UN$3$ADP5053$I8$37";
88"V_S7_5V0_IN";
89"V_S7_5V0_IN";
90"V_S7_5V0_IN";
91"UN$3$LEDS$I101$B";
92"UN$3$ADP5053$I8$12";
93"UN$3$ADP5053$I8$28";
94"UN$3$ADP5053$I8$32";
95"UN$3$ADP5053$I8$46";
96"UN$3$ADP5053$I8$15";
97"UN$3$ADP5053$I8$22";
98"UN$3$ADP5053$I8$39";
%"GND_SIGNAL"
"1","(-13150,5350)","5","standard","I10";
;
CDS_LIB"standard"
HDL_POWER"GND_SIGNAL"
BODY_TYPE"PLUMBING";
"GND"33;
%"NPN"
"1","(-8150,1000)","0","transistor","I100";
;
$LOCATION"?"
VALUE"MMBT4401LT1"
CDS_LMAN_SYM_OUTLINE"0,50,50,-50"
CDS_LIB"transistor"
CODE"15050026";
"C"91;
"E"32;
"B"85;
%"LED_S"
"1","(-8100,1450)","1","diode","I101";
;
$LOCATION"?"
VALUE"HSMG-C170-B"
CDS_LMAN_SYM_OUTLINE"-150,50,50,-75"
CDS_LIB"diode"
CODE"15020063";
"A"77;
"B"91;
%"GND_SIGNAL"
"1","(-8150,750)","0","standard","I102";
;
CDS_LIB"standard"
BODY_TYPE"PLUMBING"
HDL_POWER"GND_SIGNAL";
"GND"32;
%"R"
"1","(-8100,1950)","1","resistor","I103";
;
$LOCATION"?"
VALUE"4.7K"
CDS_LMAN_SYM_OUTLINE"-100,25,100,-25"
CDS_LIB"resistor"
CODE"07090246";
"A"77;
"B"76;
%"R"
"1","(-8650,6300)","0","resistor","I105";
;
VALUE"0.27"
$LOCATION"?"
CODE"07090922"
CDS_LIB"resistor"
CDS_LMAN_SYM_OUTLINE"-100,25,100,-25";
"A"46;
"B"45;
%"R"
"1","(-8650,6350)","0","resistor","I106";
;
VALUE"0.27"
$LOCATION"?"
CODE"07090922"
CDS_LIB"resistor"
CDS_LMAN_SYM_OUTLINE"-100,25,100,-25";
"A"46;
"B"45;
%"R"
"1","(-8650,6250)","0","resistor","I107";
;
VALUE"0.27"
$LOCATION"?"
CODE"07090922"
CDS_LIB"resistor"
CDS_LMAN_SYM_OUTLINE"-100,25,100,-25";
"A"46;
"B"45;
%"R"
"1","(-8650,6400)","0","resistor","I108";
;
VALUE"0.27"
$LOCATION"?"
CODE"07090922"
CDS_LIB"resistor"
CDS_LMAN_SYM_OUTLINE"-100,25,100,-25";
"A"46;
"B"45;
%"R"
"1","(-8650,4900)","0","resistor","I109";
;
VALUE"0.27"
$LOCATION"?"
CODE"07090922"
CDS_LIB"resistor"
CDS_LMAN_SYM_OUTLINE"-100,25,100,-25";
"A"44;
"B"43;
%"GND_SIGNAL"
"1","(-13150,4250)","5","standard","I11";
;
BODY_TYPE"PLUMBING"
HDL_POWER"GND_SIGNAL"
CDS_LIB"standard";
"GND"31;
%"R"
"1","(-8650,4950)","0","resistor","I110";
;
VALUE"0.27"
$LOCATION"?"
CODE"07090922"
CDS_LIB"resistor"
CDS_LMAN_SYM_OUTLINE"-100,25,100,-25";
"A"44;
"B"43;
%"R"
"1","(-8650,5000)","0","resistor","I111";
;
VALUE"0.27"
$LOCATION"?"
CODE"07090922"
CDS_LIB"resistor"
CDS_LMAN_SYM_OUTLINE"-100,25,100,-25";
"A"44;
"B"43;
%"R"
"1","(-8650,4850)","0","resistor","I112";
;
VALUE"0.27"
$LOCATION"?"
CODE"07090922"
CDS_LIB"resistor"
CDS_LMAN_SYM_OUTLINE"-100,25,100,-25";
"A"44;
"B"43;
%"R"
"1","(-8650,3950)","0","resistor","I113";
;
VALUE"0.27"
$LOCATION"?"
CODE"07090922"
CDS_LIB"resistor"
CDS_LMAN_SYM_OUTLINE"-100,25,100,-25";
"A"42;
"B"41;
%"R"
"1","(-8650,4000)","0","resistor","I114";
;
VALUE"0.27"
$LOCATION"?"
CODE"07090922"
CDS_LIB"resistor"
CDS_LMAN_SYM_OUTLINE"-100,25,100,-25";
"A"42;
"B"41;
%"R"
"1","(-8650,4050)","0","resistor","I115";
;
VALUE"0.27"
$LOCATION"?"
CODE"07090922"
CDS_LIB"resistor"
CDS_LMAN_SYM_OUTLINE"-100,25,100,-25";
"A"42;
"B"41;
%"R"
"1","(-8650,3900)","0","resistor","I116";
;
VALUE"0.27"
$LOCATION"?"
CODE"07090922"
CDS_LIB"resistor"
CDS_LMAN_SYM_OUTLINE"-100,25,100,-25";
"A"42;
"B"41;
%"R"
"1","(-8650,2950)","0","resistor","I117";
;
VALUE"0.27"
$LOCATION"?"
CODE"07090922"
CDS_LIB"resistor"
CDS_LMAN_SYM_OUTLINE"-100,25,100,-25";
"A"40;
"B"39;
%"R"
"1","(-8650,2900)","0","resistor","I118";
;
VALUE"0.27"
$LOCATION"?"
CODE"07090922"
CDS_LIB"resistor"
CDS_LMAN_SYM_OUTLINE"-100,25,100,-25";
"A"40;
"B"39;
%"R"
"1","(-8650,3000)","0","resistor","I119";
;
VALUE"0.27"
$LOCATION"?"
CODE"07090922"
CDS_LIB"resistor"
CDS_LMAN_SYM_OUTLINE"-100,25,100,-25";
"A"40;
"B"39;
%"GND_SIGNAL"
"1","(-13150,3300)","5","standard","I12";
;
CDS_LIB"standard"
HDL_POWER"GND_SIGNAL"
BODY_TYPE"PLUMBING";
"GND"30;
%"R"
"1","(-8650,3050)","0","resistor","I120";
;
VALUE"0.27"
$LOCATION"?"
CODE"07090922"
CDS_LIB"resistor"
CDS_LMAN_SYM_OUTLINE"-100,25,100,-25";
"A"40;
"B"39;
%"R"
"1","(-11350,2150)","0","resistor","I121";
;
$LOCATION"?"
VALUE"4.7K"
CDS_LMAN_SYM_OUTLINE"-100,25,100,-25"
CDS_LIB"resistor"
CODE"07090246";
"A"37;
"B"48;
%"OUTPORT"
"1","(-10100,2050)","0","standard","I122";
;
CDS_LIB"standard"
OFFPAGE"TRUE";
"A"
HDL_PORT"OUT"
VHDL_PORT"OUT"37;
%"OUTPORT"
"1","(-10100,1350)","0","standard","I123";
;
OFFPAGE"TRUE"
CDS_LIB"standard";
"A"
HDL_PORT"OUT"
VHDL_PORT"OUT"62;
%"INPORT"
"1","(-9200,1000)","0","standard","I124";
;
OFFPAGE"TRUE"
CDS_LIB"standard";
"A"
HDL_PORT"IN"
VHDL_PORT"IN"85;
%"INPORT"
"1","(-14150,2500)","0","standard","I125";
;
CDS_LIB"standard"
OFFPAGE"TRUE";
"A"
HDL_PORT"IN"
VHDL_PORT"IN"67;
%"RESETKEY"
"1","(-13350,2200)","0","switch","I126";
;
$LOCATION"?"
VALUE"RESET-SMT"
CODE"16100017"
CDS_LIB"switch"
CDS_LMAN_SYM_OUTLINE"200,50,450,-100";
"B2"66;
"B1"0;
"A1"29;
"A2"0;
%"C"
"1","(-13500,2200)","1","capcitor","I127";
;
$LOCATION"?"
VALUE"0.1U"
CODE"08070262"
CDS_LIB"capcitor"
CDS_LMAN_SYM_OUTLINE"-50,0,50,-50";
"1"29;
"2"66;
%"GND_SIGNAL"
"1","(-13800,2250)","5","standard","I128";
;
HDL_POWER"GND_SIGNAL"
BODY_TYPE"PLUMBING"
CDS_LIB"standard";
"GND"29;
%"INPORT"
"1","(-14150,2300)","0","standard","I129";
;
OFFPAGE"TRUE"
CDS_LIB"standard";
"A"
HDL_PORT"IN"
VHDL_PORT"IN"66;
%"C"
"1","(-12900,5800)","1","capcitor","I13";
;
VALUE"6800P"
$LOCATION"?"
CODE"08070248"
CDS_LIB"capcitor"
CDS_LMAN_SYM_OUTLINE"-50,0,50,-50";
"1"83;
"2"98;
%"R"
"1","(-8500,1600)","1","resistor","I136";
;
$LOCATION"?"
VALUE"47K-1%"
CDS_LMAN_SYM_OUTLINE"-100,25,100,-25"
CDS_LIB"resistor"
CODE"07095489";
"A"85;
"B"76;
%"R"
"1","(-12950,3050)","0","resistor","I137";
;
VALUE"1K-1%"
$LOCATION"?"
CDS_LMAN_SYM_OUTLINE"-100,25,100,-25"
CDS_LIB"resistor"
CODE"07090549";
"A"82;
"B"80;
%"R"
"1","(-12950,2900)","0","resistor","I138";
;
VALUE"10K"
$LOCATION"?"
CDS_LMAN_SYM_OUTLINE"-100,25,100,-25"
CDS_LIB"resistor"
CODE"07090247";
"A"28;
"B"80;
%"GND_SIGNAL"
"1","(-13350,2950)","5","standard","I139";
;
CDS_LIB"standard"
HDL_POWER"GND_SIGNAL"
BODY_TYPE"PLUMBING";
"GND"28;
%"R"
"1","(-13350,5800)","0","resistor","I14";
;
$LOCATION"?"
VALUE"1.8K-1%"
CDS_LMAN_SYM_OUTLINE"-100,25,100,-25"
CDS_LIB"resistor"
CODE"97090132";
"A"84;
"B"83;
%"R"
"1","(-12950,4000)","0","resistor","I140";
;
VALUE"1K-1%"
$LOCATION"?"
CDS_LMAN_SYM_OUTLINE"-100,25,100,-25"
CDS_LIB"resistor"
CODE"07090549";
"A"1;
"B"36;
%"GND_SIGNAL"
"1","(-13350,3900)","5","standard","I141";
;
CDS_LIB"standard"
HDL_POWER"GND_SIGNAL"
BODY_TYPE"PLUMBING";
"GND"27;
%"R"
"1","(-12950,3850)","0","resistor","I142";
;
VALUE"10K"
$LOCATION"?"
CDS_LMAN_SYM_OUTLINE"-100,25,100,-25"
CDS_LIB"resistor"
CODE"07090247";
"A"27;
"B"36;
%"R"
"1","(-12950,4950)","0","resistor","I143";
;
VALUE"10K"
$LOCATION"?"
CDS_LMAN_SYM_OUTLINE"-100,25,100,-25"
CDS_LIB"resistor"
CODE"07090247";
"A"26;
"B"81;
%"GND_SIGNAL"
"1","(-13350,5000)","5","standard","I144";
;
BODY_TYPE"PLUMBING"
HDL_POWER"GND_SIGNAL"
CDS_LIB"standard";
"GND"26;
%"R"
"1","(-12950,5100)","0","resistor","I145";
;
$LOCATION"?"
VALUE"1K-1%"
CDS_LMAN_SYM_OUTLINE"-100,25,100,-25"
CDS_LIB"resistor"
CODE"07090549";
"A"78;
"B"81;
%"GND_SIGNAL"
"1","(-14150,5850)","5","standard","I15";
;
CDS_LIB"standard"
BODY_TYPE"PLUMBING"
HDL_POWER"GND_SIGNAL";
"GND"25;
%"R"
"1","(-13350,4750)","0","resistor","I16";
;
$LOCATION"?"
VALUE"4.42K"
CDS_LMAN_SYM_OUTLINE"-100,25,100,-25"
CDS_LIB"resistor"
CODE"07090592";
"A"24;
"B"79;
%"C"
"1","(-12900,4750)","1","capcitor","I17";
;
VALUE"1.5NF"
$LOCATION"?"
CODE"98070522"
CDS_LIB"capcitor"
CDS_LMAN_SYM_OUTLINE"-50,0,50,-50";
"1"79;
"2"97;
%"GND_SIGNAL"
"1","(-13700,4800)","5","standard","I18";
;
HDL_POWER"GND_SIGNAL"
BODY_TYPE"PLUMBING"
CDS_LIB"standard";
"GND"24;
%"R"
"1","(-13350,3700)","0","resistor","I19";
;
$LOCATION"?"
VALUE"4.02K-1%"
CDS_LMAN_SYM_OUTLINE"-100,25,100,-25"
CDS_LIB"resistor"
CODE"97090140";
"A"2;
"B"74;
%"C"
"1","(-12900,3250)","1","capcitor","I2";
;
VALUE"10UF"
$LOCATION"?"
CODE"08070898"
CDS_LIB"capcitor"
CDS_LMAN_SYM_OUTLINE"-50,0,50,-50";
"1"30;
"2"3;
%"C"
"1","(-12900,3700)","1","capcitor","I20";
;
VALUE"1800P"
$LOCATION"?"
CODE"08070484"
CDS_LIB"capcitor"
CDS_LMAN_SYM_OUTLINE"-50,0,50,-50";
"1"74;
"2"95;
%"GND_SIGNAL"
"1","(-13700,3750)","5","standard","I21";
;
HDL_POWER"GND_SIGNAL"
BODY_TYPE"PLUMBING"
CDS_LIB"standard";
"GND"2;
%"C"
"1","(-12900,2800)","1","capcitor","I22";
;
VALUE"1.5NF"
$LOCATION"?"
CODE"98070522"
CDS_LIB"capcitor"
CDS_LMAN_SYM_OUTLINE"-50,0,50,-50";
"1"73;
"2"96;
%"R"
"1","(-13850,5800)","0","resistor","I23";
;
$LOCATION"?"
VALUE"75"
CDS_LMAN_SYM_OUTLINE"-100,25,100,-25"
CDS_LIB"resistor"
CODE"07090637";
"A"25;
"B"84;
%"R"
"1","(-13350,2800)","0","resistor","I24";
;
$LOCATION"?"
VALUE"1.2K-1%"
CDS_LMAN_SYM_OUTLINE"-100,25,100,-25"
CDS_LIB"resistor"
CODE"97090154";
"A"75;
"B"73;
%"R"
"1","(-13900,2800)","0","resistor","I25";
;
$LOCATION"?"
VALUE"4.7K"
CDS_LMAN_SYM_OUTLINE"-100,25,100,-25"
CDS_LIB"resistor"
CODE"07090246";
"A"23;
"B"75;
%"GND_SIGNAL"
"1","(-14200,2850)","5","standard","I26";
;
CDS_LIB"standard"
BODY_TYPE"PLUMBING"
HDL_POWER"GND_SIGNAL";
"GND"23;
%"C"
"1","(-12900,4200)","1","capcitor","I3";
;
VALUE"10UF"
$LOCATION"?"
CODE"08070898"
CDS_LIB"capcitor"
CDS_LMAN_SYM_OUTLINE"-50,0,50,-50";
"1"31;
"2"35;
%"GND_SIGNAL"
"1","(-10800,6700)","3","standard","I30";
;
HDL_POWER"GND_SIGNAL"
BODY_TYPE"PLUMBING"
CDS_LIB"standard";
"GND"22;
%"C"
"1","(-11450,6450)","1","capcitor","I31";
;
VALUE"220P"
$LOCATION"?"
CODE"08070228"
CDS_LIB"capcitor"
CDS_LMAN_SYM_OUTLINE"-50,0,50,-50";
"1"34;
"2"46;
%"R"
"1","(-11350,6650)","0","resistor","I32";
;
$LOCATION"?"
VALUE"40.2K-1%"
CDS_LMAN_SYM_OUTLINE"-100,25,100,-25"
CDS_LIB"resistor"
CODE"07090695";
"A"34;
"B"22;
%"R"
"1","(-10800,6550)","0","resistor","I35";
;
$LOCATION"?"
VALUE"51"
CDS_LMAN_SYM_OUTLINE"-100,25,100,-25"
CDS_LIB"resistor"
CODE"07090266";
"A"58;
"B"46;
%"R"
"1","(-11350,6550)","0","resistor","I36";
;
$LOCATION"?"
VALUE"10K"
CDS_LMAN_SYM_OUTLINE"-100,25,100,-25"
CDS_LIB"resistor"
CODE"07090247";
"A"34;
"B"58;
%"R"
"1","(-11350,4650)","0","resistor","I37";
;
$LOCATION"?"
VALUE"68K-1%"
CDS_LMAN_SYM_OUTLINE"-100,25,100,-25"
CDS_LIB"resistor"
CODE"07090421";
"A"56;
"B"44;
%"R"
"1","(-11350,4550)","0","resistor","I39";
;
$LOCATION"?"
VALUE"16.5K"
CDS_LMAN_SYM_OUTLINE"-100,25,100,-25"
CDS_LIB"resistor"
CODE"07090600";
"A"56;
"B"55;
%"C"
"1","(-12900,5300)","1","capcitor","I4";
;
VALUE"10UF"
$LOCATION"?"
CODE"08070898"
CDS_LIB"capcitor"
CDS_LMAN_SYM_OUTLINE"-50,0,50,-50";
"1"33;
"2"90;
%"R"
"1","(-10800,4550)","0","resistor","I40";
;
$LOCATION"?"
VALUE"5.11K"
CDS_LMAN_SYM_OUTLINE"-100,25,100,-25"
CDS_LIB"resistor"
CODE"07090036";
"A"55;
"B"21;
%"C"
"1","(-11450,4750)","1","capcitor","I41";
;
VALUE"82PF"
$LOCATION"?"
CODE"98070524"
CDS_LIB"capcitor"
CDS_LMAN_SYM_OUTLINE"-50,0,50,-50";
"1"56;
"2"44;
%"GND_SIGNAL"
"1","(-10450,4600)","3","standard","I42";
;
CDS_LIB"standard"
BODY_TYPE"PLUMBING"
HDL_POWER"GND_SIGNAL";
"GND"21;
%"R"
"1","(-11350,3650)","0","resistor","I43";
;
$LOCATION"?"
VALUE"47K-1%"
CDS_LMAN_SYM_OUTLINE"-100,25,100,-25"
CDS_LIB"resistor"
CODE"07095489";
"A"53;
"B"42;
%"R"
"1","(-11350,3550)","0","resistor","I44";
;
$LOCATION"?"
VALUE"22.1K-1%"
CDS_LMAN_SYM_OUTLINE"-100,25,100,-25"
CDS_LIB"resistor"
CODE"97090150";
"A"53;
"B"52;
%"R"
"1","(-10800,3550)","0","resistor","I45";
;
$LOCATION"?"
VALUE"10"
CDS_LMAN_SYM_OUTLINE"-100,25,100,-25"
CDS_LIB"resistor"
CODE"07090264";
"A"52;
"B"20;
%"GND_SIGNAL"
"1","(-10450,3600)","3","standard","I46";
;
CDS_LIB"standard"
HDL_POWER"GND_SIGNAL"
BODY_TYPE"PLUMBING";
"GND"20;
%"C"
"1","(-11450,3750)","1","capcitor","I47";
;
VALUE"100P"
$LOCATION"?"
CODE"08070230"
CDS_LIB"capcitor"
CDS_LMAN_SYM_OUTLINE"-50,0,50,-50";
"1"53;
"2"42;
%"R"
"1","(-11350,2700)","0","resistor","I48";
;
$LOCATION"?"
VALUE"27.4K-1%"
CDS_LMAN_SYM_OUTLINE"-100,25,100,-25"
CDS_LIB"resistor"
CODE"97090164";
"A"50;
"B"51;
%"R"
"1","(-11350,2600)","0","resistor","I49";
;
$LOCATION"?"
VALUE"22.1K-1%"
CDS_LMAN_SYM_OUTLINE"-100,25,100,-25"
CDS_LIB"resistor"
CODE"97090150";
"A"50;
"B"19;
%"C"
"1","(-12900,6400)","3","capcitor","I5";
;
VALUE"10UF"
$LOCATION"?"
CODE"08070898"
CDS_LIB"capcitor"
CDS_LMAN_SYM_OUTLINE"-50,0,50,-50";
"1"9;
"2"89;
%"R"
"1","(-10800,2700)","0","resistor","I50";
;
$LOCATION"?"
VALUE"220"
CDS_LMAN_SYM_OUTLINE"-100,25,100,-25"
CDS_LIB"resistor"
CODE"07090272";
"A"51;
"B"40;
%"GND_SIGNAL"
"1","(-11000,2650)","3","standard","I51";
;
CDS_LIB"standard"
BODY_TYPE"PLUMBING"
HDL_POWER"GND_SIGNAL";
"GND"19;
%"C"
"1","(-11450,2800)","1","capcitor","I52";
;
VALUE"100P"
$LOCATION"?"
CODE"08070230"
CDS_LIB"capcitor"
CDS_LMAN_SYM_OUTLINE"-50,0,50,-50";
"1"50;
"2"40;
%"R"
"1","(-11300,5650)","0","resistor","I53";
;
$LOCATION"?"
VALUE"47K-1%"
CDS_LMAN_SYM_OUTLINE"-100,25,100,-25"
CDS_LIB"resistor"
CODE"07095489";
"A"57;
"B"18;
%"R"
"1","(-11300,5450)","0","resistor","I54";
;
$LOCATION"?"
VALUE"47K-1%"
CDS_LMAN_SYM_OUTLINE"-100,25,100,-25"
CDS_LIB"resistor"
CODE"07095489";
"A"86;
"B"18;
%"GND_SIGNAL"
"1","(-8850,5600)","3","standard","I55";
;
BODY_TYPE"PLUMBING"
HDL_POWER"GND_SIGNAL"
CDS_LIB"standard";
"GND"18;
%"L"
"1","(-9800,6300)","0","inductor","I56";
;
$LOCATION"?"
VALUE"2.7UH"
CODE"10031070"
CDS_LIB"inductor"
CDS_LMAN_SYM_OUTLINE"-125,50,125,0";
"A"59;
"B"46;
%"C"
"1","(-11450,6000)","1","capcitor","I57";
;
VALUE"0.1U"
$LOCATION"?"
CODE"08070262"
CDS_LIB"capcitor"
CDS_LMAN_SYM_OUTLINE"-50,0,50,-50";
"1"94;
"2"59;
%"FDS9926A"
"1","(-10450,5800)","0","transistor","I58";
;
CDS_LIB"transistor"
CDS_LMAN_SYM_OUTLINE"-125,375,175,-75";
"6"59;
"5"59;
"4"57;
"3"18;
%"FDS9926A"
"1","(-10450,5400)","6","transistor","I59";
;
CDS_LIB"transistor"
CDS_LMAN_SYM_OUTLINE"-125,375,175,-75";
"6"60;
"5"60;
"4"86;
"3"18;
%"C"
"1","(-11500,5150)","1","capcitor","I60";
;
VALUE"0.1U"
$LOCATION"?"
CODE"08070262"
CDS_LIB"capcitor"
CDS_LMAN_SYM_OUTLINE"-50,0,50,-50";
"1"93;
"2"60;
%"L"
"1","(-9800,4900)","0","inductor","I61";
;
VALUE"2.2UH"
$LOCATION"?"
CODE"10031009"
CDS_LIB"inductor"
CDS_LMAN_SYM_OUTLINE"-125,50,125,0";
"A"60;
"B"44;
%"CP"
"1","(-9450,5950)","0","capcitor","I62";
;
VALUE"100U-6.3V"
$LOCATION"?"
CODE"98010240"
CDS_LIB"capcitor"
CDS_LMAN_SYM_OUTLINE"-50,0,50,-50";
"2"18;
"1"46;
%"CP"
"1","(-9450,5200)","6","capcitor","I63";
;
VALUE"22U-10V"
$LOCATION"?"
CODE"08020082"
CDS_LIB"capcitor"
CDS_LMAN_SYM_OUTLINE"-50,0,50,-50";
"2"18;
"1"44;
%"C"
"1","(-11500,4300)","1","capcitor","I64";
;
VALUE"0.1U"
$LOCATION"?"
CODE"08070262"
CDS_LIB"capcitor"
CDS_LMAN_SYM_OUTLINE"-50,0,50,-50";
"1"68;
"2"54;
%"L"
"1","(-10650,3950)","0","inductor","I65";
;
VALUE"10UH"
$LOCATION"?"
CODE"10030103"
CDS_LIB"inductor"
CDS_LMAN_SYM_OUTLINE"-125,50,125,0";
"A"54;
"B"42;
%"C"
"1","(-10250,4200)","0","capcitor","I66";
;
VALUE"10UF"
$LOCATION"?"
CODE"08070898"
CDS_LIB"capcitor"
CDS_LMAN_SYM_OUTLINE"-50,0,50,-50";
"1"17;
"2"42;
%"GND_SIGNAL"
"1","(-9950,4500)","3","standard","I67";
;
CDS_LIB"standard"
HDL_POWER"GND_SIGNAL"
BODY_TYPE"PLUMBING";
"GND"17;
%"C"
"1","(-11500,3300)","1","capcitor","I68";
;
VALUE"0.1U"
$LOCATION"?"
CODE"08070262"
CDS_LIB"capcitor"
CDS_LMAN_SYM_OUTLINE"-50,0,50,-50";
"1"92;
"2"4;
%"L"
"1","(-10650,2950)","0","inductor","I69";
;
VALUE"8.2UH"
$LOCATION"?"
CODE"10090821"
CDS_LIB"inductor"
CDS_LMAN_SYM_OUTLINE"-125,50,125,0";
"A"4;
"B"40;
%"CP"
"1","(-10250,3150)","6","capcitor","I70";
;
$LOCATION"?"
VALUE"22U-10V"
CDS_LMAN_SYM_OUTLINE"-50,0,50,-50"
CDS_LIB"capcitor"
CODE"08020082";
"2"16;
"1"40;
%"GND_SIGNAL"
"1","(-9950,3500)","3","standard","I71";
;
BODY_TYPE"PLUMBING"
HDL_POWER"GND_SIGNAL"
CDS_LIB"standard";
"GND"16;
%"C"
"1","(-11500,1700)","1","capcitor","I72";
;
VALUE"1U"
$LOCATION"?"
CODE"98070403"
CDS_LIB"capcitor"
CDS_LMAN_SYM_OUTLINE"-50,0,50,-50";
"1"38;
"2"15;
%"C"
"1","(-11500,1450)","1","capcitor","I73";
;
VALUE"1U"
$LOCATION"?"
CODE"98070403"
CDS_LIB"capcitor"
CDS_LMAN_SYM_OUTLINE"-50,0,50,-50";
"1"61;
"2"14;
%"GND_SIGNAL"
"1","(-11200,1750)","3","standard","I74";
;
CDS_LIB"standard"
HDL_POWER"GND_SIGNAL"
BODY_TYPE"PLUMBING";
"GND"15;
%"GND_SIGNAL"
"1","(-11200,1500)","3","standard","I75";
;
CDS_LIB"standard"
HDL_POWER"GND_SIGNAL"
BODY_TYPE"PLUMBING";
"GND"14;
%"GND_SIGNAL"
"1","(-12900,1050)","5","standard","I76";
;
CDS_LIB"standard"
HDL_POWER"GND_SIGNAL"
BODY_TYPE"PLUMBING";
"GND"13;
%"GND_SIGNAL"
"1","(-11400,1150)","3","standard","I77";
;
CDS_LIB"standard"
HDL_POWER"GND_SIGNAL"
BODY_TYPE"PLUMBING";
"GND"12;
%"ADP5053"
"1","(-12100,3900)","0","power","I8";
;
CDS_LIB"power"
CDS_LMAN_SYM_OUTLINE"-450,2750,350,-2950";
"49"12;
"48"36;
"47"69;
"46"95;
"45"53;
"44"61;
"43"64;
"42"38;
"41"65;
"40"34;
"39"98;
"38"63;
"37"87;
"36"89;
"35"89;
"34"59;
"33"59;
"32"94;
"31"57;
"30"18;
"29"86;
"28"93;
"27"60;
"26"60;
"25"90;
"24"90;
"23"81;
"22"97;
"21"56;
"20"62;
"19"13;
"18"13;
"17"13;
"16"50;
"15"96;
"14"80;
"13"13;
"12"92;
"11"16;
"10"4;
"9"3;
"8"37;
"7"66;
"6"49;
"5"67;
"4"35;
"3"54;
"2"17;
"1"68;
%"R"
"1","(-12950,6150)","0","resistor","I81";
;
$LOCATION"?"
VALUE"47K-1%"
CDS_LMAN_SYM_OUTLINE"-100,25,100,-25"
CDS_LIB"resistor"
CODE"07095489";
"A"88;
"B"87;
%"R"
"1","(-12950,6000)","0","resistor","I83";
;
$LOCATION"?"
VALUE"47K-1%"
CDS_LMAN_SYM_OUTLINE"-100,25,100,-25"
CDS_LIB"resistor"
CODE"07095489";
"A"11;
"B"87;
%"GND_SIGNAL"
"1","(-13350,6050)","5","standard","I84";
;
HDL_POWER"GND_SIGNAL"
BODY_TYPE"PLUMBING"
CDS_LIB"standard";
"GND"11;
%"R"
"1","(-13050,1500)","0","resistor","I85";
;
$LOCATION"?"
VALUE"0"
CDS_LMAN_SYM_OUTLINE"-100,25,100,-25"
CDS_LIB"resistor"
CODE"07090522";
"A"10;
"B"63;
%"R"
"1","(-13050,1550)","0","resistor","I86";
;
$LOCATION"?"
VALUE"0"
CDS_LMAN_SYM_OUTLINE"-100,25,100,-25"
CDS_LIB"resistor"
CODE"07090522";
"A"71;
"B"63;
%"GND_SIGNAL"
"1","(-13400,1550)","5","standard","I87";
;
CDS_LIB"standard"
BODY_TYPE"PLUMBING"
HDL_POWER"GND_SIGNAL";
"GND"10;
%"R"
"1","(-13050,1350)","0","resistor","I88";
;
$LOCATION"?"
VALUE"0"
CDS_LMAN_SYM_OUTLINE"-100,25,100,-25"
CDS_LIB"resistor"
CODE"07090522";
"A"70;
"B"69;
%"R"
"1","(-13050,1300)","0","resistor","I89";
;
$LOCATION"?"
VALUE"0"
CDS_LMAN_SYM_OUTLINE"-100,25,100,-25"
CDS_LIB"resistor"
CODE"07090522";
"A"8;
"B"69;
%"GND_SIGNAL"
"1","(-13150,6450)","5","standard","I9";
;
CDS_LIB"standard"
HDL_POWER"GND_SIGNAL"
BODY_TYPE"PLUMBING";
"GND"9;
%"GND_SIGNAL"
"1","(-13400,1350)","5","standard","I90";
;
BODY_TYPE"PLUMBING"
HDL_POWER"GND_SIGNAL"
CDS_LIB"standard";
"GND"8;
%"R"
"1","(-13050,1800)","0","resistor","I91";
;
$LOCATION"?"
VALUE"0"
CDS_LMAN_SYM_OUTLINE"-100,25,100,-25"
CDS_LIB"resistor"
CODE"07090522";
"A"72;
"B"64;
%"R"
"1","(-13050,1750)","0","resistor","I92";
;
$LOCATION"?"
VALUE"0"
CDS_LMAN_SYM_OUTLINE"-100,25,100,-25"
CDS_LIB"resistor"
CODE"07090522";
"A"7;
"B"64;
%"GND_SIGNAL"
"1","(-13400,1800)","5","standard","I93";
;
HDL_POWER"GND_SIGNAL"
BODY_TYPE"PLUMBING"
CDS_LIB"standard";
"GND"7;
%"R"
"1","(-13050,2050)","0","resistor","I94";
;
$LOCATION"?"
VALUE"47K-1%"
CDS_LMAN_SYM_OUTLINE"-100,25,100,-25"
CDS_LIB"resistor"
CODE"07095489";
"A"6;
"B"65;
%"GND_SIGNAL"
"1","(-13400,2100)","5","standard","I95";
;
CDS_LIB"standard"
BODY_TYPE"PLUMBING"
HDL_POWER"GND_SIGNAL";
"GND"6;
%"R"
"1","(-11350,2350)","0","resistor","I97";
;
$LOCATION"?"
VALUE"82K"
CDS_LMAN_SYM_OUTLINE"-100,25,100,-25"
CDS_LIB"resistor"
CODE"07090347";
"A"49;
"B"47;
%"R"
"1","(-11350,2250)","0","resistor","I98";
;
$LOCATION"?"
VALUE"10K"
CDS_LMAN_SYM_OUTLINE"-100,25,100,-25"
CDS_LIB"resistor"
CODE"07090247";
"A"49;
"B"5;
%"GND_SIGNAL"
"1","(-11000,2300)","3","standard","I99";
;
HDL_POWER"GND_SIGNAL"
BODY_TYPE"PLUMBING"
CDS_LIB"standard";
"GND"5;
END.
