FILE_TYPE = CONNECTIVITY;
{Allegro Design Entry HDL 16.6-p007 (v16-6-112F) 10/10/2012}
"PAGE_NUMBER" = 61;
0"NC";
1"A7_USB1_DATA_P";
2"A7_USB1_DATA_N";
3"A7_USB2_DATA_P";
4"A7_USB2_DATA_N";
5"A7_SFP1_SCL";
6"A7_SFP1_SDA";
7"A7_SFP1_MOD_ABS";
8"A7_SFP1_RX_LOS";
9"A7_SFP1_TX_DISABLE";
10"A7_SFP1_TX_FAULT";
11"A7_SFP2_SCL";
12"A7_SFP2_SDA";
13"A7_SFP4_SDA";
14"A7_SFP4_MOD_ABS";
15"A7_SFP2_TX_DISABLE";
16"A7_SFP3_SDA";
17"A7_SFP3_TX_DISABLE";
18"A7_SFP3_TX_FAULT";
19"A7_SFP4_SCL";
20"A7_SFP2_MOD_ABS";
21"A7_SFP2_RX_LOS";
22"A7_SFP2_TX_FAULT";
23"A7_SFP3_SCL";
24"A7_SFP3_MOD_ABS";
25"A7_SFP3_RX_LOS";
26"A7_SFP4_RX_LOS";
27"A7_SFP4_TX_DISABLE";
28"A7_SFP4_TX_FAULT";
%"XC7A200TFFG1156"
"12","(-6050,4400)","0","ic","I1";
;
VALUE"XC7A200TFFG1156"
CDS_LIB"ic"
CDS_LMAN_SYM_OUTLINE"-125,1250,825,-100";
"L7"0;
"K2"0;
"K3"0;
"L2"0;
"M2"0;
"G1"0;
"H1"0;
"J1"0;
"K1"0;
"G2"0;
"H2"0;
"L3"0;
"L4"0;
"J3"0;
"J4"0;
"H3"0;
"H4"0;
"K5"0;
"L5"0;
"F2"0;
"F3"28;
"J5"27;
"J6"26;
"G4"14;
"G5"13;
"H6"19;
"H7"18;
"K6"17;
"K7"25;
"G6"24;
"G7"16;
"K8"23;
"L8"22;
"H8"15;
"H9"21;
"J8"20;
"J9"12;
"J10"11;
"K10"10;
"L9"9;
"L10"8;
"G11"7;
"H11"6;
"J11"5;
"K11"0;
"G9"4;
"G10"3;
"K12"2;
"L12"1;
"H12"0;
END.
