FILE_TYPE = CONNECTIVITY;
{Allegro Design Entry HDL 16.6-p007 (v16-6-112F) 10/10/2012}
"PAGE_NUMBER" = 7;
0"NC";
1"S7_7612_A_DATA0_P";
2"S7_7612_A_DATA0_N";
3"S7_7612_A_DATA1_P";
4"S7_7612_A_DATA1_N";
5"S7_7612_A_CEC";
6"S7_7612_A_HP";
7"GND_SIGNAL\g";
8"S7_7612_A_SCL";
9"S7_7612_A_SDA";
10"S7_7612_A_SDA";
11"S7_7612_A_SCL";
12"S7_7612_A_HP";
13"S7_7612_A_CEC";
14"V_S7_7612_B_5V0";
15"S7_7612_B_DATA0_P";
16"S7_7612_B_DATA0_N";
17"S7_7612_A_DATA0_P";
18"V_S7_7612_A_5V0";
19"GND_SIGNAL\g";
20"GND_SIGNAL\g";
21"GND_SIGNAL\g";
22"GND_SIGNAL\g";
23"GND_SIGNAL\g";
24"GND_SIGNAL\g";
25"GND_SIGNAL\g";
26"GND_SIGNAL\g";
27"GND_SIGNAL\g";
28"GND_SIGNAL\g";
29"GND_SIGNAL\g";
30"S7_7612_A_DATA0_P";
31"S7_7612_A_DATA0_N";
32"S7_7612_A_DATA1_P";
33"S7_7612_A_HP";
34"S7_7612_A_SCL";
35"S7_7612_A_SDA";
36"V_S7_3V3_7612_DVDDIO";
37"V_S7_7612_A_5V0";
38"S7_7612_A_HP";
39"V_S7_7612_B_5V0";
40"S7_7612_B_HP";
41"UN$7$BSS123LT1$I33$3";
42"UN$7$BSS123LT1$I25$3";
43"V_S7_5V0_IN";
44"UN$7$DIODE$I39$A";
45"S7_7612_CEC";
46"S7_7612_B_CEC";
47"S7_7612_A_CEC";
48"V_S7_7612_A_5V0";
49"V_S7_7612_B_5V0";
50"S7_7612_B_SDA";
51"S7_7612_B_SCL";
52"S7_7612_A_SCL";
53"S7_7612_A_SDA";
54"S7_7612_A_CEC";
55"S7_7612_B_SDA";
56"S7_7612_B_SCL";
57"S7_7612_B_CEC";
58"V_S7_5V0_IN";
59"S7_7612_B_DATA1_P";
60"S7_7612_B_DATA2_P";
61"S7_7612_B_DATA2_N";
62"S7_7612_B_DATA1_P";
63"S7_7612_B_DATA1_N";
64"S7_7612_B_DATA0_P";
65"S7_7612_B_DATA0_N";
66"S7_7612_B_CLK_P";
67"S7_7612_B_CLK_N";
68"S7_7612_B_HP";
69"S7_7612_A_DATA2_P";
70"S7_7612_A_DATA2_N";
71"S7_7612_A_DATA1_N";
72"S7_7612_A_CLK_P";
73"S7_7612_A_CLK_N";
74"S7_7612_B_CEC";
75"S7_7612_B_HP";
76"S7_7612_B_SCL";
77"S7_7612_B_SDA";
78"S7_7612_B_SDA";
79"S7_7612_B_SCL";
80"S7_7612_B_HP";
81"S7_7612_B_CEC";
82"S7_7612_B_DATA2_P";
83"S7_7612_B_DATA2_N";
84"S7_7612_B_CLK_P";
85"S7_7612_B_CLK_N";
86"S7_7612_B_CLK_N";
87"S7_7612_B_CLK_P";
88"S7_7612_B_DATA2_N";
89"S7_7612_B_DATA2_P";
90"S7_7612_B_DATA0_P";
91"S7_7612_B_DATA0_N";
92"S7_7612_B_DATA1_P";
93"S7_7612_B_DATA1_N";
94"S7_7612_B_DATA1_N";
95"S7_7612_A_DATA2_P";
96"S7_7612_A_DATA2_N";
97"S7_7612_A_CLK_P";
98"S7_7612_A_CLK_N";
99"S7_7612_A_CLK_N";
100"S7_7612_A_CLK_P";
101"S7_7612_A_DATA2_N";
102"S7_7612_A_DATA2_P";
103"S7_7612_A_DATA0_N";
104"S7_7612_A_DATA1_P";
105"S7_7612_A_DATA1_N";
%"HDMI-A"
"1","(-6050,6400)","0","connector","I1";
;
CDS_LMAN_SYM_OUTLINE"-125,500,325,-1150"
CDS_LIB"connector";
"23"28;
"22"28;
"21"28;
"20"28;
"19"33;
"18"18;
"17"29;
"16"53;
"15"34;
"14"0;
"13"54;
"12"73;
"11"28;
"10"72;
"9"31;
"8"28;
"7"17;
"6"71;
"5"28;
"4"32;
"3"70;
"2"28;
"1"69;
%"GND_SIGNAL"
"1","(-5650,1150)","0","standard","I10";
;
HDL_POWER"GND_SIGNAL"
BODY_TYPE"PLUMBING"
CDS_LIB"standard";
"GND"19;
%"RCLAMP0524P"
"1","(-8800,2100)","2","protection","I13";
;
CDS_LMAN_SYM_OUTLINE"-125,275,200,-250"
CDS_LIB"protection";
"10"89;
"9"88;
"8"20;
"7"87;
"6"86;
"5"85;
"4"84;
"3"20;
"2"83;
"1"82;
%"RCLAMP0524P"
"1","(-8800,3100)","2","protection","I14";
;
CDS_LMAN_SYM_OUTLINE"-125,275,200,-250"
CDS_LIB"protection";
"10"15;
"9"16;
"8"23;
"7"59;
"6"94;
"5"93;
"4"92;
"3"23;
"2"91;
"1"90;
%"RCLAMP0524P"
"1","(-8900,4700)","0","protection","I15";
;
CDS_LMAN_SYM_OUTLINE"-125,275,200,-250"
CDS_LIB"protection";
"10"5;
"9"6;
"8"7;
"7"8;
"6"9;
"5"10;
"4"11;
"3"7;
"2"12;
"1"13;
%"RCLAMP0524P"
"1","(-8900,1050)","0","protection","I16";
;
CDS_LMAN_SYM_OUTLINE"-125,275,200,-250"
CDS_LIB"protection";
"10"81;
"9"80;
"8"24;
"7"79;
"6"78;
"5"77;
"4"76;
"3"24;
"2"75;
"1"74;
%"GND_SIGNAL"
"1","(-8950,1650)","0","standard","I17";
;
CDS_LIB"standard"
HDL_POWER"GND_SIGNAL"
BODY_TYPE"PLUMBING";
"GND"20;
%"RCLAMP0524P"
"1","(-8800,6800)","2","protection","I18";
;
CDS_LMAN_SYM_OUTLINE"-125,275,200,-250"
CDS_LIB"protection";
"10"1;
"9"2;
"8"22;
"7"3;
"6"4;
"5"105;
"4"104;
"3"22;
"2"103;
"1"30;
%"RCLAMP0524P"
"1","(-8800,5800)","2","protection","I19";
;
CDS_LMAN_SYM_OUTLINE"-125,275,200,-250"
CDS_LIB"protection";
"10"102;
"9"101;
"8"21;
"7"100;
"6"99;
"5"98;
"4"97;
"3"21;
"2"96;
"1"95;
%"HDMI-A"
"1","(-6050,2700)","0","connector","I2";
;
CDS_LMAN_SYM_OUTLINE"-125,500,325,-1150"
CDS_LIB"connector";
"23"27;
"22"27;
"21"27;
"20"27;
"19"68;
"18"14;
"17"19;
"16"55;
"15"56;
"14"0;
"13"57;
"12"67;
"11"27;
"10"66;
"9"65;
"8"27;
"7"64;
"6"63;
"5"27;
"4"62;
"3"61;
"2"27;
"1"60;
%"GND_SIGNAL"
"1","(-8950,5350)","0","standard","I20";
;
CDS_LIB"standard"
HDL_POWER"GND_SIGNAL"
BODY_TYPE"PLUMBING";
"GND"21;
%"GND_SIGNAL"
"1","(-8950,6350)","0","standard","I21";
;
CDS_LIB"standard"
HDL_POWER"GND_SIGNAL"
BODY_TYPE"PLUMBING";
"GND"22;
%"GND_SIGNAL"
"1","(-8950,2650)","0","standard","I22";
;
HDL_POWER"GND_SIGNAL"
BODY_TYPE"PLUMBING"
CDS_LIB"standard";
"GND"23;
%"GND_SIGNAL"
"1","(-8950,4250)","0","standard","I23";
;
CDS_LIB"standard"
HDL_POWER"GND_SIGNAL"
BODY_TYPE"PLUMBING";
"GND"7;
%"GND_SIGNAL"
"1","(-8950,600)","0","standard","I24";
;
CDS_LIB"standard"
HDL_POWER"GND_SIGNAL"
BODY_TYPE"PLUMBING";
"GND"24;
%"BSS123LT1"
"1","(-1850,5750)","0","transistor","I25";
;
CDS_LIB"transistor"
CDS_LMAN_SYM_OUTLINE"-125,125,125,-125";
"3"42;
"2"25;
"1"43;
%"R"
"1","(-1350,6600)","1","resistor","I26";
;
$LOCATION"?"
VALUE"1K"
CDS_LMAN_SYM_OUTLINE"-100,25,100,-25"
CDS_LIB"resistor"
CODE"07090277";
"A"38;
"B"37;
%"R"
"1","(-1850,6600)","1","resistor","I27";
;
$LOCATION"?"
VALUE"100K"
CDS_LMAN_SYM_OUTLINE"-100,25,100,-25"
CDS_LIB"resistor"
CODE"97090114";
"A"42;
"B"37;
%"BSS123LT1"
"1","(-1350,6050)","0","transistor","I28";
;
CDS_LIB"transistor"
CDS_LMAN_SYM_OUTLINE"-125,125,125,-125";
"3"38;
"2"25;
"1"42;
%"GND_SIGNAL"
"1","(-1900,5300)","0","standard","I29";
;
CDS_LIB"standard"
HDL_POWER"GND_SIGNAL"
BODY_TYPE"PLUMBING";
"GND"25;
%"R"
"1","(-3500,6150)","1","resistor","I30";
;
VALUE"47K"
$LOCATION"?"
CODE"07090253"
CDS_LIB"resistor"
CDS_LMAN_SYM_OUTLINE"-100,25,100,-25";
"A"52;
"B"48;
%"R"
"1","(-3300,6150)","1","resistor","I31";
;
VALUE"47K"
$LOCATION"?"
CODE"07090253"
CDS_LIB"resistor"
CDS_LMAN_SYM_OUTLINE"-100,25,100,-25";
"A"35;
"B"48;
%"R"
"1","(-3250,2450)","1","resistor","I32";
;
VALUE"47K"
$LOCATION"?"
CODE"07090253"
CDS_LIB"resistor"
CDS_LMAN_SYM_OUTLINE"-100,25,100,-25";
"A"50;
"B"49;
%"BSS123LT1"
"1","(-1800,2050)","0","transistor","I33";
;
CDS_LIB"transistor"
CDS_LMAN_SYM_OUTLINE"-125,125,125,-125";
"3"41;
"2"26;
"1"58;
%"R"
"1","(-1300,2900)","1","resistor","I34";
;
$LOCATION"?"
VALUE"1K"
CDS_LMAN_SYM_OUTLINE"-100,25,100,-25"
CDS_LIB"resistor"
CODE"07090277";
"A"40;
"B"39;
%"R"
"1","(-1800,2900)","1","resistor","I35";
;
$LOCATION"?"
VALUE"100K"
CDS_LMAN_SYM_OUTLINE"-100,25,100,-25"
CDS_LIB"resistor"
CODE"97090114";
"A"41;
"B"39;
%"BSS123LT1"
"1","(-1300,2350)","0","transistor","I36";
;
CDS_LIB"transistor"
CDS_LMAN_SYM_OUTLINE"-125,125,125,-125";
"3"40;
"2"26;
"1"41;
%"GND_SIGNAL"
"1","(-1850,1600)","0","standard","I37";
;
BODY_TYPE"PLUMBING"
HDL_POWER"GND_SIGNAL"
CDS_LIB"standard";
"GND"26;
%"R"
"1","(-3450,2450)","1","resistor","I38";
;
VALUE"47K"
$LOCATION"?"
CODE"07090253"
CDS_LIB"resistor"
CDS_LMAN_SYM_OUTLINE"-100,25,100,-25";
"A"51;
"B"49;
%"DIODE"
"1","(-2750,4200)","1","diode","I39";
;
VALUE"1N4148"
$LOCATION"?"
CODE"95010058"
CDS_LIB"diode"
CDS_LMAN_SYM_OUTLINE"-50,50,50,-50";
"K"45;
"A"44;
%"R"
"1","(-3400,4050)","0","resistor","I40";
;
$LOCATION"?"
VALUE"0"
CDS_LMAN_SYM_OUTLINE"-100,25,100,-25"
CDS_LIB"resistor"
CODE"07090522";
"A"47;
"B"45;
%"R"
"1","(-3400,3750)","0","resistor","I41";
;
$LOCATION"?"
VALUE"0"
CDS_LMAN_SYM_OUTLINE"-100,25,100,-25"
CDS_LIB"resistor"
CODE"07090522";
"A"46;
"B"45;
%"R"
"1","(-2750,4700)","1","resistor","I43";
;
$LOCATION"?"
VALUE"27.4K"
CDS_LMAN_SYM_OUTLINE"-100,25,100,-25"
CDS_LIB"resistor"
CODE"07090320";
"A"44;
"B"36;
%"GND_SIGNAL"
"1","(-6350,1150)","0","standard","I7";
;
CDS_LIB"standard"
HDL_POWER"GND_SIGNAL"
BODY_TYPE"PLUMBING";
"GND"27;
%"GND_SIGNAL"
"1","(-6350,4850)","0","standard","I8";
;
BODY_TYPE"PLUMBING"
HDL_POWER"GND_SIGNAL"
CDS_LIB"standard";
"GND"28;
%"GND_SIGNAL"
"1","(-5650,4850)","0","standard","I9";
;
CDS_LIB"standard"
HDL_POWER"GND_SIGNAL"
BODY_TYPE"PLUMBING";
"GND"29;
END.
