FILE_TYPE = CONNECTIVITY;
{Allegro Design Entry HDL 16.6-p007 (v16-6-112F) 10/10/2012}
"PAGE_NUMBER" = 51;
0"NC";
1"A7_CONFIG_M2";
2"GND_SIGNAL\g";
3"V_A7_1V8_VCCAUX";
4"GND_SIGNAL\g";
5"V_A7_1V8_VCCAUX";
6"A7_QSPI_CLK";
7"A7_JTAG_TCK";
8"A7_JTAG_TMS";
9"A7_JTAG_TDO";
10"A7_JTAG_TDI";
11"A7_CONFIG_INIT_B";
12"A7_CONFIG_PROGRAM_B";
13"A7_CONFIG_CFGBVS";
14"A7_CONFIG_DONE";
15"A7_CONFIG_M0";
16"A7_CONFIG_M1";
17"A7_QSPI_DQ2";
18"A7_QSPI_DQ1";
19"A7_QSPI_DQ0";
20"GND_SIGNAL\g";
21"GND_SIGNAL\g";
22"GND_SIGNAL\g";
23"GND_SIGNAL\g";
24"GND_SIGNAL\g";
25"GND_SIGNAL\g";
26"GND_SIGNAL\g";
27"V_A7_3V3_VCCO";
28"V_A7_3V3_VCCO";
29"A7_JTAG_TDI";
30"A7_JTAG_TDI_R";
31"A7_JTAG_TMS_R";
32"A7_JTAG_TMS";
33"A7_JTAG_TDO_R";
34"A7_JTAG_TDO";
35"A7_JTAG_TCK_R";
36"A7_JTAG_TCK";
37"UN$51$LEDS$I36$A";
38"A7_CONFIG_DONE";
39"V_A7_3V3_VCCO";
40"A7_QSPI_DQ0_R";
41"A7_QSPI_DQ1_R";
42"A7_QSPI_DQ2_R";
43"A7_QSPI_DQ3_R";
44"A7_QSPI_DQ3";
45"A7_QSPI_CS_N";
46"A7_QSPI_CS_N_R";
47"A7_QSPI_CLK";
48"A7_QSPI_CLK_R";
49"A7_CONFIG_M0";
50"A7_CONFIG_M1";
51"A7_CONFIG_M2";
52"V_A7_3V3_VCCO";
53"A7_QSPI_CS_N";
54"V_A7_3V3_VCCO";
55"A7_CONFIG_PROGRAM_B";
56"V_A7_3V3_VCCO";
57"A7_CONFIG_INIT_B";
58"V_A7_3V3_VCCO";
59"A7_CONFIG_CFGBVS";
60"V_A7_3V3_VCCO";
61"A7_QSPI_DQ0";
62"A7_QSPI_DQ1";
63"A7_QSPI_DQ2";
64"A7_QSPI_DQ3";
65"A7_QSPI_CS_N";
66"CLK_A7_50M_MAIN";
67"CLK_A7_74M25_HDMI";
%"R"
"1","(-2700,3800)","2","resistor","I10";
;
VALUE"4.7K"
CODE"07090246"
CDS_LIB"resistor"
$LOCATION"?"
CDS_LMAN_SYM_OUTLINE"-100,25,100,-25";
"A"54;
"B"53;
%"GND_SIGNAL"
"1","(-2900,5650)","0","standard","I11";
;
BODY_TYPE"PLUMBING"
HDL_POWER"GND_SIGNAL"
CDS_LIB"standard";
"GND"20;
%"ESD"
"1","(-2850,5900)","0","protection","I12";
;
VALUE"ESD-3.3V"
CDS_LIB"protection"
$LOCATION"?"
CDS_LMAN_SYM_OUTLINE"-50,50,50,-50";
"1"30;
"2"20;
%"ESD"
"1","(-2750,5900)","0","protection","I13";
;
VALUE"ESD-3.3V"
CDS_LIB"protection"
$LOCATION"?"
CDS_LMAN_SYM_OUTLINE"-50,50,50,-50";
"1"31;
"2"20;
%"ESD"
"1","(-2650,5900)","0","protection","I14";
;
VALUE"ESD-3.3V"
CDS_LIB"protection"
$LOCATION"?"
CDS_LMAN_SYM_OUTLINE"-50,50,50,-50";
"1"33;
"2"20;
%"ESD"
"1","(-2550,5900)","0","protection","I15";
;
VALUE"ESD-3.3V"
CDS_LIB"protection"
$LOCATION"?"
CDS_LMAN_SYM_OUTLINE"-50,50,50,-50";
"1"35;
"2"20;
%"GND_SIGNAL"
"1","(-2150,4350)","1","standard","I16";
;
BODY_TYPE"PLUMBING"
HDL_POWER"GND_SIGNAL"
CDS_LIB"standard";
"GND"21;
%"R"
"1","(-1500,4700)","0","resistor","I17";
;
VALUE"0"
CODE"07090522"
CDS_LIB"resistor"
$LOCATION"?"
CDS_LMAN_SYM_OUTLINE"-100,25,100,-25";
"A"48;
"B"47;
%"R"
"1","(-1500,4600)","0","resistor","I18";
;
VALUE"0"
CODE"07090522"
CDS_LIB"resistor"
$LOCATION"?"
CDS_LMAN_SYM_OUTLINE"-100,25,100,-25";
"A"46;
"B"45;
%"C"
"1","(-2200,5150)","1","capcitor","I19";
;
VALUE"0.1U"
CODE"08070262"
CDS_LIB"capcitor"
$LOCATION"?"
CDS_LMAN_SYM_OUTLINE"-50,0,50,-50";
"1"27;
"2"22;
%"R"
"1","(-3800,4700)","0","resistor","I2";
;
VALUE"0"
CODE"07090522"
CDS_LIB"resistor"
$LOCATION"?"
CDS_LMAN_SYM_OUTLINE"-100,25,100,-25";
"A"19;
"B"40;
%"GND_SIGNAL"
"1","(-1850,5100)","1","standard","I20";
;
HDL_POWER"GND_SIGNAL"
BODY_TYPE"PLUMBING"
CDS_LIB"standard";
"GND"22;
%"GND_SIGNAL"
"1","(-1900,5700)","0","standard","I21";
;
CDS_LIB"standard"
HDL_POWER"GND_SIGNAL"
BODY_TYPE"PLUMBING";
"GND"23;
%"HEAD2X5"
"1","(-2200,6550)","0","connector","I22";
;
CODE"14050182"
CDS_LIB"connector"
VALUE"HEAD2X5"
$LOCATION"?"
CDS_LMAN_SYM_OUTLINE"-150,300,150,-300";
"P2"23;
"P4"28;
"P6"0;
"P10"23;
"P8"0;
"P1"35;
"P3"33;
"P5"31;
"P9"30;
"P7"0;
%"C"
"1","(-1700,6400)","0","capcitor","I23";
;
VALUE"0.1U"
CODE"08070262"
CDS_LIB"capcitor"
$LOCATION"?"
CDS_LMAN_SYM_OUTLINE"-50,0,50,-50";
"1"28;
"2"23;
%"S25FL128SAGMF"
"1","(-2800,4650)","0","ic","I24";
;
CDS_LIB"ic"
CDS_LMAN_SYM_OUTLINE"-125,400,275,-575";
"16"48;
"15"40;
"14"27;
"13"0;
"12"0;
"11"0;
"10"21;
"9"42;
"8"41;
"7"46;
"6"0;
"5"0;
"4"0;
"3"0;
"2"27;
"1"43;
%"XC7A200TFFG1156"
"4","(-3150,1350)","0","ic","I25";
;
VALUE"XC7A200TFFG1156"
CDS_LIB"ic"
CDS_LMAN_SYM_OUTLINE"-125,1250,1100,-100";
"W24"0;
"AB25"0;
"AB24"0;
"AA25"0;
"AA24"0;
"AB29"0;
"AA29"0;
"AB27"0;
"AB26"0;
"AA28"0;
"AA27"0;
"AC29"0;
"AC28"0;
"AB34"0;
"AA34"0;
"AC32"0;
"AC31"0;
"AA33"0;
"AA32"0;
"AC34"0;
"AC33"0;
"AB32"0;
"AB31"0;
"AB30"0;
"AA30"67;
"Y31"0;
"Y30"66;
"W31"0;
"W30"0;
"Y33"0;
"Y32"0;
"V34"0;
"V33"0;
"W34"0;
"W33"0;
"V32"0;
"V31"0;
"Y28"0;
"Y27"65;
"Y25"0;
"W25"0;
"W29"0;
"W28"0;
"Y26"0;
"W26"0;
"V27"64;
"V26"63;
"V29"62;
"V28"61;
"V24"0;
%"GND_SIGNAL"
"1","(-9350,6950)","7","standard","I26";
;
HDL_POWER"GND_SIGNAL"
BODY_TYPE"PLUMBING"
CDS_LIB"standard";
"GND"2;
%"GND_SIGNAL"
"1","(-8500,6850)","1","standard","I27";
;
CDS_LIB"standard"
HDL_POWER"GND_SIGNAL"
BODY_TYPE"PLUMBING";
"GND"4;
%"R"
"1","(-8850,6150)","2","resistor","I28";
;
VALUE"4.7K"
CODE"07090246"
CDS_LIB"resistor"
$LOCATION"?"
CDS_LMAN_SYM_OUTLINE"-100,25,100,-25";
"A"60;
"B"59;
%"RESETKEY"
"1","(-9500,2000)","0","switch","I29";
;
VALUE"RESET-SMT"
CODE"16100017"
CDS_LIB"switch"
$LOCATION"?"
CDS_LMAN_SYM_OUTLINE"200,50,450,-100";
"B2"0;
"B1"26;
"A1"0;
"A2"55;
%"R"
"1","(-3800,4800)","0","resistor","I3";
;
VALUE"0"
CODE"07090522"
CDS_LIB"resistor"
$LOCATION"?"
CDS_LMAN_SYM_OUTLINE"-100,25,100,-25";
"A"18;
"B"41;
%"R"
"1","(-9200,1400)","0","resistor","I30";
;
VALUE"100"
CODE"07090603"
CDS_LIB"resistor"
$LOCATION"?"
CDS_LMAN_SYM_OUTLINE"-100,25,100,-25";
"A"38;
"B"37;
%"R"
"1","(-9200,1600)","0","resistor","I31";
;
VALUE"330"
CODE"07090387"
CDS_LIB"resistor"
$LOCATION"?"
CDS_LMAN_SYM_OUTLINE"-100,25,100,-25";
"A"38;
"B"39;
%"R"
"1","(-9200,2250)","2","resistor","I32";
;
VALUE"4.7K"
CODE"07090246"
CDS_LIB"resistor"
$LOCATION"?"
CDS_LMAN_SYM_OUTLINE"-100,25,100,-25";
"A"56;
"B"55;
%"R"
"1","(-9200,4100)","1","resistor","I33";
;
VALUE"4.7K"
CODE"07090246"
CDS_LIB"resistor"
$LOCATION"?"
CDS_LMAN_SYM_OUTLINE"-100,25,100,-25";
"A"50;
"B"58;
%"R"
"1","(-9400,4100)","1","resistor","I34";
;
VALUE"4.7K"
CODE"07090246"
CDS_LIB"resistor"
$LOCATION"?"
CDS_LMAN_SYM_OUTLINE"-100,25,100,-25";
"A"51;
"B"58;
%"R"
"1","(-9000,4100)","1","resistor","I35";
;
VALUE"4.7K"
CODE"07090246"
CDS_LIB"resistor"
$LOCATION"?"
CDS_LMAN_SYM_OUTLINE"-100,25,100,-25";
"A"49;
"B"58;
%"LED_S"
"1","(-8650,1400)","2","diode","I36";
;
VALUE"HSMG-C170-B"
CODE"15020063"
CDS_LIB"diode"
$LOCATION"?"
CDS_LMAN_SYM_OUTLINE"-150,50,50,-75";
"A"37;
"B"24;
%"GND_SIGNAL"
"1","(-8800,1900)","1","standard","I37";
;
HDL_POWER"GND_SIGNAL"
BODY_TYPE"PLUMBING"
CDS_LIB"standard";
"GND"26;
%"GND_SIGNAL"
"1","(-8250,1350)","1","standard","I38";
;
HDL_POWER"GND_SIGNAL"
BODY_TYPE"PLUMBING"
CDS_LIB"standard";
"GND"24;
%"GND_SIGNAL"
"1","(-8300,3050)","0","standard","I39";
;
HDL_POWER"GND_SIGNAL"
BODY_TYPE"PLUMBING"
CDS_LIB"standard";
"GND"25;
%"R"
"1","(-3800,4900)","0","resistor","I4";
;
VALUE"0"
CODE"07090522"
CDS_LIB"resistor"
$LOCATION"?"
CDS_LMAN_SYM_OUTLINE"-100,25,100,-25";
"A"17;
"B"42;
%"R"
"1","(-8650,3300)","2","resistor","I40";
;
VALUE"0"
CODE"07090522"
CDS_LIB"resistor"
$LOCATION"?"
CDS_LMAN_SYM_OUTLINE"-100,25,100,-25";
"A"25;
"B"49;
%"R"
"1","(-8650,3700)","2","resistor","I41";
;
VALUE"0"
CODE"07090522"
CDS_LIB"resistor"
$LOCATION"?"
CDS_LMAN_SYM_OUTLINE"-100,25,100,-25";
"A"25;
"B"51;
%"R"
"1","(-8650,3500)","2","resistor","I42";
;
VALUE"0"
CODE"07090522"
CDS_LIB"resistor"
$LOCATION"?"
CDS_LMAN_SYM_OUTLINE"-100,25,100,-25";
"A"25;
"B"50;
%"R"
"1","(-9200,2550)","2","resistor","I43";
;
VALUE"4.7K"
CODE"07090246"
CDS_LIB"resistor"
$LOCATION"?"
CDS_LMAN_SYM_OUTLINE"-100,25,100,-25";
"A"52;
"B"57;
%"XC7A200TFFG1156"
"1","(-8950,6850)","0","ic","I44";
;
CDS_LIB"ic"
CDS_LMAN_SYM_OUTLINE"-125,525,275,-200"
VALUE"XC7A200TFFG1156";
"K22"16;
"L22"15;
"K21"1;
"P11"14;
"M12"13;
"N11"12;
"V11"11;
"AE14"10;
"AD13"9;
"AE13"8;
"AE12"7;
"W11"6;
"K13"5;
"V17"2;
"U18"2;
"V18"2;
"U17"2;
"W18"2;
"T17"4;
"T18"3;
"W17"2;
%"R"
"1","(-3800,5000)","0","resistor","I5";
;
VALUE"0"
CODE"07090522"
CDS_LIB"resistor"
$LOCATION"?"
CDS_LMAN_SYM_OUTLINE"-100,25,100,-25";
"A"44;
"B"43;
%"R"
"1","(-3850,6350)","0","resistor","I6";
;
VALUE"100"
CODE"07090603"
CDS_LIB"resistor"
$LOCATION"?"
CDS_LMAN_SYM_OUTLINE"-100,25,100,-25";
"A"29;
"B"30;
%"R"
"1","(-3850,6650)","0","resistor","I7";
;
VALUE"100"
CODE"07090603"
CDS_LIB"resistor"
$LOCATION"?"
CDS_LMAN_SYM_OUTLINE"-100,25,100,-25";
"A"34;
"B"33;
%"R"
"1","(-3850,6550)","0","resistor","I8";
;
VALUE"100"
CODE"07090603"
CDS_LIB"resistor"
$LOCATION"?"
CDS_LMAN_SYM_OUTLINE"-100,25,100,-25";
"A"32;
"B"31;
%"R"
"1","(-3850,6750)","0","resistor","I9";
;
VALUE"100"
CODE"07090603"
CDS_LIB"resistor"
$LOCATION"?"
CDS_LMAN_SYM_OUTLINE"-100,25,100,-25";
"A"36;
"B"35;
END.
