FILE_TYPE = CONNECTIVITY;
{Allegro Design Entry HDL 16.6-p007 (v16-6-112F) 10/10/2012}
"PAGE_NUMBER" = 44;
0"NC";
1"A7_SFP4_RS1";
2"A7_SFP4_RS0";
3"V_A7_3V3_SFP4_VCCT";
4"V_A7_3V3_SFP4_VCCR";
5"A7_SFP4_MOD_ABS";
6"A7_SFP4_TX_DISABLE";
7"A7_SFP4_TX_FAULT";
8"A7_SFP4_RX_LOS";
9"A7_SFP4_SDA";
10"A7_SFP4_SCL";
11"V_A7_3V3_SFP4_VCCR";
12"GND_SIGNAL\g";
13"V_A7_3V3_SFP4_VCCR";
14"GND_SIGNAL\g";
15"V_A7_3V3_SFP4_VCCT";
16"V_A7_3V3";
17"V_A7_3V3";
18"A7_SFP4_RS1";
19"GND_SIGNAL\g";
20"A7_SFP4_RS0";
21"GND_SIGNAL\g";
22"V_A7_3V3_SFP4_VCCT";
23"V_A7_3V3_SFP4_VCCT";
24"V_A7_3V3_SFP4_VCCR";
25"GND_SIGNAL\g";
26"GND_SIGNAL\g";
27"A7_SFP4_TX_FAULT";
28"A7_SFP4_TX_DISABLE";
29"A7_SFP4_SDA";
30"A7_SFP4_SCL";
31"A7_SFP4_MOD_ABS";
32"A7_SFP4_RX_LOS";
33"A7_SFP4_SIN_N";
34"A7_SFP4_SIN_P";
35"A7_SFP4_SOUT_P";
36"A7_SFP4_SOUT_N";
%"R"
"1","(-8150,2000)","1","resistor","I1";
;
VALUE"4.7K"
CODE"07090246"
CDS_LIB"resistor"
$LOCATION"?"
CDS_LMAN_SYM_OUTLINE"-100,25,100,-25";
"A"10;
"B"11;
%"R"
"1","(-6000,3850)","1","resistor","I10";
;
VALUE"0"
CODE"07090522"
CDS_LIB"resistor"
$LOCATION"?"
CDS_LMAN_SYM_OUTLINE"-100,25,100,-25";
"A"19;
"B"18;
%"R"
"1","(-8000,4400)","1","resistor","I11";
;
VALUE"4.7K"
CODE"07090246"
CDS_LIB"resistor"
$LOCATION"?"
CDS_LMAN_SYM_OUTLINE"-100,25,100,-25";
"A"20;
"B"24;
%"SFP_CONN"
"1","(-7100,6150)","0","connector","I12";
;
CDS_LIB"connector"
CDS_LMAN_SYM_OUTLINE"-125,500,250,-775";
"20"26;
"19"36;
"18"35;
"17"26;
"16"3;
"15"4;
"14"26;
"13"34;
"12"33;
"11"26;
"10"26;
"9"1;
"8"32;
"7"2;
"6"31;
"5"30;
"4"29;
"3"28;
"2"27;
"1"26;
%"GND_SIGNAL"
"1","(-6750,5300)","0","standard","I13";
;
HDL_POWER"GND_SIGNAL"
BODY_TYPE"PLUMBING"
CDS_LIB"standard";
"GND"26;
%"R"
"1","(-6000,4400)","1","resistor","I14";
;
VALUE"4.7K"
CODE"07090246"
CDS_LIB"resistor"
$LOCATION"?"
CDS_LMAN_SYM_OUTLINE"-100,25,100,-25";
"A"18;
"B"23;
%"LB"
"1","(-2850,3750)","0","inductor","I15";
;
VALUE"100MOHM"
CODE"10070008"
CDS_LIB"inductor"
$LOCATION"?"
CDS_LMAN_SYM_OUTLINE"-125,50,125,0";
"B"13;
"A"16;
%"GND_SIGNAL"
"1","(-2600,3200)","0","standard","I16";
;
BODY_TYPE"PLUMBING"
HDL_POWER"GND_SIGNAL"
CDS_LIB"standard";
"GND"12;
%"C"
"1","(-2550,3550)","0","capcitor","I17";
;
VALUE"10UF"
CODE"98070517"
CDS_LIB"capcitor"
$LOCATION"?"
CDS_LMAN_SYM_OUTLINE"-50,0,50,-50";
"1"13;
"2"12;
%"C"
"1","(-2300,3550)","0","capcitor","I18";
;
VALUE"0.1U"
CODE"08070262"
CDS_LIB"capcitor"
$LOCATION"?"
CDS_LMAN_SYM_OUTLINE"-50,0,50,-50";
"1"13;
"2"12;
%"GND_SIGNAL"
"1","(-2600,4100)","0","standard","I19";
;
HDL_POWER"GND_SIGNAL"
BODY_TYPE"PLUMBING"
CDS_LIB"standard";
"GND"14;
%"R"
"1","(-7950,2000)","1","resistor","I2";
;
VALUE"4.7K"
CODE"07090246"
CDS_LIB"resistor"
$LOCATION"?"
CDS_LMAN_SYM_OUTLINE"-100,25,100,-25";
"A"9;
"B"11;
%"LB"
"1","(-2850,4650)","0","inductor","I20";
;
VALUE"100MOHM"
CODE"10070008"
CDS_LIB"inductor"
$LOCATION"?"
CDS_LMAN_SYM_OUTLINE"-125,50,125,0";
"B"15;
"A"17;
%"C"
"1","(-2550,4450)","0","capcitor","I21";
;
VALUE"10UF"
CODE"98070517"
CDS_LIB"capcitor"
$LOCATION"?"
CDS_LMAN_SYM_OUTLINE"-50,0,50,-50";
"1"15;
"2"14;
%"C"
"1","(-2300,4450)","0","capcitor","I22";
;
VALUE"0.1U"
CODE"08070262"
CDS_LIB"capcitor"
$LOCATION"?"
CDS_LMAN_SYM_OUTLINE"-50,0,50,-50";
"1"15;
"2"14;
%"GND_SIGNAL"
"1","(-2950,5450)","0","standard","I23";
;
BODY_TYPE"PLUMBING"
HDL_POWER"GND_SIGNAL"
CDS_LIB"standard";
"GND"25;
%"SFP_CAGE"
"1","(-2650,6150)","0","connector","I24";
;
CDS_LIB"connector"
CDS_LMAN_SYM_OUTLINE"-125,500,125,-550";
"20"25;
"19"25;
"18"25;
"17"25;
"16"25;
"15"25;
"14"25;
"13"25;
"12"25;
"11"25;
"10"25;
"9"25;
"8"25;
"7"25;
"6"25;
"5"25;
"4"25;
"3"25;
"2"25;
"1"25;
%"R"
"1","(-7750,2000)","1","resistor","I3";
;
VALUE"4.7K"
CODE"07090246"
CDS_LIB"resistor"
$LOCATION"?"
CDS_LMAN_SYM_OUTLINE"-100,25,100,-25";
"A"8;
"B"11;
%"GND_SIGNAL"
"1","(-8050,3500)","0","standard","I4";
;
HDL_POWER"GND_SIGNAL"
BODY_TYPE"PLUMBING"
CDS_LIB"standard";
"GND"21;
%"R"
"1","(-8000,3850)","1","resistor","I5";
;
VALUE"0"
CODE"07090522"
CDS_LIB"resistor"
$LOCATION"?"
CDS_LMAN_SYM_OUTLINE"-100,25,100,-25";
"A"21;
"B"20;
%"R"
"1","(-6000,2000)","1","resistor","I6";
;
VALUE"4.7K"
CODE"07090246"
CDS_LIB"resistor"
$LOCATION"?"
CDS_LMAN_SYM_OUTLINE"-100,25,100,-25";
"A"5;
"B"22;
%"R"
"1","(-5800,2000)","1","resistor","I7";
;
VALUE"4.7K"
CODE"07090246"
CDS_LIB"resistor"
$LOCATION"?"
CDS_LMAN_SYM_OUTLINE"-100,25,100,-25";
"A"6;
"B"22;
%"R"
"1","(-5600,2000)","1","resistor","I8";
;
VALUE"4.7K"
CODE"07090246"
CDS_LIB"resistor"
$LOCATION"?"
CDS_LMAN_SYM_OUTLINE"-100,25,100,-25";
"A"7;
"B"22;
%"GND_SIGNAL"
"1","(-6050,3500)","0","standard","I9";
;
HDL_POWER"GND_SIGNAL"
BODY_TYPE"PLUMBING"
CDS_LIB"standard";
"GND"19;
END.
