FILE_TYPE = CONNECTIVITY;
{Allegro Design Entry HDL 16.6-p007 (v16-6-112F) 10/10/2012}
"PAGE_NUMBER" = 21;
0"NC";
1"CLK_100M_DDR";
2"GND_SIGNAL\g";
3"V_S7_2V5_VCCO";
4"GND_SIGNAL\g";
5"V_S7_3V3_VCCO";
6"GND_SIGNAL\g";
7"V_S7_3V3_VCCO";
8"CLK_100M_DDR_C";
9"V_S7_3V3_VCCO";
10"CLK_S7_74M25_HDMI";
11"CLK_S7_50M_MAIN";
%"GND_SIGNAL"
"1","(-5800,3800)","0","standard","I10";
;
CDS_LIB"standard"
HDL_POWER"GND_SIGNAL"
BODY_TYPE"PLUMBING";
"GND"6;
%"C"
"1","(-5050,4150)","0","capcitor","I11";
;
VALUE"0.1U"
CODE"08070262"
CDS_LIB"capcitor"
$LOCATION"?"
CDS_LMAN_SYM_OUTLINE"-50,0,50,-50";
"1"7;
"2"6;
%"GND_SIGNAL"
"1","(-5800,1950)","0","standard","I12";
;
CDS_LIB"standard"
BODY_TYPE"PLUMBING"
HDL_POWER"GND_SIGNAL";
"GND"4;
%"C"
"1","(-5050,2300)","0","capcitor","I13";
;
VALUE"0.1U"
CODE"08070262"
CDS_LIB"capcitor"
$LOCATION"?"
CDS_LMAN_SYM_OUTLINE"-50,0,50,-50";
"1"5;
"2"4;
%"OSC-4"
"1","(-5450,4350)","0","oscillator","I2";
;
VALUE"50MHZ-3.3V"
CODE" 92010218"
CDS_LIB"oscillator"
$LOCATION"?"
CDS_LMAN_SYM_OUTLINE"-200,150,200,-100";
"GND"6;
"NNC"0;
"OUT"11;
"VDD"7;
%"OSC-4"
"1","(-5450,2500)","0","oscillator","I3";
;
VALUE"74.25MHZ-3.3V"
CODE""
CDS_LIB"oscillator"
$LOCATION"?"
CDS_LMAN_SYM_OUTLINE"-200,150,200,-100";
"GND"4;
"NNC"0;
"OUT"10;
"VDD"5;
%"OSC-4"
"1","(-6300,6100)","0","oscillator","I4";
;
VALUE"100MHZ-3.3V"
CODE""
CDS_LIB"oscillator"
$LOCATION"?"
CDS_LMAN_SYM_OUTLINE"-200,150,200,-100";
"GND"2;
"NNC"0;
"OUT"8;
"VDD"9;
%"GND_SIGNAL"
"1","(-6650,5500)","0","standard","I5";
;
CDS_LIB"standard"
HDL_POWER"GND_SIGNAL"
BODY_TYPE"PLUMBING";
"GND"2;
%"C"
"1","(-5950,5850)","0","capcitor","I6";
;
VALUE"0.1U"
CODE"08070262"
CDS_LIB"capcitor"
$LOCATION"?"
CDS_LMAN_SYM_OUTLINE"-50,0,50,-50";
"1"9;
"2"2;
%"C"
"1","(-5100,6350)","1","capcitor","I7";
;
VALUE"0.1U"
CODE"08070262"
CDS_LIB"capcitor"
$LOCATION"?"
CDS_LMAN_SYM_OUTLINE"-50,0,50,-50";
"1"8;
"2"1;
%"R"
"1","(-4850,6600)","1","resistor","I8";
;
VALUE"330"
CODE"07090581"
CDS_LIB"resistor"
$LOCATION"?"
CDS_LMAN_SYM_OUTLINE"-100,25,100,-25";
"A"1;
"B"3;
%"R"
"1","(-4850,6050)","1","resistor","I9";
;
VALUE"330"
CODE"07090581"
CDS_LIB"resistor"
$LOCATION"?"
CDS_LMAN_SYM_OUTLINE"-100,25,100,-25";
"A"2;
"B"1;
END.
