FILE_TYPE = CONNECTIVITY;
{Allegro Design Entry HDL 16.6-p007 (v16-6-112F) 10/10/2012}
"PAGE_NUMBER" = 63;
0"NC";
1"A7_BANK_213_MGTRREF";
2"A7_SFP1_SOUT_N";
3"V_A7_1V0_MGTAVCC";
4"A7_SFP1_SIN_N";
5"V_A7_1V0_MGTAVCC";
6"A7_GTP_PCIE_D10_P";
7"A7_PCIE_GTP_D10_P";
8"A7_GTP_PCIE_D10_N";
9"A7_GTP_PCIE_D11_P";
10"A7_PCIE_GTP_D11_P";
11"A7_GTP_PCIE_D11_N";
12"A7_PCIE_GTP_D11_N";
13"A7_SFP4_SOUT_P";
14"A7_SFP4_SIN_P";
15"V_A7_1V2_MGTAVTT";
16"A7_BANK_213_MGTRREF";
17"V_A7_1V2_MGTAVTT";
18"A7_BANK_216_MGTRREF";
19"GND_SIGNAL\g";
20"A7_SFP3_SOUT_N";
21"A7_PCIE_GTP_D10_N";
22"A7_SFP4_SOUT_N";
23"A7_SFP4_SIN_N";
24"A7_SFP3_SOUT_P";
25"A7_SFP3_SIN_P";
26"A7_SFP3_SIN_N";
27"A7_BANK_216_MGTRREF";
28"CLK_A7_125M_B216_P";
29"CLK_A7_125M_B216_N";
30"A7_SFP2_SOUT_P";
31"A7_SFP2_SIN_P";
32"A7_SFP2_SOUT_N";
33"A7_SFP2_SIN_N";
34"A7_SFP1_SOUT_P";
35"A7_SFP1_SIN_P";
%"XC7A200TFFG1156"
"15","(-5950,4200)","0","ic","I1";
;
VALUE"XC7A200TFFG1156"
CDS_LIB"ic"
CDS_LMAN_SYM_OUTLINE"-125,1000,700,-100";
"AJ20"3;
"AJ18"3;
"AJ16"3;
"AJ14"3;
"AG21"3;
"AG19"3;
"AG17"3;
"AG15"3;
"E21"4;
"A23"2;
"F21"35;
"B23"34;
"C20"33;
"C22"32;
"D20"31;
"D22"30;
"G20"29;
"H20"28;
"G22"27;
"H18"0;
"G18"0;
"E19"26;
"A21"20;
"F19"25;
"B21"24;
"C18"23;
"A19"22;
"D18"14;
"B19"13;
"AM18"12;
"AP19"11;
"AL18"10;
"AN19"9;
"AK19"21;
"AP21"8;
"AJ19"7;
"AN21"6;
"AH18"0;
"AG18"0;
"AH22"1;
%"C"
"1","(-5450,3500)","0","capcitor","I10";
;
VALUE"0.1U"
CODE"08070262"
CDS_LIB"capcitor"
$LOCATION"?"
CDS_LMAN_SYM_OUTLINE"-50,0,50,-50";
"1"5;
"2"19;
%"C"
"1","(-4400,3500)","0","capcitor","I11";
;
VALUE"0.1U"
CODE"08070262"
CDS_LIB"capcitor"
$LOCATION"?"
CDS_LMAN_SYM_OUTLINE"-50,0,50,-50";
"1"5;
"2"19;
%"C"
"1","(-4250,3500)","0","capcitor","I12";
;
VALUE"0.1U"
CODE"08070262"
CDS_LIB"capcitor"
$LOCATION"?"
CDS_LMAN_SYM_OUTLINE"-50,0,50,-50";
"1"5;
"2"19;
%"C"
"1","(-4100,3500)","0","capcitor","I13";
;
VALUE"0.1U"
CODE"08070262"
CDS_LIB"capcitor"
$LOCATION"?"
CDS_LMAN_SYM_OUTLINE"-50,0,50,-50";
"1"5;
"2"19;
%"C"
"1","(-3950,3500)","0","capcitor","I14";
;
VALUE"0.1U"
CODE"08070262"
CDS_LIB"capcitor"
$LOCATION"?"
CDS_LMAN_SYM_OUTLINE"-50,0,50,-50";
"1"5;
"2"19;
%"C"
"1","(-4550,3500)","0","capcitor","I15";
;
VALUE"0.1U"
CODE"08070262"
CDS_LIB"capcitor"
$LOCATION"?"
CDS_LMAN_SYM_OUTLINE"-50,0,50,-50";
"1"5;
"2"19;
%"C"
"1","(-4700,3500)","0","capcitor","I16";
;
VALUE"0.1U"
CODE"08070262"
CDS_LIB"capcitor"
$LOCATION"?"
CDS_LMAN_SYM_OUTLINE"-50,0,50,-50";
"1"5;
"2"19;
%"C"
"1","(-5000,3500)","0","capcitor","I17";
;
VALUE"0.1U"
CODE"08070262"
CDS_LIB"capcitor"
$LOCATION"?"
CDS_LMAN_SYM_OUTLINE"-50,0,50,-50";
"1"5;
"2"19;
%"C"
"1","(-4850,3500)","0","capcitor","I18";
;
VALUE"0.1U"
CODE"08070262"
CDS_LIB"capcitor"
$LOCATION"?"
CDS_LMAN_SYM_OUTLINE"-50,0,50,-50";
"1"5;
"2"19;
%"R"
"1","(-5300,2500)","0","resistor","I19";
;
VALUE"100"
CODE"07090603"
CDS_LIB"resistor"
$LOCATION"?"
CDS_LMAN_SYM_OUTLINE"-100,25,100,-25";
"A"18;
"B"17;
%"C"
"1","(-6200,3500)","0","capcitor","I2";
;
VALUE"0.1U"
CODE"08070262"
CDS_LIB"capcitor"
$LOCATION"?"
CDS_LMAN_SYM_OUTLINE"-50,0,50,-50";
"1"5;
"2"19;
%"R"
"1","(-5300,2300)","0","resistor","I20";
;
VALUE"100"
CODE"07090603"
CDS_LIB"resistor"
$LOCATION"?"
CDS_LMAN_SYM_OUTLINE"-100,25,100,-25";
"A"16;
"B"15;
%"GND_SIGNAL"
"1","(-6250,3100)","0","standard","I3";
;
CDS_LIB"standard"
BODY_TYPE"PLUMBING"
HDL_POWER"GND_SIGNAL";
"GND"19;
%"C"
"1","(-6050,3500)","0","capcitor","I4";
;
VALUE"0.1U"
CODE"08070262"
CDS_LIB"capcitor"
$LOCATION"?"
CDS_LMAN_SYM_OUTLINE"-50,0,50,-50";
"1"5;
"2"19;
%"C"
"1","(-5750,3500)","0","capcitor","I5";
;
VALUE"0.1U"
CODE"08070262"
CDS_LIB"capcitor"
$LOCATION"?"
CDS_LMAN_SYM_OUTLINE"-50,0,50,-50";
"1"5;
"2"19;
%"C"
"1","(-5900,3500)","0","capcitor","I6";
;
VALUE"0.1U"
CODE"08070262"
CDS_LIB"capcitor"
$LOCATION"?"
CDS_LMAN_SYM_OUTLINE"-50,0,50,-50";
"1"5;
"2"19;
%"C"
"1","(-5300,3500)","0","capcitor","I7";
;
VALUE"0.1U"
CODE"08070262"
CDS_LIB"capcitor"
$LOCATION"?"
CDS_LMAN_SYM_OUTLINE"-50,0,50,-50";
"1"5;
"2"19;
%"C"
"1","(-5150,3500)","0","capcitor","I8";
;
VALUE"0.1U"
CODE"08070262"
CDS_LIB"capcitor"
$LOCATION"?"
CDS_LMAN_SYM_OUTLINE"-50,0,50,-50";
"1"5;
"2"19;
%"C"
"1","(-5600,3500)","0","capcitor","I9";
;
VALUE"0.1U"
CODE"08070262"
CDS_LIB"capcitor"
$LOCATION"?"
CDS_LMAN_SYM_OUTLINE"-50,0,50,-50";
"1"5;
"2"19;
END.
