FILE_TYPE = CONNECTIVITY;
{Allegro Design Entry HDL 16.6-p007 (v16-6-112F) 10/10/2012}
"PAGE_NUMBER" = 9;
0"NC";
1"GND_SIGNAL\g";
2"GND_SIGNAL\g";
3"GND_SIGNAL\g";
4"GND_SIGNAL\g";
5"GND_SIGNAL\g";
6"GND_SIGNAL\g";
7"GND_SIGNAL\g";
8"GND_SIGNAL\g";
9"GND_SIGNAL\g";
10"S7_7511_CEC";
11"V_S7_7511_5V0";
12"S7_7511_HP";
13"S7_7511_HEAC_P_C";
14"V_S7_7511_5V0";
15"S7_7511_SDA";
16"S7_7511_SCL";
17"S7_7511_HEAC_N";
18"UN$9$R$I21$B";
19"S7_7511_HEAC_P";
20"V_S7_1V8_7511_DVDD";
21"S7_7511_CEC";
22"V_S7_7511_5V0";
23"V_S7_3V3_7511_MVDD";
24"UN$9$DIODE$I15$A";
25"V_S7_5V0_IN";
26"S7_7511_SCL";
27"S7_7511_HEAC_P_C";
28"S7_7511_DATA1_N";
29"S7_7511_DATA1_P";
30"S7_7511_DATA0_P";
31"S7_7511_HP";
32"S7_7511_CEC";
33"S7_7511_DATA0_P";
34"S7_7511_DATA0_N";
35"S7_7511_DATA1_P";
36"S7_7511_DATA2_P";
37"S7_7511_DATA2_N";
38"S7_7511_DATA0_N";
39"S7_7511_CLK_P";
40"S7_7511_CLK_N";
41"S7_7511_SDA";
42"S7_7511_CEC";
43"S7_7511_HP";
44"S7_7511_SCL";
45"S7_7511_SDA";
46"S7_7511_SDA";
47"S7_7511_SCL";
48"S7_7511_HP";
49"S7_7511_DATA2_P";
50"S7_7511_DATA2_N";
51"S7_7511_CLK_P";
52"S7_7511_CLK_N";
53"S7_7511_CLK_N";
54"S7_7511_CLK_P";
55"S7_7511_DATA2_N";
56"S7_7511_DATA2_P";
57"S7_7511_DATA1_N";
58"S7_7511_DATA1_N";
59"S7_7511_DATA1_P";
60"S7_7511_DATA0_N";
61"S7_7511_DATA0_P";
%"HDMI-A"
"1","(-5700,5100)","0","connector","I1";
;
CDS_LMAN_SYM_OUTLINE"-125,500,325,-1150"
CDS_LIB"connector";
"23"5;
"22"5;
"21"5;
"20"5;
"19"31;
"18"11;
"17"4;
"16"41;
"15"26;
"14"27;
"13"10;
"12"40;
"11"5;
"10"39;
"9"38;
"8"5;
"7"30;
"6"28;
"5"5;
"4"29;
"3"37;
"2"5;
"1"36;
%"LB"
"1","(-2200,7100)","0","inductor","I10";
;
$LOCATION"?"
VALUE"100MOHM"
CDS_LMAN_SYM_OUTLINE"-125,50,125,0"
CDS_LIB"inductor"
CODE"10070008";
"B"25;
"A"22;
%"C"
"1","(-2500,6900)","2","capcitor","I11";
;
$LOCATION"?"
VALUE"10UF"
CDS_LMAN_SYM_OUTLINE"-50,0,50,-50"
CDS_LIB"capcitor"
CODE"08070898";
"1"22;
"2"9;
%"GND_SIGNAL"
"1","(-2550,6550)","0","standard","I12";
;
BODY_TYPE"PLUMBING"
HDL_POWER"GND_SIGNAL"
CDS_LIB"standard";
"GND"9;
%"R"
"1","(-2400,1400)","0","resistor","I13";
;
$LOCATION"?"
VALUE"1.8K-1%"
CDS_LMAN_SYM_OUTLINE"-100,25,100,-25"
CDS_LIB"resistor"
CODE"97090132";
"A"16;
"B"14;
%"R"
"1","(-2400,1250)","0","resistor","I14";
;
$LOCATION"?"
VALUE"1.8K-1%"
CDS_LMAN_SYM_OUTLINE"-100,25,100,-25"
CDS_LIB"resistor"
CODE"97090132";
"A"15;
"B"14;
%"DIODE"
"1","(-2400,5750)","0","diode","I15";
;
VALUE"1N4148"
$LOCATION"?"
CODE"95010058"
CDS_LIB"diode"
CDS_LMAN_SYM_OUTLINE"-50,50,50,-50";
"K"21;
"A"24;
%"PESD0402-140"
"1","(-3300,3100)","0","protection","I16";
;
CDS_LIB"protection"
CDS_LMAN_SYM_OUTLINE"-75,125,75,-175";
"2"8;
"1"13;
%"GND_SIGNAL"
"1","(-3350,2750)","0","standard","I17";
;
BODY_TYPE"PLUMBING"
HDL_POWER"GND_SIGNAL"
CDS_LIB"standard";
"GND"8;
%"R"
"1","(-1900,5750)","0","resistor","I18";
;
VALUE"27.4K"
$LOCATION"?"
CODE"07090320"
CDS_LIB"resistor"
CDS_LMAN_SYM_OUTLINE"-100,25,100,-25";
"A"24;
"B"23;
%"C"
"1","(-2850,3700)","1","capcitor","I19";
;
$LOCATION"?"
VALUE"1U-10V"
CDS_LMAN_SYM_OUTLINE"-50,0,50,-50"
CDS_LIB"capcitor"
CODE"08070403";
"1"13;
"2"19;
%"RCLAMP0524P"
"1","(-8750,5600)","0","protection","I2";
;
CDS_LMAN_SYM_OUTLINE"-125,275,200,-250"
CDS_LIB"protection";
"10"61;
"9"60;
"8"3;
"7"59;
"6"58;
"5"57;
"4"35;
"3"3;
"2"34;
"1"33;
%"C"
"1","(-2850,3500)","1","capcitor","I20";
;
$LOCATION"?"
VALUE"1U-10V"
CDS_LMAN_SYM_OUTLINE"-50,0,50,-50"
CDS_LIB"capcitor"
CODE"08070403";
"1"12;
"2"17;
%"R"
"1","(-2200,2500)","1","resistor","I21";
;
$LOCATION"?"
VALUE"4.7"
CDS_LMAN_SYM_OUTLINE"-100,25,100,-25"
CDS_LIB"resistor"
CODE"07098624";
"A"7;
"B"18;
%"R"
"1","(-2200,4100)","1","resistor","I22";
;
$LOCATION"?"
VALUE"49.9"
CDS_LMAN_SYM_OUTLINE"-100,25,100,-25"
CDS_LIB"resistor"
CODE"10071419";
"A"19;
"B"20;
%"R"
"1","(-1900,4100)","1","resistor","I23";
;
$LOCATION"?"
VALUE"49.9"
CDS_LMAN_SYM_OUTLINE"-100,25,100,-25"
CDS_LIB"resistor"
CODE"10071419";
"A"17;
"B"20;
%"R"
"1","(-2200,3150)","1","resistor","I24";
;
$LOCATION"?"
VALUE"49.9"
CDS_LMAN_SYM_OUTLINE"-100,25,100,-25"
CDS_LIB"resistor"
CODE"10071419";
"A"18;
"B"19;
%"R"
"1","(-1900,3150)","1","resistor","I25";
;
$LOCATION"?"
VALUE"49.9"
CDS_LMAN_SYM_OUTLINE"-100,25,100,-25"
CDS_LIB"resistor"
CODE"10071419";
"A"18;
"B"17;
%"GND_SIGNAL"
"1","(-2250,2100)","0","standard","I26";
;
BODY_TYPE"PLUMBING"
HDL_POWER"GND_SIGNAL"
CDS_LIB"standard";
"GND"7;
%"R"
"1","(-3050,3150)","1","resistor","I27";
;
$LOCATION"?"
VALUE"10K"
CDS_LMAN_SYM_OUTLINE"-100,25,100,-25"
CDS_LIB"resistor"
CODE"07090247";
"A"6;
"B"12;
%"GND_SIGNAL"
"1","(-3100,2750)","0","standard","I28";
;
CDS_LIB"standard"
BODY_TYPE"PLUMBING"
HDL_POWER"GND_SIGNAL";
"GND"6;
%"RCLAMP0524P"
"1","(-8750,4350)","0","protection","I3";
;
CDS_LMAN_SYM_OUTLINE"-125,275,200,-250"
CDS_LIB"protection";
"10"56;
"9"55;
"8"2;
"7"54;
"6"53;
"5"52;
"4"51;
"3"2;
"2"50;
"1"49;
%"RCLAMP0524P"
"1","(-8750,3100)","0","protection","I4";
;
CDS_LMAN_SYM_OUTLINE"-125,275,200,-250"
CDS_LIB"protection";
"10"32;
"9"48;
"8"1;
"7"47;
"6"46;
"5"45;
"4"44;
"3"1;
"2"43;
"1"42;
%"GND_SIGNAL"
"1","(-6050,3550)","0","standard","I5";
;
CDS_LIB"standard"
HDL_POWER"GND_SIGNAL"
BODY_TYPE"PLUMBING";
"GND"5;
%"GND_SIGNAL"
"1","(-5250,3550)","0","standard","I6";
;
BODY_TYPE"PLUMBING"
HDL_POWER"GND_SIGNAL"
CDS_LIB"standard";
"GND"4;
%"GND_SIGNAL"
"1","(-8800,5100)","0","standard","I7";
;
CDS_LIB"standard"
HDL_POWER"GND_SIGNAL"
BODY_TYPE"PLUMBING";
"GND"3;
%"GND_SIGNAL"
"1","(-8800,3850)","0","standard","I8";
;
CDS_LIB"standard"
BODY_TYPE"PLUMBING"
HDL_POWER"GND_SIGNAL";
"GND"2;
%"GND_SIGNAL"
"1","(-8800,2600)","0","standard","I9";
;
BODY_TYPE"PLUMBING"
HDL_POWER"GND_SIGNAL"
CDS_LIB"standard";
"GND"1;
END.
