FILE_TYPE = CONNECTIVITY;
{Allegro Design Entry HDL 16.6-p007 (v16-6-112F) 10/10/2012}
"PAGE_NUMBER" = 86;
0"NC";
1"V_Z7_S6_1V8_DDR";
2"V_Z7_1V8";
3"V_Z7_S6_0V9_DDR_VREF";
4"GND_SIGNAL\g";
5"V_Z7_S6_1V8_DDR";
6"GND_SIGNAL\g";
7"V_Z7_S6_0V9_DDR_VREF";
8"GND_SIGNAL\g";
9"V_Z7_S6_1V8_DDR";
10"Z7_S6_DDR_A0_R";
11"Z7_S6_DDR_A1_R";
12"Z7_S6_DDR_UDM";
13"Z7_S6_DDR_UDM_R";
14"Z7_S6_DDR_LDM";
15"Z7_S6_DDR_LDM_R";
16"CLK_Z7_S6_DDR_N";
17"CLK_Z7_S6_DDR_N_R";
18"CLK_Z7_S6_DDR_P";
19"CLK_Z7_S6_DDR_P_R";
20"UN$86$HY5PS121621CFP$I44$A15";
21"GND_SIGNAL\g";
22"Z7_S6_DDR_BA0_R";
23"Z7_S6_DDR_BA1_R";
24"Z7_S6_DDR_BA2_R";
25"Z7_S6_DDR_A14_R";
26"Z7_S6_DDR_A13_R";
27"Z7_S6_DDR_A12_R";
28"Z7_S6_DDR_A11_R";
29"Z7_S6_DDR_A10_R";
30"Z7_S6_DDR_A9_R";
31"Z7_S6_DDR_A8_R";
32"Z7_S6_DDR_A7_R";
33"Z7_S6_DDR_A6_R";
34"Z7_S6_DDR_A5_R";
35"Z7_S6_DDR_A4_R";
36"GND_SIGNAL\g";
37"Z7_S6_DDR_DQ14_R";
38"Z7_S6_DDR_DQ1";
39"Z7_S6_DDR_LDQS_N";
40"Z7_S6_DDR_LDQS_P";
41"Z7_S6_DDR_DQ0";
42"Z7_S6_DDR_LDQS_N_R";
43"Z7_S6_DDR_LDQS_P_R";
44"Z7_S6_DDR_DQ1_R";
45"Z7_S6_DDR_DQ0_R";
46"Z7_S6_DDR_DQ6";
47"Z7_S6_DDR_ODT";
48"Z7_S6_DDR_DQ7";
49"Z7_S6_DDR_A1";
50"Z7_S6_DDR_ODT_R";
51"Z7_S6_DDR_DQ7_R";
52"Z7_S6_DDR_DQ6_R";
53"Z7_S6_DDR_A1_R";
54"Z7_S6_DDR_DQ9";
55"Z7_S6_DDR_DQ8";
56"Z7_S6_DDR_DQ11";
57"Z7_S6_DDR_A3";
58"Z7_S6_DDR_DQ8_R";
59"Z7_S6_DDR_DQ11_R";
60"Z7_S6_DDR_DQ9_R";
61"Z7_S6_DDR_A3_R";
62"Z7_S6_DDR_DQ15";
63"Z7_S6_DDR_DQ12";
64"Z7_S6_DDR_DQ13";
65"Z7_S6_DDR_DQ14";
66"Z7_S6_DDR_DQ12_R";
67"Z7_S6_DDR_DQ13_R";
68"Z7_S6_DDR_DQ15_R";
69"Z7_S6_DDR_DQ14_R";
70"Z7_S6_DDR_UDQS_N";
71"Z7_S6_DDR_DQ10";
72"Z7_S6_DDR_CS_N";
73"Z7_S6_DDR_UDQS_P";
74"Z7_S6_DDR_DQ10_R";
75"Z7_S6_DDR_CS_N_R";
76"Z7_S6_DDR_UDQS_N_R";
77"Z7_S6_DDR_UDQS_P_R";
78"Z7_S6_DDR_CAS_N";
79"Z7_S6_DDR_RAS_N";
80"Z7_S6_DDR_DQ2";
81"Z7_S6_DDR_DQ3";
82"Z7_S6_DDR_RAS_N_R";
83"Z7_S6_DDR_DQ2_R";
84"Z7_S6_DDR_CAS_N_R";
85"Z7_S6_DDR_DQ3_R";
86"Z7_S6_DDR_BA1";
87"Z7_S6_DDR_A4";
88"Z7_S6_DDR_A10";
89"Z7_S6_DDR_BA0";
90"Z7_S6_DDR_A4_R";
91"Z7_S6_DDR_A10_R";
92"Z7_S6_DDR_BA1_R";
93"Z7_S6_DDR_BA0_R";
94"Z7_S6_DDR_A12";
95"Z7_S6_DDR_A14";
96"Z7_S6_DDR_WE_N";
97"Z7_S6_DDR_DQ4";
98"Z7_S6_DDR_A14_R";
99"Z7_S6_DDR_WE_N_R";
100"Z7_S6_DDR_A12_R";
101"Z7_S6_DDR_DQ4_R";
102"Z7_S6_DDR_A8";
103"Z7_S6_DDR_BA2";
104"Z7_S6_DDR_A11";
105"Z7_S6_DDR_A9";
106"Z7_S6_DDR_BA2_R";
107"Z7_S6_DDR_A11_R";
108"Z7_S6_DDR_A8_R";
109"Z7_S6_DDR_A9_R";
110"Z7_S6_DDR_A13";
111"Z7_S6_DDR_A6";
112"Z7_S6_DDR_DQ5";
113"Z7_S6_DDR_A5";
114"Z7_S6_DDR_A6_R";
115"Z7_S6_DDR_DQ5_R";
116"Z7_S6_DDR_A13_R";
117"Z7_S6_DDR_A5_R";
118"Z7_S6_DDR_A0";
119"Z7_S6_DDR_A7";
120"Z7_S6_DDR_CKE";
121"Z7_S6_DDR_A2";
122"Z7_S6_DDR_A7_R";
123"Z7_S6_DDR_CKE_R";
124"Z7_S6_DDR_A0_R";
125"Z7_S6_DDR_A2_R";
126"Z7_S6_DDR_DQ4_R";
127"Z7_S6_DDR_A2_R";
128"Z7_S6_DDR_A3_R";
129"Z7_S6_DDR_CAS_N_R";
130"Z7_S6_DDR_WE_N_R";
131"Z7_S6_DDR_CKE_R";
132"Z7_S6_DDR_RAS_N_R";
133"Z7_S6_DDR_CS_N_R";
134"Z7_S6_DDR_DQ0_R";
135"Z7_S6_DDR_DQ2_R";
136"Z7_S6_DDR_DQ1_R";
137"Z7_S6_DDR_DQ3_R";
138"Z7_S6_DDR_DQ5_R";
139"Z7_S6_DDR_DQ7_R";
140"Z7_S6_DDR_DQ6_R";
141"Z7_S6_DDR_DQ8_R";
142"Z7_S6_DDR_DQ9_R";
143"Z7_S6_DDR_DQ10_R";
144"Z7_S6_DDR_DQ12_R";
145"Z7_S6_DDR_DQ11_R";
146"Z7_S6_DDR_DQ13_R";
147"Z7_S6_DDR_DQ15_R";
148"CLK_Z7_S6_DDR_P_R";
149"CLK_Z7_S6_DDR_N_R";
150"Z7_S6_DDR_UDQS_N_R";
151"Z7_S6_DDR_LDQS_N_R";
152"Z7_S6_DDR_UDQS_P_R";
153"Z7_S6_DDR_LDM_R";
154"Z7_S6_DDR_LDQS_P_R";
155"Z7_S6_DDR_ODT_R";
156"Z7_S6_DDR_UDM_R";
%"R"
"1","(-8200,4550)","0","resistor","I10";
;
VALUE"1K"
CODE"07090277"
CDS_LIB"resistor"
$LOCATION"?"
CDS_LMAN_SYM_OUTLINE"-100,25,100,-25";
"A"21;
"B"20;
%"C"
"1","(-7450,2125)","0","capcitor","I11";
;
VALUE"0.1U"
CODE"08070262"
CDS_LIB"capcitor"
$LOCATION"?"
CDS_LMAN_SYM_OUTLINE"-50,0,50,-50";
"1"1;
"2"6;
%"C"
"1","(-7350,2125)","0","capcitor","I12";
;
VALUE"0.1U"
CODE"08070262"
CDS_LIB"capcitor"
$LOCATION"?"
CDS_LMAN_SYM_OUTLINE"-50,0,50,-50";
"1"1;
"2"6;
%"C"
"1","(-7250,2125)","0","capcitor","I13";
;
VALUE"0.1U"
CODE"08070262"
CDS_LIB"capcitor"
$LOCATION"?"
CDS_LMAN_SYM_OUTLINE"-50,0,50,-50";
"1"1;
"2"6;
%"C"
"1","(-7150,2125)","0","capcitor","I14";
;
VALUE"0.1U"
CODE"08070262"
CDS_LIB"capcitor"
$LOCATION"?"
CDS_LMAN_SYM_OUTLINE"-50,0,50,-50";
"1"1;
"2"6;
%"C"
"1","(-7050,2125)","0","capcitor","I15";
;
VALUE"0.1U"
CODE"08070262"
CDS_LIB"capcitor"
$LOCATION"?"
CDS_LMAN_SYM_OUTLINE"-50,0,50,-50";
"1"1;
"2"6;
%"C"
"1","(-6950,2125)","0","capcitor","I16";
;
VALUE"0.1U"
CODE"08070262"
CDS_LIB"capcitor"
$LOCATION"?"
CDS_LMAN_SYM_OUTLINE"-50,0,50,-50";
"1"1;
"2"6;
%"C"
"1","(-6850,2125)","0","capcitor","I17";
;
VALUE"0.1U"
CODE"08070262"
CDS_LIB"capcitor"
$LOCATION"?"
CDS_LMAN_SYM_OUTLINE"-50,0,50,-50";
"1"1;
"2"6;
%"C"
"1","(-6750,2125)","0","capcitor","I18";
;
VALUE"0.1U"
CODE"08070262"
CDS_LIB"capcitor"
$LOCATION"?"
CDS_LMAN_SYM_OUTLINE"-50,0,50,-50";
"1"1;
"2"6;
%"C"
"1","(-6650,2125)","0","capcitor","I19";
;
VALUE"0.1U"
CODE"08070262"
CDS_LIB"capcitor"
$LOCATION"?"
CDS_LMAN_SYM_OUTLINE"-50,0,50,-50";
"1"1;
"2"6;
%"R"
"1","(-8500,2300)","0","resistor","I2";
;
VALUE"0.025"
CODE"97090143"
CDS_LIB"resistor"
$LOCATION"?"
CDS_LMAN_SYM_OUTLINE"-100,25,100,-25";
"A"2;
"B"1;
%"C"
"1","(-6550,2125)","0","capcitor","I20";
;
VALUE"0.1U"
CODE"08070262"
CDS_LIB"capcitor"
$LOCATION"?"
CDS_LMAN_SYM_OUTLINE"-50,0,50,-50";
"1"1;
"2"6;
%"C"
"1","(-6450,2125)","0","capcitor","I24";
;
VALUE"0.1U"
CODE"08070262"
CDS_LIB"capcitor"
$LOCATION"?"
CDS_LMAN_SYM_OUTLINE"-50,0,50,-50";
"1"1;
"2"6;
%"C"
"1","(-6325,2125)","0","capcitor","I25";
;
VALUE"10UF"
CODE"08070898"
CDS_LIB"capcitor"
$LOCATION"?"
CDS_LMAN_SYM_OUTLINE"-50,0,50,-50";
"1"1;
"2"6;
%"C"
"1","(-6200,2125)","0","capcitor","I26";
;
VALUE"10UF"
CODE"08070898"
CDS_LIB"capcitor"
$LOCATION"?"
CDS_LMAN_SYM_OUTLINE"-50,0,50,-50";
"1"1;
"2"6;
%"C"
"1","(-6075,2125)","0","capcitor","I27";
;
VALUE"10UF"
CODE"08070898"
CDS_LIB"capcitor"
$LOCATION"?"
CDS_LMAN_SYM_OUTLINE"-50,0,50,-50";
"1"1;
"2"6;
%"C"
"1","(-7950,2125)","0","capcitor","I3";
;
VALUE"0.1U"
CODE"08070262"
CDS_LIB"capcitor"
$LOCATION"?"
CDS_LMAN_SYM_OUTLINE"-50,0,50,-50";
"1"1;
"2"6;
%"R"
"1","(-2425,3350)","0","resistor","I34";
;
VALUE"22.1"
CODE"07090156"
CDS_LIB"resistor"
$LOCATION"?"
CDS_LMAN_SYM_OUTLINE"-100,25,100,-25";
"A"13;
"B"12;
%"R"
"1","(-2425,3400)","0","resistor","I35";
;
VALUE"22.1"
CODE"07090156"
CDS_LIB"resistor"
$LOCATION"?"
CDS_LMAN_SYM_OUTLINE"-100,25,100,-25";
"A"15;
"B"14;
%"R"
"1","(-2425,3500)","0","resistor","I36";
;
VALUE"22.1"
CODE"07090156"
CDS_LIB"resistor"
$LOCATION"?"
CDS_LMAN_SYM_OUTLINE"-100,25,100,-25";
"A"17;
"B"16;
%"R"
"1","(-2425,3550)","0","resistor","I37";
;
VALUE"22.1"
CODE"07090156"
CDS_LIB"resistor"
$LOCATION"?"
CDS_LMAN_SYM_OUTLINE"-100,25,100,-25";
"A"19;
"B"18;
%"C"
"1","(-7850,2125)","0","capcitor","I4";
;
VALUE"0.1U"
CODE"08070262"
CDS_LIB"capcitor"
$LOCATION"?"
CDS_LMAN_SYM_OUTLINE"-50,0,50,-50";
"1"1;
"2"6;
%"RN"
"2","(-2600,6150)","0","resistor","I41";
;
VALUE"22X4"
CODE"97080127"
CDS_LIB"resistor"
$LOCATION"?"
HAS_FIXED_SIZE"4B"
CDS_LMAN_SYM_OUTLINE"-25,150,175,-100";
"A<0>"45;
"A<1>"44;
"A<3>"43;
"A<2>"42;
"B<0>"41;
"B<3>"40;
"B<2>"39;
"B<1>"38;
%"RN"
"2","(-4850,6100)","0","resistor","I42";
;
VALUE"22X4"
CODE"97080127"
CDS_LIB"resistor"
$LOCATION"?"
HAS_FIXED_SIZE"4B"
CDS_LMAN_SYM_OUTLINE"-25,150,175,-100";
"A<0>"125;
"A<1>"124;
"A<3>"123;
"A<2>"122;
"B<0>"121;
"B<3>"120;
"B<2>"119;
"B<1>"118;
%"HY5PS121621CFP"
"1","(-7650,4600)","0","ic","I44";
;
VALUE"HY5PS12621CFP"
CDS_LIB"ic"
$LOCATION"?"
CDS_LMAN_SYM_OUTLINE"-150,1875,450,-1200";
"A5"34;
"UDM"156;
"ODT"155;
"LDQS"154;
"LDM"153;
"UDQS"152;
"LDQS* \B"151;
"UDQS* \B"150;
"CK* \B"149;
"CK"148;
"DQ15"147;
"DQ14"37;
"DQ13"146;
"DQ11"145;
"DQ12"144;
"DQ10"143;
"DQ9"142;
"DQ8"141;
"DQ6"140;
"DQ7"139;
"DQ5"138;
"DQ4"126;
"DQ3"137;
"DQ1"136;
"DQ2"135;
"DQ0"134;
"CS* \B"133;
"RAS* \B"132;
"CKE"131;
"WE* \B"130;
"CAS* \B"129;
"NC1"0;
"NC2"0;
"VSSDL"36;
"VSSQ<0>"36;
"VSSQ<1>"36;
"VSSQ<2>"36;
"VSSQ<4>"36;
"VSSQ<3>"36;
"VSSQ<5>"36;
"VSSQ<6>"36;
"VSSQ<7>"36;
"VSSQ<9>"36;
"VSSQ<8>"36;
"VSS<0>"36;
"VSS<1>"36;
"VSS<2>"36;
"VSS<3>"36;
"VSS<4>"36;
"BA2"24;
"BA1"23;
"A15"20;
"BA0"22;
"A13"26;
"A14"25;
"A12"27;
"A11"28;
"A10"29;
"A8"31;
"A9"30;
"A7"32;
"A6"33;
"A3"128;
"A4"35;
"A2"127;
"A0"10;
"A1"11;
"VDDL"9;
"VDDQ<1>"9;
"VDDQ<0>"9;
"VDDQ<2>"9;
"VDDQ<3>"9;
"VDDQ<4>"9;
"VDDQ<6>"9;
"VDDQ<5>"9;
"VDDQ<7>"9;
"VDDQ<8>"9;
"VDDQ<9>"9;
"VDD<0>"9;
"VDD<1>"9;
"VDD<2>"9;
"VDD<3>"9;
"VDD<4>"9;
"VREF"7;
%"C"
"1","(-8700,800)","1","capcitor","I45";
;
VALUE"0.1U"
CODE"08070262"
CDS_LIB"capcitor"
$LOCATION"?"
CDS_LMAN_SYM_OUTLINE"-50,0,50,-50";
"1"4;
"2"3;
%"R"
"1","(-8650,950)","0","resistor","I46";
;
VALUE"10K-1%"
CODE"97090130"
CDS_LIB"resistor"
$LOCATION"?"
CDS_LMAN_SYM_OUTLINE"-100,25,100,-25";
"A"4;
"B"3;
%"R"
"1","(-7050,950)","0","resistor","I47";
;
VALUE"10K-1%"
CODE"97090130"
CDS_LIB"resistor"
$LOCATION"?"
CDS_LMAN_SYM_OUTLINE"-100,25,100,-25";
"A"3;
"B"5;
%"C"
"1","(-7100,800)","1","capcitor","I48";
;
VALUE"0.1U"
CODE"08070262"
CDS_LIB"capcitor"
$LOCATION"?"
CDS_LMAN_SYM_OUTLINE"-50,0,50,-50";
"1"3;
"2"5;
%"GND_SIGNAL"
"1","(-9300,750)","7","standard","I49";
;
HDL_POWER"GND_SIGNAL"
BODY_TYPE"PLUMBING"
CDS_LIB"standard";
"GND"4;
%"C"
"1","(-7750,2125)","0","capcitor","I5";
;
VALUE"0.1U"
CODE"08070262"
CDS_LIB"capcitor"
$LOCATION"?"
CDS_LMAN_SYM_OUTLINE"-50,0,50,-50";
"1"1;
"2"6;
%"GND_SIGNAL"
"1","(-8000,1700)","0","standard","I50";
;
CDS_LIB"standard"
HDL_POWER"GND_SIGNAL"
BODY_TYPE"PLUMBING";
"GND"6;
%"TP"
"1","(-7250,1150)","2","others","I51";
;
VALUE"TP_SMD"
$LOCATION"?"
CDS_LMAN_SYM_OUTLINE"-150,75,50,-75"
CDS_LIB"others";
"P \B"3;
%"GND_SIGNAL"
"1","(-8050,3300)","0","standard","I52";
;
CDS_LIB"standard"
BODY_TYPE"PLUMBING"
HDL_POWER"GND_SIGNAL";
"GND"36;
%"GND_SIGNAL"
"1","(-8500,6600)","7","standard","I53";
;
HDL_POWER"GND_SIGNAL"
BODY_TYPE"PLUMBING"
CDS_LIB"standard";
"GND"8;
%"C"
"1","(-8250,6650)","1","capcitor","I54";
;
VALUE"0.1U"
CODE"08070262"
CDS_LIB"capcitor"
$LOCATION"?"
CDS_LMAN_SYM_OUTLINE"-50,0,50,-50";
"1"8;
"2"7;
%"GND_SIGNAL"
"1","(-8550,4500)","7","standard","I55";
;
BODY_TYPE"PLUMBING"
HDL_POWER"GND_SIGNAL"
CDS_LIB"standard";
"GND"21;
%"RN"
"2","(-4850,5700)","0","resistor","I56";
;
VALUE"22X4"
CODE"97080127"
CDS_LIB"resistor"
$LOCATION"?"
HAS_FIXED_SIZE"4B"
CDS_LMAN_SYM_OUTLINE"-25,150,175,-100";
"A<0>"117;
"A<1>"116;
"A<3>"115;
"A<2>"114;
"B<0>"113;
"B<3>"112;
"B<2>"111;
"B<1>"110;
%"RN"
"2","(-4850,5300)","0","resistor","I57";
;
VALUE"22X4"
CODE"97080127"
CDS_LIB"resistor"
$LOCATION"?"
HAS_FIXED_SIZE"4B"
CDS_LMAN_SYM_OUTLINE"-25,150,175,-100";
"A<0>"109;
"A<1>"108;
"A<3>"107;
"A<2>"106;
"B<0>"105;
"B<3>"104;
"B<2>"103;
"B<1>"102;
%"RN"
"2","(-4850,4900)","0","resistor","I58";
;
VALUE"22X4"
CODE"97080127"
CDS_LIB"resistor"
$LOCATION"?"
HAS_FIXED_SIZE"4B"
CDS_LMAN_SYM_OUTLINE"-25,150,175,-100";
"A<0>"101;
"A<1>"100;
"A<3>"99;
"A<2>"98;
"B<0>"97;
"B<3>"96;
"B<2>"95;
"B<1>"94;
%"RN"
"2","(-4850,4050)","0","resistor","I59";
;
VALUE"22X4"
CODE"97080127"
CDS_LIB"resistor"
$LOCATION"?"
HAS_FIXED_SIZE"4B"
CDS_LMAN_SYM_OUTLINE"-25,150,175,-100";
"A<0>"85;
"A<1>"84;
"A<3>"83;
"A<2>"82;
"B<0>"81;
"B<3>"80;
"B<2>"79;
"B<1>"78;
%"C"
"1","(-7650,2125)","0","capcitor","I6";
;
VALUE"0.1U"
CODE"08070262"
CDS_LIB"capcitor"
$LOCATION"?"
CDS_LMAN_SYM_OUTLINE"-50,0,50,-50";
"1"1;
"2"6;
%"RN"
"2","(-4850,4450)","0","resistor","I60";
;
VALUE"22X4"
CODE"97080127"
CDS_LIB"resistor"
$LOCATION"?"
HAS_FIXED_SIZE"4B"
CDS_LMAN_SYM_OUTLINE"-25,150,175,-100";
"A<0>"93;
"A<1>"92;
"A<3>"91;
"A<2>"90;
"B<0>"89;
"B<3>"88;
"B<2>"87;
"B<1>"86;
%"RN"
"2","(-2600,5700)","0","resistor","I61";
;
VALUE"22X4"
CODE"97080127"
CDS_LIB"resistor"
$LOCATION"?"
HAS_FIXED_SIZE"4B"
CDS_LMAN_SYM_OUTLINE"-25,150,175,-100";
"A<0>"53;
"A<1>"52;
"A<3>"51;
"A<2>"50;
"B<0>"49;
"B<3>"48;
"B<2>"47;
"B<1>"46;
%"RN"
"2","(-2600,4800)","0","resistor","I62";
;
VALUE"22X4"
CODE"97080127"
CDS_LIB"resistor"
$LOCATION"?"
HAS_FIXED_SIZE"4B"
CDS_LMAN_SYM_OUTLINE"-25,150,175,-100";
"A<0>"69;
"A<1>"68;
"A<3>"67;
"A<2>"66;
"B<0>"65;
"B<3>"64;
"B<2>"63;
"B<1>"62;
%"RN"
"2","(-2600,5250)","0","resistor","I63";
;
VALUE"22X4"
CODE"97080127"
CDS_LIB"resistor"
$LOCATION"?"
HAS_FIXED_SIZE"4B"
CDS_LMAN_SYM_OUTLINE"-25,150,175,-100";
"A<0>"61;
"A<1>"60;
"A<3>"59;
"A<2>"58;
"B<0>"57;
"B<3>"56;
"B<2>"55;
"B<1>"54;
%"RN"
"2","(-2600,4300)","0","resistor","I64";
;
VALUE"22X4"
CODE"97080127"
CDS_LIB"resistor"
$LOCATION"?"
HAS_FIXED_SIZE"4B"
CDS_LMAN_SYM_OUTLINE"-25,150,175,-100";
"A<0>"77;
"A<1>"76;
"A<3>"75;
"A<2>"74;
"B<0>"73;
"B<3>"72;
"B<2>"71;
"B<1>"70;
%"C"
"1","(-7550,2125)","0","capcitor","I7";
;
VALUE"0.1U"
CODE"08070262"
CDS_LIB"capcitor"
$LOCATION"?"
CDS_LMAN_SYM_OUTLINE"-50,0,50,-50";
"1"1;
"2"6;
END.
