FILE_TYPE = CONNECTIVITY;
{Allegro Design Entry HDL 16.6-p007 (v16-6-112F) 10/10/2012}
"PAGE_NUMBER" = 69;
0"NC";
1"Z7_7511_SCL";
2"V_Z7_7511_5V0";
3"Z7_7511_SDA";
4"Z7_7511_SCL";
5"UN$69$R$I17$B";
6"GND_SIGNAL\g";
7"Z7_7511_HEAC_P";
8"Z7_7511_HEAC_N";
9"V_Z7_1V8_7511_DVDD";
10"Z7_7511_HP";
11"GND_SIGNAL\g";
12"V_Z7_3V3_7511_MVDD";
13"UN$69$DIODE$I24$A";
14"Z7_7511_HEAC_P_C";
15"GND_SIGNAL\g";
16"V_Z7_7511_5V0";
17"V_Z7_5V0_IN";
18"GND_SIGNAL\g";
19"GND_SIGNAL\g";
20"Z7_7511_CEC";
21"Z7_7511_DATA2_P";
22"GND_SIGNAL\g";
23"Z7_7511_DATA2_N";
24"Z7_7511_DATA1_P";
25"Z7_7511_DATA1_N";
26"Z7_7511_DATA0_P";
27"Z7_7511_DATA0_N";
28"Z7_7511_CLK_P";
29"Z7_7511_CLK_N";
30"Z7_7511_CEC";
31"Z7_7511_HEAC_P_C";
32"Z7_7511_SDA";
33"V_Z7_7511_5V0";
34"Z7_7511_HP";
35"Z7_7511_CEC";
36"Z7_7511_HP";
37"GND_SIGNAL\g";
38"Z7_7511_SCL";
39"Z7_7511_SDA";
40"Z7_7511_SDA";
41"Z7_7511_SCL";
42"Z7_7511_HP";
43"Z7_7511_CEC";
44"Z7_7511_DATA2_P";
45"Z7_7511_DATA2_N";
46"GND_SIGNAL\g";
47"Z7_7511_CLK_P";
48"Z7_7511_CLK_N";
49"Z7_7511_CLK_N";
50"Z7_7511_CLK_P";
51"Z7_7511_DATA2_N";
52"Z7_7511_DATA2_P";
53"Z7_7511_DATA0_P";
54"Z7_7511_DATA0_N";
55"GND_SIGNAL\g";
56"Z7_7511_DATA1_P";
57"Z7_7511_DATA1_N";
58"Z7_7511_DATA1_N";
59"Z7_7511_DATA1_P";
60"Z7_7511_DATA0_N";
61"Z7_7511_DATA0_P";
%"RCLAMP0524P"
"1","(-8700,3100)","0","protection","I1";
;
CDS_LIB"protection"
CDS_LMAN_SYM_OUTLINE"-125,275,200,-250";
"10"43;
"9"42;
"8"37;
"7"41;
"6"40;
"5"39;
"4"38;
"3"37;
"2"36;
"1"35;
%"R"
"1","(-2350,1250)","0","resistor","I10";
;
VALUE"1.8K-1%"
CODE"97090132"
CDS_LIB"resistor"
$LOCATION"?"
CDS_LMAN_SYM_OUTLINE"-100,25,100,-25";
"A"3;
"B"2;
%"R"
"1","(-2350,1400)","0","resistor","I11";
;
VALUE"1.8K-1%"
CODE"97090132"
CDS_LIB"resistor"
$LOCATION"?"
CDS_LMAN_SYM_OUTLINE"-100,25,100,-25";
"A"4;
"B"2;
%"GND_SIGNAL"
"1","(-2200,2100)","0","standard","I12";
;
BODY_TYPE"PLUMBING"
HDL_POWER"GND_SIGNAL"
CDS_LIB"standard";
"GND"6;
%"GND_SIGNAL"
"1","(-3300,2750)","0","standard","I13";
;
BODY_TYPE"PLUMBING"
HDL_POWER"GND_SIGNAL"
CDS_LIB"standard";
"GND"19;
%"PESD0402-140"
"1","(-3250,3100)","0","protection","I14";
;
CDS_LIB"protection"
CDS_LMAN_SYM_OUTLINE"-75,125,75,-175";
"2"19;
"1"14;
%"GND_SIGNAL"
"1","(-3050,2750)","0","standard","I15";
;
BODY_TYPE"PLUMBING"
HDL_POWER"GND_SIGNAL"
CDS_LIB"standard";
"GND"11;
%"R"
"1","(-3000,3150)","1","resistor","I16";
;
VALUE"10K"
CODE"07090247"
CDS_LIB"resistor"
$LOCATION"?"
CDS_LMAN_SYM_OUTLINE"-100,25,100,-25";
"A"11;
"B"10;
%"R"
"1","(-2150,2500)","1","resistor","I17";
;
VALUE"4.7"
CODE"07098624"
CDS_LIB"resistor"
$LOCATION"?"
CDS_LMAN_SYM_OUTLINE"-100,25,100,-25";
"A"6;
"B"5;
%"R"
"1","(-2150,3150)","1","resistor","I18";
;
VALUE"49.9"
CODE"07090198"
CDS_LIB"resistor"
$LOCATION"?"
CDS_LMAN_SYM_OUTLINE"-100,25,100,-25";
"A"5;
"B"7;
%"C"
"1","(-2800,3500)","1","capcitor","I19";
;
VALUE"1U-10V"
CODE"08070403"
CDS_LIB"capcitor"
$LOCATION"?"
CDS_LMAN_SYM_OUTLINE"-50,0,50,-50";
"1"10;
"2"8;
%"GND_SIGNAL"
"1","(-8750,2600)","0","standard","I2";
;
BODY_TYPE"PLUMBING"
HDL_POWER"GND_SIGNAL"
CDS_LIB"standard";
"GND"37;
%"C"
"1","(-2800,3700)","1","capcitor","I20";
;
VALUE"1U-10V"
CODE"08070403"
CDS_LIB"capcitor"
$LOCATION"?"
CDS_LMAN_SYM_OUTLINE"-50,0,50,-50";
"1"14;
"2"7;
%"R"
"1","(-2150,4100)","1","resistor","I21";
;
VALUE"49.9"
CODE"07090198"
CDS_LIB"resistor"
$LOCATION"?"
CDS_LMAN_SYM_OUTLINE"-100,25,100,-25";
"A"7;
"B"9;
%"R"
"1","(-1850,3150)","1","resistor","I22";
;
VALUE"49.9"
CODE"07090198"
CDS_LIB"resistor"
$LOCATION"?"
CDS_LMAN_SYM_OUTLINE"-100,25,100,-25";
"A"5;
"B"8;
%"R"
"1","(-1850,4100)","1","resistor","I23";
;
VALUE"49.9"
CODE"07090198"
CDS_LIB"resistor"
$LOCATION"?"
CDS_LMAN_SYM_OUTLINE"-100,25,100,-25";
"A"8;
"B"9;
%"DIODE"
"1","(-2350,5750)","0","diode","I24";
;
VALUE"1N4148"
CODE"95010058"
CDS_LIB"diode"
$LOCATION"?"
CDS_LMAN_SYM_OUTLINE"-50,50,50,-50";
"K"20;
"A"13;
%"R"
"1","(-1850,5750)","0","resistor","I25";
;
VALUE"27.4K-1%"
CODE"97090164"
CDS_LIB"resistor"
$LOCATION"?"
CDS_LMAN_SYM_OUTLINE"-100,25,100,-25";
"A"13;
"B"12;
%"GND_SIGNAL"
"1","(-2500,6550)","0","standard","I26";
;
BODY_TYPE"PLUMBING"
HDL_POWER"GND_SIGNAL"
CDS_LIB"standard";
"GND"15;
%"C"
"1","(-2450,6900)","2","capcitor","I27";
;
VALUE"10UF"
CODE"08070898"
CDS_LIB"capcitor"
$LOCATION"?"
CDS_LMAN_SYM_OUTLINE"-50,0,50,-50";
"1"16;
"2"15;
%"LB"
"1","(-2150,7100)","0","inductor","I28";
;
VALUE"100MOHM"
CODE"10070008"
CDS_LIB"inductor"
$LOCATION"?"
CDS_LMAN_SYM_OUTLINE"-125,50,125,0";
"B"17;
"A"16;
%"GND_SIGNAL"
"1","(-8750,3850)","0","standard","I3";
;
BODY_TYPE"PLUMBING"
HDL_POWER"GND_SIGNAL"
CDS_LIB"standard";
"GND"46;
%"RCLAMP0524P"
"1","(-8700,4350)","0","protection","I4";
;
CDS_LIB"protection"
CDS_LMAN_SYM_OUTLINE"-125,275,200,-250";
"10"52;
"9"51;
"8"46;
"7"50;
"6"49;
"5"48;
"4"47;
"3"46;
"2"45;
"1"44;
%"GND_SIGNAL"
"1","(-8750,5100)","0","standard","I5";
;
HDL_POWER"GND_SIGNAL"
BODY_TYPE"PLUMBING"
CDS_LIB"standard";
"GND"55;
%"RCLAMP0524P"
"1","(-8700,5600)","0","protection","I6";
;
CDS_LIB"protection"
CDS_LMAN_SYM_OUTLINE"-125,275,200,-250";
"10"61;
"9"60;
"8"55;
"7"59;
"6"58;
"5"57;
"4"56;
"3"55;
"2"54;
"1"53;
%"GND_SIGNAL"
"1","(-6000,3550)","0","standard","I7";
;
HDL_POWER"GND_SIGNAL"
BODY_TYPE"PLUMBING"
CDS_LIB"standard";
"GND"22;
%"HDMI-A"
"1","(-5650,5100)","0","connector","I8";
;
CDS_LIB"connector"
CDS_LMAN_SYM_OUTLINE"-125,500,325,-1150";
"23"22;
"22"22;
"21"22;
"20"22;
"19"34;
"18"33;
"17"18;
"16"32;
"15"1;
"14"31;
"13"30;
"12"29;
"11"22;
"10"28;
"9"27;
"8"22;
"7"26;
"6"25;
"5"22;
"4"24;
"3"23;
"2"22;
"1"21;
%"GND_SIGNAL"
"1","(-5200,3550)","0","standard","I9";
;
BODY_TYPE"PLUMBING"
HDL_POWER"GND_SIGNAL"
CDS_LIB"standard";
"GND"18;
END.
