FILE_TYPE = CONNECTIVITY;
{Allegro Design Entry HDL 16.6-p007 (v16-6-112F) 10/10/2012}
"PAGE_NUMBER" = 48;
0"NC";
1"GND_SIGNAL\g";
2"V_A7_1V0_VCCINT";
3"GND_SIGNAL\g";
4"V_A7_1V35_VCCO";
5"GND_SIGNAL\g";
6"V_A7_3V3_VCCO";
7"GND_SIGNAL\g";
8"V_A7_1V0_VCCBRAM";
9"GND_SIGNAL\g";
10"V_A7_1V8_VCCAUX";
11"V_A7_1V0_VCCINT";
12"V_A7_1V35_VCCO";
13"GND_SIGNAL\g";
14"V_A7_1V0_VCCINT";
15"V_A7_1V8";
16"GND_SIGNAL\g";
17"GND_SIGNAL\g";
18"V_A7_1V0_VCCINT";
19"V_A7_1V35_VCCO";
20"V_A7_3V3_VCCO";
21"V_A7_3V3_VCCO";
22"V_A7_3V3_VCCO";
23"V_A7_3V3_VCCO";
24"V_A7_1V0_VCCBRAM";
25"V_A7_1V8_VCCAUX";
26"V_A7_1V8_VCCAUX";
%"XC7A200TFFG1156"
"25","(-4850,6050)","0","ic","I1";
;
VALUE"XC7A200TFFG1156"
CDS_LIB"ic"
CDS_LMAN_SYM_OUTLINE"-125,925,300,-125";
"AC21"24;
"AB20"24;
"AA21"24;
"Y20"24;
"W21"24;
"V20"24;
"U21"24;
"T20"24;
"R21"24;
"P20"24;
"N21"24;
"M20"24;
"F11"23;
"E4"23;
"D7"23;
"C10"23;
"B3"23;
"A6"23;
"L6"22;
"K9"21;
"J12"21;
"J2"21;
"H5"21;
"G8"21;
"F1"21;
"U8"20;
"T1"20;
"R4"20;
"P7"20;
"N10"20;
"M3"20;
"AC10"19;
"AB3"19;
"AA6"19;
"Y9"19;
"W2"19;
"V5"19;
%"CP"
"1","(-9300,1250)","0","capcitor","I10";
;
VALUE"47U-6.3V"
CODE"98010241"
CDS_LIB"capcitor"
$LOCATION"?"
CDS_LMAN_SYM_OUTLINE"-50,0,50,-50";
"2"1;
"1"2;
%"CP"
"1","(-9600,1250)","0","capcitor","I11";
;
VALUE"330U-10V"
CODE"10081111"
CDS_LIB"capcitor"
$LOCATION"?"
CDS_LMAN_SYM_OUTLINE"-50,0,50,-50";
"2"1;
"1"2;
%"C"
"1","(-8950,1250)","0","capcitor","I12";
;
VALUE"4.7UF"
CODE"10081926"
CDS_LIB"capcitor"
$LOCATION"?"
CDS_LMAN_SYM_OUTLINE"-50,0,50,-50";
"1"2;
"2"1;
%"C"
"1","(-6950,1250)","0","capcitor","I13";
;
VALUE"470NF"
CODE"08070401"
CDS_LIB"capcitor"
$LOCATION"?"
CDS_LMAN_SYM_OUTLINE"-50,0,50,-50";
"1"2;
"2"1;
%"C"
"1","(-8800,1250)","0","capcitor","I14";
;
VALUE"4.7UF"
CODE"10081926"
CDS_LIB"capcitor"
$LOCATION"?"
CDS_LMAN_SYM_OUTLINE"-50,0,50,-50";
"1"2;
"2"1;
%"C"
"1","(-8500,1250)","0","capcitor","I15";
;
VALUE"4.7UF"
CODE"10081926"
CDS_LIB"capcitor"
$LOCATION"?"
CDS_LMAN_SYM_OUTLINE"-50,0,50,-50";
"1"2;
"2"1;
%"C"
"1","(-8650,1250)","0","capcitor","I16";
;
VALUE"4.7UF"
CODE"10081926"
CDS_LIB"capcitor"
$LOCATION"?"
CDS_LMAN_SYM_OUTLINE"-50,0,50,-50";
"1"2;
"2"1;
%"C"
"1","(-8050,1250)","0","capcitor","I17";
;
VALUE"4.7UF"
CODE"10081926"
CDS_LIB"capcitor"
$LOCATION"?"
CDS_LMAN_SYM_OUTLINE"-50,0,50,-50";
"1"2;
"2"1;
%"C"
"1","(-7900,1250)","0","capcitor","I18";
;
VALUE"4.7UF"
CODE"10081926"
CDS_LIB"capcitor"
$LOCATION"?"
CDS_LMAN_SYM_OUTLINE"-50,0,50,-50";
"1"2;
"2"1;
%"C"
"1","(-8350,1250)","0","capcitor","I19";
;
VALUE"4.7UF"
CODE"10081926"
CDS_LIB"capcitor"
$LOCATION"?"
CDS_LMAN_SYM_OUTLINE"-50,0,50,-50";
"1"2;
"2"1;
%"XC7A200TFFG1156"
"23","(-9050,6450)","0","ic","I2";
;
VALUE"XC7A200TFFG1156"
CDS_LIB"ic"
CDS_LMAN_SYM_OUTLINE"-125,600,250,-100";
"AD12"26;
"AC23"26;
"AC13"26;
"AB22"26;
"AB12"26;
"AA23"26;
"AA13"26;
"Y22"26;
"Y12"26;
"W23"26;
"W13"26;
"V22"26;
"V12"25;
"U23"25;
"U13"25;
"T22"25;
"T12"25;
"R23"25;
"R13"25;
"P22"25;
"P12"25;
"N23"25;
"N13"25;
"M22"25;
%"C"
"1","(-8200,1250)","0","capcitor","I20";
;
VALUE"4.7UF"
CODE"10081926"
CDS_LIB"capcitor"
$LOCATION"?"
CDS_LMAN_SYM_OUTLINE"-50,0,50,-50";
"1"2;
"2"1;
%"C"
"1","(-7600,1250)","0","capcitor","I21";
;
VALUE"4.7UF"
CODE"10081926"
CDS_LIB"capcitor"
$LOCATION"?"
CDS_LMAN_SYM_OUTLINE"-50,0,50,-50";
"1"2;
"2"1;
%"C"
"1","(-7750,1250)","0","capcitor","I22";
;
VALUE"4.7UF"
CODE"10081926"
CDS_LIB"capcitor"
$LOCATION"?"
CDS_LMAN_SYM_OUTLINE"-50,0,50,-50";
"1"2;
"2"1;
%"C"
"1","(-7300,1250)","0","capcitor","I23";
;
VALUE"4.7UF"
CODE"10081926"
CDS_LIB"capcitor"
$LOCATION"?"
CDS_LMAN_SYM_OUTLINE"-50,0,50,-50";
"1"2;
"2"1;
%"C"
"1","(-7450,1250)","0","capcitor","I24";
;
VALUE"4.7UF"
CODE"10081926"
CDS_LIB"capcitor"
$LOCATION"?"
CDS_LMAN_SYM_OUTLINE"-50,0,50,-50";
"1"2;
"2"1;
%"C"
"1","(-6800,1250)","0","capcitor","I25";
;
VALUE"470NF"
CODE"08070401"
CDS_LIB"capcitor"
$LOCATION"?"
CDS_LMAN_SYM_OUTLINE"-50,0,50,-50";
"1"2;
"2"1;
%"C"
"1","(-6500,1250)","0","capcitor","I26";
;
VALUE"470NF"
CODE"08070401"
CDS_LIB"capcitor"
$LOCATION"?"
CDS_LMAN_SYM_OUTLINE"-50,0,50,-50";
"1"2;
"2"1;
%"C"
"1","(-6650,1250)","0","capcitor","I27";
;
VALUE"470NF"
CODE"08070401"
CDS_LIB"capcitor"
$LOCATION"?"
CDS_LMAN_SYM_OUTLINE"-50,0,50,-50";
"1"2;
"2"1;
%"C"
"1","(-6050,1250)","0","capcitor","I28";
;
VALUE"470NF"
CODE"08070401"
CDS_LIB"capcitor"
$LOCATION"?"
CDS_LMAN_SYM_OUTLINE"-50,0,50,-50";
"1"2;
"2"1;
%"C"
"1","(-5900,1250)","0","capcitor","I29";
;
VALUE"470NF"
CODE"08070401"
CDS_LIB"capcitor"
$LOCATION"?"
CDS_LMAN_SYM_OUTLINE"-50,0,50,-50";
"1"2;
"2"1;
%"XC7A200TFFG1156"
"22","(-7650,2150)","0","ic","I3";
;
VALUE"XC7A200TFFG1156"
CDS_LIB"ic"
CDS_LMAN_SYM_OUTLINE"-125,1225,300,-125";
"AE21"18;
"AE19"18;
"AE17"18;
"AE15"18;
"AD22"18;
"AD20"18;
"AD18"18;
"AD16"18;
"AD14"18;
"AC19"18;
"AC17"18;
"AC15"18;
"AB18"18;
"AB16"18;
"AB14"18;
"AA19"18;
"AA17"18;
"AA15"18;
"Y18"18;
"Y16"18;
"Y14"18;
"W19"18;
"W15"18;
"V16"18;
"V14"11;
"U19"11;
"U15"11;
"T16"11;
"T14"11;
"R19"11;
"R17"11;
"R15"11;
"P18"11;
"P16"11;
"P14"11;
"N19"11;
"N17"11;
"N15"11;
"M18"11;
"M16"11;
"M14"11;
"L21"11;
"L19"11;
"L17"11;
"L15"11;
"K20"11;
"K18"11;
"K16"11;
"K14"11;
%"C"
"1","(-6200,1250)","0","capcitor","I30";
;
VALUE"470NF"
CODE"08070401"
CDS_LIB"capcitor"
$LOCATION"?"
CDS_LMAN_SYM_OUTLINE"-50,0,50,-50";
"1"2;
"2"1;
%"C"
"1","(-6350,1250)","0","capcitor","I31";
;
VALUE"470NF"
CODE"08070401"
CDS_LIB"capcitor"
$LOCATION"?"
CDS_LMAN_SYM_OUTLINE"-50,0,50,-50";
"1"2;
"2"1;
%"C"
"1","(-5750,1250)","0","capcitor","I32";
;
VALUE"470NF"
CODE"08070401"
CDS_LIB"capcitor"
$LOCATION"?"
CDS_LMAN_SYM_OUTLINE"-50,0,50,-50";
"1"2;
"2"1;
%"C"
"1","(-5600,1250)","0","capcitor","I33";
;
VALUE"470NF"
CODE"08070401"
CDS_LIB"capcitor"
$LOCATION"?"
CDS_LMAN_SYM_OUTLINE"-50,0,50,-50";
"1"2;
"2"1;
%"C"
"1","(-5300,1250)","0","capcitor","I34";
;
VALUE"470NF"
CODE"08070401"
CDS_LIB"capcitor"
$LOCATION"?"
CDS_LMAN_SYM_OUTLINE"-50,0,50,-50";
"1"2;
"2"1;
%"C"
"1","(-5450,1250)","0","capcitor","I35";
;
VALUE"470NF"
CODE"08070401"
CDS_LIB"capcitor"
$LOCATION"?"
CDS_LMAN_SYM_OUTLINE"-50,0,50,-50";
"1"2;
"2"1;
%"C"
"1","(-5000,1250)","0","capcitor","I36";
;
VALUE"470NF"
CODE"08070401"
CDS_LIB"capcitor"
$LOCATION"?"
CDS_LMAN_SYM_OUTLINE"-50,0,50,-50";
"1"2;
"2"1;
%"C"
"1","(-5150,1250)","0","capcitor","I37";
;
VALUE"470NF"
CODE"08070401"
CDS_LIB"capcitor"
$LOCATION"?"
CDS_LMAN_SYM_OUTLINE"-50,0,50,-50";
"1"2;
"2"1;
%"GND_SIGNAL"
"1","(-9650,700)","0","standard","I38";
;
HDL_POWER"GND_SIGNAL"
BODY_TYPE"PLUMBING"
CDS_LIB"standard";
"GND"1;
%"GND_SIGNAL"
"1","(-3100,4900)","0","standard","I39";
;
CDS_LIB"standard"
HDL_POWER"GND_SIGNAL"
BODY_TYPE"PLUMBING";
"GND"7;
%"C"
"1","(-2150,5300)","0","capcitor","I41";
;
VALUE"470NF"
CODE"08070401"
CDS_LIB"capcitor"
$LOCATION"?"
CDS_LMAN_SYM_OUTLINE"-50,0,50,-50";
"1"8;
"2"7;
%"CP"
"1","(-3050,5300)","0","capcitor","I43";
;
VALUE"100U-6.3V"
CODE"98010240"
CDS_LIB"capcitor"
$LOCATION"?"
CDS_LMAN_SYM_OUTLINE"-50,0,50,-50";
"2"7;
"1"8;
%"LB"
"1","(-3550,5500)","0","inductor","I44";
;
VALUE"100MOHM"
CODE"10070008"
CDS_LIB"inductor"
$LOCATION"?"
CDS_LMAN_SYM_OUTLINE"-125,50,125,0";
"B"8;
"A"14;
%"C"
"1","(-2450,5300)","0","capcitor","I45";
;
VALUE"470NF"
CODE"08070401"
CDS_LIB"capcitor"
$LOCATION"?"
CDS_LMAN_SYM_OUTLINE"-50,0,50,-50";
"1"8;
"2"7;
%"C"
"1","(-2750,5300)","0","capcitor","I46";
;
VALUE"470NF"
CODE"08070401"
CDS_LIB"capcitor"
$LOCATION"?"
CDS_LMAN_SYM_OUTLINE"-50,0,50,-50";
"1"8;
"2"7;
%"GND_SIGNAL"
"1","(-9000,5050)","0","standard","I47";
;
BODY_TYPE"PLUMBING"
HDL_POWER"GND_SIGNAL"
CDS_LIB"standard";
"GND"9;
%"C"
"1","(-7400,5450)","0","capcitor","I48";
;
VALUE"470NF"
CODE"08070401"
CDS_LIB"capcitor"
$LOCATION"?"
CDS_LMAN_SYM_OUTLINE"-50,0,50,-50";
"1"10;
"2"9;
%"C"
"1","(-7250,5450)","0","capcitor","I49";
;
VALUE"470NF"
CODE"08070401"
CDS_LIB"capcitor"
$LOCATION"?"
CDS_LMAN_SYM_OUTLINE"-50,0,50,-50";
"1"10;
"2"9;
%"XC7A200TFFG1156"
"20","(-900,3950)","0","ic","I5";
;
VALUE"XC7A200TFFG1156"
CDS_LIB"ic"
CDS_LMAN_SYM_OUTLINE"-125,1250,250,-100";
"AG3"17;
"AF31"17;
"AF22"17;
"AF21"17;
"AF20"17;
"AF19"17;
"AF18"17;
"AF17"17;
"AF16"17;
"AF15"17;
"AF14"17;
"AF13"17;
"AF6"17;
"AE34"17;
"AE24"17;
"AE22"17;
"AE20"17;
"AE18"17;
"AE16"17;
"AE9"17;
"AD27"17;
"AD21"17;
"AD19"17;
"AD17"17;
"AD15"17;
"AD2"16;
"AC30"16;
"AC22"16;
"AC20"16;
"AC18"16;
"AC16"16;
"AC14"16;
"AC12"16;
"AC5"16;
"AB33"16;
"AB23"16;
"AB21"16;
"AB19"16;
"AB17"16;
"AB15"16;
"AB13"16;
"AB8"16;
"AA26"16;
"AA22"16;
"AA20"16;
"AA18"16;
"AA16"16;
"AA14"16;
"AA12"16;
"AA11"16;
%"C"
"1","(-7100,5450)","0","capcitor","I50";
;
VALUE"470NF"
CODE"08070401"
CDS_LIB"capcitor"
$LOCATION"?"
CDS_LMAN_SYM_OUTLINE"-50,0,50,-50";
"1"10;
"2"9;
%"C"
"1","(-6950,5450)","0","capcitor","I51";
;
VALUE"470NF"
CODE"08070401"
CDS_LIB"capcitor"
$LOCATION"?"
CDS_LMAN_SYM_OUTLINE"-50,0,50,-50";
"1"10;
"2"9;
%"C"
"1","(-8500,5450)","0","capcitor","I52";
;
VALUE"4.7UF"
CODE"10081926"
CDS_LIB"capcitor"
$LOCATION"?"
CDS_LMAN_SYM_OUTLINE"-50,0,50,-50";
"1"10;
"2"9;
%"C"
"1","(-8650,5450)","0","capcitor","I53";
;
VALUE"4.7UF"
CODE"10081926"
CDS_LIB"capcitor"
$LOCATION"?"
CDS_LMAN_SYM_OUTLINE"-50,0,50,-50";
"1"10;
"2"9;
%"CP"
"1","(-8950,5450)","0","capcitor","I54";
;
VALUE"47U-6.3V"
CODE"98010241"
CDS_LIB"capcitor"
$LOCATION"?"
CDS_LMAN_SYM_OUTLINE"-50,0,50,-50";
"2"9;
"1"10;
%"LB"
"1","(-9450,5650)","0","inductor","I55";
;
VALUE"100MOHM"
CODE"10070008"
CDS_LIB"inductor"
$LOCATION"?"
CDS_LMAN_SYM_OUTLINE"-125,50,125,0";
"B"10;
"A"15;
%"C"
"1","(-8350,5450)","0","capcitor","I56";
;
VALUE"4.7UF"
CODE"10081926"
CDS_LIB"capcitor"
$LOCATION"?"
CDS_LMAN_SYM_OUTLINE"-50,0,50,-50";
"1"10;
"2"9;
%"C"
"1","(-8200,5450)","0","capcitor","I57";
;
VALUE"4.7UF"
CODE"10081926"
CDS_LIB"capcitor"
$LOCATION"?"
CDS_LMAN_SYM_OUTLINE"-50,0,50,-50";
"1"10;
"2"9;
%"C"
"1","(-8050,5450)","0","capcitor","I58";
;
VALUE"4.7UF"
CODE"10081926"
CDS_LIB"capcitor"
$LOCATION"?"
CDS_LMAN_SYM_OUTLINE"-50,0,50,-50";
"1"10;
"2"9;
%"C"
"1","(-7550,5450)","0","capcitor","I59";
;
VALUE"470NF"
CODE"08070401"
CDS_LIB"capcitor"
$LOCATION"?"
CDS_LMAN_SYM_OUTLINE"-50,0,50,-50";
"1"10;
"2"9;
%"XC7A200TFFG1156"
"19","(-900,5700)","0","ic","I6";
;
VALUE"XC7A200TFFG1156"
CDS_LIB"ic"
CDS_LMAN_SYM_OUTLINE"-125,1250,225,-100";
"AA1"17;
"Y29"17;
"Y23"17;
"Y21"17;
"Y19"17;
"Y17"17;
"Y15"17;
"Y13"17;
"Y4"17;
"W32"17;
"W22"17;
"W20"17;
"W16"17;
"W14"17;
"W12"17;
"W7"17;
"V25"17;
"V23"17;
"V21"17;
"V19"17;
"V15"17;
"V13"17;
"V10"17;
"U28"17;
"U22"17;
"U20"16;
"U16"16;
"U14"16;
"U12"16;
"U3"16;
"T31"16;
"T23"16;
"T21"16;
"T19"16;
"T15"16;
"T13"16;
"T6"16;
"R34"16;
"R24"16;
"R22"16;
"R20"16;
"R18"16;
"R16"16;
"R14"16;
"R12"16;
"R9"16;
"P27"16;
"P23"16;
"P21"16;
"P19"16;
%"C"
"1","(-7700,5450)","0","capcitor","I60";
;
VALUE"470NF"
CODE"08070401"
CDS_LIB"capcitor"
$LOCATION"?"
CDS_LMAN_SYM_OUTLINE"-50,0,50,-50";
"1"10;
"2"9;
%"C"
"1","(-6800,5450)","0","capcitor","I61";
;
VALUE"470NF"
CODE"08070401"
CDS_LIB"capcitor"
$LOCATION"?"
CDS_LMAN_SYM_OUTLINE"-50,0,50,-50";
"1"10;
"2"9;
%"C"
"1","(-6650,5450)","0","capcitor","I62";
;
VALUE"470NF"
CODE"08070401"
CDS_LIB"capcitor"
$LOCATION"?"
CDS_LMAN_SYM_OUTLINE"-50,0,50,-50";
"1"10;
"2"9;
%"C"
"1","(-6500,5450)","0","capcitor","I63";
;
VALUE"470NF"
CODE"08070401"
CDS_LIB"capcitor"
$LOCATION"?"
CDS_LMAN_SYM_OUTLINE"-50,0,50,-50";
"1"10;
"2"9;
%"C"
"1","(-4150,4350)","0","capcitor","I64";
;
VALUE"470NF"
CODE"08070401"
CDS_LIB"capcitor"
$LOCATION"?"
CDS_LMAN_SYM_OUTLINE"-50,0,50,-50";
"1"6;
"2"5;
%"C"
"1","(-4000,4350)","0","capcitor","I65";
;
VALUE"470NF"
CODE"08070401"
CDS_LIB"capcitor"
$LOCATION"?"
CDS_LMAN_SYM_OUTLINE"-50,0,50,-50";
"1"6;
"2"5;
%"C"
"1","(-3700,4350)","0","capcitor","I66";
;
VALUE"470NF"
CODE"08070401"
CDS_LIB"capcitor"
$LOCATION"?"
CDS_LMAN_SYM_OUTLINE"-50,0,50,-50";
"1"6;
"2"5;
%"C"
"1","(-3850,4350)","0","capcitor","I67";
;
VALUE"470NF"
CODE"08070401"
CDS_LIB"capcitor"
$LOCATION"?"
CDS_LMAN_SYM_OUTLINE"-50,0,50,-50";
"1"6;
"2"5;
%"C"
"1","(-4400,4350)","0","capcitor","I68";
;
VALUE"4.7UF"
CODE"10081926"
CDS_LIB"capcitor"
$LOCATION"?"
CDS_LMAN_SYM_OUTLINE"-50,0,50,-50";
"1"6;
"2"5;
%"C"
"1","(-4550,4350)","0","capcitor","I69";
;
VALUE"4.7UF"
CODE"10081926"
CDS_LIB"capcitor"
$LOCATION"?"
CDS_LMAN_SYM_OUTLINE"-50,0,50,-50";
"1"6;
"2"5;
%"GND_SIGNAL"
"1","(-1200,3550)","0","standard","I7";
;
CDS_LIB"standard"
HDL_POWER"GND_SIGNAL"
BODY_TYPE"PLUMBING";
"GND"16;
%"GND_SIGNAL"
"1","(-4600,3900)","0","standard","I70";
;
HDL_POWER"GND_SIGNAL"
BODY_TYPE"PLUMBING"
CDS_LIB"standard";
"GND"5;
%"GND_SIGNAL"
"1","(-5500,3000)","0","standard","I71";
;
CDS_LIB"standard"
HDL_POWER"GND_SIGNAL"
BODY_TYPE"PLUMBING";
"GND"13;
%"CP"
"1","(-5450,3300)","0","capcitor","I72";
;
VALUE"47U-6.3V"
CODE"98010241"
CDS_LIB"capcitor"
$LOCATION"?"
CDS_LMAN_SYM_OUTLINE"-50,0,50,-50";
"2"13;
"1"12;
%"C"
"1","(-4150,3400)","0","capcitor","I73";
;
VALUE"470NF"
CODE"08070401"
CDS_LIB"capcitor"
$LOCATION"?"
CDS_LMAN_SYM_OUTLINE"-50,0,50,-50";
"1"4;
"2"3;
%"C"
"1","(-4000,3400)","0","capcitor","I74";
;
VALUE"470NF"
CODE"08070401"
CDS_LIB"capcitor"
$LOCATION"?"
CDS_LMAN_SYM_OUTLINE"-50,0,50,-50";
"1"4;
"2"3;
%"C"
"1","(-3700,3400)","0","capcitor","I75";
;
VALUE"470NF"
CODE"08070401"
CDS_LIB"capcitor"
$LOCATION"?"
CDS_LMAN_SYM_OUTLINE"-50,0,50,-50";
"1"4;
"2"3;
%"C"
"1","(-3850,3400)","0","capcitor","I76";
;
VALUE"470NF"
CODE"08070401"
CDS_LIB"capcitor"
$LOCATION"?"
CDS_LMAN_SYM_OUTLINE"-50,0,50,-50";
"1"4;
"2"3;
%"C"
"1","(-4400,3400)","0","capcitor","I77";
;
VALUE"4.7UF"
CODE"10081926"
CDS_LIB"capcitor"
$LOCATION"?"
CDS_LMAN_SYM_OUTLINE"-50,0,50,-50";
"1"4;
"2"3;
%"C"
"1","(-4550,3400)","0","capcitor","I78";
;
VALUE"4.7UF"
CODE"10081926"
CDS_LIB"capcitor"
$LOCATION"?"
CDS_LMAN_SYM_OUTLINE"-50,0,50,-50";
"1"4;
"2"3;
%"GND_SIGNAL"
"1","(-4600,2950)","0","standard","I79";
;
CDS_LIB"standard"
BODY_TYPE"PLUMBING"
HDL_POWER"GND_SIGNAL";
"GND"3;
%"GND_SIGNAL"
"1","(-550,3550)","0","standard","I8";
;
CDS_LIB"standard"
BODY_TYPE"PLUMBING"
HDL_POWER"GND_SIGNAL";
"GND"17;
%"CP"
"1","(-9450,1250)","0","capcitor","I9";
;
VALUE"330U-10V"
CODE"10081111"
CDS_LIB"capcitor"
$LOCATION"?"
CDS_LMAN_SYM_OUTLINE"-50,0,50,-50";
"2"1;
"1"2;
END.
