FILE_TYPE = CONNECTIVITY;
{Allegro Design Entry HDL 16.6-p007 (v16-6-112F) 10/10/2012}
"PAGE_NUMBER" = 95;
0"NC";
1"Z7_PG_LED";
2"Z7_PS_POR_B";
3"Z7_PS_EMMC_DATA3";
4"Z7_PS_EMMC_CLK";
5"Z7_PS_EMMC_DATA2";
6"Z7_PS_EMMC_DATA0";
7"Z7_S6_PS_DATA12_R";
8"Z7_S6_PS_DATA13_R";
9"CLK_Z7_PS_50M_MAIN";
10"Z7_PS_EMMC_CMD";
11"Z7_PS_MIO8_VCFG1";
12"Z7_PS_MIO7_VCFG0";
13"Z7_PS_MIO6_MODE4_QSPI_SCK";
14"Z7_PS_MIO5_MODE0_QSPI_DQ3";
15"Z7_PS_MIO2_MODE3_QSPI_DQ0";
16"Z7_PS_MIO1_QSPI_CS";
17"Z7_PS_EMMC_DATA1";
18"GND_SIGNAL\g";
19"GND_SIGNAL\g";
20"GND_SIGNAL\g";
21"GND_SIGNAL\g";
22"GND_SIGNAL\g";
23"GND_SIGNAL\g";
24"Z7_PS_ETHPHY_TX_CLK";
25"Z7_PS_ETHPHY_TXD0";
26"Z7_PS_ETHPHY_TXD1";
27"Z7_PS_ETHPHY_TXD2";
28"Z7_PS_ETHPHY_TXD3";
29"Z7_PS_ETHPHY_RXCTL";
30"Z7_PS_ETHPHY_RXD3";
31"Z7_PS_ETHPHY_RXD2";
32"Z7_PS_ETHPHY_RXD1";
33"Z7_S6_PS_DATA0";
34"Z7_S6_PS_DATA1";
35"Z7_S6_PS_DATA2";
36"Z7_S6_PS_DATA3";
37"Z7_S6_PS_DATA4";
38"Z7_S6_PS_DATA5";
39"Z7_S6_PS_DATA6";
40"Z7_S6_PS_DATA7";
41"Z7_S6_PS_DATA8";
42"Z7_S6_PS_DATA9";
43"Z7_S6_PS_DATA10";
44"Z7_S6_PS_DATA11";
45"Z7_USBPHY_DATA0";
46"Z7_USBPHY_DIR";
47"Z7_USBPHY_STP";
48"Z7_USBPHY_NXT";
49"Z7_USBPHY_DATA1";
50"Z7_USBPHY_DATA2";
51"Z7_USBPHY_DATA3";
52"Z7_USBPHY_DATA4";
53"Z7_USBPHY_CLK";
54"Z7_USBPHY_DATA5";
55"Z7_USBPHY_DATA6";
56"Z7_USBPHY_DATA7";
57"Z7_PS_ETHPHY_MDIO";
58"Z7_PS_MIO_VREF";
59"Z7_PS_SRST_B";
60"Z7_PS_ETHPHY_MDC";
61"Z7_PS_MIO6_MODE4_QSPI_SCK_R";
62"Z7_PS_MIO1_QSPI_CS_R";
63"Z7_PS_ETHPHY_RX_CLK";
64"Z7_PS_ETHPHY_TXCTL";
65"Z7_PS_ETHPHY_RXD0";
66"Z7_PS_SRST_B";
67"Z7_S6_PS_DATA13";
68"Z7_S6_PS_DATA12";
69"Z7_PS_MIO4_MODE2_QSPI_DQ2";
70"Z7_PS_MIO6_MODE4_QSPI_SCK";
71"V_Z7_PS_3V3_VCCO";
72"Z7_PS_MIO_VREF";
73"V_Z7_PS_2V5_VCCO";
74"V_Z7_PS_3V3_VCCO";
75"Z7_PS_MIO2_MODE3_QSPI_DQ0";
76"Z7_PS_MIO3_MODE1_QSPI_DQ1";
77"Z7_PS_MIO4_MODE2_QSPI_DQ2";
78"Z7_PS_MIO8_VCFG1";
79"Z7_PS_MIO7_VCFG0";
80"V_Z7_PS_2V5_VCCO";
81"Z7_PS_MIO2_MODE3_QSPI_DQ0";
82"Z7_PS_MIO3_MODE1_QSPI_DQ1";
83"Z7_PS_MIO5_MODE0_QSPI_DQ3";
84"Z7_PS_MIO1_QSPI_CS";
85"V_Z7_PS_3V3_VCCO";
86"V_Z7_PS_2V5_VCCO";
87"Z7_PS_MIO2_MODE3_QSPI_DQ0_R";
88"Z7_PS_MIO3_MODE1_QSPI_DQ1_R";
89"Z7_PS_MIO4_MODE2_QSPI_DQ2_R";
90"Z7_PS_MIO5_MODE0_QSPI_DQ3_R";
91"Z7_PS_MIO5_MODE0_QSPI_DQ3";
92"Z7_PS_MIO1_QSPI_CS";
93"Z7_PS_MIO6_MODE4_QSPI_SCK";
94"Z7_PS_MIO4_MODE2_QSPI_DQ2";
95"Z7_PS_MIO3_MODE1_QSPI_DQ1";
%"XC7Z015_1CLG485C"
"6","(-6000,5900)","0","ic","I1";
;
VALUE"XC7Z015_1CLG485C"
CDS_LMAN_SYM_OUTLINE"-125,1450,1025,-725"
CDS_LIB"ic";
"G17"8;
"A22"16;
"A21"15;
"F17"95;
"E19"94;
"A20"14;
"A19"13;
"D18"12;
"E18"11;
"C19"7;
"G16"6;
"B19"10;
"C18"4;
"A17"17;
"C11"57;
"C13"56;
"C9"54;
"B13"52;
"B14"50;
"B12"48;
"C15"46;
"C10"44;
"B9"42;
"A14"41;
"B11"39;
"C16"37;
"A12"35;
"A11"33;
"A10"30;
"B16"32;
"A9"63;
"A15"28;
"A16"26;
"D17"24;
"B17"5;
"C14"59;
"D13"60;
"D10"55;
"D12"53;
"D11"51;
"E10"49;
"D15"47;
"E9"45;
"F10"43;
"F9"40;
"G11"38;
"F14"36;
"E15"34;
"D16"29;
"F11"31;
"E12"65;
"F12"64;
"E13"27;
"E14"25;
"E17"3;
"B18"2;
"F15"58;
"F16"9;
%"GND_SIGNAL"
"1","(-7450,5500)","1","standard","I10";
;
HDL_POWER"GND_SIGNAL"
BODY_TYPE"PLUMBING"
CDS_LIB"standard";
"GND"18;
%"RESETKEY"
"1","(-8150,5600)","0","switch","I11";
;
$LOCATION"?"
VALUE"RESET-SMT"
CDS_LMAN_SYM_OUTLINE"200,50,450,-100"
CDS_LIB"switch"
CODE"16100017";
"B2"0;
"B1"18;
"A1"0;
"A2"66;
%"R"
"1","(-5050,1400)","1","resistor","I12";
;
$LOCATION"?"
VALUE"20K"
CDS_LMAN_SYM_OUTLINE"-100,25,100,-25"
CDS_LIB"resistor"
CODE"97090138";
"A"19;
"B"78;
%"R"
"1","(-5050,2050)","1","resistor","I13";
;
$LOCATION"?"
VALUE"20K"
CDS_LMAN_SYM_OUTLINE"-100,25,100,-25"
CDS_LIB"resistor"
CODE"97090138";
"A"78;
"B"80;
%"GND_SIGNAL"
"1","(-5100,1000)","0","standard","I14";
;
HDL_POWER"GND_SIGNAL"
BODY_TYPE"PLUMBING"
CDS_LIB"standard";
"GND"19;
%"R"
"1","(-4900,2050)","1","resistor","I15";
;
$LOCATION"?"
VALUE"20K"
CDS_LMAN_SYM_OUTLINE"-100,25,100,-25"
CDS_LIB"resistor"
CODE"97090138";
"A"79;
"B"80;
%"R"
"1","(-4900,1400)","1","resistor","I16";
;
$LOCATION"?"
VALUE"20K"
CDS_LMAN_SYM_OUTLINE"-100,25,100,-25"
CDS_LIB"resistor"
CODE"97090138";
"A"19;
"B"79;
%"R"
"1","(-8350,7200)","0","resistor","I2";
;
$LOCATION"?"
VALUE"0"
CDS_LMAN_SYM_OUTLINE"-100,25,100,-25"
CDS_LIB"resistor"
CODE"07090522";
"A"1;
"B"2;
%"R"
"1","(-9900,3400)","1","resistor","I23";
;
$LOCATION"?"
VALUE"20K"
CDS_LMAN_SYM_OUTLINE"-100,25,100,-25"
CDS_LIB"resistor"
CODE"97090138";
"A"69;
"B"71;
%"R"
"1","(-9800,3400)","1","resistor","I24";
;
$LOCATION"?"
VALUE"20K"
CDS_LMAN_SYM_OUTLINE"-100,25,100,-25"
CDS_LIB"resistor"
CODE"97090138";
"A"82;
"B"71;
%"R"
"1","(-9700,3400)","1","resistor","I25";
;
$LOCATION"?"
VALUE"20K"
CDS_LMAN_SYM_OUTLINE"-100,25,100,-25"
CDS_LIB"resistor"
CODE"97090138";
"A"81;
"B"71;
%"R"
"1","(-10100,3400)","1","resistor","I26";
;
$LOCATION"?"
VALUE"20K"
CDS_LMAN_SYM_OUTLINE"-100,25,100,-25"
CDS_LIB"resistor"
CODE"97090138";
"A"70;
"B"71;
%"R"
"1","(-10000,3400)","1","resistor","I27";
;
$LOCATION"?"
VALUE"20K"
CDS_LMAN_SYM_OUTLINE"-100,25,100,-25"
CDS_LIB"resistor"
CODE"97090138";
"A"83;
"B"71;
%"C"
"1","(-6650,1450)","2","capcitor","I3";
;
$LOCATION"?"
VALUE"1U"
CDS_LMAN_SYM_OUTLINE"-50,0,50,-50"
CDS_LIB"capcitor"
CODE"98070403";
"1"72;
"2"23;
%"HEAD2X5"
"1","(-8100,2950)","0","connector","I33";
;
$LOCATION"?"
VALUE"HEAD2X5"
CDS_LMAN_SYM_OUTLINE"-150,300,150,-300"
CDS_LIB"connector"
CODE"14050182";
"P2"20;
"P4"20;
"P6"20;
"P10"20;
"P8"20;
"P1"70;
"P3"83;
"P5"69;
"P9"81;
"P7"82;
%"GND_SIGNAL"
"1","(-7850,2500)","0","standard","I34";
;
CDS_LIB"standard"
HDL_POWER"GND_SIGNAL"
BODY_TYPE"PLUMBING";
"GND"20;
%"R"
"1","(-3750,3250)","2","resistor","I35";
;
$LOCATION"?"
VALUE"4.7K"
CDS_LMAN_SYM_OUTLINE"-100,25,100,-25"
CDS_LIB"resistor"
CODE"07090246";
"A"85;
"B"84;
%"R"
"1","(-5650,4150)","0","resistor","I36";
;
$LOCATION"?"
VALUE"0"
CDS_LMAN_SYM_OUTLINE"-100,25,100,-25"
CDS_LIB"resistor"
CODE"07090522";
"A"75;
"B"87;
%"R"
"1","(-5650,4250)","0","resistor","I37";
;
$LOCATION"?"
VALUE"0"
CDS_LMAN_SYM_OUTLINE"-100,25,100,-25"
CDS_LIB"resistor"
CODE"07090522";
"A"76;
"B"88;
%"R"
"1","(-5650,4350)","0","resistor","I38";
;
$LOCATION"?"
VALUE"0"
CDS_LMAN_SYM_OUTLINE"-100,25,100,-25"
CDS_LIB"resistor"
CODE"07090522";
"A"77;
"B"89;
%"R"
"1","(-5650,4450)","0","resistor","I39";
;
$LOCATION"?"
VALUE"0"
CDS_LMAN_SYM_OUTLINE"-100,25,100,-25"
CDS_LIB"resistor"
CODE"07090522";
"A"91;
"B"90;
%"C"
"1","(-6450,1450)","0","capcitor","I4";
;
$LOCATION"?"
VALUE"0.01U"
CDS_LMAN_SYM_OUTLINE"-50,0,50,-50"
CDS_LIB"capcitor"
CODE"08070247";
"1"72;
"2"23;
%"C"
"1","(-3250,4600)","1","capcitor","I40";
;
$LOCATION"?"
VALUE"0.1U"
CDS_LMAN_SYM_OUTLINE"-50,0,50,-50"
CDS_LIB"capcitor"
CODE"08070262";
"1"74;
"2"21;
%"R"
"1","(-2050,4050)","0","resistor","I41";
;
$LOCATION"?"
VALUE"0"
CDS_LMAN_SYM_OUTLINE"-100,25,100,-25"
CDS_LIB"resistor"
CODE"07090522";
"A"62;
"B"92;
%"R"
"1","(-2050,4150)","0","resistor","I42";
;
$LOCATION"?"
VALUE"0"
CDS_LMAN_SYM_OUTLINE"-100,25,100,-25"
CDS_LIB"resistor"
CODE"07090522";
"A"61;
"B"93;
%"GND_SIGNAL"
"1","(-2900,4550)","1","standard","I43";
;
CDS_LIB"standard"
BODY_TYPE"PLUMBING"
HDL_POWER"GND_SIGNAL";
"GND"21;
%"GND_SIGNAL"
"1","(-3200,3800)","1","standard","I44";
;
CDS_LIB"standard"
HDL_POWER"GND_SIGNAL"
BODY_TYPE"PLUMBING";
"GND"22;
%"S25FL128SAGMF"
"1","(-3850,4100)","0","ic","I45";
;
CDS_LMAN_SYM_OUTLINE"-125,400,275,-575"
CDS_LIB"ic";
"16"61;
"15"87;
"14"74;
"13"0;
"12"0;
"11"0;
"10"22;
"9"89;
"8"88;
"7"62;
"6"0;
"5"0;
"4"0;
"3"0;
"2"74;
"1"90;
%"R"
"1","(-8350,6800)","0","resistor","I46";
;
$LOCATION"?"
VALUE"0"
CDS_LMAN_SYM_OUTLINE"-100,25,100,-25"
CDS_LIB"resistor"
CODE"07090522";
"A"68;
"B"7;
%"R"
"1","(-8350,6350)","0","resistor","I47";
;
$LOCATION"?"
VALUE"0"
CDS_LMAN_SYM_OUTLINE"-100,25,100,-25"
CDS_LIB"resistor"
CODE"07090522";
"A"67;
"B"8;
%"GND_SIGNAL"
"1","(-6250,1000)","0","standard","I5";
;
HDL_POWER"GND_SIGNAL"
BODY_TYPE"PLUMBING"
CDS_LIB"standard";
"GND"23;
%"R"
"1","(-6200,1400)","1","resistor","I6";
;
$LOCATION"?"
VALUE"10K-1%"
CDS_LMAN_SYM_OUTLINE"-100,25,100,-25"
CDS_LIB"resistor"
CODE"97090157";
"A"23;
"B"72;
%"C"
"1","(-6450,2050)","0","capcitor","I7";
;
$LOCATION"?"
VALUE"0.01U"
CDS_LMAN_SYM_OUTLINE"-50,0,50,-50"
CDS_LIB"capcitor"
CODE"08070247";
"1"73;
"2"72;
%"R"
"1","(-6200,2000)","1","resistor","I8";
;
$LOCATION"?"
VALUE"10K-1%"
CDS_LMAN_SYM_OUTLINE"-100,25,100,-25"
CDS_LIB"resistor"
CODE"97090157";
"A"72;
"B"73;
%"R"
"1","(-7850,5850)","2","resistor","I9";
;
$LOCATION"?"
VALUE"4.7K"
CDS_LMAN_SYM_OUTLINE"-100,25,100,-25"
CDS_LIB"resistor"
CODE"07090246";
"A"86;
"B"66;
END.
