FILE_TYPE = CONNECTIVITY;
{Allegro Design Entry HDL 16.6-p007 (v16-6-112F) 10/10/2012}
"PAGE_NUMBER" = 76;
0"NC";
1"V_Z7_PS_1V35_DDR";
2"GND_SIGNAL\g";
3"V_Z7_PS_1V35_DDR";
4"UN$76$C$I10$1";
5"Z7_PS_DDR_ODT";
6"Z7_PS_DDR_RESET_N";
7"Z7_PS_DDR_CLK_P";
8"GND_SIGNAL\g";
9"GND_SIGNAL\g";
10"GND_SIGNAL\g";
11"Z7_PS_DDR_DQ13";
12"Z7_PS_DDR_DQ15";
13"Z7_PS_DDR_DQ12";
14"Z7_PS_DDR_DQS1_N";
15"Z7_PS_DDR_DQ14";
16"Z7_PS_DDR_DQ11";
17"Z7_PS_DDR_DQ9";
18"Z7_PS_DDR_DQS1_P";
19"Z7_PS_DDR_DQ10";
20"Z7_PS_DDR_DM1";
21"Z7_PS_DDR_DQ8";
22"Z7_PS_DDR_DQ0";
23"Z7_PS_DDR_DM0";
24"Z7_PS_DDR_DQ2";
25"Z7_PS_DDR_DQS0_P";
26"Z7_PS_DDR_DQ1";
27"Z7_PS_DDR_DQ6";
28"Z7_PS_DDR_DQS0_N";
29"Z7_PS_DDR_DQ4";
30"Z7_PS_DDR_DQ7";
31"Z7_PS_DDR_DQ5";
32"Z7_PS_DDR_RAS_N";
33"Z7_PS_DDR_CLK_P";
34"Z7_PS_DDR_CAS_N";
35"Z7_PS_DDR_CLK_N";
36"Z7_PS_DDR_CKE";
37"Z7_PS_DDR_CS_N";
38"Z7_PS_DDR_WE_N";
39"Z7_PS_DDR_A10";
40"UN$76$MT41K512M16HA-125$I25$L8";
41"Z7_PS_DDR_BA0";
42"Z7_PS_DDR_BA2";
43"Z7_PS_DDR_A3";
44"Z7_PS_DDR_A0";
45"Z7_PS_DDR_A12";
46"Z7_PS_DDR_BA1";
47"Z7_PS_DDR_A5";
48"Z7_PS_DDR_A2";
49"Z7_PS_DDR_A1";
50"Z7_PS_DDR_A4";
51"Z7_PS_DDR_A7";
52"Z7_PS_DDR_A9";
53"Z7_PS_DDR_A11";
54"Z7_PS_DDR_A6";
55"Z7_PS_DDR_A13";
56"Z7_PS_DDR_A14";
57"Z7_PS_DDR_A8";
58"Z7_PS_DDR_DQ3";
59"Z7_PS_DDR_CLK_N";
60"V_Z7_PS_1V35_DDR";
61"V_Z7_1V35";
%"R"
"1","(-9800,3550)","1","resistor","I1";
;
$LOCATION"?"
VALUE"80-1%"
CDS_LMAN_SYM_OUTLINE"-100,25,100,-25"
CDS_LIB"resistor"
CODE"";
"A"59;
"B"7;
%"C"
"1","(-2350,4250)","0","capcitor","I10";
;
$LOCATION"?"
VALUE"0.01U"
CDS_LMAN_SYM_OUTLINE"-50,0,50,-50"
CDS_LIB"capcitor"
CODE"08070247";
"1"4;
"2"8;
%"GND_SIGNAL"
"1","(-2150,3800)","0","standard","I11";
;
CDS_LIB"standard"
BODY_TYPE"PLUMBING"
HDL_POWER"GND_SIGNAL";
"GND"8;
%"R"
"1","(-2100,4200)","1","resistor","I12";
;
$LOCATION"?"
VALUE"1K-1%"
CDS_LMAN_SYM_OUTLINE"-100,25,100,-25"
CDS_LIB"resistor"
CODE"07090549";
"A"8;
"B"4;
%"C"
"1","(-1950,3150)","0","capcitor","I13";
;
$LOCATION"?"
VALUE"0.1U"
CDS_LMAN_SYM_OUTLINE"-50,0,50,-50"
CDS_LIB"capcitor"
CODE"08070262";
"1"60;
"2"10;
%"C"
"1","(-1800,3150)","0","capcitor","I14";
;
$LOCATION"?"
VALUE"0.1U"
CDS_LMAN_SYM_OUTLINE"-50,0,50,-50"
CDS_LIB"capcitor"
CODE"08070262";
"1"60;
"2"10;
%"C"
"1","(-1650,3150)","0","capcitor","I15";
;
$LOCATION"?"
VALUE"0.1U"
CDS_LMAN_SYM_OUTLINE"-50,0,50,-50"
CDS_LIB"capcitor"
CODE"08070262";
"1"60;
"2"10;
%"C"
"1","(-1250,3150)","0","capcitor","I16";
;
$LOCATION"?"
VALUE"0.1U"
CDS_LMAN_SYM_OUTLINE"-50,0,50,-50"
CDS_LIB"capcitor"
CODE"08070262";
"1"60;
"2"10;
%"C"
"1","(-950,3150)","0","capcitor","I17";
;
$LOCATION"?"
VALUE"0.1U"
CDS_LMAN_SYM_OUTLINE"-50,0,50,-50"
CDS_LIB"capcitor"
CODE"08070262";
"1"60;
"2"10;
%"C"
"1","(-800,3150)","0","capcitor","I18";
;
$LOCATION"?"
VALUE"0.1U"
CDS_LMAN_SYM_OUTLINE"-50,0,50,-50"
CDS_LIB"capcitor"
CODE"08070262";
"1"60;
"2"10;
%"R"
"1","(-2100,4800)","1","resistor","I19";
;
$LOCATION"?"
VALUE"1K-1%"
CDS_LMAN_SYM_OUTLINE"-100,25,100,-25"
CDS_LIB"resistor"
CODE"07090549";
"A"4;
"B"3;
%"R"
"1","(-6800,3050)","0","resistor","I2";
;
$LOCATION"?"
VALUE"240"
CDS_LMAN_SYM_OUTLINE"-100,25,100,-25"
CDS_LIB"resistor"
CODE"07090111";
"A"40;
"B"9;
%"C"
"1","(-2350,4850)","0","capcitor","I20";
;
$LOCATION"?"
VALUE"0.01U"
CDS_LMAN_SYM_OUTLINE"-50,0,50,-50"
CDS_LIB"capcitor"
CODE"08070247";
"1"3;
"2"4;
%"GND_SIGNAL"
"1","(-1300,4600)","0","standard","I22";
;
CDS_LIB"standard"
HDL_POWER"GND_SIGNAL"
BODY_TYPE"PLUMBING";
"GND"2;
%"C"
"1","(-1100,3150)","0","capcitor","I23";
;
$LOCATION"?"
VALUE"0.1U"
CDS_LMAN_SYM_OUTLINE"-50,0,50,-50"
CDS_LIB"capcitor"
CODE"08070262";
"1"60;
"2"10;
%"C"
"1","(-1400,3150)","0","capcitor","I24";
;
$LOCATION"?"
VALUE"0.1U"
CDS_LMAN_SYM_OUTLINE"-50,0,50,-50"
CDS_LIB"capcitor"
CODE"08070262";
"1"60;
"2"10;
%"MT41K512M16HA-125"
"1","(-7500,4400)","0","ic","I25";
;
CDS_LMAN_SYM_OUTLINE"-125,1400,325,-1850"
CDS_LIB"ic";
"F8"58;
"T8"57;
"T7"56;
"T3"55;
"T2"6;
"R8"54;
"R7"53;
"R3"52;
"R2"51;
"P8"50;
"P7"49;
"P3"48;
"P2"47;
"N8"46;
"N7"45;
"N3"44;
"N2"43;
"M7"0;
"M3"42;
"M2"41;
"L9"0;
"L8"40;
"L7"39;
"L3"38;
"L2"37;
"L1"0;
"K9"36;
"K7"35;
"K3"34;
"K1"5;
"J9"0;
"J7"33;
"J3"32;
"J1"0;
"H8"31;
"H7"30;
"H3"29;
"G3"28;
"G2"27;
"F7"26;
"F3"25;
"F2"24;
"E7"23;
"E3"22;
"D7"21;
"D3"20;
"C8"19;
"C7"18;
"C3"17;
"C2"16;
"B8"15;
"B7"14;
"A7"13;
"A3"12;
"A2"11;
%"MT41K512M16HA-125"
"2","(-1600,4850)","0","ic","I26";
;
CDS_LIB"ic"
CDS_LMAN_SYM_OUTLINE"-125,1100,250,-425";
"T9"2;
"T1"2;
"R9"3;
"R1"3;
"P9"2;
"P1"2;
"N9"3;
"N1"3;
"M9"2;
"M8"4;
"M1"2;
"K8"3;
"K2"3;
"J8"2;
"J2"2;
"H9"1;
"H2"1;
"H1"4;
"G9"2;
"G8"2;
"G7"3;
"G1"2;
"F9"2;
"F1"1;
"E9"1;
"E8"2;
"E2"2;
"E1"2;
"D9"3;
"D8"2;
"D2"1;
"D1"2;
"C9"1;
"C1"1;
"B9"2;
"B3"2;
"B2"3;
"B1"2;
"A9"2;
"A8"1;
"A1"1;
%"GND_SIGNAL"
"1","(-6400,3000)","1","standard","I3";
;
CDS_LIB"standard"
BODY_TYPE"PLUMBING"
HDL_POWER"GND_SIGNAL";
"GND"9;
%"GND_SIGNAL"
"1","(-2550,2750)","0","standard","I4";
;
CDS_LIB"standard"
BODY_TYPE"PLUMBING"
HDL_POWER"GND_SIGNAL";
"GND"10;
%"C"
"1","(-2500,3150)","0","capcitor","I5";
;
$LOCATION"?"
VALUE"10UF"
CDS_LMAN_SYM_OUTLINE"-50,0,50,-50"
CDS_LIB"capcitor"
CODE"08070898";
"1"60;
"2"10;
%"C"
"1","(-2250,3150)","0","capcitor","I6";
;
$LOCATION"?"
VALUE"0.1U"
CDS_LMAN_SYM_OUTLINE"-50,0,50,-50"
CDS_LIB"capcitor"
CODE"08070262";
"1"60;
"2"10;
%"C"
"1","(-2100,3150)","0","capcitor","I7";
;
$LOCATION"?"
VALUE"0.1U"
CDS_LMAN_SYM_OUTLINE"-50,0,50,-50"
CDS_LIB"capcitor"
CODE"08070262";
"1"60;
"2"10;
%"LB"
"1","(-2850,3350)","0","inductor","I8";
;
$LOCATION"?"
VALUE"3A"
CDS_LMAN_SYM_OUTLINE"-125,50,125,0"
CDS_LIB"inductor"
CODE"10070007";
"B"60;
"A"61;
%"C"
"1","(-2550,4250)","2","capcitor","I9";
;
$LOCATION"?"
VALUE"1U"
CDS_LMAN_SYM_OUTLINE"-50,0,50,-50"
CDS_LIB"capcitor"
CODE"98070403";
"1"4;
"2"8;
END.
