FILE_TYPE = CONNECTIVITY;
{Allegro Design Entry HDL 16.6-p007 (v16-6-112F) 10/10/2012}
"PAGE_NUMBER" = 73;
0"NC";
1"Z7_USBHUB_OVCUR1_N";
2"V_Z7_PS_3V3_USBPHY";
3"V_Z7_5V0_USBHUB_VBUS4";
4"V_Z7_5V0_USBHUB_VBUS3";
5"Z7_USBPHY_ID";
6"Z7_USBHUB_OVCUR4_N";
7"Z7_USBHUB_OVCUR3_N";
8"Z7_USBHUB_OVCUR2_N";
9"Z7_USBPHY_EXTVBUS";
10"V_Z7_5V0_USBPHY_VBUS";
11"V_Z7_5V0_USBHUB_VBUS2";
12"V_Z7_5V0_USBHUB_VBUS1";
13"GND_SIGNAL\g";
14"V_Z7_PS_3V3_USBPHY";
15"V_Z7_3V3";
16"V_Z7_5V0_IN";
17"GND_SIGNAL\g";
18"Z7_USBPHY_XTALIN";
19"Z7_USBPHY_XTALOUT";
20"GND_SIGNAL\g";
21"GND_SIGNAL\g";
22"Z7_USBPHY_RESET";
23"V_Z7_PS_3V3_USBPHY";
24"V_Z7_PS_3V3_USBPHY";
25"Z7_USBPHY_CPEN";
26"Z7_USBPHY_RBIAS";
27"GND_SIGNAL\g";
28"V_Z7_1V8_USBPHY_VDD";
29"V_Z7_1V8_USBPHY_VDDA";
30"Z7_USBPHY_CLK";
31"Z7_USBPHY_STP";
32"Z7_USBPHY_DIR";
33"Z7_USBPHY_DATA7";
34"Z7_USBPHY_DATA5";
35"Z7_USBPHY_DATA2";
36"V_Z7_PS_3V3_USBPHY";
37"Z7_USBPHY_DATA0";
38"Z7_USBPHY_DATA1";
39"Z7_USBPHY_DATA3";
40"Z7_USBPHY_DATA4";
41"Z7_USBPHY_DATA6";
42"Z7_USBPHY_RESET";
43"Z7_USBPHY_CPEN";
44"Z7_USBPHY_EXTVBUS";
45"Z7_USBPHY_NXT";
46"Z7_USBPHY_ID";
47"V_Z7_5V0_USBPHY_VBUS";
48"Z7_USBPHY_DATA_N";
49"Z7_USBPHY_DATA_P";
%"USB3300"
"1","(-5800,5650)","0","ic","I1";
;
VALUE"USB3300"
CDS_LIB"ic"
$LOCATION"?"
CDS_LMAN_SYM_OUTLINE"-150,375,150,-375";
"XI"18;
"RBIAS"26;
"VDD1.8<2>"28;
"VDD1.8<1>"28;
"XO"19;
"DP"49;
"DM"48;
"VBUS"47;
"ID"46;
"CLKOUT"30;
"STP"31;
"DIR"32;
"NXT"45;
"EXTVBUS"44;
"CPEN"43;
"VDDA1.8"29;
"VDD3.3<1>"36;
"VDD3.3<2>"36;
"VDD3.3<3>"36;
"PAD"27;
"GND<2>"27;
"GND<1>"27;
"VDD3.3<4>"36;
"REG_EN"36;
"RESET"42;
"DATA<7>"33;
"DATA<6>"41;
"DATA<5>"34;
"DATA<4>"40;
"DATA<3>"39;
"DATA<2>"35;
"DATA<1>"38;
"DATA<0>"37;
%"C"
"1","(-6550,3500)","0","capcitor","I10";
;
VALUE"0.1U"
CODE"08070262"
CDS_LIB"capcitor"
$LOCATION"?"
CDS_LMAN_SYM_OUTLINE"-50,0,50,-50";
"1"14;
"2"13;
%"C"
"1","(-6400,3500)","0","capcitor","I11";
;
VALUE"0.1U"
CODE"08070262"
CDS_LIB"capcitor"
$LOCATION"?"
CDS_LMAN_SYM_OUTLINE"-50,0,50,-50";
"1"14;
"2"13;
%"C"
"1","(-6250,3500)","0","capcitor","I12";
;
VALUE"0.1U"
CODE"08070262"
CDS_LIB"capcitor"
$LOCATION"?"
CDS_LMAN_SYM_OUTLINE"-50,0,50,-50";
"1"14;
"2"13;
%"C"
"1","(-6050,3500)","0","capcitor","I13";
;
VALUE"100P"
CODE"08070230"
CDS_LIB"capcitor"
$LOCATION"?"
CDS_LMAN_SYM_OUTLINE"-50,0,50,-50";
"1"14;
"2"13;
%"GND_SIGNAL"
"1","(-7750,3100)","0","standard","I14";
;
CDS_LIB"standard"
BODY_TYPE"PLUMBING"
HDL_POWER"GND_SIGNAL";
"GND"13;
%"C"
"1","(-5350,4900)","0","capcitor","I15";
;
VALUE"100P"
CODE"08070230"
CDS_LIB"capcitor"
$LOCATION"?"
CDS_LMAN_SYM_OUTLINE"-50,0,50,-50";
"1"28;
"2"27;
%"C"
"1","(-5200,4900)","0","capcitor","I16";
;
VALUE"10UF"
CODE"08070391"
CDS_LIB"capcitor"
$LOCATION"?"
CDS_LMAN_SYM_OUTLINE"-50,0,50,-50";
"1"28;
"2"27;
%"C"
"1","(-5050,4900)","0","capcitor","I17";
;
VALUE"10UF"
CODE"08070391"
CDS_LIB"capcitor"
$LOCATION"?"
CDS_LMAN_SYM_OUTLINE"-50,0,50,-50";
"1"28;
"2"27;
%"CRYSTAL"
"1","(-3900,5350)","1","oscillator","I18";
;
VALUE"24MHZ"
CODE"12020008"
CDS_LIB"oscillator"
$LOCATION"?"
CDS_LMAN_SYM_OUTLINE"50,100,225,-100";
"A1"18;
"A2"19;
%"R"
"1","(-3700,5500)","1","resistor","I19";
;
VALUE"1M"
CODE"97090121"
CDS_LIB"resistor"
$LOCATION"?"
CDS_LMAN_SYM_OUTLINE"-100,25,100,-25";
"A"18;
"B"19;
%"GND_SIGNAL"
"1","(-6500,4500)","0","standard","I2";
;
CDS_LIB"standard"
BODY_TYPE"PLUMBING"
HDL_POWER"GND_SIGNAL";
"GND"27;
%"C"
"1","(-3550,5750)","1","capcitor","I20";
;
VALUE"33PF"
CODE"98070530"
CDS_LIB"capcitor"
$LOCATION"?"
CDS_LMAN_SYM_OUTLINE"-50,0,50,-50";
"1"19;
"2"17;
%"C"
"1","(-3550,5250)","1","capcitor","I21";
;
VALUE"33PF"
CODE"98070530"
CDS_LIB"capcitor"
$LOCATION"?"
CDS_LMAN_SYM_OUTLINE"-50,0,50,-50";
"1"18;
"2"17;
%"GND_SIGNAL"
"1","(-3200,5450)","1","standard","I22";
;
CDS_LIB"standard"
HDL_POWER"GND_SIGNAL"
BODY_TYPE"PLUMBING";
"GND"17;
%"R"
"1","(-4350,4950)","1","resistor","I23";
;
VALUE"12K-1%"
CODE"97090163"
CDS_LIB"resistor"
$LOCATION"?"
CDS_LMAN_SYM_OUTLINE"-100,25,100,-25";
"A"27;
"B"26;
%"R"
"1","(-3700,3200)","0","resistor","I24";
;
VALUE"1K"
CODE"07090277"
CDS_LIB"resistor"
$LOCATION"?"
CDS_LMAN_SYM_OUTLINE"-100,25,100,-25";
"A"22;
"B"21;
%"GND_SIGNAL"
"1","(-3250,3150)","1","standard","I25";
;
HDL_POWER"GND_SIGNAL"
BODY_TYPE"PLUMBING"
CDS_LIB"standard";
"GND"21;
%"R"
"1","(-3700,2700)","0","resistor","I26";
;
VALUE"4.7K"
CODE"07090246"
CDS_LIB"resistor"
$LOCATION"?"
CDS_LMAN_SYM_OUTLINE"-100,25,100,-25";
"A"5;
"B"23;
%"R"
"1","(-3700,2500)","0","resistor","I27";
;
VALUE"1K"
CODE"07090277"
CDS_LIB"resistor"
$LOCATION"?"
CDS_LMAN_SYM_OUTLINE"-100,25,100,-25";
"A"5;
"B"20;
%"GND_SIGNAL"
"1","(-3250,2450)","1","standard","I28";
;
BODY_TYPE"PLUMBING"
HDL_POWER"GND_SIGNAL"
CDS_LIB"standard";
"GND"20;
%"R"
"1","(-3700,2150)","0","resistor","I29";
;
VALUE"4.7K"
CODE"07090246"
CDS_LIB"resistor"
$LOCATION"?"
CDS_LMAN_SYM_OUTLINE"-100,25,100,-25";
"A"25;
"B"24;
%"C"
"1","(-6450,4900)","0","capcitor","I3";
;
VALUE"10UF"
CODE"08070391"
CDS_LIB"capcitor"
$LOCATION"?"
CDS_LMAN_SYM_OUTLINE"-50,0,50,-50";
"1"29;
"2"27;
%"DIODE"
"1","(-7350,2050)","0","diode","I30";
;
VALUE"MBRS120T3"
CODE"15010058"
CDS_LIB"diode"
$LOCATION"?"
CDS_LMAN_SYM_OUTLINE"-50,50,50,-50";
"K"10;
"A"12;
%"DIODE"
"1","(-7350,1900)","0","diode","I31";
;
VALUE"MBRS120T3"
CODE"15010058"
CDS_LIB"diode"
$LOCATION"?"
CDS_LMAN_SYM_OUTLINE"-50,50,50,-50";
"K"10;
"A"11;
%"DIODE"
"1","(-7350,1600)","0","diode","I32";
;
VALUE"MBRS120T3"
CODE"15010058"
CDS_LIB"diode"
$LOCATION"?"
CDS_LMAN_SYM_OUTLINE"-50,50,50,-50";
"K"10;
"A"3;
%"DIODE"
"1","(-7350,1750)","0","diode","I33";
;
VALUE"MBRS120T3"
CODE"15010058"
CDS_LIB"diode"
$LOCATION"?"
CDS_LMAN_SYM_OUTLINE"-50,50,50,-50";
"K"10;
"A"4;
%"R"
"1","(-7250,2300)","0","resistor","I34";
;
VALUE"10K"
CODE"07090247"
CDS_LIB"resistor"
$LOCATION"?"
CDS_LMAN_SYM_OUTLINE"-100,25,100,-25";
"A"10;
"B"16;
%"DIODE"
"1","(-7350,1000)","0","diode","I35";
;
VALUE"MBRS120T3"
CODE"15010058"
CDS_LIB"diode"
$LOCATION"?"
CDS_LMAN_SYM_OUTLINE"-50,50,50,-50";
"K"9;
"A"1;
%"DIODE"
"1","(-7350,850)","0","diode","I36";
;
VALUE"MBRS120T3"
CODE"15010058"
CDS_LIB"diode"
$LOCATION"?"
CDS_LMAN_SYM_OUTLINE"-50,50,50,-50";
"K"9;
"A"8;
%"DIODE"
"1","(-7350,550)","0","diode","I37";
;
VALUE"MBRS120T3"
CODE"15010058"
CDS_LIB"diode"
$LOCATION"?"
CDS_LMAN_SYM_OUTLINE"-50,50,50,-50";
"K"9;
"A"6;
%"DIODE"
"1","(-7350,700)","0","diode","I38";
;
VALUE"MBRS120T3"
CODE"15010058"
CDS_LIB"diode"
$LOCATION"?"
CDS_LMAN_SYM_OUTLINE"-50,50,50,-50";
"K"9;
"A"7;
%"R"
"1","(-7250,1250)","0","resistor","I39";
;
VALUE"4.7K"
CODE"07090246"
CDS_LIB"resistor"
$LOCATION"?"
CDS_LMAN_SYM_OUTLINE"-100,25,100,-25";
"A"9;
"B"2;
%"C"
"1","(-6300,4900)","0","capcitor","I4";
;
VALUE"100P"
CODE"08070230"
CDS_LIB"capcitor"
$LOCATION"?"
CDS_LMAN_SYM_OUTLINE"-50,0,50,-50";
"1"29;
"2"27;
%"LB"
"1","(-7200,3700)","0","inductor","I5";
;
$LOCATION"?"
VALUE"100MOHM"
CDS_LIB"inductor"
CDS_LMAN_SYM_OUTLINE"-125,50,125,0"
CODE"10070008";
"B"14;
"A"15;
%"C"
"1","(-7500,3500)","0","capcitor","I6";
;
VALUE"0.1U"
CODE"08070262"
CDS_LIB"capcitor"
$LOCATION"?"
CDS_LMAN_SYM_OUTLINE"-50,0,50,-50";
"1"15;
"2"13;
%"C"
"1","(-7700,3500)","0","capcitor","I7";
;
VALUE"10UF"
CODE"08070391"
CDS_LIB"capcitor"
$LOCATION"?"
CDS_LMAN_SYM_OUTLINE"-50,0,50,-50";
"1"15;
"2"13;
%"C"
"1","(-6900,3500)","0","capcitor","I8";
;
VALUE"10UF"
CODE"08070391"
CDS_LIB"capcitor"
$LOCATION"?"
CDS_LMAN_SYM_OUTLINE"-50,0,50,-50";
"1"14;
"2"13;
%"C"
"1","(-6700,3500)","0","capcitor","I9";
;
VALUE"0.1U"
CODE"08070262"
CDS_LIB"capcitor"
$LOCATION"?"
CDS_LMAN_SYM_OUTLINE"-50,0,50,-50";
"1"14;
"2"13;
END.
