FILE_TYPE = CONNECTIVITY;
{Allegro Design Entry HDL 16.6-p007 (v16-6-112F) 10/10/2012}
"PAGE_NUMBER" = 78;
0"NC";
1"GND_SIGNAL\g";
2"GND_SIGNAL\g";
3"GND_SIGNAL\g";
4"GND_SIGNAL\g";
5"GND_SIGNAL\g";
6"GND_SIGNAL\g";
7"GND_SIGNAL\g";
8"GND_SIGNAL\g";
9"GND_SIGNAL\g";
10"GND_SIGNAL\g";
11"GND_SIGNAL\g";
12"GND_SIGNAL\g";
13"GND_SIGNAL\g";
14"V_Z7_PS_3V3_ETHPHY_AVDD";
15"Z7_PS_ETHPHY_INTB_N";
16"Z7_PS_ETHPHY_RESET_N";
17"Z7_PS_ETHPHY_RXCTL_R";
18"Z7_PS_ETHPHY_RXD3_R";
19"Z7_PS_ETHPHY_RXD2_R";
20"Z7_PS_ETHPHY_RXD1_R";
21"Z7_PS_ETHPHY_RXD0_R";
22"Z7_PS_ETHPHY_RX_CLK_R";
23"Z7_PS_ETHPHY_TXD0";
24"Z7_PS_ETHPHY_TXD1";
25"Z7_PS_ETHPHY_XTALOUT";
26"Z7_PS_ETHPHY_LED1";
27"Z7_PS_ETHPHY_LED0";
28"Z7_PS_ETHPHY_MDI3_N";
29"Z7_PS_ETHPHY_TXD3";
30"Z7_PS_ETHPHY_TXCTL";
31"Z7_PS_ETHPHY_TX_CLK";
32"Z7_PS_ETHPHY_LED2";
33"Z7_PS_ETHPHY_RSET";
34"Z7_PS_ETHPHY_XTALOUT";
35"Z7_PS_ETHPHY_TXD2";
36"Z7_PS_ETHPHY_MDI3_P";
37"Z7_PS_ETHPHY_LED2";
38"Z7_PS_ETHPHY_ENSWREG";
39"V_Z7_PS_3V3_ETHPHY_DVDD";
40"Z7_PS_ETHPHY_REGOUT";
41"Z7_PS_ETHPHY_XTALIN";
42"V_Z7_PS_3V3_ETHPHY_AVDD";
43"Z7_PS_ETHPHY_ENSWREG";
44"Z7_PS_ETHPHY_MDIO";
45"Z7_PS_ETHPHY_MDC";
46"Z7_PS_ETHPHY_MDI2_N";
47"Z7_PS_ETHPHY_MDI2_P";
48"Z7_PS_ETHPHY_MDI1_N";
49"Z7_PS_ETHPHY_MDI1_P";
50"Z7_PS_ETHPHY_MDI0_N";
51"Z7_PS_ETHPHY_MDI0_P";
52"V_Z7_PS_3V3_ETHPHY_VDDREG";
53"V_Z7_PS_1V05_ETHPHY_AVDD";
54"V_Z7_PS_1V05_ETHPHY_DVDD";
55"V_Z7_PS_3V3_ETHPHY_DVDD";
56"V_Z7_PS_3V3_ETHPHY_DVDD";
57"V_Z7_PS_1V05_ETHPHY_AVDD";
58"V_Z7_PS_1V05_ETHPHY_DVDD";
59"V_Z7_PS_3V3_ETHPHY_DVDD";
60"V_Z7_PS_1V05_ETHPHY";
61"V_Z7_1V0";
62"V_Z7_PS_3V3_ETHPHY_DVDD";
63"Z7_PS_ETHPHY_XTALIN";
64"Z7_PS_ETHPHY_RESET_N";
65"Z7_PS_ETHPHY_INTB_N";
66"Z7_PS_ETHPHY_MDIO";
67"V_Z7_PS_3V3_ETHPHY_DVDD";
68"V_Z7_PS_3V3_ETHPHY_DVDD";
69"V_Z7_PS_3V3_ETHPHY_DVDD";
70"V_Z7_PS_3V3_ETHPHY_DVDD";
71"Z7_PS_ETHPHY_RX_CLK";
72"Z7_PS_ETHPHY_RXCTL";
73"Z7_PS_ETHPHY_RXD3";
74"Z7_PS_ETHPHY_RXD2";
75"Z7_PS_ETHPHY_RXD1";
76"Z7_PS_ETHPHY_RXD0";
77"Z7_PS_ETHPHY_RXCTL_R";
78"Z7_PS_ETHPHY_RX_CLK_R";
79"Z7_PS_ETHPHY_RXD1_R";
80"Z7_PS_ETHPHY_RXD0_R";
81"Z7_PS_ETHPHY_RXD3_R";
82"Z7_PS_ETHPHY_RXD2_R";
83"Z7_PS_ETHPHY_RSET";
84"Z7_PS_ETHPHY_LED0";
85"Z7_PS_ETHPHY_LED1";
86"UN$78$LEDS$I38$B";
87"V_Z7_3V3";
88"V_Z7_1V0";
89"UN$78$LEDS$I35$A";
90"V_Z7_3V3";
91"V_Z7_3V3";
92"V_Z7_PS_3V3_ETHPHY_VDDREG";
93"Z7_PS_ETHPHY_REGOUT";
%"RTL8211E-VL-CG"
"1","(-5400,5150)","0","ic","I1";
;
CDS_LIB"ic"
CDS_LMAN_SYM_OUTLINE"-125,1225,375,-1575";
"PAD"9;
"48"40;
"47"9;
"46"0;
"45"52;
"44"52;
"43"25;
"42"41;
"41"42;
"40"53;
"39"33;
"38"43;
"37"55;
"36"54;
"35"26;
"34"27;
"33"0;
"32"32;
"31"44;
"30"45;
"29"16;
"28"54;
"27"30;
"26"29;
"25"35;
"24"24;
"23"23;
"22"31;
"21"55;
"20"15;
"19"22;
"18"18;
"17"19;
"16"20;
"15"55;
"14"21;
"13"17;
"12"0;
"11"28;
"10"36;
"9"53;
"8"46;
"7"47;
"6"42;
"5"48;
"4"49;
"3"53;
"2"50;
"1"51;
%"C"
"1","(-9100,5300)","0","capcitor","I10";
;
VALUE"4.7UF"
$LOCATION"?"
CODE"10081926"
CDS_LMAN_SYM_OUTLINE"-50,0,50,-50"
CDS_LIB"capcitor";
"1"14;
"2"13;
%"C"
"1","(-8900,5300)","0","capcitor","I11";
;
$LOCATION"?"
VALUE"0.1U"
CODE"08070262"
CDS_LMAN_SYM_OUTLINE"-50,0,50,-50"
CDS_LIB"capcitor";
"1"14;
"2"13;
%"C"
"1","(-8750,5300)","0","capcitor","I13";
;
VALUE"0.1U"
$LOCATION"?"
CODE"08070262"
CDS_LMAN_SYM_OUTLINE"-50,0,50,-50"
CDS_LIB"capcitor";
"1"14;
"2"13;
%"GND_SIGNAL"
"1","(-9150,4950)","0","standard","I14";
;
CDS_LIB"standard"
HDL_POWER"GND_SIGNAL"
BODY_TYPE"PLUMBING";
"GND"13;
%"LB"
"1","(-9450,3500)","0","inductor","I15";
;
$LOCATION"?"
VALUE"100MOHM"
CODE"10070008"
CDS_LMAN_SYM_OUTLINE"-125,50,125,0"
CDS_LIB"inductor";
"B"92;
"A"90;
%"C"
"1","(-9150,3250)","0","capcitor","I16";
;
VALUE"4.7UF"
$LOCATION"?"
CODE"10081926"
CDS_LMAN_SYM_OUTLINE"-50,0,50,-50"
CDS_LIB"capcitor";
"1"92;
"2"12;
%"C"
"1","(-8950,3250)","0","capcitor","I17";
;
VALUE"0.1U"
$LOCATION"?"
CODE"08070262"
CDS_LMAN_SYM_OUTLINE"-50,0,50,-50"
CDS_LIB"capcitor";
"1"92;
"2"12;
%"C"
"1","(-8800,3250)","0","capcitor","I18";
;
VALUE"0.1U"
$LOCATION"?"
CODE"08070262"
CDS_LMAN_SYM_OUTLINE"-50,0,50,-50"
CDS_LIB"capcitor";
"1"92;
"2"12;
%"GND_SIGNAL"
"1","(-9200,2900)","0","standard","I19";
;
BODY_TYPE"PLUMBING"
HDL_POWER"GND_SIGNAL"
CDS_LIB"standard";
"GND"12;
%"LB"
"1","(-9450,4500)","0","inductor","I2";
;
$LOCATION"?"
VALUE"100MOHM"
CODE"10070008"
CDS_LIB"inductor"
CDS_LMAN_SYM_OUTLINE"-125,50,125,0";
"B"62;
"A"91;
%"L"
"1","(-9250,1750)","0","inductor","I20";
;
$LOCATION"?"
VALUE"2.2UH"
CDS_LMAN_SYM_OUTLINE"-125,50,125,0"
CDS_LIB"inductor"
CODE"10031009";
"A"93;
"B"60;
%"CP"
"1","(-8950,1500)","0","capcitor","I21";
;
$LOCATION"?"
VALUE"22U-10V"
CDS_LMAN_SYM_OUTLINE"-50,0,50,-50"
CDS_LIB"capcitor"
CODE"08020082";
"2"11;
"1"60;
%"C"
"1","(-8750,1500)","0","capcitor","I22";
;
VALUE"0.1U"
$LOCATION"?"
CODE"08070262"
CDS_LMAN_SYM_OUTLINE"-50,0,50,-50"
CDS_LIB"capcitor";
"1"60;
"2"11;
%"GND_SIGNAL"
"1","(-9000,1100)","0","standard","I23";
;
CDS_LIB"standard"
BODY_TYPE"PLUMBING"
HDL_POWER"GND_SIGNAL";
"GND"11;
%"LB"
"1","(-7400,2200)","0","inductor","I24";
;
$LOCATION"?"
VALUE"100MOHM"
CODE"10070008"
CDS_LMAN_SYM_OUTLINE"-125,50,125,0"
CDS_LIB"inductor";
"B"58;
"A"60;
%"LB"
"1","(-7400,2450)","0","inductor","I25";
;
$LOCATION"?"
VALUE"100MOHM"
CDS_LIB"inductor"
CDS_LMAN_SYM_OUTLINE"-125,50,125,0"
CODE"10070008";
"B"58;
"A"61;
%"C"
"1","(-6900,1950)","0","capcitor","I26";
;
$LOCATION"?"
VALUE"0.1U"
CDS_LIB"capcitor"
CDS_LMAN_SYM_OUTLINE"-50,0,50,-50"
CODE"08070262";
"1"58;
"2"10;
%"C"
"1","(-7050,1950)","0","capcitor","I27";
;
VALUE"0.1U"
$LOCATION"?"
CDS_LIB"capcitor"
CDS_LMAN_SYM_OUTLINE"-50,0,50,-50"
CODE"08070262";
"1"58;
"2"10;
%"GND_SIGNAL"
"1","(-7100,1600)","0","standard","I28";
;
BODY_TYPE"PLUMBING"
HDL_POWER"GND_SIGNAL"
CDS_LIB"standard";
"GND"10;
%"LB"
"1","(-7400,1050)","0","inductor","I29";
;
VALUE"100MOHM"
$LOCATION"?"
CODE"10070008"
CDS_LMAN_SYM_OUTLINE"-125,50,125,0"
CDS_LIB"inductor";
"B"57;
"A"88;
%"GND_SIGNAL"
"1","(-4950,3400)","0","standard","I3";
;
BODY_TYPE"PLUMBING"
HDL_POWER"GND_SIGNAL"
CDS_LIB"standard";
"GND"9;
%"C"
"1","(-7050,800)","0","capcitor","I30";
;
$LOCATION"?"
VALUE"0.1U"
CODE"08070262"
CDS_LMAN_SYM_OUTLINE"-50,0,50,-50"
CDS_LIB"capcitor";
"1"57;
"2"8;
%"LB"
"1","(-7400,1300)","0","inductor","I31";
;
VALUE"100MOHM"
$LOCATION"?"
CODE"10070008"
CDS_LMAN_SYM_OUTLINE"-125,50,125,0"
CDS_LIB"inductor";
"B"57;
"A"60;
%"C"
"1","(-6900,800)","0","capcitor","I32";
;
$LOCATION"?"
VALUE"0.1U"
CDS_LMAN_SYM_OUTLINE"-50,0,50,-50"
CDS_LIB"capcitor"
CODE"08070262";
"1"57;
"2"8;
%"GND_SIGNAL"
"1","(-7100,450)","0","standard","I33";
;
BODY_TYPE"PLUMBING"
HDL_POWER"GND_SIGNAL"
CDS_LIB"standard";
"GND"8;
%"C"
"1","(-6750,800)","0","capcitor","I34";
;
$LOCATION"?"
VALUE"0.1U"
CODE"08070262"
CDS_LMAN_SYM_OUTLINE"-50,0,50,-50"
CDS_LIB"capcitor";
"1"57;
"2"8;
%"LED_S"
"1","(-600,3500)","1","diode","I35";
;
$LOCATION"?"
VALUE"HSMG-C170-B"
CODE"15020063"
CDS_LIB"diode"
CDS_LMAN_SYM_OUTLINE"-150,50,50,-75";
"A"89;
"B"7;
%"R"
"1","(-1200,3500)","1","resistor","I36";
;
$LOCATION"?"
VALUE"4.7K"
CDS_LMAN_SYM_OUTLINE"-100,25,100,-25"
CDS_LIB"resistor"
CODE"07090246";
"A"7;
"B"85;
%"R"
"1","(-900,4050)","0","resistor","I37";
;
VALUE"470"
$LOCATION"?"
CODE"07090275"
CDS_LIB"resistor"
CDS_LMAN_SYM_OUTLINE"-100,25,100,-25";
"A"84;
"B"86;
%"LED_S"
"1","(-600,4400)","1","diode","I38";
;
$LOCATION"?"
VALUE"HSMG-C170-B"
CDS_LIB"diode"
CDS_LMAN_SYM_OUTLINE"-150,50,50,-75"
CODE"15020063";
"A"56;
"B"86;
%"R"
"1","(-900,3850)","0","resistor","I39";
;
$LOCATION"?"
VALUE"470"
CDS_LIB"resistor"
CDS_LMAN_SYM_OUTLINE"-100,25,100,-25"
CODE"07090275";
"A"85;
"B"89;
%"C"
"1","(-9150,4250)","0","capcitor","I4";
;
VALUE"4.7UF"
$LOCATION"?"
CDS_LMAN_SYM_OUTLINE"-50,0,50,-50"
CDS_LIB"capcitor"
CODE"10081926";
"1"62;
"2"1;
%"R"
"1","(-1200,4400)","1","resistor","I40";
;
$LOCATION"?"
VALUE"4.7K"
CDS_LIB"resistor"
CDS_LMAN_SYM_OUTLINE"-100,25,100,-25"
CODE"07090246";
"A"84;
"B"56;
%"GND_SIGNAL"
"1","(-650,3050)","0","standard","I41";
;
CDS_LIB"standard"
HDL_POWER"GND_SIGNAL"
BODY_TYPE"PLUMBING";
"GND"7;
%"R"
"1","(-1200,2600)","1","resistor","I42";
;
VALUE"4.7K"
$LOCATION"?"
CDS_LIB"resistor"
CDS_LMAN_SYM_OUTLINE"-100,25,100,-25"
CODE"07090246";
"A"37;
"B"70;
%"R"
"1","(-1400,5000)","0","resistor","I43";
;
VALUE"2.49K-1%"
$LOCATION"?"
CODE""
CDS_LIB"resistor"
CDS_LMAN_SYM_OUTLINE"-100,25,100,-25";
"A"83;
"B"6;
%"GND_SIGNAL"
"1","(-1000,4950)","1","standard","I44";
;
CDS_LIB"standard"
BODY_TYPE"PLUMBING"
HDL_POWER"GND_SIGNAL";
"GND"6;
%"CRYSTAL"
"1","(-9050,6250)","1","oscillator","I45";
;
VALUE"25MHZ"
$LOCATION"?"
CODE"12020092"
CDS_LIB"oscillator"
CDS_LMAN_SYM_OUTLINE"50,100,225,-100";
"A1"34;
"A2"63;
%"C"
"1","(-9700,6650)","1","capcitor","I46";
;
VALUE"22PF"
$LOCATION"?"
CODE"98070510"
CDS_LIB"capcitor"
CDS_LMAN_SYM_OUTLINE"-50,0,50,-50";
"1"5;
"2"63;
%"C"
"1","(-9700,6150)","1","capcitor","I47";
;
VALUE"22PF"
$LOCATION"?"
CODE"98070510"
CDS_LIB"capcitor"
CDS_LMAN_SYM_OUTLINE"-50,0,50,-50";
"1"5;
"2"34;
%"R"
"1","(-9400,6400)","1","resistor","I48";
;
VALUE"0"
$LOCATION"?"
CODE"07090522"
CDS_LIB"resistor"
CDS_LMAN_SYM_OUTLINE"-100,25,100,-25";
"A"34;
"B"63;
%"GND_SIGNAL"
"1","(-10250,6350)","7","standard","I49";
;
HDL_POWER"GND_SIGNAL"
BODY_TYPE"PLUMBING"
CDS_LIB"standard";
"GND"5;
%"C"
"1","(-8950,4250)","0","capcitor","I5";
;
VALUE"0.1U"
$LOCATION"?"
CODE"08070262"
CDS_LIB"capcitor"
CDS_LMAN_SYM_OUTLINE"-50,0,50,-50";
"1"62;
"2"1;
%"R"
"1","(-1700,6800)","1","resistor","I50";
;
VALUE"4.7K"
$LOCATION"?"
CODE"07090246"
CDS_LMAN_SYM_OUTLINE"-100,25,100,-25"
CDS_LIB"resistor";
"A"80;
"B"69;
%"R"
"1","(-2000,6500)","0","resistor","I51";
;
VALUE"0"
$LOCATION"?"
CDS_LMAN_SYM_OUTLINE"-100,25,100,-25"
CDS_LIB"resistor"
CODE"07090522";
"A"76;
"B"80;
%"R"
"1","(-2000,6400)","0","resistor","I52";
;
CDS_LIB"resistor"
CDS_LMAN_SYM_OUTLINE"-100,25,100,-25"
$LOCATION"?"
VALUE"0"
CODE"07090522";
"A"75;
"B"79;
%"R"
"1","(-2000,6300)","0","resistor","I53";
;
CDS_LIB"resistor"
CDS_LMAN_SYM_OUTLINE"-100,25,100,-25"
$LOCATION"?"
VALUE"0"
CODE"07090522";
"A"74;
"B"82;
%"R"
"1","(-2000,6200)","0","resistor","I54";
;
CDS_LIB"resistor"
CDS_LMAN_SYM_OUTLINE"-100,25,100,-25"
$LOCATION"?"
VALUE"0"
CODE"07090522";
"A"73;
"B"81;
%"R"
"1","(-2000,6100)","0","resistor","I55";
;
CDS_LIB"resistor"
CDS_LMAN_SYM_OUTLINE"-100,25,100,-25"
$LOCATION"?"
VALUE"0"
CODE"07090522";
"A"72;
"B"77;
%"R"
"1","(-2000,6000)","0","resistor","I56";
;
CDS_LIB"resistor"
CDS_LMAN_SYM_OUTLINE"-100,25,100,-25"
$LOCATION"?"
VALUE"0"
CODE"07090522";
"A"71;
"B"78;
%"R"
"1","(-1600,6800)","1","resistor","I57";
;
CODE"07090246"
VALUE"4.7K"
$LOCATION"?"
CDS_LMAN_SYM_OUTLINE"-100,25,100,-25"
CDS_LIB"resistor";
"A"79;
"B"69;
%"R"
"1","(-1500,6800)","1","resistor","I58";
;
CODE"07090246"
VALUE"4.7K"
$LOCATION"?"
CDS_LMAN_SYM_OUTLINE"-100,25,100,-25"
CDS_LIB"resistor";
"A"82;
"B"69;
%"R"
"1","(-1400,6800)","1","resistor","I59";
;
CODE"07090246"
VALUE"4.7K"
$LOCATION"?"
CDS_LMAN_SYM_OUTLINE"-100,25,100,-25"
CDS_LIB"resistor";
"A"81;
"B"69;
%"C"
"1","(-8800,4250)","0","capcitor","I6";
;
VALUE"0.1U"
$LOCATION"?"
CODE"08070262"
CDS_LIB"capcitor"
CDS_LMAN_SYM_OUTLINE"-50,0,50,-50";
"1"62;
"2"1;
%"R"
"1","(-1700,5700)","1","resistor","I60";
;
CODE"07090246"
VALUE"4.7K"
$LOCATION"?"
CDS_LMAN_SYM_OUTLINE"-100,25,100,-25"
CDS_LIB"resistor";
"A"4;
"B"77;
%"C"
"1","(-1600,5750)","0","capcitor","I61";
;
CDS_LMAN_SYM_OUTLINE"-50,0,50,-50"
$LOCATION"?"
CDS_LIB"capcitor"
CODE"98070510"
VALUE"22PF";
"1"78;
"2"4;
%"GND_SIGNAL"
"1","(-1750,5300)","0","standard","I62";
;
BODY_TYPE"PLUMBING"
HDL_POWER"GND_SIGNAL"
CDS_LIB"standard";
"GND"4;
%"R"
"1","(-5450,7400)","2","resistor","I63";
;
$LOCATION"?"
VALUE"4.7K"
CDS_LIB"resistor"
CDS_LMAN_SYM_OUTLINE"-100,25,100,-25"
CODE"07090246";
"A"68;
"B"66;
%"R"
"1","(-5450,7200)","2","resistor","I64";
;
CDS_LIB"resistor"
CDS_LMAN_SYM_OUTLINE"-100,25,100,-25"
$LOCATION"?"
VALUE"4.7K"
CODE"07090246";
"A"67;
"B"65;
%"R"
"1","(-5450,7000)","2","resistor","I65";
;
CDS_LIB"resistor"
CDS_LMAN_SYM_OUTLINE"-100,25,100,-25"
$LOCATION"?"
VALUE"4.7K"
CODE"07090246";
"A"59;
"B"64;
%"C"
"1","(-5550,6850)","1","capcitor","I66";
;
CDS_LMAN_SYM_OUTLINE"-50,0,50,-50"
CDS_LIB"capcitor"
CODE"98070403"
$LOCATION"?"
VALUE"1U";
"1"64;
"2"3;
%"GND_SIGNAL"
"1","(-5200,6800)","1","standard","I67";
;
CDS_LIB"standard"
BODY_TYPE"PLUMBING"
HDL_POWER"GND_SIGNAL";
"GND"3;
%"R"
"1","(-4100,2400)","3","resistor","I68";
;
CODE"07090246"
CDS_LMAN_SYM_OUTLINE"-100,25,100,-25"
CDS_LIB"resistor"
VALUE"4.7K"
$LOCATION"?";
"A"39;
"B"38;
%"R"
"1","(-4100,1850)","3","resistor","I69";
;
CDS_LIB"resistor"
CDS_LMAN_SYM_OUTLINE"-100,25,100,-25"
$LOCATION"?"
VALUE"4.7K"
CODE"07090246";
"A"38;
"B"2;
%"C"
"1","(-8650,4250)","0","capcitor","I7";
;
VALUE"0.1U"
$LOCATION"?"
CODE"08070262"
CDS_LIB"capcitor"
CDS_LMAN_SYM_OUTLINE"-50,0,50,-50";
"1"62;
"2"1;
%"GND_SIGNAL"
"1","(-4150,1450)","0","standard","I70";
;
CDS_LIB"standard"
BODY_TYPE"PLUMBING"
HDL_POWER"GND_SIGNAL";
"GND"2;
%"GND_SIGNAL"
"1","(-9200,3900)","0","standard","I8";
;
CDS_LIB"standard"
HDL_POWER"GND_SIGNAL"
BODY_TYPE"PLUMBING";
"GND"1;
%"LB"
"1","(-9400,5550)","0","inductor","I9";
;
VALUE"100MOHM"
$LOCATION"?"
CODE"10070008"
CDS_LMAN_SYM_OUTLINE"-125,50,125,0"
CDS_LIB"inductor";
"B"14;
"A"87;
END.
