FILE_TYPE = CONNECTIVITY;
{Allegro Design Entry HDL 16.6-p007 (v16-6-112F) 10/10/2012}
"PAGE_NUMBER" = 12;
0"NC";
1"GND_SIGNAL\g";
2"GND_SIGNAL\g";
3"GND_SIGNAL\g";
4"GND_SIGNAL\g";
5"GND_SIGNAL\g";
6"GND_SIGNAL\g";
7"S7_88E_SOUT_P";
8"S7_88E_SFP_SCL";
9"S7_88E_SFP_RS0";
10"S7_88E_SFP_RS1";
11"V_S7_3V3_88E_SFP_VCCT";
12"S7_88E_SFP_TX_FAULT";
13"S7_88E_SFP_TX_DISABLE";
14"S7_88E_SFP_MOD_ABS";
15"V_S7_3V3_88E_SFP_VCCR";
16"S7_88E_SFP_RX_LOS";
17"S7_88E_SFP_SDA";
18"S7_88E_SFP_SCL";
19"V_S7_3V3_88E_SFP_VCCT";
20"V_S7_3V3_88E_SFP_VCCR";
21"V_S7_3V3_88E_SFP_VCCR";
22"V_S7_3V3_88E_SFP_VCCT";
23"S7_88E_SOUT_C_P";
24"S7_88E_SOUT_C_N";
25"S7_88E_SOUT_N";
26"S7_88E_SIN_C_P";
27"S7_88E_SIN_P";
28"S7_88E_SIN_C_N";
29"S7_88E_SIN_N";
30"S7_88E_SFP_TX_FAULT";
31"S7_88E_SFP_TX_DISABLE";
32"V_S7_3V3";
33"V_S7_3V3";
34"S7_88E_SFP_SDA";
35"S7_88E_SFP_MOD_ABS";
36"S7_88E_SFP_RX_LOS";
37"S7_88E_SFP_RS0";
38"S7_88E_SFP_RS1";
39"V_S7_3V3_88E_SFP_VCCR";
40"V_S7_3V3_88E_SFP_VCCT";
%"SFP_CAGE"
"1","(-2650,5550)","0","connector","I1";
;
CDS_LMAN_SYM_OUTLINE"-125,500,125,-550"
CDS_LIB"connector";
"20"2;
"19"2;
"18"2;
"17"2;
"16"2;
"15"2;
"14"2;
"13"2;
"12"2;
"11"2;
"10"2;
"9"2;
"8"2;
"7"2;
"6"2;
"5"2;
"4"2;
"3"2;
"2"2;
"1"2;
%"C"
"1","(-2300,2950)","0","capcitor","I10";
;
$LOCATION"?"
VALUE"0.1U"
CDS_LMAN_SYM_OUTLINE"-50,0,50,-50"
CDS_LIB"capcitor"
CODE"08070262";
"1"21;
"2"6;
%"GND_SIGNAL"
"1","(-2600,2600)","0","standard","I11";
;
HDL_POWER"GND_SIGNAL"
BODY_TYPE"PLUMBING"
CDS_LIB"standard";
"GND"6;
%"C"
"1","(-8350,5900)","1","capcitor","I13";
;
$LOCATION"?"
VALUE"0.01U"
CDS_LMAN_SYM_OUTLINE"-50,0,50,-50"
CDS_LIB"capcitor"
CODE"08070247";
"1"27;
"2"26;
%"C"
"1","(-8350,5700)","1","capcitor","I14";
;
$LOCATION"?"
VALUE"0.01U"
CDS_LMAN_SYM_OUTLINE"-50,0,50,-50"
CDS_LIB"capcitor"
CODE"08070247";
"1"25;
"2"24;
%"C"
"1","(-8350,5600)","1","capcitor","I15";
;
$LOCATION"?"
VALUE"0.01U"
CDS_LMAN_SYM_OUTLINE"-50,0,50,-50"
CDS_LIB"capcitor"
CODE"08070247";
"1"7;
"2"23;
%"GND_SIGNAL"
"1","(-6750,4700)","0","standard","I16";
;
CDS_LIB"standard"
BODY_TYPE"PLUMBING"
HDL_POWER"GND_SIGNAL";
"GND"5;
%"R"
"1","(-8000,3800)","1","resistor","I18";
;
$LOCATION"?"
VALUE"4.7K"
CDS_LMAN_SYM_OUTLINE"-100,25,100,-25"
CDS_LIB"resistor"
CODE"07090246";
"A"9;
"B"20;
%"GND_SIGNAL"
"1","(-8050,2900)","0","standard","I19";
;
BODY_TYPE"PLUMBING"
HDL_POWER"GND_SIGNAL"
CDS_LIB"standard";
"GND"4;
%"SFP_CONN"
"1","(-7100,5550)","0","connector","I2";
;
CDS_LMAN_SYM_OUTLINE"-125,500,250,-775"
CDS_LIB"connector";
"20"5;
"19"24;
"18"23;
"17"5;
"16"40;
"15"39;
"14"5;
"13"26;
"12"28;
"11"5;
"10"5;
"9"38;
"8"36;
"7"37;
"6"35;
"5"8;
"4"34;
"3"31;
"2"30;
"1"5;
%"R"
"1","(-6000,3800)","1","resistor","I22";
;
$LOCATION"?"
VALUE"4.7K"
CDS_LMAN_SYM_OUTLINE"-100,25,100,-25"
CDS_LIB"resistor"
CODE"07090246";
"A"10;
"B"19;
%"GND_SIGNAL"
"1","(-6050,2900)","0","standard","I23";
;
CDS_LIB"standard"
BODY_TYPE"PLUMBING"
HDL_POWER"GND_SIGNAL";
"GND"3;
%"R"
"1","(-8000,3250)","1","resistor","I24";
;
$LOCATION"?"
VALUE"0"
CDS_LMAN_SYM_OUTLINE"-100,25,100,-25"
CDS_LIB"resistor"
CODE"07090522";
"A"4;
"B"9;
%"R"
"1","(-6000,3250)","1","resistor","I25";
;
$LOCATION"?"
VALUE"0"
CDS_LMAN_SYM_OUTLINE"-100,25,100,-25"
CDS_LIB"resistor"
CODE"07090522";
"A"3;
"B"10;
%"C"
"1","(-8350,6000)","1","capcitor","I26";
;
$LOCATION"?"
VALUE"0.01U"
CDS_LMAN_SYM_OUTLINE"-50,0,50,-50"
CDS_LIB"capcitor"
CODE"08070247";
"1"29;
"2"28;
%"R"
"1","(-8000,1750)","1","resistor","I27";
;
$LOCATION"?"
VALUE"4.7K"
CDS_LMAN_SYM_OUTLINE"-100,25,100,-25"
CDS_LIB"resistor"
CODE"07090246";
"A"18;
"B"15;
%"R"
"1","(-7800,1750)","1","resistor","I28";
;
$LOCATION"?"
VALUE"4.7K"
CDS_LMAN_SYM_OUTLINE"-100,25,100,-25"
CDS_LIB"resistor"
CODE"07090246";
"A"17;
"B"15;
%"R"
"1","(-7600,1750)","1","resistor","I29";
;
$LOCATION"?"
VALUE"4.7K"
CDS_LMAN_SYM_OUTLINE"-100,25,100,-25"
CDS_LIB"resistor"
CODE"07090246";
"A"16;
"B"15;
%"GND_SIGNAL"
"1","(-2950,4850)","0","standard","I3";
;
CDS_LIB"standard"
HDL_POWER"GND_SIGNAL"
BODY_TYPE"PLUMBING";
"GND"2;
%"R"
"1","(-5650,1750)","1","resistor","I30";
;
$LOCATION"?"
VALUE"4.7K"
CDS_LMAN_SYM_OUTLINE"-100,25,100,-25"
CDS_LIB"resistor"
CODE"07090246";
"A"13;
"B"11;
%"R"
"1","(-5450,1750)","1","resistor","I31";
;
$LOCATION"?"
VALUE"4.7K"
CDS_LMAN_SYM_OUTLINE"-100,25,100,-25"
CDS_LIB"resistor"
CODE"07090246";
"A"12;
"B"11;
%"R"
"1","(-5850,1750)","1","resistor","I32";
;
$LOCATION"?"
VALUE"4.7K"
CDS_LMAN_SYM_OUTLINE"-100,25,100,-25"
CDS_LIB"resistor"
CODE"07090246";
"A"14;
"B"11;
%"LB"
"1","(-2850,4050)","0","inductor","I4";
;
VALUE"100MOHM"
$LOCATION"?"
CODE"10070008"
CDS_LIB"inductor"
CDS_LMAN_SYM_OUTLINE"-125,50,125,0";
"B"22;
"A"32;
%"C"
"1","(-2550,3850)","0","capcitor","I5";
;
$LOCATION"?"
VALUE"10UF"
CDS_LMAN_SYM_OUTLINE"-50,0,50,-50"
CDS_LIB"capcitor"
CODE"08070898";
"1"22;
"2"1;
%"C"
"1","(-2300,3850)","0","capcitor","I6";
;
$LOCATION"?"
VALUE"0.1U"
CDS_LMAN_SYM_OUTLINE"-50,0,50,-50"
CDS_LIB"capcitor"
CODE"08070262";
"1"22;
"2"1;
%"GND_SIGNAL"
"1","(-2600,3500)","0","standard","I7";
;
CDS_LIB"standard"
BODY_TYPE"PLUMBING"
HDL_POWER"GND_SIGNAL";
"GND"1;
%"LB"
"1","(-2850,3150)","0","inductor","I8";
;
VALUE"100MOHM"
$LOCATION"?"
CODE"10070008"
CDS_LIB"inductor"
CDS_LMAN_SYM_OUTLINE"-125,50,125,0";
"B"21;
"A"33;
%"C"
"1","(-2550,2950)","0","capcitor","I9";
;
$LOCATION"?"
VALUE"10UF"
CDS_LMAN_SYM_OUTLINE"-50,0,50,-50"
CDS_LIB"capcitor"
CODE"08070898";
"1"21;
"2"6;
END.
