FILE_TYPE = CONNECTIVITY;
{Allegro Design Entry HDL 16.6-p007 (v16-6-112F) 10/10/2012}
"PAGE_NUMBER" = 37;
0"NC";
1"A7_7511_DATA1_N";
2"GND_SIGNAL\g";
3"GND_SIGNAL\g";
4"GND_SIGNAL\g";
5"GND_SIGNAL\g";
6"GND_SIGNAL\g";
7"GND_SIGNAL\g";
8"GND_SIGNAL\g";
9"GND_SIGNAL\g";
10"GND_SIGNAL\g";
11"V_A7_7511_5V0";
12"A7_7511_SDA";
13"A7_7511_SCL";
14"UN$37$R$I16$B";
15"A7_7511_HEAC_N";
16"A7_7511_HEAC_P";
17"V_A7_1V8_7511_DVDD";
18"A7_7511_HP";
19"V_A7_3V3_7511_MVDD";
20"UN$37$DIODE$I23$A";
21"V_A7_5V0_IN";
22"V_A7_7511_5V0";
23"A7_7511_HEAC_P_C";
24"A7_7511_CEC";
25"A7_7511_DATA2_P";
26"A7_7511_DATA2_N";
27"A7_7511_DATA1_P";
28"A7_7511_DATA1_N";
29"A7_7511_DATA0_P";
30"A7_7511_DATA0_N";
31"A7_7511_CLK_P";
32"A7_7511_CLK_N";
33"A7_7511_CEC";
34"A7_7511_HEAC_P_C";
35"A7_7511_SCL";
36"A7_7511_SDA";
37"V_A7_7511_5V0";
38"A7_7511_HP";
39"A7_7511_CEC";
40"A7_7511_HP";
41"A7_7511_SCL";
42"A7_7511_SDA";
43"A7_7511_SDA";
44"A7_7511_SCL";
45"A7_7511_HP";
46"A7_7511_CEC";
47"A7_7511_DATA2_P";
48"A7_7511_DATA2_N";
49"A7_7511_CLK_P";
50"A7_7511_CLK_N";
51"A7_7511_CLK_N";
52"A7_7511_CLK_P";
53"A7_7511_DATA2_N";
54"A7_7511_DATA2_P";
55"A7_7511_DATA0_P";
56"A7_7511_DATA0_N";
57"A7_7511_DATA1_P";
58"A7_7511_DATA1_N";
59"A7_7511_DATA1_P";
60"A7_7511_DATA0_N";
61"A7_7511_DATA0_P";
%"GND_SIGNAL"
"1","(-8750,2550)","0","standard","I1";
;
HDL_POWER"GND_SIGNAL"
BODY_TYPE"PLUMBING"
CDS_LIB"standard";
"GND"2;
%"R"
"1","(-2350,1350)","0","resistor","I10";
;
VALUE"1.8K-1%"
CODE"97090132"
CDS_LIB"resistor"
$LOCATION"?"
CDS_LMAN_SYM_OUTLINE"-100,25,100,-25";
"A"13;
"B"11;
%"GND_SIGNAL"
"1","(-3300,2700)","0","standard","I11";
;
HDL_POWER"GND_SIGNAL"
BODY_TYPE"PLUMBING"
CDS_LIB"standard";
"GND"3;
%"PESD0402-140"
"1","(-3250,3050)","0","protection","I12";
;
CDS_LIB"protection"
CDS_LMAN_SYM_OUTLINE"-75,125,75,-175";
"2"3;
"1"23;
%"GND_SIGNAL"
"1","(-3050,2700)","0","standard","I13";
;
HDL_POWER"GND_SIGNAL"
BODY_TYPE"PLUMBING"
CDS_LIB"standard";
"GND"4;
%"R"
"1","(-3000,3100)","1","resistor","I14";
;
VALUE"10K"
CODE"07090247"
CDS_LIB"resistor"
$LOCATION"?"
CDS_LMAN_SYM_OUTLINE"-100,25,100,-25";
"A"4;
"B"18;
%"GND_SIGNAL"
"1","(-2200,2050)","0","standard","I15";
;
HDL_POWER"GND_SIGNAL"
BODY_TYPE"PLUMBING"
CDS_LIB"standard";
"GND"5;
%"R"
"1","(-2150,2450)","1","resistor","I16";
;
VALUE"4.7"
CODE"07098624"
CDS_LIB"resistor"
$LOCATION"?"
CDS_LMAN_SYM_OUTLINE"-100,25,100,-25";
"A"5;
"B"14;
%"R"
"1","(-2150,3100)","1","resistor","I17";
;
VALUE"49.9"
CODE"07090198"
CDS_LIB"resistor"
$LOCATION"?"
CDS_LMAN_SYM_OUTLINE"-100,25,100,-25";
"A"14;
"B"16;
%"C"
"1","(-2800,3450)","1","capcitor","I18";
;
VALUE"1U-10V"
CODE"08070403"
CDS_LIB"capcitor"
$LOCATION"?"
CDS_LMAN_SYM_OUTLINE"-50,0,50,-50";
"1"18;
"2"15;
%"C"
"1","(-2800,3650)","1","capcitor","I19";
;
VALUE"1U-10V"
CODE"08070403"
CDS_LIB"capcitor"
$LOCATION"?"
CDS_LMAN_SYM_OUTLINE"-50,0,50,-50";
"1"23;
"2"16;
%"RCLAMP0524P"
"1","(-8700,3050)","0","protection","I2";
;
CDS_LIB"protection"
CDS_LMAN_SYM_OUTLINE"-125,275,200,-250";
"10"46;
"9"45;
"8"2;
"7"44;
"6"43;
"5"42;
"4"41;
"3"2;
"2"40;
"1"39;
%"R"
"1","(-2150,4050)","1","resistor","I20";
;
VALUE"49.9"
CODE"07090198"
CDS_LIB"resistor"
$LOCATION"?"
CDS_LMAN_SYM_OUTLINE"-100,25,100,-25";
"A"16;
"B"17;
%"R"
"1","(-1850,3100)","1","resistor","I21";
;
VALUE"49.9"
CODE"07090198"
CDS_LIB"resistor"
$LOCATION"?"
CDS_LMAN_SYM_OUTLINE"-100,25,100,-25";
"A"14;
"B"15;
%"R"
"1","(-1850,4050)","1","resistor","I22";
;
VALUE"49.9"
CODE"07090198"
CDS_LIB"resistor"
$LOCATION"?"
CDS_LMAN_SYM_OUTLINE"-100,25,100,-25";
"A"15;
"B"17;
%"DIODE"
"1","(-2350,5700)","0","diode","I23";
;
VALUE"1N4148"
CODE"95010058"
CDS_LIB"diode"
$LOCATION"?"
CDS_LMAN_SYM_OUTLINE"-50,50,50,-50";
"K"24;
"A"20;
%"R"
"1","(-1850,5700)","0","resistor","I24";
;
VALUE"27.4K"
CODE"07090320"
CDS_LIB"resistor"
$LOCATION"?"
CDS_LMAN_SYM_OUTLINE"-100,25,100,-25";
"A"20;
"B"19;
%"GND_SIGNAL"
"1","(-2500,6500)","0","standard","I25";
;
HDL_POWER"GND_SIGNAL"
BODY_TYPE"PLUMBING"
CDS_LIB"standard";
"GND"6;
%"C"
"1","(-2450,6850)","2","capcitor","I26";
;
VALUE"10UF"
CODE"08070898"
CDS_LIB"capcitor"
$LOCATION"?"
CDS_LMAN_SYM_OUTLINE"-50,0,50,-50";
"1"22;
"2"6;
%"LB"
"1","(-2150,7050)","0","inductor","I27";
;
VALUE"100MOHM"
CODE"10070008"
CDS_LIB"inductor"
$LOCATION"?"
CDS_LMAN_SYM_OUTLINE"-125,50,125,0";
"B"21;
"A"22;
%"HDMI-A"
"1","(-5650,5050)","0","connector","I28";
;
CDS_LIB"connector"
CDS_LMAN_SYM_OUTLINE"-125,500,325,-1150";
"23"9;
"22"9;
"21"9;
"20"9;
"19"38;
"18"37;
"17"10;
"16"36;
"15"35;
"14"34;
"13"33;
"12"32;
"11"9;
"10"31;
"9"30;
"8"9;
"7"29;
"6"28;
"5"9;
"4"27;
"3"26;
"2"9;
"1"25;
%"GND_SIGNAL"
"1","(-8750,3800)","0","standard","I3";
;
HDL_POWER"GND_SIGNAL"
BODY_TYPE"PLUMBING"
CDS_LIB"standard";
"GND"7;
%"RCLAMP0524P"
"1","(-8700,4300)","0","protection","I4";
;
CDS_LIB"protection"
CDS_LMAN_SYM_OUTLINE"-125,275,200,-250";
"10"54;
"9"53;
"8"7;
"7"52;
"6"51;
"5"50;
"4"49;
"3"7;
"2"48;
"1"47;
%"GND_SIGNAL"
"1","(-8750,5050)","0","standard","I5";
;
BODY_TYPE"PLUMBING"
HDL_POWER"GND_SIGNAL"
CDS_LIB"standard";
"GND"8;
%"RCLAMP0524P"
"1","(-8700,5550)","0","protection","I6";
;
CDS_LIB"protection"
CDS_LMAN_SYM_OUTLINE"-125,275,200,-250";
"10"61;
"9"60;
"8"8;
"7"59;
"6"58;
"5"1;
"4"57;
"3"8;
"2"56;
"1"55;
%"GND_SIGNAL"
"1","(-6000,3500)","0","standard","I7";
;
BODY_TYPE"PLUMBING"
HDL_POWER"GND_SIGNAL"
CDS_LIB"standard";
"GND"9;
%"GND_SIGNAL"
"1","(-5200,3500)","0","standard","I8";
;
HDL_POWER"GND_SIGNAL"
BODY_TYPE"PLUMBING"
CDS_LIB"standard";
"GND"10;
%"R"
"1","(-2350,1200)","0","resistor","I9";
;
VALUE"1.8K-1%"
CODE"97090132"
CDS_LIB"resistor"
$LOCATION"?"
CDS_LMAN_SYM_OUTLINE"-100,25,100,-25";
"A"12;
"B"11;
END.
