FILE_TYPE = CONNECTIVITY;
{Allegro Design Entry HDL 16.6-p007 (v16-6-112F) 10/10/2012}
"PAGE_NUMBER" = 14;
0"NC";
1"GND_SIGNAL\g";
2"GND_SIGNAL\g";
3"GND_SIGNAL\g";
4"GND_SIGNAL\g";
5"GND_SIGNAL\g";
6"GND_SIGNAL\g";
7"GND_SIGNAL\g";
8"S7_USBCON_DATA_P";
9"S7_USBCON_DATA_N";
10"S7_USBCON_SLWR";
11"S7_USBCON_SLRD";
12"S7_USBCON_FLAGC";
13"S7_USBCON_FLAGB";
14"S7_USBCON_ADR0";
15"S7_USBCON_SLOE";
16"S7_USBCON_INT1";
17"S7_USBCON_INT0";
18"V_S7_3V3_USBCON_VCC";
19"S7_USBCON_ADR1";
20"S7_USBCON_PEND";
21"V_S7_3V3_USBCON_VCC";
22"S7_USBCON_SCL";
23"UN$14$AT24C02$I29$A1";
24"UN$14$AT24C02$I29$A2";
25"UN$14$AT24C02$I29$A3";
26"S7_USBCON_SCL";
27"S7_USBCON_SDA";
28"S7_USBCON_WAKEUP";
29"S7_USBCON_RESET_N";
30"S7_USBCON_FD7";
31"S7_USBCON_FD6";
32"S7_USBCON_FD5";
33"S7_USBCON_XTALIN";
34"S7_USBCON_SDA";
35"V_S7_3V3";
36"V_S7_3V3";
37"V_S7_3V3_USBCON_AVCC";
38"V_S7_3V3_USBCON_VCC";
39"S7_USBCON_XTALOUT";
40"S7_USBCON_WAKEUP";
41"S7_USBCON_RESET_N";
42"S7_USBCON_SLCS_N";
43"S7_USBCON_FLAGA";
44"S7_USBCON_FD4";
45"S7_USBCON_FD3";
46"S7_USBCON_FD2";
47"S7_USBCON_FD1";
48"S7_USBCON_FD0";
49"S7_USBCON_SDA";
50"S7_USBCON_SCL";
51"S7_USBCON_IFCLK";
52"S7_USBCON_XTALIN";
53"S7_USBCON_XTALOUT";
54"V_S7_3V3_USBCON_AVCC";
55"V_S7_3V3_USBCON_VCC";
56"V_S7_3V3_USBCON_VCC";
%"CY7C68013A-56PVXC"
"1","(-7450,5700)","0","ic","I1";
;
CDS_LMAN_SYM_OUTLINE"-125,1400,375,-2450"
CDS_LIB"ic";
"E_PAD"7;
"56"0;
"55"0;
"54"0;
"53"0;
"52"0;
"51"40;
"50"55;
"49"41;
"48"7;
"47"42;
"46"20;
"45"19;
"44"14;
"43"0;
"42"15;
"41"16;
"40"17;
"39"55;
"38"12;
"37"13;
"36"43;
"35"7;
"34"55;
"33"7;
"32"30;
"31"31;
"30"32;
"29"44;
"28"45;
"27"46;
"26"47;
"25"48;
"24"55;
"23"49;
"22"50;
"21"7;
"20"51;
"19"7;
"18"55;
"17"7;
"16"9;
"15"8;
"14"54;
"13"7;
"12"52;
"11"53;
"10"54;
"9"10;
"8"11;
"7"7;
"6"55;
"5"0;
"4"7;
"3"0;
"2"0;
"1"0;
%"C"
"1","(-8000,1850)","0","capcitor","I10";
;
$LOCATION"?"
VALUE"0.1U"
CODE"08070262"
CDS_LIB"capcitor"
CDS_LMAN_SYM_OUTLINE"-50,0,50,-50";
"1"38;
"2"2;
%"C"
"1","(-8150,1850)","0","capcitor","I11";
;
VALUE"0.1U"
$LOCATION"?"
CODE"08070262"
CDS_LIB"capcitor"
CDS_LMAN_SYM_OUTLINE"-50,0,50,-50";
"1"38;
"2"2;
%"C"
"1","(-7850,1850)","0","capcitor","I12";
;
$LOCATION"?"
VALUE"0.1U"
CDS_LIB"capcitor"
CDS_LMAN_SYM_OUTLINE"-50,0,50,-50"
CODE"08070262";
"1"38;
"2"2;
%"C"
"1","(-7700,1850)","0","capcitor","I13";
;
$LOCATION"?"
VALUE"0.1U"
CDS_LIB"capcitor"
CDS_LMAN_SYM_OUTLINE"-50,0,50,-50"
CODE"08070262";
"1"38;
"2"2;
%"C"
"1","(-7550,1850)","0","capcitor","I14";
;
VALUE"0.1U"
$LOCATION"?"
CDS_LIB"capcitor"
CDS_LMAN_SYM_OUTLINE"-50,0,50,-50"
CODE"08070262";
"1"38;
"2"2;
%"C"
"1","(-7400,1850)","0","capcitor","I15";
;
VALUE"0.1U"
$LOCATION"?"
CODE"08070262"
CDS_LMAN_SYM_OUTLINE"-50,0,50,-50"
CDS_LIB"capcitor";
"1"38;
"2"2;
%"GND_SIGNAL"
"1","(-7750,4100)","0","standard","I16";
;
CDS_LIB"standard"
HDL_POWER"GND_SIGNAL"
BODY_TYPE"PLUMBING";
"GND"7;
%"CRYSTAL"
"1","(-5950,1600)","1","oscillator","I17";
;
VALUE"24MHZ"
$LOCATION"?"
CDS_LMAN_SYM_OUTLINE"50,100,225,-100"
CDS_LIB"oscillator"
CODE"12020008";
"A1"39;
"A2"33;
%"C"
"1","(-5550,1450)","1","capcitor","I18";
;
VALUE"22PF"
$LOCATION"?"
CODE"98070510"
CDS_LIB"capcitor"
CDS_LMAN_SYM_OUTLINE"-50,0,50,-50";
"1"39;
"2"6;
%"C"
"1","(-5550,2000)","1","capcitor","I19";
;
$LOCATION"?"
VALUE"22PF"
CODE"98070510"
CDS_LIB"capcitor"
CDS_LMAN_SYM_OUTLINE"-50,0,50,-50";
"1"33;
"2"6;
%"LB"
"1","(-8800,2050)","0","inductor","I2";
;
$LOCATION"?"
VALUE"100MOHM"
CDS_LIB"inductor"
CDS_LMAN_SYM_OUTLINE"-125,50,125,0"
CODE"10070008";
"B"38;
"A"36;
%"R"
"1","(-5750,1750)","1","resistor","I20";
;
$LOCATION"?"
VALUE"0"
CODE"07090522"
CDS_LIB"resistor"
CDS_LMAN_SYM_OUTLINE"-100,25,100,-25";
"A"39;
"B"33;
%"GND_SIGNAL"
"1","(-5050,1700)","1","standard","I21";
;
HDL_POWER"GND_SIGNAL"
BODY_TYPE"PLUMBING"
CDS_LIB"standard";
"GND"6;
%"R"
"1","(-3150,6600)","1","resistor","I22";
;
VALUE"4.7K"
$LOCATION"?"
CODE"07090246"
CDS_LMAN_SYM_OUTLINE"-100,25,100,-25"
CDS_LIB"resistor";
"A"27;
"B"56;
%"R"
"1","(-3000,6600)","1","resistor","I23";
;
VALUE"4.7K"
$LOCATION"?"
CDS_LIB"resistor"
CDS_LMAN_SYM_OUTLINE"-100,25,100,-25"
CODE"07090246";
"A"26;
"B"56;
%"R"
"1","(-3300,6600)","1","resistor","I24";
;
VALUE"4.7K"
$LOCATION"?"
CODE"07090246"
CDS_LIB"resistor"
CDS_LMAN_SYM_OUTLINE"-100,25,100,-25";
"A"28;
"B"56;
%"R"
"1","(-3450,6600)","1","resistor","I25";
;
$LOCATION"?"
VALUE"4.7K"
CDS_LIB"resistor"
CDS_LMAN_SYM_OUTLINE"-100,25,100,-25"
CODE"07090246";
"A"29;
"B"56;
%"C"
"1","(-3300,5650)","0","capcitor","I26";
;
VALUE"0.1U"
$LOCATION"?"
CODE"08070262"
CDS_LIB"capcitor"
CDS_LMAN_SYM_OUTLINE"-50,0,50,-50";
"1"28;
"2"5;
%"C"
"1","(-3450,5650)","0","capcitor","I27";
;
VALUE"0.1U"
$LOCATION"?"
CDS_LIB"capcitor"
CDS_LMAN_SYM_OUTLINE"-50,0,50,-50"
CODE"08070262";
"1"29;
"2"5;
%"GND_SIGNAL"
"1","(-3500,5200)","0","standard","I28";
;
CDS_LIB"standard"
BODY_TYPE"PLUMBING"
HDL_POWER"GND_SIGNAL";
"GND"5;
%"AT24C02"
"1","(-2850,3100)","0","ic","I29";
;
VALUE"AT24C02"
$LOCATION"?"
CDS_LMAN_SYM_OUTLINE"-150,200,150,-150"
CDS_LIB"ic";
"SDA"34;
"SCL"22;
"NC"0;
"VCC"21;
"GND"4;
"A3"25;
"A1"23;
"A2"24;
%"C"
"1","(-8450,1850)","0","capcitor","I3";
;
VALUE"0.1U"
$LOCATION"?"
CODE"08070262"
CDS_LMAN_SYM_OUTLINE"-50,0,50,-50"
CDS_LIB"capcitor";
"1"38;
"2"2;
%"R"
"1","(-3400,3500)","1","resistor","I30";
;
VALUE"4.7K"
$LOCATION"?"
CODE"07090246"
CDS_LMAN_SYM_OUTLINE"-100,25,100,-25"
CDS_LIB"resistor";
"A"23;
"B"18;
%"R"
"1","(-3500,3500)","1","resistor","I31";
;
$LOCATION"?"
VALUE"4.7K"
CDS_LIB"resistor"
CDS_LMAN_SYM_OUTLINE"-100,25,100,-25"
CODE"07090246";
"A"24;
"B"18;
%"R"
"1","(-3600,3500)","1","resistor","I32";
;
$LOCATION"?"
VALUE"4.7K"
CODE"07090246"
CDS_LMAN_SYM_OUTLINE"-100,25,100,-25"
CDS_LIB"resistor";
"A"25;
"B"18;
%"R"
"1","(-3600,2650)","1","resistor","I33";
;
VALUE"1K"
$LOCATION"?"
CODE"07090277"
CDS_LIB"resistor"
CDS_LMAN_SYM_OUTLINE"-100,25,100,-25";
"A"4;
"B"25;
%"R"
"1","(-3500,2650)","1","resistor","I34";
;
VALUE"1K"
$LOCATION"?"
CODE"07090277"
CDS_LMAN_SYM_OUTLINE"-100,25,100,-25"
CDS_LIB"resistor";
"A"4;
"B"24;
%"R"
"1","(-3400,2650)","1","resistor","I35";
;
VALUE"1K"
$LOCATION"?"
CODE"07090277"
CDS_LMAN_SYM_OUTLINE"-100,25,100,-25"
CDS_LIB"resistor";
"A"4;
"B"23;
%"GND_SIGNAL"
"1","(-3650,2200)","0","standard","I36";
;
BODY_TYPE"PLUMBING"
HDL_POWER"GND_SIGNAL"
CDS_LIB"standard";
"GND"4;
%"C"
"1","(-2550,2700)","0","capcitor","I37";
;
$LOCATION"?"
VALUE"0.1U"
CDS_LIB"capcitor"
CDS_LMAN_SYM_OUTLINE"-50,0,50,-50"
CODE"08070262";
"1"21;
"2"3;
%"GND_SIGNAL"
"1","(-2600,2200)","0","standard","I38";
;
BODY_TYPE"PLUMBING"
HDL_POWER"GND_SIGNAL"
CDS_LIB"standard";
"GND"3;
%"C"
"1","(-8300,1850)","0","capcitor","I4";
;
$LOCATION"?"
VALUE"0.1U"
CODE"08070262"
CDS_LMAN_SYM_OUTLINE"-50,0,50,-50"
CDS_LIB"capcitor";
"1"38;
"2"2;
%"GND_SIGNAL"
"1","(-8500,1500)","0","standard","I5";
;
HDL_POWER"GND_SIGNAL"
BODY_TYPE"PLUMBING"
CDS_LIB"standard";
"GND"2;
%"C"
"1","(-8450,950)","0","capcitor","I6";
;
$LOCATION"?"
VALUE"0.1U"
CODE"08070262"
CDS_LMAN_SYM_OUTLINE"-50,0,50,-50"
CDS_LIB"capcitor";
"1"37;
"2"1;
%"C"
"1","(-8300,950)","0","capcitor","I7";
;
$LOCATION"?"
VALUE"0.1U"
CODE"08070262"
CDS_LMAN_SYM_OUTLINE"-50,0,50,-50"
CDS_LIB"capcitor";
"1"37;
"2"1;
%"LB"
"1","(-8800,1150)","0","inductor","I8";
;
VALUE"100MOHM"
$LOCATION"?"
CODE"10070008"
CDS_LMAN_SYM_OUTLINE"-125,50,125,0"
CDS_LIB"inductor";
"B"37;
"A"35;
%"GND_SIGNAL"
"1","(-8500,600)","0","standard","I9";
;
HDL_POWER"GND_SIGNAL"
BODY_TYPE"PLUMBING"
CDS_LIB"standard";
"GND"1;
END.
