FILE_TYPE = CONNECTIVITY;
{Allegro Design Entry HDL 16.6-p007 (v16-6-112F) 10/10/2012}
"PAGE_NUMBER" = 36;
0"NC";
1"A7_7511_CLK_P";
2"A7_7511_CLK_N";
3"A7_7511_DATA2_P";
4"A7_7511_DATA2_N";
5"A7_7511_DATA1_P";
6"A7_7511_DATA1_N";
7"A7_7511_DATA0_P";
8"A7_7511_DSD5";
9"A7_7511_DSD3";
10"A7_7511_DSD2";
11"A7_7511_D30";
12"A7_7511_D29";
13"A7_7511_D28";
14"A7_7511_D27";
15"A7_7511_D26";
16"A7_7511_D25";
17"A7_7511_D24";
18"A7_7511_D23";
19"A7_7511_D13";
20"A7_7511_D12";
21"A7_7511_D11";
22"A7_7511_D10";
23"A7_7511_D9";
24"A7_7511_D8";
25"A7_7511_D7";
26"A7_7511_D6";
27"A7_7511_D5";
28"A7_7511_D4";
29"A7_7511_D3";
30"A7_7511_D2";
31"A7_7511_PD";
32"A7_FPGA_7511_INT";
33"A7_FPGA_7511_ISO3";
34"A7_FPGA_7511_ISO2";
35"A7_FPGA_7511_ISO1";
36"A7_FPGA_7511_ISO0";
37"A7_FPGA_7511_SDA";
38"A7_FPGA_7511_SCL";
39"A7_7511_HSYNC";
40"A7_7511_HP";
41"A7_7511_HEAC_N";
42"A7_7511_HEAC_P";
43"A7_7511_DE";
44"A7_7511_SDA";
45"A7_7511_SCL";
46"A7_7511_MCLK";
47"A7_7511_LRCLK";
48"A7_7511_SCLK";
49"A7_7511_CEC_CLK";
50"A7_7511_CEC";
51"V_A7_1V8_7511_DVDD";
52"V_A7_1V8_7511_PVDD";
53"V_A7_1V8_7511_AVDD";
54"A7_7511_CEC_CLK_R";
55"V_A7_1V8";
56"V_A7_1V8";
57"V_A7_1V8";
58"V_A7_3V3";
59"A7_7511_D31";
60"A7_7511_CLK";
61"V_A7_1V8_7511_PVDD";
62"A7_7511_DSD1";
63"A7_7511_SPDIF";
64"A7_7511_SPDIF_OUT";
65"A7_7511_VSYNC";
66"A7_7511_R_EXT";
67"A7_7511_D14";
68"A7_7511_D15";
69"A7_7511_D16";
70"A7_7511_D19";
71"A7_7511_D20";
72"A7_7511_CEC_CLK_R";
73"A7_7511_CEC_CLK";
74"A7_7511_SCLK";
75"A7_7511_LRCLK";
76"A7_7511_MCLK";
77"A7_FPGA_7511_ISO0";
78"A7_FPGA_7511_ISO1";
79"A7_FPGA_7511_ISO2";
80"A7_FPGA_7511_ISO3";
81"A7_7511_DSD_CLK";
82"A7_7511_DSD0";
83"A7_7511_DSD1";
84"A7_7511_DSD2";
85"A7_7511_DSD3";
86"A7_FPGA_7511_INT";
87"A7_FPGA_7511_SCL";
88"A7_FPGA_7511_SDA";
89"V_A7_3V3_7511_MVDD";
90"V_A7_3V3_7511_MVDD";
91"A7_FPGA_7511_PD";
92"A7_7511_D1";
93"A7_7511_D0";
94"A7_7511_D17";
95"A7_7511_D18";
96"A7_7511_DATA0_N";
97"A7_7511_DSD4";
98"A7_7511_DSD0";
99"A7_7511_DSD_CLK";
100"A7_7511_D35";
101"A7_7511_D34";
102"A7_7511_D33";
103"A7_7511_D32";
104"A7_7511_DSD4";
105"A7_7511_DSD5";
106"V_A7_3V3_7511_MVDD";
107"V_A7_1V8_7511_PVDD";
108"V_A7_3V3_7511_MVDD";
109"V_A7_1V8_7511_AVDD";
110"V_A7_1V8_7511_DVDD";
111"A7_FPGA_7511_CEC_CLK";
112"A7_7511_PD";
113"A7_7511_D22";
114"A7_7511_D21";
115"V_A7_3V3_7511_MVDD";
116"GND_SIGNAL\g";
117"GND_SIGNAL\g";
118"GND_SIGNAL\g";
119"GND_SIGNAL\g";
120"GND_SIGNAL\g";
121"GND_SIGNAL\g";
122"GND_SIGNAL\g";
123"GND_SIGNAL\g";
124"GND_SIGNAL\g";
%"GND_SIGNAL"
"1","(-3450,1100)","0","standard","I1";
;
HDL_POWER"GND_SIGNAL"
BODY_TYPE"PLUMBING"
CDS_LIB"standard";
"GND"116;
%"C"
"1","(-2750,2200)","0","capcitor","I10";
;
VALUE"0.01U"
CODE"08070247"
CDS_LIB"capcitor"
$LOCATION"?"
CDS_LMAN_SYM_OUTLINE"-50,0,50,-50";
"1"107;
"2"121;
%"C"
"1","(-2600,2200)","0","capcitor","I11";
;
VALUE"0.01U"
CODE"08070247"
CDS_LIB"capcitor"
$LOCATION"?"
CDS_LMAN_SYM_OUTLINE"-50,0,50,-50";
"1"107;
"2"121;
%"LB"
"1","(-3700,2400)","0","inductor","I12";
;
VALUE"100MOHM"
CODE"10070008"
CDS_LIB"inductor"
$LOCATION"?"
CDS_LMAN_SYM_OUTLINE"-125,50,125,0";
"B"107;
"A"55;
%"GND_SIGNAL"
"1","(-1450,1100)","0","standard","I13";
;
HDL_POWER"GND_SIGNAL"
BODY_TYPE"PLUMBING"
CDS_LIB"standard";
"GND"117;
%"LB"
"1","(-1700,1650)","0","inductor","I14";
;
VALUE"100MOHM"
CODE"10070008"
CDS_LIB"inductor"
$LOCATION"?"
CDS_LMAN_SYM_OUTLINE"-125,50,125,0";
"B"110;
"A"57;
%"C"
"1","(-1400,1450)","0","capcitor","I15";
;
VALUE"0.1U"
CODE"08070262"
CDS_LIB"capcitor"
$LOCATION"?"
CDS_LMAN_SYM_OUTLINE"-50,0,50,-50";
"1"110;
"2"117;
%"C"
"1","(-1250,1450)","0","capcitor","I16";
;
VALUE"0.1U"
CODE"08070262"
CDS_LIB"capcitor"
$LOCATION"?"
CDS_LMAN_SYM_OUTLINE"-50,0,50,-50";
"1"110;
"2"117;
%"C"
"1","(-1100,1450)","0","capcitor","I17";
;
VALUE"0.1U"
CODE"08070262"
CDS_LIB"capcitor"
$LOCATION"?"
CDS_LMAN_SYM_OUTLINE"-50,0,50,-50";
"1"110;
"2"117;
%"GND_SIGNAL"
"1","(-1500,1850)","0","standard","I18";
;
BODY_TYPE"PLUMBING"
HDL_POWER"GND_SIGNAL"
CDS_LIB"standard";
"GND"118;
%"C"
"1","(-1450,2200)","0","capcitor","I19";
;
VALUE"0.1U"
CODE"08070262"
CDS_LIB"capcitor"
$LOCATION"?"
CDS_LMAN_SYM_OUTLINE"-50,0,50,-50";
"1"109;
"2"118;
%"LB"
"1","(-3700,1650)","0","inductor","I2";
;
VALUE"100MOHM"
CODE"10070008"
CDS_LIB"inductor"
$LOCATION"?"
CDS_LMAN_SYM_OUTLINE"-125,50,125,0";
"B"108;
"A"58;
%"C"
"1","(-1300,2200)","0","capcitor","I20";
;
VALUE"0.1U"
CODE"08070262"
CDS_LIB"capcitor"
$LOCATION"?"
CDS_LMAN_SYM_OUTLINE"-50,0,50,-50";
"1"109;
"2"118;
%"C"
"1","(-1150,2200)","0","capcitor","I21";
;
VALUE"0.1U"
CODE"08070262"
CDS_LIB"capcitor"
$LOCATION"?"
CDS_LMAN_SYM_OUTLINE"-50,0,50,-50";
"1"109;
"2"118;
%"C"
"1","(-950,1450)","0","capcitor","I22";
;
VALUE"0.1U"
CODE"08070262"
CDS_LIB"capcitor"
$LOCATION"?"
CDS_LMAN_SYM_OUTLINE"-50,0,50,-50";
"1"110;
"2"117;
%"C"
"1","(-750,1450)","0","capcitor","I23";
;
VALUE"0.01U"
CODE"08070247"
CDS_LIB"capcitor"
$LOCATION"?"
CDS_LMAN_SYM_OUTLINE"-50,0,50,-50";
"1"110;
"2"117;
%"C"
"1","(-600,1450)","0","capcitor","I24";
;
VALUE"0.01U"
CODE"08070247"
CDS_LIB"capcitor"
$LOCATION"?"
CDS_LMAN_SYM_OUTLINE"-50,0,50,-50";
"1"110;
"2"117;
%"C"
"1","(-950,2200)","0","capcitor","I25";
;
VALUE"0.01U"
CODE"08070247"
CDS_LIB"capcitor"
$LOCATION"?"
CDS_LMAN_SYM_OUTLINE"-50,0,50,-50";
"1"109;
"2"118;
%"C"
"1","(-800,2200)","0","capcitor","I26";
;
VALUE"0.01U"
CODE"08070247"
CDS_LIB"capcitor"
$LOCATION"?"
CDS_LMAN_SYM_OUTLINE"-50,0,50,-50";
"1"109;
"2"118;
%"C"
"1","(-650,2200)","0","capcitor","I27";
;
VALUE"0.01U"
CODE"08070247"
CDS_LIB"capcitor"
$LOCATION"?"
CDS_LMAN_SYM_OUTLINE"-50,0,50,-50";
"1"109;
"2"118;
%"LB"
"1","(-1750,2400)","0","inductor","I28";
;
VALUE"100MOHM"
CODE"10070008"
CDS_LIB"inductor"
$LOCATION"?"
CDS_LMAN_SYM_OUTLINE"-125,50,125,0";
"B"109;
"A"56;
%"GND_SIGNAL"
"1","(-1950,2900)","0","standard","I29";
;
HDL_POWER"GND_SIGNAL"
BODY_TYPE"PLUMBING"
CDS_LIB"standard";
"GND"119;
%"C"
"1","(-3400,1450)","0","capcitor","I3";
;
VALUE"0.1U"
CODE"08070262"
CDS_LIB"capcitor"
$LOCATION"?"
CDS_LMAN_SYM_OUTLINE"-50,0,50,-50";
"1"108;
"2"116;
%"R"
"1","(-1900,3250)","1","resistor","I30";
;
VALUE"1K"
CODE"07090277"
CDS_LIB"resistor"
$LOCATION"?"
CDS_LMAN_SYM_OUTLINE"-100,25,100,-25";
"A"119;
"B"112;
%"R"
"1","(-1550,3600)","0","resistor","I31";
;
VALUE"0"
CODE"07090522"
CDS_LIB"resistor"
$LOCATION"?"
CDS_LMAN_SYM_OUTLINE"-100,25,100,-25";
"A"112;
"B"91;
%"R"
"1","(-1900,3950)","1","resistor","I32";
;
VALUE"4.7K"
CODE"07090246"
CDS_LIB"resistor"
$LOCATION"?"
CDS_LMAN_SYM_OUTLINE"-100,25,100,-25";
"A"112;
"B"90;
%"R"
"1","(-2550,4650)","0","resistor","I33";
;
VALUE"0"
CODE"07090522"
CDS_LIB"resistor"
$LOCATION"?"
CDS_LMAN_SYM_OUTLINE"-100,25,100,-25";
"A"104;
"B"120;
%"R"
"1","(-2550,4550)","0","resistor","I34";
;
VALUE"0"
CODE"07090522"
CDS_LIB"resistor"
$LOCATION"?"
CDS_LMAN_SYM_OUTLINE"-100,25,100,-25";
"A"105;
"B"120;
%"R"
"1","(-2550,4850)","0","resistor","I35";
;
VALUE"0"
CODE"07090522"
CDS_LIB"resistor"
$LOCATION"?"
CDS_LMAN_SYM_OUTLINE"-100,25,100,-25";
"A"84;
"B"120;
%"R"
"1","(-2550,4750)","0","resistor","I36";
;
VALUE"0"
CODE"07090522"
CDS_LIB"resistor"
$LOCATION"?"
CDS_LMAN_SYM_OUTLINE"-100,25,100,-25";
"A"85;
"B"120;
%"R"
"1","(-2550,5150)","0","resistor","I37";
;
VALUE"0"
CODE"07090522"
CDS_LIB"resistor"
$LOCATION"?"
CDS_LMAN_SYM_OUTLINE"-100,25,100,-25";
"A"81;
"B"120;
%"R"
"1","(-2550,5050)","0","resistor","I38";
;
VALUE"0"
CODE"07090522"
CDS_LIB"resistor"
$LOCATION"?"
CDS_LMAN_SYM_OUTLINE"-100,25,100,-25";
"A"82;
"B"120;
%"R"
"1","(-2550,4950)","0","resistor","I39";
;
VALUE"0"
CODE"07090522"
CDS_LIB"resistor"
$LOCATION"?"
CDS_LMAN_SYM_OUTLINE"-100,25,100,-25";
"A"83;
"B"120;
%"C"
"1","(-3200,1450)","0","capcitor","I4";
;
VALUE"0.01U"
CODE"08070247"
CDS_LIB"capcitor"
$LOCATION"?"
CDS_LMAN_SYM_OUTLINE"-50,0,50,-50";
"1"108;
"2"116;
%"R"
"1","(-2550,5250)","0","resistor","I40";
;
VALUE"0"
CODE"07090522"
CDS_LIB"resistor"
$LOCATION"?"
CDS_LMAN_SYM_OUTLINE"-100,25,100,-25";
"A"80;
"B"120;
%"R"
"1","(-2550,5350)","0","resistor","I41";
;
VALUE"0"
CODE"07090522"
CDS_LIB"resistor"
$LOCATION"?"
CDS_LMAN_SYM_OUTLINE"-100,25,100,-25";
"A"79;
"B"120;
%"R"
"1","(-2550,5550)","0","resistor","I42";
;
VALUE"0"
CODE"07090522"
CDS_LIB"resistor"
$LOCATION"?"
CDS_LMAN_SYM_OUTLINE"-100,25,100,-25";
"A"77;
"B"120;
%"R"
"1","(-2550,5450)","0","resistor","I43";
;
VALUE"0"
CODE"07090522"
CDS_LIB"resistor"
$LOCATION"?"
CDS_LMAN_SYM_OUTLINE"-100,25,100,-25";
"A"78;
"B"120;
%"R"
"1","(-2550,5650)","0","resistor","I44";
;
VALUE"0"
CODE"07090522"
CDS_LIB"resistor"
$LOCATION"?"
CDS_LMAN_SYM_OUTLINE"-100,25,100,-25";
"A"76;
"B"120;
%"R"
"1","(-2550,5850)","0","resistor","I45";
;
VALUE"0"
CODE"07090522"
CDS_LIB"resistor"
$LOCATION"?"
CDS_LMAN_SYM_OUTLINE"-100,25,100,-25";
"A"74;
"B"120;
%"R"
"1","(-2550,5750)","0","resistor","I46";
;
VALUE"0"
CODE"07090522"
CDS_LIB"resistor"
$LOCATION"?"
CDS_LMAN_SYM_OUTLINE"-100,25,100,-25";
"A"75;
"B"120;
%"GND_SIGNAL"
"1","(-1850,4500)","1","standard","I47";
;
BODY_TYPE"PLUMBING"
HDL_POWER"GND_SIGNAL"
CDS_LIB"standard";
"GND"120;
%"R"
"1","(-700,5250)","1","resistor","I48";
;
VALUE"4.7K"
CODE"07090246"
CDS_LIB"resistor"
$LOCATION"?"
CDS_LMAN_SYM_OUTLINE"-100,25,100,-25";
"A"86;
"B"89;
%"R"
"1","(-550,5250)","1","resistor","I49";
;
VALUE"4.7K"
CODE"07090246"
CDS_LIB"resistor"
$LOCATION"?"
CDS_LMAN_SYM_OUTLINE"-100,25,100,-25";
"A"87;
"B"89;
%"GND_SIGNAL"
"1","(-3450,1850)","0","standard","I5";
;
HDL_POWER"GND_SIGNAL"
BODY_TYPE"PLUMBING"
CDS_LIB"standard";
"GND"121;
%"R"
"1","(-400,5250)","1","resistor","I50";
;
VALUE"4.7K"
CODE"07090246"
CDS_LIB"resistor"
$LOCATION"?"
CDS_LMAN_SYM_OUTLINE"-100,25,100,-25";
"A"88;
"B"89;
%"R"
"1","(-1600,6300)","0","resistor","I51";
;
VALUE"49.9"
CODE"10071419"
CDS_LIB"resistor"
$LOCATION"?"
CDS_LMAN_SYM_OUTLINE"-100,25,100,-25";
"A"111;
"B"73;
%"R"
"1","(-1600,6450)","0","resistor","I52";
;
VALUE"49.9"
CODE"10071419"
CDS_LIB"resistor"
$LOCATION"?"
CDS_LMAN_SYM_OUTLINE"-100,25,100,-25";
"A"72;
"B"73;
%"GND_SIGNAL"
"1","(-2000,6750)","0","standard","I53";
;
BODY_TYPE"PLUMBING"
HDL_POWER"GND_SIGNAL"
CDS_LIB"standard";
"GND"122;
%"C"
"1","(-1950,7100)","0","capcitor","I54";
;
VALUE"0.1U"
CODE"08070262"
CDS_LIB"capcitor"
$LOCATION"?"
CDS_LMAN_SYM_OUTLINE"-50,0,50,-50";
"1"106;
"2"122;
%"OSC-12MHZ"
"1","(-1600,7200)","0","oscillator","I55";
;
CDS_LIB"oscillator"
CDS_LMAN_SYM_OUTLINE"-125,125,125,-125";
"VDD"106;
"OUT"54;
"GND"122;
"NNC"0;
%"C"
"1","(-300,1450)","0","capcitor","I56";
;
VALUE"0.01U"
CODE"08070247"
CDS_LIB"capcitor"
$LOCATION"?"
CDS_LMAN_SYM_OUTLINE"-50,0,50,-50";
"1"110;
"2"117;
%"C"
"1","(-450,1450)","0","capcitor","I57";
;
VALUE"0.01U"
CODE"08070247"
CDS_LIB"capcitor"
$LOCATION"?"
CDS_LMAN_SYM_OUTLINE"-50,0,50,-50";
"1"110;
"2"117;
%"GND_SIGNAL"
"1","(-9250,600)","0","standard","I58";
;
CDS_LIB"standard"
BODY_TYPE"PLUMBING"
HDL_POWER"GND_SIGNAL";
"GND"123;
%"R"
"1","(-9200,1000)","1","resistor","I59";
;
VALUE"887-1%"
CODE""
CDS_LIB"resistor"
$LOCATION"?"
CDS_LMAN_SYM_OUTLINE"-100,25,100,-25";
"A"123;
"B"66;
%"C"
"1","(-3400,2200)","0","capcitor","I6";
;
VALUE"0.1U"
CODE"08070262"
CDS_LIB"capcitor"
$LOCATION"?"
CDS_LMAN_SYM_OUTLINE"-50,0,50,-50";
"1"107;
"2"121;
%"GND_SIGNAL"
"1","(-5800,500)","0","standard","I60";
;
CDS_LIB"standard"
HDL_POWER"GND_SIGNAL"
BODY_TYPE"PLUMBING";
"GND"124;
%"ADV7511KSTZ"
"1","(-7450,4000)","0","ic","I61";
;
PACK_TYPE""
VALUE""
CDS_LIB"ic"
$LOCATION"?"
CDS_LMAN_SYM_OUTLINE"-1200,3500,1200,-3500";
"AVDD_3"53;
"GND_11"124;
"GND_8"124;
"GND_10"124;
"GND_7"124;
"GND_9"124;
"GND_6"124;
"GND_5"124;
"GND_4"124;
"GND_3"124;
"GND_2"124;
"GND"124;
"TXC+"1;
"TXC-"2;
"TX2+"3;
"TX2-"4;
"TX1+"5;
"TX1-"6;
"TX0+"7;
"TX0-"96;
"DSD5"8;
"DSD4"97;
"DSD3"9;
"DSD2"10;
"DSD1"62;
"DSD0"98;
"DSD_CLK"99;
"D35"100;
"D34"101;
"D33"102;
"D32"103;
"D31"59;
"D30"11;
"D29"12;
"D28"13;
"D27"14;
"D26"15;
"D25"16;
"D24"17;
"D23"18;
"D22"113;
"D21"114;
"D20"71;
"D19"70;
"D18"95;
"D17"94;
"D16"69;
"D15"68;
"D14"67;
"D13"19;
"D12"20;
"D11"21;
"D10"22;
"D9"23;
"D8"24;
"D7"25;
"D6"26;
"D5"27;
"D4"28;
"D3"29;
"D2"30;
"D1"92;
"D0"93;
"R_EXT"66;
"SYNC"65;
"SPDIF_OUT"64;
"SPDIF"63;
"PD"31;
"INT"32;
"ISO3"33;
"ISO2"34;
"ISO1"35;
"ISO0"36;
"SDA"37;
"SCL"38;
"HSYNC"39;
"HPD"40;
"HEAC-"41;
"HEAC+"42;
"DE"43;
"DDCSDA"44;
"DDCSCL"45;
"MCLK"46;
"LRCLK"47;
"SCLK"48;
"CEC_CLK"49;
"CEC"50;
"CLK"60;
"PVDD_2"61;
"PVDD"61;
"PLVDD"61;
"MVDD"115;
"DVDD_5"51;
"DVDD_4"51;
"DVDD_3"51;
"DVDD_2"51;
"DVDD"51;
"BGVDD"52;
"AVDD_2"53;
"AVDD"53;
%"C"
"1","(-3250,2200)","0","capcitor","I7";
;
VALUE"0.1U"
CODE"08070262"
CDS_LIB"capcitor"
$LOCATION"?"
CDS_LMAN_SYM_OUTLINE"-50,0,50,-50";
"1"107;
"2"121;
%"C"
"1","(-3100,2200)","0","capcitor","I8";
;
VALUE"0.1U"
CODE"08070262"
CDS_LIB"capcitor"
$LOCATION"?"
CDS_LMAN_SYM_OUTLINE"-50,0,50,-50";
"1"107;
"2"121;
%"C"
"1","(-2900,2200)","0","capcitor","I9";
;
VALUE"0.01U"
CODE"08070247"
CDS_LIB"capcitor"
$LOCATION"?"
CDS_LMAN_SYM_OUTLINE"-50,0,50,-50";
"1"107;
"2"121;
END.
