FILE_TYPE = CONNECTIVITY;
{Allegro Design Entry HDL 16.6-p007 (v16-6-112F) 10/10/2012}
"PAGE_NUMBER" = 20;
0"NC";
1"GND_SIGNAL\g";
2"GND_SIGNAL\g";
3"GND_SIGNAL\g";
4"GND_SIGNAL\g";
5"GND_SIGNAL\g";
6"GND_SIGNAL\g";
7"GND_SIGNAL\g";
8"GND_SIGNAL\g";
9"GND_SIGNAL\g";
10"GND_SIGNAL\g";
11"GND_SIGNAL\g";
12"V_S7_3V3_VCCO";
13"V_S7_3V3_VCCO";
14"V_S7_3V3_VCCO";
15"V_S7_1V8_VCCAUX";
16"V_S7_1V0_VCCINT";
17"V_S7_3V3_VCCO";
18"V_S7_1V0_VCCBRAM";
19"V_S7_1V0_VCCINT";
20"V_S7_1V8";
21"V_S7_3V3_VCCO";
22"V_S7_3V3";
23"V_S7_1V35_VCCO";
24"V_S7_1V35";
25"V_S7_2V5_VCCO";
26"V_S7_2V5";
27"V_S7_2V5_VCCO";
28"V_S7_3V3";
29"V_S7_3V3_VCCO";
30"V_S7_3V3_VCCO";
31"V_S7_3V3_VCCO";
32"V_S7_1V35_VCCO";
33"V_S7_2V5_VCCO";
34"V_S7_1V0_VCCINT";
35"V_S7_1V0_VCCBRAM";
36"V_S7_1V8_VCCAUX";
37"V_S7_3V3_VCCO";
38"V_S7_3V3_VCCO";
39"V_S7_1V35_VCCO";
40"V_S7_2V5_VCCO";
%"XC7S50FGGA484"
"11","(-8650,5650)","0","ic","I1";
;
VALUE"XC7S50FGGA484"
CDS_LIB"ic"
CDS_LMAN_SYM_OUTLINE"-125,1050,325,-100";
"P9"18;
"M9"18;
"K9"18;
"H9"18;
"F3"0;
"E7"0;
"B5"0;
"P4"33;
"L2"33;
"J5"33;
"AA4"32;
"V2"32;
"U6"32;
"E14"31;
"B17"31;
"B12"31;
"K20"17;
"G18"17;
"E21"17;
"W19"12;
"R21"12;
"P18"13;
"Y15"0;
"U13"0;
"V9"14;
"E10"14;
"R14"15;
"N14"15;
"L14"15;
"J14"15;
"R12"16;
"R10"16;
"P13"16;
"P11"16;
"N10"16;
"M13"16;
"L10"16;
"K13"16;
"J12"16;
"J10"16;
"H13"16;
"H11"16;
%"C"
"1","(-8700,4650)","0","capcitor","I10";
;
VALUE"4.7UF"
$LOCATION"?"
CODE"10081926"
CDS_LIB"capcitor"
CDS_LMAN_SYM_OUTLINE"-50,0,50,-50";
"1"34;
"2"11;
%"C"
"1","(-8250,4650)","0","capcitor","I11";
;
VALUE"470NF"
$LOCATION"?"
CODE"08070401"
CDS_LIB"capcitor"
CDS_LMAN_SYM_OUTLINE"-50,0,50,-50";
"1"34;
"2"11;
%"C"
"1","(-8100,4650)","0","capcitor","I12";
;
VALUE"470NF"
$LOCATION"?"
CODE"08070401"
CDS_LIB"capcitor"
CDS_LMAN_SYM_OUTLINE"-50,0,50,-50";
"1"34;
"2"11;
%"C"
"1","(-7950,4650)","0","capcitor","I13";
;
VALUE"470NF"
$LOCATION"?"
CODE"08070401"
CDS_LIB"capcitor"
CDS_LMAN_SYM_OUTLINE"-50,0,50,-50";
"1"34;
"2"11;
%"C"
"1","(-7800,4650)","0","capcitor","I14";
;
VALUE"470NF"
$LOCATION"?"
CODE"08070401"
CDS_LIB"capcitor"
CDS_LMAN_SYM_OUTLINE"-50,0,50,-50";
"1"34;
"2"11;
%"GND_SIGNAL"
"1","(-9350,4300)","0","standard","I15";
;
BODY_TYPE"PLUMBING"
HDL_POWER"GND_SIGNAL"
CDS_LIB"standard";
"GND"11;
%"CP"
"1","(-8050,3600)","0","capcitor","I16";
;
VALUE"47U-6.3V"
$LOCATION"?"
CODE"98010241"
CDS_LIB"capcitor"
CDS_LMAN_SYM_OUTLINE"-50,0,50,-50";
"2"10;
"1"35;
%"CP"
"1","(-8350,3600)","0","capcitor","I17";
;
VALUE"100U-6.3V"
$LOCATION"?"
CODE"98010240"
CDS_LIB"capcitor"
CDS_LMAN_SYM_OUTLINE"-50,0,50,-50";
"2"10;
"1"35;
%"C"
"1","(-7750,3600)","0","capcitor","I18";
;
VALUE"4.7UF"
$LOCATION"?"
CODE"10081926"
CDS_LIB"capcitor"
CDS_LMAN_SYM_OUTLINE"-50,0,50,-50";
"1"35;
"2"10;
%"C"
"1","(-7450,3600)","0","capcitor","I19";
;
VALUE"470NF"
$LOCATION"?"
CODE"08070401"
CDS_LIB"capcitor"
CDS_LMAN_SYM_OUTLINE"-50,0,50,-50";
"1"35;
"2"10;
%"XC7S50FGGA484"
"10","(-1350,6000)","0","ic","I2";
;
VALUE"XC7S50FGGA484"
CDS_LIB"ic"
CDS_LMAN_SYM_OUTLINE"-125,825,275,-125";
"AB22"6;
"AB15"4;
"AB8"4;
"AB1"4;
"AA19"4;
"AA12"4;
"AA5"4;
"Y16"4;
"Y9"4;
"Y2"4;
"W20"4;
"W13"4;
"W6"4;
"V17"4;
"V10"4;
"V3"4;
"U21"4;
"U14"4;
"U7"6;
"T18"6;
"T4"6;
"R22"6;
"R15"6;
"R13"6;
"R11"6;
"R9"6;
"R8"6;
"R1"6;
"P19"6;
"P14"6;
"P12"6;
"P10"6;
"P5"6;
%"GND_SIGNAL"
"1","(-8400,3200)","0","standard","I20";
;
BODY_TYPE"PLUMBING"
HDL_POWER"GND_SIGNAL"
CDS_LIB"standard";
"GND"10;
%"LB"
"1","(-8850,3800)","0","inductor","I21";
;
VALUE"100MOHM"
$LOCATION"?"
CODE"10070008"
CDS_LIB"inductor"
CDS_LMAN_SYM_OUTLINE"-125,50,125,0";
"B"35;
"A"19;
%"CP"
"1","(-8350,2450)","0","capcitor","I22";
;
VALUE"47U-6.3V"
$LOCATION"?"
CODE"98010241"
CDS_LIB"capcitor"
CDS_LMAN_SYM_OUTLINE"-50,0,50,-50";
"2"9;
"1"36;
%"C"
"1","(-8050,2450)","0","capcitor","I23";
;
VALUE"4.7UF"
$LOCATION"?"
CODE"10081926"
CDS_LIB"capcitor"
CDS_LMAN_SYM_OUTLINE"-50,0,50,-50";
"1"36;
"2"9;
%"C"
"1","(-7600,2450)","0","capcitor","I24";
;
VALUE"470NF"
$LOCATION"?"
CODE"08070401"
CDS_LIB"capcitor"
CDS_LMAN_SYM_OUTLINE"-50,0,50,-50";
"1"36;
"2"9;
%"C"
"1","(-7900,2450)","0","capcitor","I25";
;
VALUE"4.7UF"
$LOCATION"?"
CODE"10081926"
CDS_LIB"capcitor"
CDS_LMAN_SYM_OUTLINE"-50,0,50,-50";
"1"36;
"2"9;
%"C"
"1","(-7450,2450)","0","capcitor","I26";
;
VALUE"470NF"
$LOCATION"?"
CODE"08070401"
CDS_LIB"capcitor"
CDS_LMAN_SYM_OUTLINE"-50,0,50,-50";
"1"36;
"2"9;
%"C"
"1","(-7300,2450)","0","capcitor","I27";
;
VALUE"470NF"
$LOCATION"?"
CODE"08070401"
CDS_LIB"capcitor"
CDS_LMAN_SYM_OUTLINE"-50,0,50,-50";
"1"36;
"2"9;
%"C"
"1","(-7150,2450)","0","capcitor","I28";
;
VALUE"470NF"
$LOCATION"?"
CODE"08070401"
CDS_LIB"capcitor"
CDS_LMAN_SYM_OUTLINE"-50,0,50,-50";
"1"36;
"2"9;
%"GND_SIGNAL"
"1","(-8400,2050)","0","standard","I29";
;
HDL_POWER"GND_SIGNAL"
BODY_TYPE"PLUMBING"
CDS_LIB"standard";
"GND"9;
%"XC7S50FGGA484"
"9","(-1350,4250)","0","ic","I3";
;
VALUE"XC7S50FGGA484"
CDS_LIB"ic"
CDS_LMAN_SYM_OUTLINE"-125,1250,250,-100";
"N16"4;
"N13"4;
"N9"4;
"N2"4;
"M20"4;
"M14"4;
"M10"4;
"M6"4;
"L17"4;
"L13"4;
"L9"4;
"L3"4;
"K21"4;
"K14"4;
"K10"4;
"K7"4;
"J18"4;
"J13"4;
"J11"4;
"J9"4;
"J4"4;
"H22"4;
"H15"4;
"H14"4;
"H12"4;
"H10"6;
"H8"6;
"H1"6;
"G19"6;
"G12"6;
"G5"6;
"F16"6;
"F9"6;
"F2"6;
"E20"6;
"E13"6;
"E6"6;
"D17"6;
"D10"6;
"D3"6;
"C21"6;
"C14"6;
"C7"6;
"B18"6;
"B11"6;
"B4"6;
"A22"6;
"A15"6;
"A8"6;
"A1"6;
%"LB"
"1","(-8850,2650)","0","inductor","I30";
;
VALUE"100MOHM"
$LOCATION"?"
CODE"10070008"
CDS_LIB"inductor"
CDS_LMAN_SYM_OUTLINE"-125,50,125,0";
"B"36;
"A"20;
%"LB"
"1","(-8800,1550)","0","inductor","I31";
;
VALUE"100MOHM"
$LOCATION"?"
CODE"10070008"
CDS_LIB"inductor"
CDS_LMAN_SYM_OUTLINE"-125,50,125,0";
"B"21;
"A"22;
%"CP"
"1","(-4750,6650)","1","capcitor","I32";
;
VALUE"47U-6.3V"
$LOCATION"?"
CODE"98010241"
CDS_LIB"capcitor"
CDS_LMAN_SYM_OUTLINE"-50,0,50,-50";
"2"8;
"1"29;
%"GND_SIGNAL"
"1","(-4400,6600)","1","standard","I33";
;
CDS_LIB"standard"
BODY_TYPE"PLUMBING"
HDL_POWER"GND_SIGNAL";
"GND"8;
%"CP"
"1","(-4750,6400)","1","capcitor","I34";
;
VALUE"47U-6.3V"
$LOCATION"?"
CODE"98010241"
CDS_LIB"capcitor"
CDS_LMAN_SYM_OUTLINE"-50,0,50,-50";
"2"7;
"1"30;
%"GND_SIGNAL"
"1","(-4400,6350)","1","standard","I35";
;
BODY_TYPE"PLUMBING"
HDL_POWER"GND_SIGNAL"
CDS_LIB"standard";
"GND"7;
%"C"
"1","(-4750,6300)","1","capcitor","I36";
;
VALUE"4.7UF"
$LOCATION"?"
CODE"10081926"
CDS_LIB"capcitor"
CDS_LMAN_SYM_OUTLINE"-50,0,50,-50";
"1"30;
"2"7;
%"C"
"1","(-4750,6200)","1","capcitor","I37";
;
VALUE"4.7UF"
$LOCATION"?"
CODE"10081926"
CDS_LIB"capcitor"
CDS_LMAN_SYM_OUTLINE"-50,0,50,-50";
"1"30;
"2"7;
%"C"
"1","(-4750,6100)","1","capcitor","I38";
;
VALUE"4.7UF"
$LOCATION"?"
CODE"10081926"
CDS_LIB"capcitor"
CDS_LMAN_SYM_OUTLINE"-50,0,50,-50";
"1"30;
"2"7;
%"C"
"1","(-4750,6000)","1","capcitor","I39";
;
VALUE"4.7UF"
$LOCATION"?"
CODE"10081926"
CDS_LIB"capcitor"
CDS_LMAN_SYM_OUTLINE"-50,0,50,-50";
"1"30;
"2"7;
%"GND_SIGNAL"
"1","(-1650,3850)","0","standard","I4";
;
CDS_LIB"standard"
HDL_POWER"GND_SIGNAL"
BODY_TYPE"PLUMBING";
"GND"6;
%"C"
"1","(-4750,5900)","1","capcitor","I40";
;
VALUE"4.7UF"
$LOCATION"?"
CODE"10081926"
CDS_LIB"capcitor"
CDS_LMAN_SYM_OUTLINE"-50,0,50,-50";
"1"30;
"2"7;
%"C"
"1","(-4750,5800)","1","capcitor","I41";
;
VALUE"4.7UF"
$LOCATION"?"
CODE"10081926"
CDS_LIB"capcitor"
CDS_LMAN_SYM_OUTLINE"-50,0,50,-50";
"1"30;
"2"7;
%"C"
"1","(-4750,5450)","1","capcitor","I42";
;
VALUE"4.7UF"
$LOCATION"?"
CODE"10081926"
CDS_LIB"capcitor"
CDS_LMAN_SYM_OUTLINE"-50,0,50,-50";
"1"37;
"2"5;
%"CP"
"1","(-4750,5550)","1","capcitor","I43";
;
VALUE"47U-6.3V"
$LOCATION"?"
CODE"98010241"
CDS_LIB"capcitor"
CDS_LMAN_SYM_OUTLINE"-50,0,50,-50";
"2"5;
"1"37;
%"GND_SIGNAL"
"1","(-4400,5500)","1","standard","I44";
;
CDS_LIB"standard"
HDL_POWER"GND_SIGNAL"
BODY_TYPE"PLUMBING";
"GND"5;
%"C"
"1","(-4750,5350)","1","capcitor","I45";
;
VALUE"4.7UF"
$LOCATION"?"
CODE"10081926"
CDS_LIB"capcitor"
CDS_LMAN_SYM_OUTLINE"-50,0,50,-50";
"1"37;
"2"5;
%"C"
"1","(-4750,5250)","1","capcitor","I46";
;
VALUE"4.7UF"
$LOCATION"?"
CODE"10081926"
CDS_LIB"capcitor"
CDS_LMAN_SYM_OUTLINE"-50,0,50,-50";
"1"37;
"2"5;
%"C"
"1","(-4750,5150)","1","capcitor","I47";
;
$LOCATION"?"
VALUE"4.7UF"
CODE"10081926"
CDS_LIB"capcitor"
CDS_LMAN_SYM_OUTLINE"-50,0,50,-50";
"1"37;
"2"5;
%"C"
"1","(-4750,5050)","1","capcitor","I48";
;
VALUE"4.7UF"
$LOCATION"?"
CODE"10081926"
CDS_LIB"capcitor"
CDS_LMAN_SYM_OUTLINE"-50,0,50,-50";
"1"37;
"2"5;
%"C"
"1","(-4750,4950)","1","capcitor","I49";
;
VALUE"470NF"
$LOCATION"?"
CODE"08070401"
CDS_LIB"capcitor"
CDS_LMAN_SYM_OUTLINE"-50,0,50,-50";
"1"37;
"2"5;
%"GND_SIGNAL"
"1","(-1000,3850)","0","standard","I5";
;
CDS_LIB"standard"
HDL_POWER"GND_SIGNAL"
BODY_TYPE"PLUMBING";
"GND"4;
%"C"
"1","(-4750,4500)","1","capcitor","I50";
;
VALUE"4.7UF"
$LOCATION"?"
CODE"10081926"
CDS_LIB"capcitor"
CDS_LMAN_SYM_OUTLINE"-50,0,50,-50";
"1"38;
"2"3;
%"GND_SIGNAL"
"1","(-4400,4650)","1","standard","I51";
;
HDL_POWER"GND_SIGNAL"
BODY_TYPE"PLUMBING"
CDS_LIB"standard";
"GND"3;
%"CP"
"1","(-4750,4700)","1","capcitor","I52";
;
VALUE"47U-6.3V"
$LOCATION"?"
CODE"98010241"
CDS_LIB"capcitor"
CDS_LMAN_SYM_OUTLINE"-50,0,50,-50";
"2"3;
"1"38;
%"C"
"1","(-4750,4600)","1","capcitor","I53";
;
VALUE"4.7UF"
$LOCATION"?"
CODE"10081926"
CDS_LIB"capcitor"
CDS_LMAN_SYM_OUTLINE"-50,0,50,-50";
"1"38;
"2"3;
%"C"
"1","(-4750,4400)","1","capcitor","I54";
;
VALUE"470NF"
$LOCATION"?"
CODE"08070401"
CDS_LIB"capcitor"
CDS_LMAN_SYM_OUTLINE"-50,0,50,-50";
"1"38;
"2"3;
%"C"
"1","(-4750,4300)","1","capcitor","I55";
;
VALUE"470NF"
$LOCATION"?"
CODE"08070401"
CDS_LIB"capcitor"
CDS_LMAN_SYM_OUTLINE"-50,0,50,-50";
"1"38;
"2"3;
%"C"
"1","(-4750,4200)","1","capcitor","I56";
;
VALUE"470NF"
$LOCATION"?"
CODE"08070401"
CDS_LIB"capcitor"
CDS_LMAN_SYM_OUTLINE"-50,0,50,-50";
"1"38;
"2"3;
%"C"
"1","(-4750,4100)","1","capcitor","I57";
;
VALUE"470NF"
$LOCATION"?"
CODE"08070401"
CDS_LIB"capcitor"
CDS_LMAN_SYM_OUTLINE"-50,0,50,-50";
"1"38;
"2"3;
%"C"
"1","(-4750,3250)","1","capcitor","I58";
;
VALUE"470NF"
$LOCATION"?"
CODE"08070401"
CDS_LIB"capcitor"
CDS_LMAN_SYM_OUTLINE"-50,0,50,-50";
"1"39;
"2"2;
%"C"
"1","(-4750,3650)","1","capcitor","I59";
;
VALUE"4.7UF"
$LOCATION"?"
CODE"10081926"
CDS_LIB"capcitor"
CDS_LMAN_SYM_OUTLINE"-50,0,50,-50";
"1"39;
"2"2;
%"CP"
"1","(-9300,4650)","0","capcitor","I6";
;
VALUE"100U-6.3V"
$LOCATION"?"
CODE"98010240"
CDS_LIB"capcitor"
CDS_LMAN_SYM_OUTLINE"-50,0,50,-50";
"2"11;
"1"34;
%"C"
"1","(-4750,3750)","1","capcitor","I60";
;
VALUE"4.7UF"
$LOCATION"?"
CODE"10081926"
CDS_LIB"capcitor"
CDS_LMAN_SYM_OUTLINE"-50,0,50,-50";
"1"39;
"2"2;
%"CP"
"1","(-4750,3850)","1","capcitor","I61";
;
VALUE"47U-6.3V"
$LOCATION"?"
CODE"98010241"
CDS_LIB"capcitor"
CDS_LMAN_SYM_OUTLINE"-50,0,50,-50";
"2"2;
"1"39;
%"GND_SIGNAL"
"1","(-4400,3800)","1","standard","I62";
;
BODY_TYPE"PLUMBING"
HDL_POWER"GND_SIGNAL"
CDS_LIB"standard";
"GND"2;
%"C"
"1","(-4750,3550)","1","capcitor","I63";
;
VALUE"470NF"
$LOCATION"?"
CODE"08070401"
CDS_LIB"capcitor"
CDS_LMAN_SYM_OUTLINE"-50,0,50,-50";
"1"39;
"2"2;
%"C"
"1","(-4750,3450)","1","capcitor","I64";
;
VALUE"470NF"
$LOCATION"?"
CODE"08070401"
CDS_LIB"capcitor"
CDS_LMAN_SYM_OUTLINE"-50,0,50,-50";
"1"39;
"2"2;
%"C"
"1","(-4750,3350)","1","capcitor","I65";
;
VALUE"470NF"
$LOCATION"?"
CODE"08070401"
CDS_LIB"capcitor"
CDS_LMAN_SYM_OUTLINE"-50,0,50,-50";
"1"39;
"2"2;
%"LB"
"1","(-8800,1250)","0","inductor","I66";
;
VALUE"100MOHM"
$LOCATION"?"
CODE"10070008"
CDS_LIB"inductor"
CDS_LMAN_SYM_OUTLINE"-125,50,125,0";
"B"23;
"A"24;
%"LB"
"1","(-8800,950)","0","inductor","I67";
;
VALUE"100MOHM"
$LOCATION"?"
CODE"10070008"
CDS_LIB"inductor"
CDS_LMAN_SYM_OUTLINE"-125,50,125,0";
"B"25;
"A"26;
%"C"
"1","(-4750,2700)","1","capcitor","I68";
;
VALUE"470NF"
$LOCATION"?"
CODE"08070401"
CDS_LIB"capcitor"
CDS_LMAN_SYM_OUTLINE"-50,0,50,-50";
"1"40;
"2"1;
%"GND_SIGNAL"
"1","(-4400,2950)","1","standard","I69";
;
CDS_LIB"standard"
HDL_POWER"GND_SIGNAL"
BODY_TYPE"PLUMBING";
"GND"1;
%"C"
"1","(-8400,4650)","0","capcitor","I7";
;
VALUE"470NF"
$LOCATION"?"
CODE"08070401"
CDS_LIB"capcitor"
CDS_LMAN_SYM_OUTLINE"-50,0,50,-50";
"1"34;
"2"11;
%"CP"
"1","(-4750,3000)","1","capcitor","I70";
;
VALUE"47U-6.3V"
$LOCATION"?"
CODE"98010241"
CDS_LIB"capcitor"
CDS_LMAN_SYM_OUTLINE"-50,0,50,-50";
"2"1;
"1"40;
%"C"
"1","(-4750,2900)","1","capcitor","I71";
;
VALUE"4.7UF"
$LOCATION"?"
CODE"10081926"
CDS_LIB"capcitor"
CDS_LMAN_SYM_OUTLINE"-50,0,50,-50";
"1"40;
"2"1;
%"C"
"1","(-4750,2800)","1","capcitor","I72";
;
VALUE"4.7UF"
$LOCATION"?"
CODE"10081926"
CDS_LIB"capcitor"
CDS_LMAN_SYM_OUTLINE"-50,0,50,-50";
"1"40;
"2"1;
%"C"
"1","(-4750,2600)","1","capcitor","I73";
;
VALUE"470NF"
$LOCATION"?"
CODE"08070401"
CDS_LIB"capcitor"
CDS_LMAN_SYM_OUTLINE"-50,0,50,-50";
"1"40;
"2"1;
%"C"
"1","(-4750,2500)","1","capcitor","I74";
;
VALUE"470NF"
$LOCATION"?"
CODE"08070401"
CDS_LIB"capcitor"
CDS_LMAN_SYM_OUTLINE"-50,0,50,-50";
"1"40;
"2"1;
%"C"
"1","(-4750,2400)","1","capcitor","I75";
;
VALUE"470NF"
$LOCATION"?"
CODE"08070401"
CDS_LIB"capcitor"
CDS_LMAN_SYM_OUTLINE"-50,0,50,-50";
"1"40;
"2"1;
%"LB"
"1","(-8800,600)","0","inductor","I76";
;
VALUE"100MOHM"
$LOCATION"?"
CODE"10070008"
CDS_LIB"inductor"
CDS_LMAN_SYM_OUTLINE"-125,50,125,0";
"B"27;
"A"28;
%"C"
"1","(-9000,4650)","0","capcitor","I8";
;
VALUE"4.7UF"
$LOCATION"?"
CODE"10081926"
CDS_LIB"capcitor"
CDS_LMAN_SYM_OUTLINE"-50,0,50,-50";
"1"34;
"2"11;
%"C"
"1","(-8850,4650)","0","capcitor","I9";
;
VALUE"4.7UF"
$LOCATION"?"
CODE"10081926"
CDS_LIB"capcitor"
CDS_LMAN_SYM_OUTLINE"-50,0,50,-50";
"1"34;
"2"11;
END.
