FILE_TYPE = CONNECTIVITY;
{Allegro Design Entry HDL 16.6-p007 (v16-6-112F) 10/10/2012}
"PAGE_NUMBER" = 75;
0"NC";
1"GND_SIGNAL\g";
2"V_Z7_PL_1V35_DDR";
3"GND_SIGNAL\g";
4"UN$75$C$I19$1";
5"V_Z7_PL_1V35_DDR";
6"Z7_PL_DDR_ODT";
7"GND_SIGNAL\g";
8"UN$75$MT41K512M16HA-125$I25$L8";
9"Z7_PL_DDR_WE_N";
10"Z7_PL_DDR_CAS_N";
11"Z7_PL_DDR_RAS_N";
12"Z7_PL_DDR_CS_N";
13"Z7_PL_DDR_CLK_P";
14"Z7_PL_DDR_CLK_N";
15"Z7_PL_DDR_BA0";
16"Z7_PL_DDR_BA1";
17"Z7_PL_DDR_DQS1_P";
18"Z7_PL_DDR_DQ0";
19"Z7_PL_DDR_DQ1";
20"Z7_PL_DDR_BA2";
21"V_Z7_1V35";
22"V_Z7_PL_1V35_DDR";
23"GND_SIGNAL\g";
24"Z7_PL_DDR_DQ13";
25"Z7_PL_DDR_A14";
26"Z7_PL_DDR_DQ15";
27"Z7_PL_DDR_DQ12";
28"Z7_PL_DDR_DQS1_N";
29"Z7_PL_DDR_DQ14";
30"Z7_PL_DDR_DQ11";
31"Z7_PL_DDR_DQ9";
32"Z7_PL_DDR_DQ10";
33"Z7_PL_DDR_DM1";
34"Z7_PL_DDR_DQ8";
35"Z7_PL_DDR_DM0";
36"Z7_PL_DDR_DQ2";
37"Z7_PL_DDR_DQS0_P";
38"Z7_PL_DDR_DQ6";
39"Z7_PL_DDR_DQS0_N";
40"Z7_PL_DDR_DQ4";
41"Z7_PL_DDR_DQ7";
42"Z7_PL_DDR_DQ5";
43"Z7_PL_DDR_CLK_P";
44"Z7_PL_DDR_CLK_N";
45"Z7_PL_DDR_CKE";
46"Z7_PL_DDR_A10";
47"Z7_PL_DDR_A15";
48"Z7_PL_DDR_A3";
49"Z7_PL_DDR_A0";
50"Z7_PL_DDR_A12";
51"Z7_PL_DDR_A5";
52"Z7_PL_DDR_A2";
53"Z7_PL_DDR_A1";
54"Z7_PL_DDR_A4";
55"Z7_PL_DDR_A7";
56"Z7_PL_DDR_A9";
57"Z7_PL_DDR_A11";
58"Z7_PL_DDR_A6";
59"Z7_PL_DDR_RESET_N";
60"Z7_PL_DDR_A13";
61"Z7_PL_DDR_A8";
62"Z7_PL_DDR_DQ3";
%"R"
"1","(-9800,3500)","1","resistor","I1";
;
VALUE"80-1%"
CODE""
CDS_LIB"resistor"
$LOCATION"?"
CDS_LMAN_SYM_OUTLINE"-100,25,100,-25";
"A"14;
"B"13;
%"R"
"1","(-2100,4150)","1","resistor","I10";
;
VALUE"1K-1%"
CODE"07090549"
CDS_LIB"resistor"
$LOCATION"?"
CDS_LMAN_SYM_OUTLINE"-100,25,100,-25";
"A"1;
"B"4;
%"C"
"1","(-1950,3100)","0","capcitor","I11";
;
VALUE"0.1U"
CODE"08070262"
CDS_LIB"capcitor"
$LOCATION"?"
CDS_LMAN_SYM_OUTLINE"-50,0,50,-50";
"1"2;
"2"3;
%"C"
"1","(-1800,3100)","0","capcitor","I12";
;
VALUE"0.1U"
CODE"08070262"
CDS_LIB"capcitor"
$LOCATION"?"
CDS_LMAN_SYM_OUTLINE"-50,0,50,-50";
"1"2;
"2"3;
%"C"
"1","(-1650,3100)","0","capcitor","I13";
;
VALUE"0.1U"
CODE"08070262"
CDS_LIB"capcitor"
$LOCATION"?"
CDS_LMAN_SYM_OUTLINE"-50,0,50,-50";
"1"2;
"2"3;
%"C"
"1","(-1400,3100)","0","capcitor","I14";
;
VALUE"0.1U"
CODE"08070262"
CDS_LIB"capcitor"
$LOCATION"?"
CDS_LMAN_SYM_OUTLINE"-50,0,50,-50";
"1"2;
"2"3;
%"C"
"1","(-1250,3100)","0","capcitor","I15";
;
VALUE"0.1U"
CODE"08070262"
CDS_LIB"capcitor"
$LOCATION"?"
CDS_LMAN_SYM_OUTLINE"-50,0,50,-50";
"1"2;
"2"3;
%"C"
"1","(-1100,3100)","0","capcitor","I16";
;
VALUE"0.1U"
CODE"08070262"
CDS_LIB"capcitor"
$LOCATION"?"
CDS_LMAN_SYM_OUTLINE"-50,0,50,-50";
"1"2;
"2"3;
%"C"
"1","(-950,3100)","0","capcitor","I17";
;
VALUE"0.1U"
CODE"08070262"
CDS_LIB"capcitor"
$LOCATION"?"
CDS_LMAN_SYM_OUTLINE"-50,0,50,-50";
"1"2;
"2"3;
%"C"
"1","(-800,3100)","0","capcitor","I18";
;
VALUE"0.1U"
CODE"08070262"
CDS_LIB"capcitor"
$LOCATION"?"
CDS_LMAN_SYM_OUTLINE"-50,0,50,-50";
"1"2;
"2"3;
%"C"
"1","(-2550,4200)","2","capcitor","I19";
;
VALUE"1U"
CODE"98070403"
CDS_LIB"capcitor"
$LOCATION"?"
CDS_LMAN_SYM_OUTLINE"-50,0,50,-50";
"1"4;
"2"1;
%"R"
"1","(-6800,3000)","0","resistor","I2";
;
VALUE"240"
CODE"07090111"
CDS_LIB"resistor"
$LOCATION"?"
CDS_LMAN_SYM_OUTLINE"-100,25,100,-25";
"A"8;
"B"7;
%"C"
"1","(-2350,4200)","0","capcitor","I20";
;
VALUE"0.01U"
CODE"08070247"
CDS_LIB"capcitor"
$LOCATION"?"
CDS_LMAN_SYM_OUTLINE"-50,0,50,-50";
"1"4;
"2"1;
%"R"
"1","(-2100,4750)","1","resistor","I21";
;
VALUE"1K-1%"
CODE"07090549"
CDS_LIB"resistor"
$LOCATION"?"
CDS_LMAN_SYM_OUTLINE"-100,25,100,-25";
"A"4;
"B"5;
%"C"
"1","(-2350,4800)","0","capcitor","I22";
;
VALUE"0.01U"
CODE"08070247"
CDS_LIB"capcitor"
$LOCATION"?"
CDS_LMAN_SYM_OUTLINE"-50,0,50,-50";
"1"5;
"2"4;
%"MT41K512M16HA-125"
"2","(-1600,4800)","0","ic","I23";
;
CDS_LIB"ic"
CDS_LMAN_SYM_OUTLINE"-125,1100,250,-425";
"T9"23;
"T1"23;
"R9"5;
"R1"5;
"P9"23;
"P1"23;
"N9"5;
"N1"5;
"M9"23;
"M8"4;
"M1"23;
"K8"5;
"K2"5;
"J8"23;
"J2"23;
"H9"22;
"H2"22;
"H1"4;
"G9"23;
"G8"23;
"G7"5;
"G1"23;
"F9"23;
"F1"22;
"E9"22;
"E8"23;
"E2"23;
"E1"23;
"D9"5;
"D8"23;
"D2"22;
"D1"23;
"C9"22;
"C1"22;
"B9"23;
"B3"23;
"B2"5;
"B1"23;
"A9"23;
"A8"22;
"A1"22;
%"GND_SIGNAL"
"1","(-1300,4550)","0","standard","I24";
;
BODY_TYPE"PLUMBING"
HDL_POWER"GND_SIGNAL"
CDS_LIB"standard";
"GND"23;
%"MT41K512M16HA-125"
"1","(-7500,4350)","0","ic","I25";
;
CDS_LIB"ic"
CDS_LMAN_SYM_OUTLINE"-125,1400,325,-1850";
"F8"62;
"T8"61;
"T7"25;
"T3"60;
"T2"59;
"R8"58;
"R7"57;
"R3"56;
"R2"55;
"P8"54;
"P7"53;
"P3"52;
"P2"51;
"N8"16;
"N7"50;
"N3"49;
"N2"48;
"M7"47;
"M3"20;
"M2"15;
"L9"0;
"L8"8;
"L7"46;
"L3"9;
"L2"12;
"L1"0;
"K9"45;
"K7"44;
"K3"10;
"K1"6;
"J9"0;
"J7"43;
"J3"11;
"J1"0;
"H8"42;
"H7"41;
"H3"40;
"G3"39;
"G2"38;
"F7"19;
"F3"37;
"F2"36;
"E7"35;
"E3"18;
"D7"34;
"D3"33;
"C8"32;
"C7"17;
"C3"31;
"C2"30;
"B8"29;
"B7"28;
"A7"27;
"A3"26;
"A2"24;
%"GND_SIGNAL"
"1","(-6400,2950)","1","standard","I3";
;
HDL_POWER"GND_SIGNAL"
BODY_TYPE"PLUMBING"
CDS_LIB"standard";
"GND"7;
%"GND_SIGNAL"
"1","(-2550,2700)","0","standard","I4";
;
HDL_POWER"GND_SIGNAL"
BODY_TYPE"PLUMBING"
CDS_LIB"standard";
"GND"3;
%"C"
"1","(-2500,3100)","0","capcitor","I5";
;
VALUE"10UF"
CODE"08070898"
CDS_LIB"capcitor"
$LOCATION"?"
CDS_LMAN_SYM_OUTLINE"-50,0,50,-50";
"1"2;
"2"3;
%"C"
"1","(-2250,3100)","0","capcitor","I6";
;
VALUE"0.1U"
CODE"08070262"
CDS_LIB"capcitor"
$LOCATION"?"
CDS_LMAN_SYM_OUTLINE"-50,0,50,-50";
"1"2;
"2"3;
%"C"
"1","(-2100,3100)","0","capcitor","I7";
;
VALUE"0.1U"
CODE"08070262"
CDS_LIB"capcitor"
$LOCATION"?"
CDS_LMAN_SYM_OUTLINE"-50,0,50,-50";
"1"2;
"2"3;
%"LB"
"1","(-2850,3300)","0","inductor","I8";
;
VALUE"100MOHM"
CODE"10070008"
CDS_LIB"inductor"
$LOCATION"?"
CDS_LMAN_SYM_OUTLINE"-125,50,125,0";
"B"2;
"A"21;
%"GND_SIGNAL"
"1","(-2150,3750)","0","standard","I9";
;
HDL_POWER"GND_SIGNAL"
BODY_TYPE"PLUMBING"
CDS_LIB"standard";
"GND"1;
END.
