FILE_TYPE = CONNECTIVITY;
{Allegro Design Entry HDL 16.6-p007 (v16-6-112F) 10/10/2012}
"PAGE_NUMBER" = 85;
0"NC";
1"GND_SIGNAL\g";
2"GND_SIGNAL\g";
3"GND_SIGNAL\g";
4"GND_SIGNAL\g";
5"V_Z7_3V3";
6"CLK_Z7_S6_DIF_N";
7"CLK_Z7_S6_DIF_P";
8"V_Z7_S6_3V3_CLKGEN";
9"CLK_Z7_S6_DIF_P_R";
10"CLK_Z7_S6_DIF_N_R";
11"V_Z7_S6_3V3_AVDD";
12"V_Z7_S6_3V3_CLKGEN";
13"Z7_S6_CLKGEN_SUSPEND";
14"V_Z7_S6_3V3_CLKGEN";
15"Z7_S6_CLKGEN_IIC_SCL_R";
16"Z7_S6_CLKGEN_IIC_SCL";
17"Z7_S6_CLKGEN_IIC_SDA_R";
18"Z7_S6_CLKGEN_IIC_SDA";
19"Z7_S6_CLKGEN_OE";
20"V_Z7_S6_3V3_CLKGEN";
21"CLK_Z7_S6_25M";
22"V_Z7_S6_3V3_CLKGEN";
23"CLK_Z7_S6_200M_SYS";
24"UN$85$CY22394FC$I23$CLKC";
25"V_Z7_S6_3V3_AVDD";
26"CLK_Z7_S6_DIF_N_R";
27"CLK_Z7_S6_DIF_P_R";
28"UN$85$CY22394FC$I23$XBUF";
%"R"
"1","(-6850,2350)","0","resistor","I1";
;
VALUE"100"
CODE"07090603"
CDS_LIB"resistor"
$LOCATION"?"
CDS_LMAN_SYM_OUTLINE"-100,25,100,-25";
"A"9;
"B"10;
%"R"
"1","(-5325,2600)","1","resistor","I2";
;
VALUE"120"
CODE"97090124"
CDS_LIB"resistor"
$LOCATION"?"
CDS_LMAN_SYM_OUTLINE"-100,25,100,-25";
"A"9;
"B"8;
%"GND_SIGNAL"
"1","(-5550,3750)","0","standard","I22";
;
CDS_LIB"standard"
BODY_TYPE"PLUMBING"
HDL_POWER"GND_SIGNAL";
"GND"1;
%"CY22394FC"
"1","(-4950,5700)","0","ic","I23";
;
VALUE"CY22394FC"
CDS_LIB"ic"
$LOCATION"?"
CDS_LMAN_SYM_OUTLINE"-500,500,250,-250";
"SDAT_S0"17;
"SCLK_S1"15;
"XTALIN"21;
"S2/SUSPEND"13;
"SHUTDOWN_M/OE"19;
"XTALOUT"0;
"AGND"3;
"GND"3;
"XBUF"28;
"P_CLK_P"27;
"P_CLK*"26;
"AVDD"25;
"CLKC"24;
"CLKB"0;
"CLKA"23;
"VDD"22;
%"LB"
"1","(-6100,4450)","0","inductor","I24";
;
VALUE"100MOHM"
CODE"10070008"
CDS_LIB"inductor"
$LOCATION"?"
CDS_LMAN_SYM_OUTLINE"-125,50,125,0";
"B"12;
"A"5;
%"C"
"1","(-5500,4225)","0","capcitor","I25";
;
VALUE"0.1U"
CODE"08070262"
CDS_LIB"capcitor"
$LOCATION"?"
CDS_LMAN_SYM_OUTLINE"-50,0,50,-50";
"1"12;
"2"1;
%"C"
"1","(-5350,4225)","0","capcitor","I26";
;
VALUE"0.1U"
CODE"08070262"
CDS_LIB"capcitor"
$LOCATION"?"
CDS_LMAN_SYM_OUTLINE"-50,0,50,-50";
"1"12;
"2"1;
%"R"
"1","(-7000,5800)","0","resistor","I27";
;
VALUE"4.7K"
CODE"07090246"
CDS_LIB"resistor"
$LOCATION"?"
CDS_LMAN_SYM_OUTLINE"-100,25,100,-25";
"A"20;
"B"19;
%"R"
"1","(-7000,5650)","0","resistor","I28";
;
VALUE"4.7K"
CODE"07090246"
CDS_LIB"resistor"
$LOCATION"?"
CDS_LMAN_SYM_OUTLINE"-100,25,100,-25";
"A"14;
"B"13;
%"R"
"1","(-7000,5750)","0","resistor","I29";
;
VALUE"22.1"
CODE"07090156"
CDS_LIB"resistor"
$LOCATION"?"
CDS_LMAN_SYM_OUTLINE"-100,25,100,-25";
"A"18;
"B"17;
%"R"
"1","(-5200,2600)","1","resistor","I3";
;
VALUE"120"
CODE"97090124"
CDS_LIB"resistor"
$LOCATION"?"
CDS_LMAN_SYM_OUTLINE"-100,25,100,-25";
"A"10;
"B"8;
%"R"
"1","(-7000,5700)","0","resistor","I30";
;
VALUE"22.1"
CODE"07090156"
CDS_LIB"resistor"
$LOCATION"?"
CDS_LMAN_SYM_OUTLINE"-100,25,100,-25";
"A"16;
"B"15;
%"R"
"1","(-6700,5350)","1","resistor","I31";
;
VALUE"1K"
CODE"07090277"
CDS_LIB"resistor"
$LOCATION"?"
CDS_LMAN_SYM_OUTLINE"-100,25,100,-25";
"A"2;
"B"13;
%"GND_SIGNAL"
"1","(-6750,5050)","0","standard","I32";
;
CDS_LIB"standard"
BODY_TYPE"PLUMBING"
HDL_POWER"GND_SIGNAL";
"GND"2;
%"R"
"1","(-4800,4450)","0","resistor","I33";
;
VALUE"0"
CODE"07090522"
CDS_LIB"resistor"
$LOCATION"?"
CDS_LMAN_SYM_OUTLINE"-100,25,100,-25";
"A"12;
"B"11;
%"C"
"1","(-4450,4225)","0","capcitor","I34";
;
VALUE"10UF"
CODE"08070898"
CDS_LIB"capcitor"
$LOCATION"?"
CDS_LMAN_SYM_OUTLINE"-50,0,50,-50";
"1"11;
"2"1;
%"C"
"1","(-4300,4200)","0","capcitor","I35";
;
CDS_LMAN_SYM_OUTLINE"-50,0,50,-50"
$LOCATION"?"
CDS_LIB"capcitor"
CODE"98070518"
VALUE"10PF";
"1"11;
"2"1;
%"GND_SIGNAL"
"1","(-4250,5900)","1","standard","I36";
;
HDL_POWER"GND_SIGNAL"
BODY_TYPE"PLUMBING"
CDS_LIB"standard";
"GND"3;
%"TP"
"1","(-4300,5800)","2","others","I37";
;
VALUE"TP_SMD"
$LOCATION"?"
CDS_LIB"others"
CDS_LMAN_SYM_OUTLINE"-150,75,50,-75";
"P \B"24;
%"TP"
"1","(-4300,5500)","2","others","I38";
;
$LOCATION"?"
VALUE"TP_SMD"
CDS_LMAN_SYM_OUTLINE"-150,75,50,-75"
CDS_LIB"others";
"P \B"28;
%"GND_SIGNAL"
"1","(-4600,1550)","0","standard","I39";
;
HDL_POWER"GND_SIGNAL"
BODY_TYPE"PLUMBING"
CDS_LIB"standard";
"GND"4;
%"R"
"1","(-4875,2350)","0","resistor","I4";
;
VALUE"22.1"
CODE"07090156"
CDS_LIB"resistor"
$LOCATION"?"
CDS_LMAN_SYM_OUTLINE"-100,25,100,-25";
"A"10;
"B"6;
%"R"
"1","(-4875,2250)","0","resistor","I5";
;
VALUE"22.1"
CODE"07090156"
CDS_LIB"resistor"
$LOCATION"?"
CDS_LMAN_SYM_OUTLINE"-100,25,100,-25";
"A"9;
"B"7;
%"R"
"1","(-4575,1975)","1","resistor","I6";
;
VALUE"51"
CODE"07090266"
CDS_LIB"resistor"
$LOCATION"?"
CDS_LMAN_SYM_OUTLINE"-100,25,100,-25";
"A"4;
"B"7;
%"R"
"1","(-4475,1975)","1","resistor","I7";
;
VALUE"51"
CODE"07090266"
CDS_LIB"resistor"
$LOCATION"?"
CDS_LMAN_SYM_OUTLINE"-100,25,100,-25";
"A"4;
"B"6;
END.
