FILE_TYPE = CONNECTIVITY;
{Allegro Design Entry HDL 16.6-p007 (v16-6-112F) 10/10/2012}
"PAGE_NUMBER" = 32;
0"NC";
1"V_A7_1V35_R";
2"V_A7_1V35_SW";
3"V_A7_1V35";
4"GND_SIGNAL\g";
5"UN$32$R$I7$B";
6"GND_SIGNAL\g";
7"UN$32$C$I12$2";
8"V_A7_3V3";
9"GND_SIGNAL\g";
10"V_A7_5V0_IN";
11"GND_SIGNAL\g";
%"GND_SIGNAL"
"1","(-5000,3400)","0","standard","I1";
;
HDL_POWER"GND_SIGNAL"
BODY_TYPE"PLUMBING"
CDS_LIB"standard";
"GND"9;
%"R"
"1","(-3000,4800)","1","resistor","I10";
;
VALUE"392K"
CODE"07090584"
CDS_LIB"resistor"
$LOCATION"?"
CDS_LMAN_SYM_OUTLINE"-100,25,100,-25";
"A"7;
"B"1;
%"L"
"1","(-3350,5150)","0","inductor","I11";
;
VALUE"2.2UH"
CODE"10031009"
CDS_LIB"inductor"
$LOCATION"?"
CDS_LMAN_SYM_OUTLINE"-125,50,125,0";
"A"2;
"B"1;
%"C"
"1","(-2750,4850)","0","capcitor","I12";
;
VALUE"18PF"
CODE"98070523"
CDS_LIB"capcitor"
$LOCATION"?"
CDS_LMAN_SYM_OUTLINE"-50,0,50,-50";
"1"1;
"2"7;
%"C"
"1","(-2450,4450)","0","capcitor","I13";
;
VALUE"10UF"
CODE"08070898"
CDS_LIB"capcitor"
$LOCATION"?"
CDS_LMAN_SYM_OUTLINE"-50,0,50,-50";
"1"1;
"2"4;
%"C"
"1","(-2250,4450)","0","capcitor","I14";
;
VALUE"0.1U"
CODE"08070262"
CDS_LIB"capcitor"
$LOCATION"?"
CDS_LMAN_SYM_OUTLINE"-50,0,50,-50";
"1"1;
"2"4;
%"R"
"1","(-1850,5150)","0","resistor","I15";
;
VALUE"0.27"
CODE"07090922"
CDS_LIB"resistor"
$LOCATION"?"
CDS_LMAN_SYM_OUTLINE"-100,25,100,-25";
"A"1;
"B"3;
%"R"
"1","(-1850,5200)","0","resistor","I16";
;
VALUE"0.27"
CODE"07090922"
CDS_LIB"resistor"
$LOCATION"?"
CDS_LMAN_SYM_OUTLINE"-100,25,100,-25";
"A"1;
"B"3;
%"NCP1529"
"1","(-4300,4600)","0","power","I17";
;
CDS_LIB"power"
CDS_LMAN_SYM_OUTLINE"-200,150,175,-375";
"5"7;
"4"10;
"3"2;
"2"6;
"1"8;
%"R"
"1","(-4950,3950)","1","resistor","I2";
;
VALUE"1M"
CODE"97090121"
CDS_LIB"resistor"
$LOCATION"?"
CDS_LMAN_SYM_OUTLINE"-100,25,100,-25";
"A"9;
"B"8;
%"GND_SIGNAL"
"1","(-5600,4400)","7","standard","I3";
;
BODY_TYPE"PLUMBING"
HDL_POWER"GND_SIGNAL"
CDS_LIB"standard";
"GND"11;
%"C"
"1","(-5200,4450)","1","capcitor","I4";
;
VALUE"0.1U"
CODE"08070262"
CDS_LIB"capcitor"
$LOCATION"?"
CDS_LMAN_SYM_OUTLINE"-50,0,50,-50";
"1"11;
"2"10;
%"C"
"1","(-5200,4550)","1","capcitor","I5";
;
VALUE"10UF"
CODE"08070898"
CDS_LIB"capcitor"
$LOCATION"?"
CDS_LMAN_SYM_OUTLINE"-50,0,50,-50";
"1"11;
"2"10;
%"GND_SIGNAL"
"1","(-3950,3400)","0","standard","I6";
;
HDL_POWER"GND_SIGNAL"
BODY_TYPE"PLUMBING"
CDS_LIB"standard";
"GND"6;
%"R"
"1","(-3350,3700)","0","resistor","I7";
;
VALUE"100K-1%"
CODE"07092148"
CDS_LIB"resistor"
$LOCATION"?"
CDS_LMAN_SYM_OUTLINE"-100,25,100,-25";
"A"6;
"B"5;
%"R"
"1","(-3000,4050)","1","resistor","I8";
;
VALUE"392K"
CODE"07090584"
CDS_LIB"resistor"
$LOCATION"?"
CDS_LMAN_SYM_OUTLINE"-100,25,100,-25";
"A"5;
"B"7;
%"GND_SIGNAL"
"1","(-2300,3350)","0","standard","I9";
;
BODY_TYPE"PLUMBING"
HDL_POWER"GND_SIGNAL"
CDS_LIB"standard";
"GND"4;
END.
