FILE_TYPE = CONNECTIVITY;
{Allegro Design Entry HDL 16.6-p007 (v16-6-112F) 10/10/2012}
"PAGE_NUMBER" = 84;
0"NC";
1"GND_SIGNAL\g";
2"V_Z7_S6_1V2_VCCINT";
3"GND_SIGNAL\g";
4"V_Z7_S6_3V3_VCCAUX";
5"V_Z7_1V2";
6"V_Z7_3V3";
7"V_Z7_S6_3V3_VCCAUX";
8"V_Z7_S6_1V2_VCCINT";
9"GND_SIGNAL\g";
%"C"
"1","(-5800,3625)","0","capcitor","I1";
;
VALUE"0.1U"
CODE"08070262"
CDS_LIB"capcitor"
$LOCATION"?"
CDS_LMAN_SYM_OUTLINE"-50,0,50,-50";
"1"4;
"2"3;
%"C"
"1","(-5100,3625)","0","capcitor","I10";
;
VALUE"0.1U"
CODE"08070262"
CDS_LIB"capcitor"
$LOCATION"?"
CDS_LMAN_SYM_OUTLINE"-50,0,50,-50";
"1"4;
"2"3;
%"C"
"1","(-5000,3625)","0","capcitor","I11";
;
VALUE"0.1U"
CODE"08070262"
CDS_LIB"capcitor"
$LOCATION"?"
CDS_LMAN_SYM_OUTLINE"-50,0,50,-50";
"1"4;
"2"3;
%"C"
"1","(-4900,3625)","0","capcitor","I12";
;
VALUE"0.1U"
CODE"08070262"
CDS_LIB"capcitor"
$LOCATION"?"
CDS_LMAN_SYM_OUTLINE"-50,0,50,-50";
"1"4;
"2"3;
%"C"
"1","(-4800,3625)","0","capcitor","I13";
;
VALUE"0.1U"
CODE"08070262"
CDS_LIB"capcitor"
$LOCATION"?"
CDS_LMAN_SYM_OUTLINE"-50,0,50,-50";
"1"4;
"2"3;
%"C"
"1","(-4700,3625)","0","capcitor","I15";
;
VALUE"0.1U"
CODE"08070262"
CDS_LIB"capcitor"
$LOCATION"?"
CDS_LMAN_SYM_OUTLINE"-50,0,50,-50";
"1"4;
"2"3;
%"CP"
"1","(-5900,2525)","0","capcitor","I16";
;
VALUE"100U-6.3V"
CODE"98010240"
CDS_LIB"capcitor"
$LOCATION"?"
CDS_LMAN_SYM_OUTLINE"-50,0,50,-50";
"2"1;
"1"2;
%"CP"
"1","(-6000,2525)","0","capcitor","I17";
;
VALUE"100U-6.3V"
CODE"98010240"
CDS_LIB"capcitor"
$LOCATION"?"
CDS_LMAN_SYM_OUTLINE"-50,0,50,-50";
"2"1;
"1"2;
%"C"
"1","(-5600,2525)","0","capcitor","I18";
;
VALUE"0.1U"
CODE"08070262"
CDS_LIB"capcitor"
$LOCATION"?"
CDS_LMAN_SYM_OUTLINE"-50,0,50,-50";
"1"2;
"2"1;
%"C"
"1","(-5700,2525)","0","capcitor","I19";
;
VALUE"0.1U"
CODE"08070262"
CDS_LIB"capcitor"
$LOCATION"?"
CDS_LMAN_SYM_OUTLINE"-50,0,50,-50";
"1"2;
"2"1;
%"CP"
"1","(-5900,3625)","0","capcitor","I2";
;
VALUE"100U-6.3V"
CODE"98010240"
CDS_LIB"capcitor"
$LOCATION"?"
CDS_LMAN_SYM_OUTLINE"-50,0,50,-50";
"2"3;
"1"4;
%"C"
"1","(-5800,2525)","0","capcitor","I20";
;
VALUE"0.1U"
CODE"08070262"
CDS_LIB"capcitor"
$LOCATION"?"
CDS_LMAN_SYM_OUTLINE"-50,0,50,-50";
"1"2;
"2"1;
%"C"
"1","(-5500,2525)","0","capcitor","I21";
;
VALUE"0.1U"
CODE"08070262"
CDS_LIB"capcitor"
$LOCATION"?"
CDS_LMAN_SYM_OUTLINE"-50,0,50,-50";
"1"2;
"2"1;
%"C"
"1","(-5400,2525)","0","capcitor","I22";
;
VALUE"0.1U"
CODE"08070262"
CDS_LIB"capcitor"
$LOCATION"?"
CDS_LMAN_SYM_OUTLINE"-50,0,50,-50";
"1"2;
"2"1;
%"C"
"1","(-5100,2525)","0","capcitor","I23";
;
VALUE"0.1U"
CODE"08070262"
CDS_LIB"capcitor"
$LOCATION"?"
CDS_LMAN_SYM_OUTLINE"-50,0,50,-50";
"1"2;
"2"1;
%"C"
"1","(-5200,2525)","0","capcitor","I24";
;
VALUE"0.1U"
CODE"08070262"
CDS_LIB"capcitor"
$LOCATION"?"
CDS_LMAN_SYM_OUTLINE"-50,0,50,-50";
"1"2;
"2"1;
%"C"
"1","(-5300,2525)","0","capcitor","I25";
;
VALUE"0.1U"
CODE"08070262"
CDS_LIB"capcitor"
$LOCATION"?"
CDS_LMAN_SYM_OUTLINE"-50,0,50,-50";
"1"2;
"2"1;
%"C"
"1","(-5000,2525)","0","capcitor","I26";
;
VALUE"0.1U"
CODE"08070262"
CDS_LIB"capcitor"
$LOCATION"?"
CDS_LMAN_SYM_OUTLINE"-50,0,50,-50";
"1"2;
"2"1;
%"C"
"1","(-4800,2525)","0","capcitor","I27";
;
VALUE"0.1U"
CODE"08070262"
CDS_LIB"capcitor"
$LOCATION"?"
CDS_LMAN_SYM_OUTLINE"-50,0,50,-50";
"1"2;
"2"1;
%"C"
"1","(-4900,2525)","0","capcitor","I28";
;
VALUE"0.1U"
CODE"08070262"
CDS_LIB"capcitor"
$LOCATION"?"
CDS_LMAN_SYM_OUTLINE"-50,0,50,-50";
"1"2;
"2"1;
%"XC6SLX16CSG324"
"5","(-5600,6300)","0","ic","I29";
;
VALUE1"XC6SLX16CSG324"
CDS_LIB"ic"
VALUE"XC6SLX16CSG324"
$LOCATION"?"
CDS_LMAN_SYM_OUTLINE"-250,125,250,-1900";
"GND37"9;
"GND36"9;
"GND35"9;
"GND34"9;
"GND33"9;
"GND32"9;
"GND31"9;
"GND30"9;
"GND29"9;
"GND28"9;
"GND27"9;
"GND26"9;
"GND25"9;
"GND24"9;
"GND23"9;
"GND22"9;
"GND21"9;
"GND20"9;
"GND19"9;
"GND18"9;
"GND17"9;
"GND16"9;
"GND15"9;
"GND14"9;
"GND13"9;
"GND12"9;
"GND11"9;
"GND10"9;
"GND9"9;
"GND8"9;
"GND7"9;
"GND6"9;
"GND5"9;
"GND4"9;
"GND3"9;
"GND2"9;
"GND1"9;
"VCCINT11"8;
"VCCINT10"8;
"VCCINT9"8;
"VCCINT8"8;
"VCCINT7"8;
"VCCINT6"8;
"VCCINT5"8;
"VCCINT4"8;
"VCCINT3"8;
"VCCINT2"8;
"VCCINT1"8;
"VCCAUX12"7;
"VCCAUX11"7;
"VCCAUX10"7;
"VCCAUX9"7;
"VCCAUX8"7;
"VCCAUX7"7;
"VCCAUX6"7;
"VCCAUX5"7;
"VCCAUX4"7;
"VCCAUX3"7;
"VCCAUX2"7;
"VCCAUX1"7;
%"CP"
"1","(-6000,3625)","0","capcitor","I3";
;
VALUE"100U-6.3V"
CODE"98010240"
CDS_LIB"capcitor"
$LOCATION"?"
CDS_LMAN_SYM_OUTLINE"-50,0,50,-50";
"2"3;
"1"4;
%"GND_SIGNAL"
"1","(-5100,4350)","0","standard","I30";
;
HDL_POWER"GND_SIGNAL"
BODY_TYPE"PLUMBING"
CDS_LIB"standard";
"GND"9;
%"LB"
"1","(-6400,3850)","0","inductor","I31";
;
VALUE"100MOHM"
CODE"10070008"
CDS_LIB"inductor"
$LOCATION"?"
CDS_LMAN_SYM_OUTLINE"-125,50,125,0";
"B"4;
"A"6;
%"GND_SIGNAL"
"1","(-6050,3100)","0","standard","I32";
;
CDS_LIB"standard"
HDL_POWER"GND_SIGNAL"
BODY_TYPE"PLUMBING";
"GND"3;
%"GND_SIGNAL"
"1","(-6050,2000)","0","standard","I33";
;
BODY_TYPE"PLUMBING"
HDL_POWER"GND_SIGNAL"
CDS_LIB"standard";
"GND"1;
%"LB"
"1","(-6400,2750)","0","inductor","I34";
;
VALUE"100MOHM"
CODE"10070008"
CDS_LIB"inductor"
$LOCATION"?"
CDS_LMAN_SYM_OUTLINE"-125,50,125,0";
"B"2;
"A"5;
%"C"
"1","(-5700,3625)","0","capcitor","I4";
;
VALUE"0.1U"
CODE"08070262"
CDS_LIB"capcitor"
$LOCATION"?"
CDS_LMAN_SYM_OUTLINE"-50,0,50,-50";
"1"4;
"2"3;
%"C"
"1","(-5600,3625)","0","capcitor","I5";
;
VALUE"0.1U"
CODE"08070262"
CDS_LIB"capcitor"
$LOCATION"?"
CDS_LMAN_SYM_OUTLINE"-50,0,50,-50";
"1"4;
"2"3;
%"C"
"1","(-5500,3625)","0","capcitor","I6";
;
VALUE"0.1U"
CODE"08070262"
CDS_LIB"capcitor"
$LOCATION"?"
CDS_LMAN_SYM_OUTLINE"-50,0,50,-50";
"1"4;
"2"3;
%"C"
"1","(-5400,3625)","0","capcitor","I7";
;
VALUE"0.1U"
CODE"08070262"
CDS_LIB"capcitor"
$LOCATION"?"
CDS_LMAN_SYM_OUTLINE"-50,0,50,-50";
"1"4;
"2"3;
%"C"
"1","(-5300,3625)","0","capcitor","I8";
;
VALUE"0.1U"
CODE"08070262"
CDS_LIB"capcitor"
$LOCATION"?"
CDS_LMAN_SYM_OUTLINE"-50,0,50,-50";
"1"4;
"2"3;
%"C"
"1","(-5200,3625)","0","capcitor","I9";
;
VALUE"0.1U"
CODE"08070262"
CDS_LIB"capcitor"
$LOCATION"?"
CDS_LMAN_SYM_OUTLINE"-50,0,50,-50";
"1"4;
"2"3;
END.
