FILE_TYPE = CONNECTIVITY;
{Allegro Design Entry HDL 16.6-p007 (v16-6-112F) 10/10/2012}
"PAGE_NUMBER" = 46;
0"NC";
1"V_A7_1V35_DDR";
2"GND_SIGNAL\g";
3"V_A7_1V35_DDR";
4"UN$46$C$I19$1";
5"A7_DDR_DQ13";
6"A7_DDR_DQ15";
7"A7_DDR_DQ12";
8"A7_DDR_DQS1_N";
9"A7_DDR_DQ14";
10"A7_DDR_DQ11";
11"A7_DDR_DQ9";
12"A7_DDR_DQS1_P";
13"A7_DDR_DQ10";
14"A7_DDR_DM1";
15"A7_DDR_DQ8";
16"A7_DDR_DQ0";
17"A7_DDR_DM0";
18"A7_DDR_DQ2";
19"A7_DDR_DQS0_P";
20"A7_DDR_DQ1";
21"A7_DDR_DQ6";
22"A7_DDR_DQS0_N";
23"A7_DDR_DQ4";
24"A7_DDR_DQ7";
25"A7_DDR_DQ5";
26"A7_DDR_RAS_N";
27"A7_DDR_CLK_P";
28"A7_DDR_ODT";
29"A7_DDR_CAS_N";
30"A7_DDR_CLK_N";
31"A7_DDR_CKE";
32"A7_DDR_CS_N";
33"A7_DDR_WE_N";
34"A7_DDR_A10";
35"UN$46$MT41K512M16HA-125$I25$L8";
36"A7_DDR_BA0";
37"A7_DDR_BA2";
38"A7_DDR_A15";
39"A7_DDR_A3";
40"A7_DDR_A0";
41"A7_DDR_A12";
42"A7_DDR_BA1";
43"A7_DDR_A5";
44"A7_DDR_A2";
45"A7_DDR_A1";
46"A7_DDR_A4";
47"A7_DDR_A7";
48"A7_DDR_A9";
49"A7_DDR_A11";
50"A7_DDR_A6";
51"A7_DDR_RESET_N";
52"A7_DDR_A13";
53"A7_DDR_A14";
54"A7_DDR_A8";
55"A7_DDR_DQ3";
56"GND_SIGNAL\g";
57"V_A7_1V35_DDR";
58"GND_SIGNAL\g";
59"GND_SIGNAL\g";
60"A7_DDR_CLK_N";
61"A7_DDR_CLK_P";
62"V_A7_1V35";
%"R"
"1","(-9750,3550)","1","resistor","I1";
;
VALUE"80-1%"
CODE""
CDS_LIB"resistor"
$LOCATION"?"
CDS_LMAN_SYM_OUTLINE"-100,25,100,-25";
"A"60;
"B"61;
%"R"
"1","(-2050,4200)","1","resistor","I10";
;
VALUE"1K-1%"
CODE"07090549"
CDS_LIB"resistor"
$LOCATION"?"
CDS_LMAN_SYM_OUTLINE"-100,25,100,-25";
"A"58;
"B"4;
%"C"
"1","(-1900,3150)","0","capcitor","I11";
;
VALUE"0.1U"
CODE"08070262"
CDS_LIB"capcitor"
$LOCATION"?"
CDS_LMAN_SYM_OUTLINE"-50,0,50,-50";
"1"57;
"2"56;
%"C"
"1","(-1750,3150)","0","capcitor","I12";
;
VALUE"0.1U"
CODE"08070262"
CDS_LIB"capcitor"
$LOCATION"?"
CDS_LMAN_SYM_OUTLINE"-50,0,50,-50";
"1"57;
"2"56;
%"C"
"1","(-1600,3150)","0","capcitor","I13";
;
VALUE"0.1U"
CODE"08070262"
CDS_LIB"capcitor"
$LOCATION"?"
CDS_LMAN_SYM_OUTLINE"-50,0,50,-50";
"1"57;
"2"56;
%"C"
"1","(-1350,3150)","0","capcitor","I14";
;
VALUE"0.1U"
CODE"08070262"
CDS_LIB"capcitor"
$LOCATION"?"
CDS_LMAN_SYM_OUTLINE"-50,0,50,-50";
"1"57;
"2"56;
%"C"
"1","(-1200,3150)","0","capcitor","I15";
;
VALUE"0.1U"
CODE"08070262"
CDS_LIB"capcitor"
$LOCATION"?"
CDS_LMAN_SYM_OUTLINE"-50,0,50,-50";
"1"57;
"2"56;
%"C"
"1","(-1050,3150)","0","capcitor","I16";
;
VALUE"0.1U"
CODE"08070262"
CDS_LIB"capcitor"
$LOCATION"?"
CDS_LMAN_SYM_OUTLINE"-50,0,50,-50";
"1"57;
"2"56;
%"C"
"1","(-900,3150)","0","capcitor","I17";
;
VALUE"0.1U"
CODE"08070262"
CDS_LIB"capcitor"
$LOCATION"?"
CDS_LMAN_SYM_OUTLINE"-50,0,50,-50";
"1"57;
"2"56;
%"C"
"1","(-750,3150)","0","capcitor","I18";
;
VALUE"0.1U"
CODE"08070262"
CDS_LIB"capcitor"
$LOCATION"?"
CDS_LMAN_SYM_OUTLINE"-50,0,50,-50";
"1"57;
"2"56;
%"C"
"1","(-2500,4250)","2","capcitor","I19";
;
VALUE"1U"
CODE"98070403"
CDS_LIB"capcitor"
$LOCATION"?"
CDS_LMAN_SYM_OUTLINE"-50,0,50,-50";
"1"4;
"2"58;
%"R"
"1","(-6750,3050)","0","resistor","I2";
;
VALUE"240"
CODE"07090111"
CDS_LIB"resistor"
$LOCATION"?"
CDS_LMAN_SYM_OUTLINE"-100,25,100,-25";
"A"35;
"B"59;
%"C"
"1","(-2300,4250)","0","capcitor","I20";
;
VALUE"0.01U"
CODE"08070247"
CDS_LIB"capcitor"
$LOCATION"?"
CDS_LMAN_SYM_OUTLINE"-50,0,50,-50";
"1"4;
"2"58;
%"R"
"1","(-2050,4800)","1","resistor","I21";
;
VALUE"1K-1%"
CODE"07090549"
CDS_LIB"resistor"
$LOCATION"?"
CDS_LMAN_SYM_OUTLINE"-100,25,100,-25";
"A"4;
"B"3;
%"C"
"1","(-2300,4850)","0","capcitor","I22";
;
VALUE"0.01U"
CODE"08070247"
CDS_LIB"capcitor"
$LOCATION"?"
CDS_LMAN_SYM_OUTLINE"-50,0,50,-50";
"1"3;
"2"4;
%"MT41K512M16HA-125"
"2","(-1550,4850)","0","ic","I23";
;
CDS_LIB"ic"
CDS_LMAN_SYM_OUTLINE"-125,1100,250,-425";
"T9"2;
"T1"2;
"R9"3;
"R1"3;
"P9"2;
"P1"2;
"N9"3;
"N1"3;
"M9"2;
"M8"4;
"M1"2;
"K8"3;
"K2"3;
"J8"2;
"J2"2;
"H9"1;
"H2"1;
"H1"4;
"G9"2;
"G8"2;
"G7"3;
"G1"2;
"F9"2;
"F1"1;
"E9"1;
"E8"2;
"E2"2;
"E1"2;
"D9"3;
"D8"2;
"D2"1;
"D1"2;
"C9"1;
"C1"1;
"B9"2;
"B3"2;
"B2"3;
"B1"2;
"A9"2;
"A8"1;
"A1"1;
%"GND_SIGNAL"
"1","(-1250,4600)","0","standard","I24";
;
HDL_POWER"GND_SIGNAL"
BODY_TYPE"PLUMBING"
CDS_LIB"standard";
"GND"2;
%"MT41K512M16HA-125"
"1","(-7450,4400)","0","ic","I25";
;
CDS_LIB"ic"
CDS_LMAN_SYM_OUTLINE"-125,1400,325,-1850";
"F8"55;
"T8"54;
"T7"53;
"T3"52;
"T2"51;
"R8"50;
"R7"49;
"R3"48;
"R2"47;
"P8"46;
"P7"45;
"P3"44;
"P2"43;
"N8"42;
"N7"41;
"N3"40;
"N2"39;
"M7"38;
"M3"37;
"M2"36;
"L9"0;
"L8"35;
"L7"34;
"L3"33;
"L2"32;
"L1"0;
"K9"31;
"K7"30;
"K3"29;
"K1"28;
"J9"0;
"J7"27;
"J3"26;
"J1"0;
"H8"25;
"H7"24;
"H3"23;
"G3"22;
"G2"21;
"F7"20;
"F3"19;
"F2"18;
"E7"17;
"E3"16;
"D7"15;
"D3"14;
"C8"13;
"C7"12;
"C3"11;
"C2"10;
"B8"9;
"B7"8;
"A7"7;
"A3"6;
"A2"5;
%"GND_SIGNAL"
"1","(-6350,3000)","1","standard","I3";
;
BODY_TYPE"PLUMBING"
HDL_POWER"GND_SIGNAL"
CDS_LIB"standard";
"GND"59;
%"LB"
"1","(-2800,3350)","0","inductor","I4";
;
VALUE"100MOHM"
$LOCATION"?"
CODE"10070008"
CDS_LMAN_SYM_OUTLINE"-125,50,125,0"
CDS_LIB"inductor";
"B"57;
"A"62;
%"GND_SIGNAL"
"1","(-2500,2750)","0","standard","I5";
;
BODY_TYPE"PLUMBING"
HDL_POWER"GND_SIGNAL"
CDS_LIB"standard";
"GND"56;
%"C"
"1","(-2450,3150)","0","capcitor","I6";
;
VALUE"10UF"
CODE"98070517"
CDS_LIB"capcitor"
$LOCATION"?"
CDS_LMAN_SYM_OUTLINE"-50,0,50,-50";
"1"57;
"2"56;
%"C"
"1","(-2200,3150)","0","capcitor","I7";
;
VALUE"0.1U"
CODE"08070262"
CDS_LIB"capcitor"
$LOCATION"?"
CDS_LMAN_SYM_OUTLINE"-50,0,50,-50";
"1"57;
"2"56;
%"C"
"1","(-2050,3150)","0","capcitor","I8";
;
VALUE"0.1U"
CODE"08070262"
CDS_LIB"capcitor"
$LOCATION"?"
CDS_LMAN_SYM_OUTLINE"-50,0,50,-50";
"1"57;
"2"56;
%"GND_SIGNAL"
"1","(-2100,3800)","0","standard","I9";
;
BODY_TYPE"PLUMBING"
HDL_POWER"GND_SIGNAL"
CDS_LIB"standard";
"GND"58;
END.
