FILE_TYPE = CONNECTIVITY;
{Allegro Design Entry HDL 16.6-p007 (v16-6-112F) 10/10/2012}
"PAGE_NUMBER" = 18;
0"NC";
1"GND_SIGNAL\g";
2"GND_SIGNAL\g";
3"GND_SIGNAL\g";
4"GND_SIGNAL\g";
5"GND_SIGNAL\g";
6"GND_SIGNAL\g";
7"GND_SIGNAL\g";
8"GND_SIGNAL\g";
9"GND_SIGNAL\g";
10"GND_SIGNAL\g";
11"S7_QSPI_CS_N";
12"S7_USBCON_ADR0";
13"S7_USBCON_ADR1";
14"S7_RST_N";
15"S7_USBCON_INT1";
16"S7_USBCON_FD4";
17"S7_USBCON_FLAGC";
18"S7_5053_WDI";
19"S7_5053_MR_N";
20"V_S7_3V3_VCCO";
21"S7_CONFIG_PUDC_B";
22"V_S7_3V3_VCCO";
23"V_S7_3V3_VCCO";
24"S7_CONFIG_DONE";
25"UN$18$LEDS$I38$A";
26"S7_JTAG_TDI_R";
27"S7_JTAG_TDI";
28"S7_JTAG_TMS_R";
29"S7_JTAG_TMS";
30"S7_JTAG_TDO_R";
31"S7_JTAG_TDO";
32"S7_JTAG_TCK_R";
33"S7_JTAG_TCK";
34"S7_QSPI_CS_N";
35"S7_QSPI_CS_N_R";
36"S7_QSPI_CLK";
37"S7_QSPI_CLK_R";
38"S7_QSPI_DQ0_R";
39"S7_QSPI_DQ0";
40"S7_QSPI_DQ1_R";
41"S7_QSPI_DQ1";
42"S7_QSPI_DQ2_R";
43"S7_QSPI_DQ2";
44"S7_QSPI_DQ3_R";
45"S7_QSPI_DQ3";
46"S7_CONFIG_M0";
47"S7_CONFIG_M1";
48"S7_CONFIG_M2";
49"V_S7_3V3_VCCO";
50"S7_CONFIG_PROGRAM_B";
51"V_S7_3V3_VCCO";
52"S7_CONFIG_INIT_B";
53"V_S7_3V3_VCCO";
54"S7_CONFIG_CFGBVS";
55"V_S7_3V3_VCCO";
56"V_S7_1V8_VCCAUX";
57"S7_CONFIG_INIT_B";
58"V_S7_3V3_VCCO";
59"V_S7_3V3_VCCO";
60"S7_QSPI_DQ3";
61"S7_CONFIG_PUDC_B";
62"S7_QSPI_DQ0";
63"S7_QSPI_DQ1";
64"S7_QSPI_DQ2";
65"S7_HDMI_HP";
66"S7_HDMI_DATA0_R_P";
67"S7_HDMI_DATA0_R_N";
68"S7_HDMI_DATA1_R_P";
69"S7_HDMI_DATA1_R_N";
70"S7_QSPI_CS_N";
71"S7_HDMI_CLK_R_P";
72"S7_HDMI_CLK_R_N";
73"S7_USBCON_SLOE";
74"S7_USBCON_IFCLK";
75"S7_USBCON_PEND";
76"S7_USBCON_SLCS_N";
77"S7_USBCON_FD0";
78"S7_USBCON_FD1";
79"S7_USBCON_FD2";
80"S7_USBCON_FD3";
81"S7_USBCON_FD5";
82"S7_USBCON_FD6";
83"S7_USBCON_FD7";
84"S7_USBCON_SLRD";
85"S7_USBCON_SLWR";
86"S7_USBCON_FLAGA";
87"S7_USBCON_FLAGB";
88"S7_USBCON_INT0";
89"S7_CONFIG_DONE";
90"V_S7_1V8_VCCAUX";
91"S7_JTAG_TCK";
92"S7_QSPI_CLK";
93"S7_CONFIG_M0";
94"S7_CONFIG_M1";
95"S7_JTAG_TDI";
96"S7_JTAG_TDO";
97"S7_CONFIG_M2";
98"S7_CONFIG_CFGBVS";
99"S7_CONFIG_PROGRAM_B";
100"S7_JTAG_TMS";
%"XC7S50FGGA484"
"1","(-8500,6400)","0","ic","I1";
;
VALUE"XC7S50FGGA484"
CDS_LIB"ic"
CDS_LMAN_SYM_OUTLINE"-125,525,300,-225";
"Y10"100;
"U11"99;
"V11"98;
"U10"97;
"W10"96;
"W9"95;
"T9"57;
"T10"94;
"T11"93;
"D9"92;
"L12"8;
"L11"10;
"N11"8;
"G9"91;
"E9"56;
"M11"8;
"M12"8;
"K11"90;
"K12"10;
"N12"8;
"U9"89;
%"ESD"
"1","(-3050,6150)","0","protection","I12";
;
$LOCATION"?"
VALUE"ESD-3.3V"
CDS_LIB"protection"
CDS_LMAN_SYM_OUTLINE"-50,50,50,-50";
"1"32;
"2"1;
%"ESD"
"1","(-3150,6150)","0","protection","I13";
;
$LOCATION"?"
VALUE"ESD-3.3V"
CDS_LIB"protection"
CDS_LMAN_SYM_OUTLINE"-50,50,50,-50";
"1"30;
"2"1;
%"ESD"
"1","(-3250,6150)","0","protection","I14";
;
$LOCATION"?"
VALUE"ESD-3.3V"
CDS_LIB"protection"
CDS_LMAN_SYM_OUTLINE"-50,50,50,-50";
"1"28;
"2"1;
%"ESD"
"1","(-3350,6150)","0","protection","I15";
;
$LOCATION"?"
VALUE"ESD-3.3V"
CDS_LIB"protection"
CDS_LMAN_SYM_OUTLINE"-50,50,50,-50";
"1"26;
"2"1;
%"GND_SIGNAL"
"1","(-3400,5900)","0","standard","I16";
;
CDS_LIB"standard"
BODY_TYPE"PLUMBING"
HDL_POWER"GND_SIGNAL";
"GND"1;
%"HEAD2X5"
"1","(-2700,6800)","0","connector","I17";
;
$LOCATION"?"
VALUE"HEAD2X5"
CODE"14050182"
CDS_LIB"connector"
CDS_LMAN_SYM_OUTLINE"-150,300,150,-300";
"P2"2;
"P4"59;
"P6"0;
"P10"2;
"P8"0;
"P1"32;
"P3"30;
"P5"28;
"P9"26;
"P7"0;
%"C"
"1","(-2200,6650)","0","capcitor","I18";
;
$LOCATION"?"
VALUE"0.1U"
CDS_LMAN_SYM_OUTLINE"-50,0,50,-50"
CDS_LIB"capcitor"
CODE"08070262";
"1"59;
"2"2;
%"GND_SIGNAL"
"1","(-2400,5950)","0","standard","I19";
;
CDS_LIB"standard"
BODY_TYPE"PLUMBING"
HDL_POWER"GND_SIGNAL";
"GND"2;
%"XC7S50FGGA484"
"3","(-3550,2050)","0","ic","I2";
;
VALUE"XC7S50FGGA484"
CDS_LIB"ic"
CDS_LMAN_SYM_OUTLINE"-125,1250,900,-100";
"N15"14;
"T16"19;
"V19"18;
"V18"0;
"AB20"15;
"AB19"88;
"AB21"17;
"AA21"87;
"Y19"86;
"W18"85;
"AA22"84;
"Y22"83;
"AA20"82;
"Y20"81;
"T20"16;
"T19"80;
"R20"79;
"R19"78;
"R17"77;
"R16"76;
"U17"75;
"T17"13;
"R18"12;
"P17"74;
"P16"73;
"P15"0;
"U19"0;
"U18"0;
"V20"0;
"U20"0;
"Y21"0;
"W21"0;
"V22"0;
"U22"0;
"W22"0;
"V21"0;
"T22"72;
"T21"71;
"N18"0;
"N17"70;
"P20"69;
"N20"68;
"P22"67;
"P21"66;
"N19"65;
"M19"61;
"N22"60;
"N21"64;
"M22"63;
"M21"62;
%"R"
"1","(-4350,7000)","0","resistor","I20";
;
$LOCATION"?"
VALUE"100"
CDS_LMAN_SYM_OUTLINE"-100,25,100,-25"
CDS_LIB"resistor"
CODE"07090603";
"A"33;
"B"32;
%"R"
"1","(-4350,6900)","0","resistor","I21";
;
$LOCATION"?"
VALUE"100"
CDS_LMAN_SYM_OUTLINE"-100,25,100,-25"
CDS_LIB"resistor"
CODE"07090603";
"A"31;
"B"30;
%"R"
"1","(-4350,6800)","0","resistor","I22";
;
$LOCATION"?"
VALUE"100"
CDS_LMAN_SYM_OUTLINE"-100,25,100,-25"
CDS_LIB"resistor"
CODE"07090603";
"A"29;
"B"28;
%"R"
"1","(-4350,6600)","0","resistor","I23";
;
$LOCATION"?"
VALUE"100"
CDS_LMAN_SYM_OUTLINE"-100,25,100,-25"
CDS_LIB"resistor"
CODE"07090603";
"A"27;
"B"26;
%"R"
"1","(-8650,3950)","1","resistor","I24";
;
$LOCATION"?"
VALUE"4.7K"
CDS_LMAN_SYM_OUTLINE"-100,25,100,-25"
CDS_LIB"resistor"
CODE"07090246";
"A"48;
"B"20;
%"R"
"1","(-7900,3550)","2","resistor","I25";
;
$LOCATION"?"
VALUE"0"
CDS_LMAN_SYM_OUTLINE"-100,25,100,-25"
CDS_LIB"resistor"
CODE"07090522";
"A"3;
"B"48;
%"R"
"1","(-8450,3950)","1","resistor","I26";
;
$LOCATION"?"
VALUE"4.7K"
CDS_LMAN_SYM_OUTLINE"-100,25,100,-25"
CDS_LIB"resistor"
CODE"07090246";
"A"47;
"B"20;
%"R"
"1","(-8250,3950)","1","resistor","I27";
;
$LOCATION"?"
VALUE"4.7K"
CDS_LMAN_SYM_OUTLINE"-100,25,100,-25"
CDS_LIB"resistor"
CODE"07090246";
"A"46;
"B"20;
%"R"
"1","(-7900,3350)","2","resistor","I28";
;
$LOCATION"?"
VALUE"0"
CDS_LMAN_SYM_OUTLINE"-100,25,100,-25"
CDS_LIB"resistor"
CODE"07090522";
"A"3;
"B"47;
%"R"
"1","(-7900,3150)","2","resistor","I29";
;
$LOCATION"?"
VALUE"0"
CDS_LMAN_SYM_OUTLINE"-100,25,100,-25"
CDS_LIB"resistor"
CODE"07090522";
"A"3;
"B"46;
%"GND_SIGNAL"
"1","(-7550,2900)","0","standard","I30";
;
HDL_POWER"GND_SIGNAL"
BODY_TYPE"PLUMBING"
CDS_LIB"standard";
"GND"3;
%"R"
"1","(-8450,5700)","2","resistor","I31";
;
$LOCATION"?"
VALUE"4.7K"
CDS_LMAN_SYM_OUTLINE"-100,25,100,-25"
CDS_LIB"resistor"
CODE"07090246";
"A"55;
"B"54;
%"R"
"1","(-8450,2400)","2","resistor","I32";
;
$LOCATION"?"
VALUE"4.7K"
CDS_LMAN_SYM_OUTLINE"-100,25,100,-25"
CDS_LIB"resistor"
CODE"07090246";
"A"53;
"B"52;
%"R"
"1","(-8450,2100)","2","resistor","I33";
;
$LOCATION"?"
VALUE"4.7K"
CDS_LMAN_SYM_OUTLINE"-100,25,100,-25"
CDS_LIB"resistor"
CODE"07090246";
"A"51;
"B"50;
%"RESETKEY"
"1","(-8750,1850)","0","switch","I34";
;
VALUE"RESET-SMT"
$LOCATION"?"
CODE"16100017"
CDS_LIB"switch"
CDS_LMAN_SYM_OUTLINE"200,50,450,-100";
"B2"0;
"B1"4;
"A1"0;
"A2"50;
%"GND_SIGNAL"
"1","(-8050,1750)","1","standard","I35";
;
HDL_POWER"GND_SIGNAL"
BODY_TYPE"PLUMBING"
CDS_LIB"standard";
"GND"4;
%"R"
"1","(-8450,1250)","0","resistor","I36";
;
$LOCATION"?"
VALUE"100"
CDS_LMAN_SYM_OUTLINE"-100,25,100,-25"
CDS_LIB"resistor"
CODE"07090603";
"A"24;
"B"25;
%"R"
"1","(-8450,1450)","0","resistor","I37";
;
$LOCATION"?"
VALUE"330"
CDS_LMAN_SYM_OUTLINE"-100,25,100,-25"
CDS_LIB"resistor"
CODE"07090387";
"A"24;
"B"23;
%"LED_S"
"1","(-7900,1250)","2","diode","I38";
;
VALUE"HSMG-C170-B"
$LOCATION"?"
CODE"15020063"
CDS_LIB"diode"
CDS_LMAN_SYM_OUTLINE"-150,50,50,-75";
"A"25;
"B"5;
%"GND_SIGNAL"
"1","(-7500,1200)","1","standard","I39";
;
HDL_POWER"GND_SIGNAL"
BODY_TYPE"PLUMBING"
CDS_LIB"standard";
"GND"5;
%"S25FL128SAGMF"
"1","(-3300,4900)","0","ic","I40";
;
CDS_LIB"ic"
CDS_LMAN_SYM_OUTLINE"-125,400,275,-575";
"16"37;
"15"38;
"14"58;
"13"0;
"12"0;
"11"0;
"10"7;
"9"42;
"8"40;
"7"35;
"6"0;
"5"0;
"4"0;
"3"0;
"2"58;
"1"44;
%"C"
"1","(-2700,5400)","1","capcitor","I41";
;
$LOCATION"?"
VALUE"0.1U"
CDS_LMAN_SYM_OUTLINE"-50,0,50,-50"
CDS_LIB"capcitor"
CODE"08070262";
"1"58;
"2"6;
%"GND_SIGNAL"
"1","(-2350,5350)","1","standard","I42";
;
CDS_LIB"standard"
HDL_POWER"GND_SIGNAL"
BODY_TYPE"PLUMBING";
"GND"6;
%"GND_SIGNAL"
"1","(-2650,4600)","1","standard","I43";
;
CDS_LIB"standard"
BODY_TYPE"PLUMBING"
HDL_POWER"GND_SIGNAL";
"GND"7;
%"R"
"1","(-4300,5250)","0","resistor","I44";
;
$LOCATION"?"
VALUE"0"
CDS_LMAN_SYM_OUTLINE"-100,25,100,-25"
CDS_LIB"resistor"
CODE"07090522";
"A"45;
"B"44;
%"R"
"1","(-4300,5150)","0","resistor","I45";
;
$LOCATION"?"
VALUE"0"
CDS_LMAN_SYM_OUTLINE"-100,25,100,-25"
CDS_LIB"resistor"
CODE"07090522";
"A"43;
"B"42;
%"R"
"1","(-4300,5050)","0","resistor","I46";
;
$LOCATION"?"
VALUE"0"
CDS_LMAN_SYM_OUTLINE"-100,25,100,-25"
CDS_LIB"resistor"
CODE"07090522";
"A"41;
"B"40;
%"R"
"1","(-4300,4950)","0","resistor","I47";
;
$LOCATION"?"
VALUE"0"
CDS_LMAN_SYM_OUTLINE"-100,25,100,-25"
CDS_LIB"resistor"
CODE"07090522";
"A"39;
"B"38;
%"R"
"1","(-2000,4950)","0","resistor","I48";
;
$LOCATION"?"
VALUE"0"
CDS_LMAN_SYM_OUTLINE"-100,25,100,-25"
CDS_LIB"resistor"
CODE"07090522";
"A"37;
"B"36;
%"R"
"1","(-2000,4850)","0","resistor","I49";
;
$LOCATION"?"
VALUE"0"
CDS_LMAN_SYM_OUTLINE"-100,25,100,-25"
CDS_LIB"resistor"
CODE"07090522";
"A"35;
"B"34;
%"GND_SIGNAL"
"1","(-8050,6100)","2","standard","I5";
;
HDL_POWER"GND_SIGNAL"
BODY_TYPE"PLUMBING"
CDS_LIB"standard";
"GND"8;
%"R"
"1","(-3200,4050)","2","resistor","I51";
;
$LOCATION"?"
VALUE"4.7K"
CDS_LMAN_SYM_OUTLINE"-100,25,100,-25"
CDS_LIB"resistor"
CODE"07090246";
"A"49;
"B"11;
%"R"
"1","(-3100,1700)","0","resistor","I52";
;
$LOCATION"?"
VALUE"1K"
CDS_LMAN_SYM_OUTLINE"-100,25,100,-25"
CDS_LIB"resistor"
CODE"07090277";
"A"21;
"B"22;
%"R"
"1","(-3100,1550)","0","resistor","I53";
;
$LOCATION"?"
VALUE"1K"
CDS_LMAN_SYM_OUTLINE"-100,25,100,-25"
CDS_LIB"resistor"
CODE"07090277";
"A"21;
"B"9;
%"GND_SIGNAL"
"1","(-2700,1500)","1","standard","I54";
;
CDS_LIB"standard"
BODY_TYPE"PLUMBING"
HDL_POWER"GND_SIGNAL";
"GND"9;
%"GND_SIGNAL"
"1","(-8800,6100)","0","standard","I7";
;
HDL_POWER"GND_SIGNAL"
BODY_TYPE"PLUMBING"
CDS_LIB"standard";
"GND"10;
END.
