FILE_TYPE = CONNECTIVITY;
{Allegro Design Entry HDL 16.6-p007 (v16-6-112F) 10/10/2012}
"PAGE_NUMBER" = 24;
0"NC";
1"S7_DDR_A15";
2"GND_SIGNAL\g";
3"S7_DDR_VREF";
4"V_S7_1V35_VCCO";
5"S7_DDR_A14";
6"S7_DDR_A13";
7"S7_DDR_A12";
8"S7_DDR_DQS0_P";
9"S7_DDR_DQS0_N";
10"S7_DDR_A11";
11"S7_DDR_A10";
12"S7_DDR_A9";
13"S7_DDR_A8";
14"S7_DDR_A7";
15"S7_DDR_VREF";
16"S7_DDR_A6";
17"S7_DDR_A5";
18"S7_DDR_A4";
19"S7_DDR_A3";
20"S7_DDR_DQS1_P";
21"S7_DDR_DQS1_N";
22"S7_DDR_A2";
23"S7_DDR_A1";
24"S7_DDR_CS_N";
25"S7_DDR_RAS_N";
26"S7_DDR_CLK_P";
27"S7_DDR_CLK_N";
28"S7_DDR_CAS_N";
29"S7_DDR_BA2";
30"S7_DDR_BA1";
31"S7_DDR_BA0";
32"S7_DDR_DM0";
33"S7_DDR_DM1";
34"S7_DDR_DQ0";
35"S7_DDR_DQ1";
36"S7_DDR_DQ2";
37"S7_DDR_DQ3";
38"S7_DDR_DQ4";
39"S7_DDR_DQ5";
40"S7_DDR_DQ6";
41"S7_DDR_ODT";
42"S7_DDR_DQ7";
43"S7_DDR_DQ8";
44"S7_DDR_CKE";
45"S7_DDR_WE_N";
46"S7_DDR_DQ9";
47"S7_DDR_DQ10";
48"S7_DDR_DQ11";
49"S7_DDR_DQ12";
50"S7_DDR_DQ13";
51"S7_DDR_DQ14";
52"S7_DDR_DQ15";
53"S7_DDR_A0";
%"XC7S50FGGA484"
"6","(-6700,4650)","0","ic","I1";
;
VALUE"XC7S50FGGA484"
CDS_LIB"ic"
CDS_LMAN_SYM_OUTLINE"-125,1250,575,-100";
"R2"53;
"T1"52;
"AB9"51;
"AA9"50;
"AB7"49;
"AA7"48;
"AB10"47;
"AA10"46;
"Y7"45;
"W7"44;
"AA8"43;
"Y8"42;
"W8"41;
"V8"40;
"AB4"39;
"AB5"38;
"AA1"37;
"AA2"36;
"AB2"35;
"AB3"34;
"AA3"33;
"Y4"32;
"Y5"31;
"Y6"30;
"AB6"29;
"AA6"28;
"T2"27;
"T3"26;
"U3"25;
"U4"24;
"Y3"23;
"W3"22;
"U1"21;
"U2"20;
"Y1"19;
"W2"18;
"W1"17;
"V1"16;
"U8"15;
"T8"14;
"V6"13;
"V7"12;
"U5"11;
"T5"10;
"V4"9;
"V5"8;
"T6"7;
"T7"6;
"W4"5;
"W5"1;
%"GND_SIGNAL"
"1","(-6550,2350)","0","standard","I2";
;
BODY_TYPE"PLUMBING"
HDL_POWER"GND_SIGNAL"
CDS_LIB"standard";
"GND"2;
%"C"
"1","(-6950,2800)","2","capcitor","I3";
;
VALUE"1U"
CODE"98070403"
CDS_LIB"capcitor"
$LOCATION"?"
CDS_LMAN_SYM_OUTLINE"-50,0,50,-50";
"1"3;
"2"2;
%"C"
"1","(-6750,2800)","0","capcitor","I4";
;
VALUE"0.01U"
CODE"08070247"
CDS_LIB"capcitor"
$LOCATION"?"
CDS_LMAN_SYM_OUTLINE"-50,0,50,-50";
"1"3;
"2"2;
%"R"
"1","(-6500,3350)","1","resistor","I5";
;
VALUE"1K-1%"
CODE"07090549"
CDS_LIB"resistor"
$LOCATION"?"
CDS_LMAN_SYM_OUTLINE"-100,25,100,-25";
"A"3;
"B"4;
%"C"
"1","(-6750,3400)","0","capcitor","I6";
;
VALUE"0.01U"
CODE"08070247"
CDS_LIB"capcitor"
$LOCATION"?"
CDS_LMAN_SYM_OUTLINE"-50,0,50,-50";
"1"4;
"2"3;
%"R"
"1","(-6500,2750)","1","resistor","I7";
;
VALUE"1K-1%"
CODE"07090549"
CDS_LIB"resistor"
$LOCATION"?"
CDS_LMAN_SYM_OUTLINE"-100,25,100,-25";
"A"2;
"B"3;
END.
