FILE_TYPE = CONNECTIVITY;
{Allegro Design Entry HDL 16.6-p007 (v16-6-112F) 10/10/2012}
"PAGE_NUMBER" = 65;
0"NC";
1"V_Z7_1V0_VCCINT_R";
2"GND_SIGNAL\g";
3"GND_SIGNAL\g";
4"GND_SIGNAL\g";
5"GND_SIGNAL\g";
6"GND_SIGNAL\g";
7"GND_SIGNAL\g";
8"GND_SIGNAL\g";
9"GND_SIGNAL\g";
10"GND_SIGNAL\g";
11"V_Z7_1V0";
12"UN$65$R$I14$B";
13"UN$65$R$I14$A";
14"V_Z7_5V0_IN";
15"Z7_1V0_VCCINT_PG";
16"UN$65$R$I17$A";
17"UN$65$R$I17$B";
18"UN$65$R$I11$B";
19"UN$65$R$I10$B";
20"V_Z7_5V0_IN";
21"UN$65$C$I9$2";
22"UN$65$TPSM84824$I13$16";
%"GND_SIGNAL"
"1","(-8850,4900)","0","standard","I1";
;
CDS_LIB"standard"
HDL_POWER"GND_SIGNAL"
BODY_TYPE"PLUMBING";
"GND"2;
%"R"
"1","(-7450,5550)","0","resistor","I10";
;
VALUE"10M"
CODE"10071420"
CDS_LIB"resistor"
$LOCATION"?"
CDS_LMAN_SYM_OUTLINE"-100,25,100,-25";
"A"8;
"B"19;
%"R"
"1","(-7450,5350)","0","resistor","I11";
;
VALUE"3.09K-1%"
CODE"97090133"
CDS_LIB"resistor"
$LOCATION"?"
CDS_LMAN_SYM_OUTLINE"-100,25,100,-25";
"A"6;
"B"18;
%"R"
"1","(-7450,5700)","0","resistor","I12";
;
VALUE"10M"
CODE"10071420"
CDS_LIB"resistor"
$LOCATION"?"
CDS_LMAN_SYM_OUTLINE"-100,25,100,-25";
"A"20;
"B"19;
%"TPSM84824"
"1","(-6700,5300)","0","power","I13";
;
CDS_LIB"power"
CDS_LMAN_SYM_OUTLINE"-125,600,325,-1100";
"24"13;
"23"9;
"22"20;
"21"5;
"20"5;
"19"5;
"18"5;
"17"22;
"16"22;
"15"5;
"14"5;
"13"5;
"12"5;
"11"20;
"10"19;
"9"9;
"8"1;
"7"15;
"6"21;
"5"18;
"4"0;
"3"9;
"2"16;
"1"1;
%"R"
"1","(-5750,4850)","0","resistor","I14";
;
VALUE"120K-1%"
CODE"07090432"
CDS_LIB"resistor"
$LOCATION"?"
CDS_LMAN_SYM_OUTLINE"-100,25,100,-25";
"A"13;
"B"12;
%"R"
"1","(-5350,5050)","0","resistor","I15";
;
VALUE"47K-1%"
CODE"07090449"
CDS_LIB"resistor"
$LOCATION"?"
CDS_LMAN_SYM_OUTLINE"-100,25,100,-25";
"A"15;
"B"14;
%"R"
"1","(-5200,4850)","0","resistor","I16";
;
VALUE"4.02K-1%"
CODE"97090140"
CDS_LIB"resistor"
$LOCATION"?"
CDS_LMAN_SYM_OUTLINE"-100,25,100,-25";
"A"12;
"B"10;
%"R"
"1","(-5750,5250)","0","resistor","I17";
;
VALUE"4.7K"
CODE"07090246"
CDS_LIB"resistor"
$LOCATION"?"
CDS_LMAN_SYM_OUTLINE"-100,25,100,-25";
"A"16;
"B"17;
%"R"
"1","(-6000,5550)","1","resistor","I18";
;
VALUE"10K-1%"
CODE"97090157"
CDS_LIB"resistor"
$LOCATION"?"
CDS_LMAN_SYM_OUTLINE"-100,25,100,-25";
"A"16;
"B"1;
%"R"
"1","(-5200,5250)","2","resistor","I19";
;
VALUE"10K-1%"
CODE"97090157"
CDS_LIB"resistor"
$LOCATION"?"
CDS_LMAN_SYM_OUTLINE"-100,25,100,-25";
"A"4;
"B"17;
%"C"
"1","(-8800,5450)","0","capcitor","I2";
;
VALUE"10UF"
CODE"08070898"
CDS_LIB"capcitor"
$LOCATION"?"
CDS_LMAN_SYM_OUTLINE"-50,0,50,-50";
"1"20;
"2"2;
%"GND_SIGNAL"
"1","(-4850,4800)","1","standard","I20";
;
CDS_LIB"standard"
HDL_POWER"GND_SIGNAL"
BODY_TYPE"PLUMBING";
"GND"10;
%"GND_SIGNAL"
"1","(-4150,4850)","0","standard","I21";
;
CDS_LIB"standard"
HDL_POWER"GND_SIGNAL"
BODY_TYPE"PLUMBING";
"GND"3;
%"GND_SIGNAL"
"1","(-4850,5200)","1","standard","I22";
;
CDS_LIB"standard"
HDL_POWER"GND_SIGNAL"
BODY_TYPE"PLUMBING";
"GND"4;
%"CP"
"1","(-4100,5400)","0","capcitor","I23";
;
VALUE"100U-6.3V"
CODE"98010240"
CDS_LIB"capcitor"
$LOCATION"?"
CDS_LMAN_SYM_OUTLINE"-50,0,50,-50";
"2"3;
"1"1;
%"CP"
"1","(-4000,5400)","0","capcitor","I24";
;
VALUE"100U-6.3V"
CODE"98010240"
CDS_LIB"capcitor"
$LOCATION"?"
CDS_LMAN_SYM_OUTLINE"-50,0,50,-50";
"2"3;
"1"1;
%"CP"
"1","(-3900,5400)","0","capcitor","I25";
;
VALUE"100U-6.3V"
CODE"98010240"
CDS_LIB"capcitor"
$LOCATION"?"
CDS_LMAN_SYM_OUTLINE"-50,0,50,-50";
"2"3;
"1"1;
%"R"
"1","(-3500,5850)","0","resistor","I26";
;
VALUE"0.27"
CODE"07090922"
CDS_LIB"resistor"
$LOCATION"?"
CDS_LMAN_SYM_OUTLINE"-100,25,100,-25";
"A"1;
"B"11;
%"R"
"1","(-3500,5900)","0","resistor","I27";
;
VALUE"0.27"
CODE"07090922"
CDS_LIB"resistor"
$LOCATION"?"
CDS_LMAN_SYM_OUTLINE"-100,25,100,-25";
"A"1;
"B"11;
%"R"
"1","(-3500,5950)","0","resistor","I28";
;
VALUE"0.27"
CODE"07090922"
CDS_LIB"resistor"
$LOCATION"?"
CDS_LMAN_SYM_OUTLINE"-100,25,100,-25";
"A"1;
"B"11;
%"R"
"1","(-3500,6050)","0","resistor","I29";
;
VALUE"0.27"
CODE"07090922"
CDS_LIB"resistor"
$LOCATION"?"
CDS_LMAN_SYM_OUTLINE"-100,25,100,-25";
"A"1;
"B"11;
%"C"
"1","(-8650,5450)","0","capcitor","I3";
;
VALUE"10UF"
CODE"08070898"
CDS_LIB"capcitor"
$LOCATION"?"
CDS_LMAN_SYM_OUTLINE"-50,0,50,-50";
"1"20;
"2"2;
%"R"
"1","(-3500,6000)","0","resistor","I30";
;
VALUE"0.27"
CODE"07090922"
CDS_LIB"resistor"
$LOCATION"?"
CDS_LMAN_SYM_OUTLINE"-100,25,100,-25";
"A"1;
"B"11;
%"R"
"1","(-3500,6100)","0","resistor","I31";
;
VALUE"0.27"
CODE"07090922"
CDS_LIB"resistor"
$LOCATION"?"
CDS_LMAN_SYM_OUTLINE"-100,25,100,-25";
"A"1;
"B"11;
%"R"
"1","(-3500,6200)","0","resistor","I32";
;
VALUE"0.27"
CODE"07090922"
CDS_LIB"resistor"
$LOCATION"?"
CDS_LMAN_SYM_OUTLINE"-100,25,100,-25";
"A"1;
"B"11;
%"R"
"1","(-3500,6150)","0","resistor","I33";
;
VALUE"0.27"
CODE"07090922"
CDS_LIB"resistor"
$LOCATION"?"
CDS_LMAN_SYM_OUTLINE"-100,25,100,-25";
"A"1;
"B"11;
%"GND_SIGNAL"
"1","(-6300,4050)","0","standard","I4";
;
CDS_LIB"standard"
BODY_TYPE"PLUMBING"
HDL_POWER"GND_SIGNAL";
"GND"9;
%"GND_SIGNAL"
"1","(-7000,4050)","0","standard","I5";
;
CDS_LIB"standard"
HDL_POWER"GND_SIGNAL"
BODY_TYPE"PLUMBING";
"GND"5;
%"GND_SIGNAL"
"1","(-7850,5300)","7","standard","I6";
;
CDS_LIB"standard"
HDL_POWER"GND_SIGNAL"
BODY_TYPE"PLUMBING";
"GND"6;
%"GND_SIGNAL"
"1","(-7850,5100)","7","standard","I7";
;
CDS_LIB"standard"
HDL_POWER"GND_SIGNAL"
BODY_TYPE"PLUMBING";
"GND"7;
%"GND_SIGNAL"
"1","(-7850,5500)","7","standard","I8";
;
CDS_LIB"standard"
BODY_TYPE"PLUMBING"
HDL_POWER"GND_SIGNAL";
"GND"8;
%"C"
"1","(-7450,5150)","1","capcitor","I9";
;
VALUE"22NF"
CODE"08070246"
CDS_LIB"capcitor"
$LOCATION"?"
CDS_LMAN_SYM_OUTLINE"-50,0,50,-50";
"1"7;
"2"21;
END.
