FILE_TYPE = CONNECTIVITY;
{Allegro Design Entry HDL 16.6-p007 (v16-6-112F) 10/10/2012}
"PAGE_NUMBER" = 70;
0"NC";
1"GND_SIGNAL\g";
2"GND_SIGNAL\g";
3"GND_SIGNAL\g";
4"GND_SIGNAL\g";
5"GND_SIGNAL\g";
6"GND_SIGNAL\g";
7"Z7_HDMI_DATA0_P";
8"Z7_HDMI_CEC";
9"Z7_HDMI_HP";
10"Z7_HDMI_CEC";
11"V_Z7_3V3_VCCO";
12"UN$70$AO3400$I31$1";
13"V_Z7_3V3_VCCO";
14"UN$70$AO3400$I34$1";
15"Z7_HDMI_SDA";
16"Z7_HDMI_SDA_Q";
17"V_Z7_5V0_HDMI";
18"Z7_HDMI_SCL_Q";
19"V_Z7_5V0_HDMI";
20"Z7_HDMI_SCL";
21"Z7_HDMI_SDA";
22"Z7_HDMI_SCL";
23"V_Z7_3V3_VCCO";
24"UN$70$DIODE$I37$A";
25"Z7_HDMI_CLK_R_N";
26"Z7_HDMI_CLK_N";
27"Z7_HDMI_CLK_R_P";
28"Z7_HDMI_CLK_P";
29"Z7_HDMI_DATA2_R_N";
30"Z7_HDMI_DATA2_N";
31"Z7_HDMI_DATA2_R_P";
32"Z7_HDMI_DATA2_P";
33"Z7_HDMI_DATA1_R_N";
34"Z7_HDMI_DATA1_N";
35"Z7_HDMI_DATA1_R_P";
36"Z7_HDMI_DATA1_P";
37"Z7_HDMI_DATA0_R_N";
38"Z7_HDMI_DATA0_N";
39"Z7_HDMI_DATA0_R_P";
40"Z7_HDMI_DATA0_P";
41"V_Z7_PL_3V3_VCCO";
42"V_Z7_5V0_IN";
43"V_Z7_5V0_HDMI";
44"Z7_HDMI_DATA2_P";
45"Z7_HDMI_DATA2_N";
46"Z7_HDMI_DATA1_P";
47"Z7_HDMI_DATA1_N";
48"Z7_HDMI_DATA0_N";
49"Z7_HDMI_CLK_P";
50"Z7_HDMI_CLK_N";
51"V_Z7_5V0_HDMI";
52"Z7_HDMI_CEC";
53"Z7_HDMI_HP";
54"Z7_HDMI_SCL";
55"Z7_HDMI_SDA";
56"Z7_HDMI_SDA";
57"Z7_HDMI_SCL";
58"Z7_HDMI_HP";
59"Z7_HDMI_CEC";
60"Z7_HDMI_DATA2_P";
61"Z7_HDMI_DATA2_N";
62"Z7_HDMI_CLK_P";
63"Z7_HDMI_CLK_N";
64"Z7_HDMI_CLK_N";
65"Z7_HDMI_CLK_P";
66"Z7_HDMI_DATA2_N";
67"Z7_HDMI_DATA2_P";
68"Z7_HDMI_DATA0_P";
69"Z7_HDMI_DATA0_N";
70"Z7_HDMI_DATA1_P";
71"Z7_HDMI_DATA1_N";
72"Z7_HDMI_DATA1_N";
73"Z7_HDMI_DATA1_P";
74"Z7_HDMI_DATA0_N";
75"Z7_HDMI_DATA0_P";
%"RCLAMP0524P"
"1","(-8650,3050)","0","protection","I1";
;
CDS_LIB"protection"
CDS_LMAN_SYM_OUTLINE"-125,275,200,-250";
"10"59;
"9"58;
"8"2;
"7"57;
"6"56;
"5"55;
"4"54;
"3"2;
"2"53;
"1"52;
%"DIODE"
"1","(-5000,4800)","0","diode","I10";
;
VALUE"MBRS120T3"
$LOCATION"?"
CODE"15010058"
CDS_LIB"diode"
CDS_LMAN_SYM_OUTLINE"-50,50,50,-50";
"K"43;
"A"42;
%"GND_SIGNAL"
"1","(-4750,4300)","0","standard","I11";
;
HDL_POWER"GND_SIGNAL"
BODY_TYPE"PLUMBING"
CDS_LIB"standard";
"GND"1;
%"C"
"1","(-4700,4600)","2","capcitor","I12";
;
VALUE"10UF"
$LOCATION"?"
CODE"08070391"
CDS_LMAN_SYM_OUTLINE"-50,0,50,-50"
CDS_LIB"capcitor";
"1"42;
"2"1;
%"R"
"1","(-4500,5450)","0","resistor","I13";
;
VALUE"10"
$LOCATION"?"
CODE"07090459"
CDS_LIB"resistor"
CDS_LMAN_SYM_OUTLINE"-100,25,100,-25";
"A"26;
"B"25;
%"R"
"1","(-4500,5550)","0","resistor","I14";
;
VALUE"10"
$LOCATION"?"
CODE"07090459"
CDS_LIB"resistor"
CDS_LMAN_SYM_OUTLINE"-100,25,100,-25";
"A"28;
"B"27;
%"R"
"1","(-4500,5700)","0","resistor","I15";
;
VALUE"10"
$LOCATION"?"
CODE"07090459"
CDS_LIB"resistor"
CDS_LMAN_SYM_OUTLINE"-100,25,100,-25";
"A"30;
"B"29;
%"R"
"1","(-4500,5800)","0","resistor","I16";
;
VALUE"10"
$LOCATION"?"
CODE"07090459"
CDS_LIB"resistor"
CDS_LMAN_SYM_OUTLINE"-100,25,100,-25";
"A"32;
"B"31;
%"R"
"1","(-4500,6050)","0","resistor","I17";
;
VALUE"10"
$LOCATION"?"
CODE"07090459"
CDS_LIB"resistor"
CDS_LMAN_SYM_OUTLINE"-100,25,100,-25";
"A"36;
"B"35;
%"R"
"1","(-4500,5950)","0","resistor","I18";
;
VALUE"10"
$LOCATION"?"
CODE"07090459"
CDS_LIB"resistor"
CDS_LMAN_SYM_OUTLINE"-100,25,100,-25";
"A"34;
"B"33;
%"R"
"1","(-5350,6600)","1","resistor","I19";
;
VALUE"49.9"
$LOCATION"?"
CODE"07090198"
CDS_LIB"resistor"
CDS_LMAN_SYM_OUTLINE"-100,25,100,-25";
"A"28;
"B"41;
%"GND_SIGNAL"
"1","(-8700,2550)","0","standard","I2";
;
BODY_TYPE"PLUMBING"
HDL_POWER"GND_SIGNAL"
CDS_LIB"standard";
"GND"2;
%"R"
"1","(-5450,6600)","1","resistor","I20";
;
VALUE"49.9"
$LOCATION"?"
CODE"07090198"
CDS_LIB"resistor"
CDS_LMAN_SYM_OUTLINE"-100,25,100,-25";
"A"26;
"B"41;
%"R"
"1","(-5150,6600)","1","resistor","I21";
;
VALUE"49.9"
$LOCATION"?"
CODE"07090198"
CDS_LIB"resistor"
CDS_LMAN_SYM_OUTLINE"-100,25,100,-25";
"A"32;
"B"41;
%"R"
"1","(-5250,6600)","1","resistor","I22";
;
VALUE"49.9"
$LOCATION"?"
CODE"07090198"
CDS_LIB"resistor"
CDS_LMAN_SYM_OUTLINE"-100,25,100,-25";
"A"30;
"B"41;
%"R"
"1","(-5050,6600)","1","resistor","I23";
;
VALUE"49.9"
$LOCATION"?"
CODE"07090198"
CDS_LIB"resistor"
CDS_LMAN_SYM_OUTLINE"-100,25,100,-25";
"A"34;
"B"41;
%"R"
"1","(-4950,6600)","1","resistor","I24";
;
VALUE"49.9"
$LOCATION"?"
CODE"07090198"
CDS_LIB"resistor"
CDS_LMAN_SYM_OUTLINE"-100,25,100,-25";
"A"36;
"B"41;
%"R"
"1","(-4850,6600)","1","resistor","I25";
;
VALUE"49.9"
$LOCATION"?"
CODE"07090198"
CDS_LIB"resistor"
CDS_LMAN_SYM_OUTLINE"-100,25,100,-25";
"A"38;
"B"41;
%"R"
"1","(-4500,6200)","0","resistor","I26";
;
VALUE"10"
$LOCATION"?"
CODE"07090459"
CDS_LIB"resistor"
CDS_LMAN_SYM_OUTLINE"-100,25,100,-25";
"A"38;
"B"37;
%"R"
"1","(-4500,6300)","0","resistor","I27";
;
VALUE"10"
$LOCATION"?"
CODE"07090459"
CDS_LIB"resistor"
CDS_LMAN_SYM_OUTLINE"-100,25,100,-25";
"A"40;
"B"39;
%"R"
"1","(-4750,6600)","1","resistor","I28";
;
VALUE"49.9"
$LOCATION"?"
CODE"07090198"
CDS_LIB"resistor"
CDS_LMAN_SYM_OUTLINE"-100,25,100,-25";
"A"40;
"B"41;
%"R"
"1","(-2050,2700)","1","resistor","I29";
;
VALUE"1.8K-1%"
$LOCATION"?"
CODE"97090132"
CDS_LIB"resistor"
CDS_LMAN_SYM_OUTLINE"-100,25,100,-25";
"A"15;
"B"17;
%"GND_SIGNAL"
"1","(-8700,3800)","0","standard","I3";
;
BODY_TYPE"PLUMBING"
HDL_POWER"GND_SIGNAL"
CDS_LIB"standard";
"GND"3;
%"R"
"1","(-2050,4200)","1","resistor","I30";
;
VALUE"1.8K-1%"
$LOCATION"?"
CODE"97090132"
CDS_LIB"resistor"
CDS_LMAN_SYM_OUTLINE"-100,25,100,-25";
"A"20;
"B"19;
%"AO3400"
"1","(-1750,2250)","3","transistor","I31";
;
CDS_LIB"transistor"
CDS_LMAN_SYM_OUTLINE"-125,125,125,-125";
"3"15;
"2"16;
"1"12;
%"R"
"1","(-1750,2750)","1","resistor","I32";
;
VALUE"10K"
$LOCATION"?"
CODE"07090247"
CDS_LIB"resistor"
CDS_LMAN_SYM_OUTLINE"-100,25,100,-25";
"A"12;
"B"11;
%"R"
"1","(-1500,2750)","1","resistor","I33";
;
VALUE"1.8K-1%"
$LOCATION"?"
CODE"97090132"
CDS_LIB"resistor"
CDS_LMAN_SYM_OUTLINE"-100,25,100,-25";
"A"16;
"B"11;
%"AO3400"
"1","(-1750,3750)","3","transistor","I34";
;
CDS_LIB"transistor"
CDS_LMAN_SYM_OUTLINE"-125,125,125,-125";
"3"20;
"2"18;
"1"14;
%"R"
"1","(-1750,4250)","1","resistor","I35";
;
VALUE"10K"
$LOCATION"?"
CODE"07090247"
CDS_LIB"resistor"
CDS_LMAN_SYM_OUTLINE"-100,25,100,-25";
"A"14;
"B"13;
%"R"
"1","(-1500,4250)","1","resistor","I36";
;
VALUE"1.8K-1%"
$LOCATION"?"
CODE"97090132"
CDS_LIB"resistor"
CDS_LMAN_SYM_OUTLINE"-100,25,100,-25";
"A"18;
"B"13;
%"DIODE"
"1","(-1450,6000)","1","diode","I37";
;
VALUE"1N4148"
$LOCATION"?"
CODE"95010058"
CDS_LIB"diode"
CDS_LMAN_SYM_OUTLINE"-50,50,50,-50";
"K"10;
"A"24;
%"R"
"1","(-1450,6500)","1","resistor","I38";
;
VALUE"27.4K"
$LOCATION"?"
CODE"07090320"
CDS_LIB"resistor"
CDS_LMAN_SYM_OUTLINE"-100,25,100,-25";
"A"24;
"B"23;
%"RCLAMP0524P"
"1","(-8650,4300)","0","protection","I4";
;
CDS_LIB"protection"
CDS_LMAN_SYM_OUTLINE"-125,275,200,-250";
"10"67;
"9"66;
"8"3;
"7"65;
"6"64;
"5"63;
"4"62;
"3"3;
"2"61;
"1"60;
%"GND_SIGNAL"
"1","(-8700,5050)","0","standard","I5";
;
HDL_POWER"GND_SIGNAL"
BODY_TYPE"PLUMBING"
CDS_LIB"standard";
"GND"4;
%"RCLAMP0524P"
"1","(-8650,5550)","0","protection","I6";
;
CDS_LIB"protection"
CDS_LMAN_SYM_OUTLINE"-125,275,200,-250";
"10"75;
"9"74;
"8"4;
"7"73;
"6"72;
"5"71;
"4"70;
"3"4;
"2"69;
"1"68;
%"GND_SIGNAL"
"1","(-5300,1950)","0","standard","I7";
;
BODY_TYPE"PLUMBING"
HDL_POWER"GND_SIGNAL"
CDS_LIB"standard";
"GND"5;
%"GND_SIGNAL"
"1","(-4500,1950)","0","standard","I8";
;
BODY_TYPE"PLUMBING"
HDL_POWER"GND_SIGNAL"
CDS_LIB"standard";
"GND"6;
%"HDMI-A"
"1","(-4950,3500)","0","connector","I9";
;
CDS_LIB"connector"
CDS_LMAN_SYM_OUTLINE"-125,500,325,-1150";
"23"5;
"22"5;
"21"5;
"20"5;
"19"9;
"18"51;
"17"6;
"16"21;
"15"22;
"14"0;
"13"8;
"12"50;
"11"5;
"10"49;
"9"48;
"8"5;
"7"7;
"6"47;
"5"5;
"4"46;
"3"45;
"2"5;
"1"44;
END.
