FILE_TYPE = CONNECTIVITY;
{Allegro Design Entry HDL 16.6-p007 (v16-6-112F) 10/10/2012}
"PAGE_NUMBER" = 79;
0"NC";
1"Z7_PS_ETHPHY_MDI3_P";
2"Z7_PS_ETHPHY_MDI3_N";
3"GND_SIGNAL\g";
4"Z7_PS_ETHPHY_MDI1_P";
5"Z7_PS_ETHPHY_MDI1_N";
6"Z7_PS_ETHPHY_MDI2_P";
7"Z7_PS_ETHPHY_MDI2_N";
8"Z7_PS_ETHPHY_MDI0_N";
9"Z7_PS_ETHPHY_MDI0_P";
10"UN$79$LB$I2$B";
%"RJ45-GE-MAGNETICS"
"1","(-5650,4900)","0","connector","I1";
;
CDS_LIB"connector"
CDS_LMAN_SYM_OUTLINE"-125,300,300,-500";
"M2"10;
"M1"10;
"10"3;
"9"0;
"8"2;
"7"1;
"6"7;
"5"6;
"4"5;
"3"4;
"2"8;
"1"9;
%"LB"
"1","(-4950,4450)","2","inductor","I2";
;
VALUE"100MOHM"
$LOCATION"?"
CODE"10070008"
CDS_LIB"inductor"
CDS_LMAN_SYM_OUTLINE"-125,50,125,0";
"B"10;
"A"3;
%"GND_SIGNAL"
"1","(-4600,4250)","0","standard","I3";
;
HDL_POWER"GND_SIGNAL"
BODY_TYPE"PLUMBING"
CDS_LIB"standard";
"GND"3;
END.
