FILE_TYPE = CONNECTIVITY;
{Allegro Design Entry HDL 16.6-p007 (v16-6-112F) 10/10/2012}
"PAGE_NUMBER" = 90;
0"NC";
1"Z7_CONFIG_DONE";
2"V_Z7_1V8_VCCAUX";
3"GND_SIGNAL\g";
4"V_Z7_1V8_VCCAUX";
5"GND_SIGNAL\g";
6"GND_SIGNAL\g";
7"GND_SIGNAL\g";
8"GND_SIGNAL\g";
9"GND_SIGNAL\g";
10"V_Z7_3V3_VCCO";
11"Z7_CONFIG_DONE";
12"Z7_CONFIG_PROGRAM_B";
13"V_Z7_3V3_VCCO";
14"Z7_CONFIG_INIT_B";
15"V_Z7_3V3_VCCO";
16"Z7_CONFIG_CFGBVS";
17"V_Z7_3V3_VCCO";
18"UN$90$LEDS$I17$A";
19"Z7_JTAG_TDI_R";
20"Z7_JTAG_TDI";
21"Z7_JTAG_TMS_R";
22"Z7_JTAG_TMS";
23"Z7_JTAG_TDO_R";
24"Z7_JTAG_TDO";
25"Z7_JTAG_TCK_R";
26"Z7_JTAG_TCK";
27"V_Z7_3V3_VCCO";
28"Z7_JTAG_TCK";
29"V_Z7_3V3_VCCO";
30"Z7_CONFIG_INIT_B";
31"Z7_JTAG_TDI";
32"Z7_JTAG_TDO";
33"Z7_CONFIG_CFGBVS";
34"Z7_CONFIG_PROGRAM_B";
35"Z7_JTAG_TMS";
%"XC7Z015_1CLG485C"
"1","(-3350,5350)","0","ic","I1";
;
VALUE"XC7Z015_1CLG485C"
CDS_LIB"ic"
CDS_LMAN_SYM_OUTLINE"-125,575,400,-425";
"W3"0;
"V7"0;
"H10"35;
"V10"34;
"T9"33;
"T15"29;
"G9"32;
"H9"31;
"T8"30;
"T14"29;
"T11"29;
"G12"3;
"L12"8;
"L11"3;
"N11"8;
"H11"28;
"G14"2;
"M11"8;
"M12"3;
"K12"4;
"K11"3;
"N12"8;
"T10"1;
%"R"
"1","(-4200,3550)","0","resistor","I10";
;
VALUE"100"
CODE"07090603"
CDS_LIB"resistor"
$LOCATION"?"
CDS_LMAN_SYM_OUTLINE"-100,25,100,-25";
"A"26;
"B"25;
%"GND_SIGNAL"
"1","(-2250,2500)","0","standard","I11";
;
BODY_TYPE"PLUMBING"
HDL_POWER"GND_SIGNAL"
CDS_LIB"standard";
"GND"5;
%"C"
"1","(-2050,3200)","0","capcitor","I12";
;
VALUE"0.1U"
CODE"08070262"
CDS_LIB"capcitor"
$LOCATION"?"
CDS_LMAN_SYM_OUTLINE"-50,0,50,-50";
"1"27;
"2"5;
%"HEAD2X5"
"1","(-2550,3350)","0","connector","I13";
;
CODE"14050182"
CDS_LIB"connector"
VALUE"HEAD2X5"
$LOCATION"?"
CDS_LMAN_SYM_OUTLINE"-150,300,150,-300";
"P2"5;
"P4"27;
"P6"0;
"P10"5;
"P8"0;
"P1"25;
"P3"23;
"P5"21;
"P9"19;
"P7"0;
%"R"
"1","(-7800,5950)","2","resistor","I14";
;
VALUE"4.7K"
CODE"07090246"
CDS_LIB"resistor"
$LOCATION"?"
CDS_LMAN_SYM_OUTLINE"-100,25,100,-25";
"A"17;
"B"16;
%"R"
"1","(-7800,2450)","0","resistor","I15";
;
VALUE"100"
CODE"07090603"
CDS_LIB"resistor"
$LOCATION"?"
CDS_LMAN_SYM_OUTLINE"-100,25,100,-25";
"A"11;
"B"18;
%"GND_SIGNAL"
"1","(-6850,2400)","1","standard","I16";
;
CDS_LIB"standard"
BODY_TYPE"PLUMBING"
HDL_POWER"GND_SIGNAL";
"GND"9;
%"LED_S"
"1","(-7250,2450)","2","diode","I17";
;
VALUE"HSMG-C170-B"
CODE"15020063"
CDS_LIB"diode"
$LOCATION"?"
CDS_LMAN_SYM_OUTLINE"-150,50,50,-75";
"A"18;
"B"9;
%"R"
"1","(-7800,2650)","0","resistor","I18";
;
VALUE"330"
CODE"07090387"
CDS_LIB"resistor"
$LOCATION"?"
CDS_LMAN_SYM_OUTLINE"-100,25,100,-25";
"A"11;
"B"10;
%"R"
"1","(-7750,4300)","2","resistor","I19";
;
VALUE"4.7K"
CODE"07090246"
CDS_LIB"resistor"
$LOCATION"?"
CDS_LMAN_SYM_OUTLINE"-100,25,100,-25";
"A"13;
"B"12;
%"GND_SIGNAL"
"1","(-3250,2450)","0","standard","I2";
;
HDL_POWER"GND_SIGNAL"
BODY_TYPE"PLUMBING"
CDS_LIB"standard";
"GND"6;
%"GND_SIGNAL"
"1","(-7350,3950)","1","standard","I20";
;
HDL_POWER"GND_SIGNAL"
BODY_TYPE"PLUMBING"
CDS_LIB"standard";
"GND"7;
%"RESETKEY"
"1","(-8050,4050)","0","switch","I21";
;
VALUE"RESET-SMT"
CODE"16100017"
CDS_LIB"switch"
$LOCATION"?"
CDS_LMAN_SYM_OUTLINE"200,50,450,-100";
"B2"0;
"B1"7;
"A1"0;
"A2"12;
%"R"
"1","(-7800,5650)","2","resistor","I22";
;
VALUE"4.7K"
CODE"07090246"
CDS_LIB"resistor"
$LOCATION"?"
CDS_LMAN_SYM_OUTLINE"-100,25,100,-25";
"A"15;
"B"14;
%"GND_SIGNAL"
"1","(-2700,5450)","3","standard","I23";
;
BODY_TYPE"PLUMBING"
HDL_POWER"GND_SIGNAL"
CDS_LIB"standard";
"GND"8;
%"GND_SIGNAL"
"1","(-3650,4800)","0","standard","I24";
;
CDS_LIB"standard"
BODY_TYPE"PLUMBING"
HDL_POWER"GND_SIGNAL";
"GND"3;
%"ESD"
"1","(-3200,2700)","0","protection","I3";
;
VALUE"ESD-3.3V"
CDS_LIB"protection"
$LOCATION"?"
CDS_LMAN_SYM_OUTLINE"-50,50,50,-50";
"1"19;
"2"6;
%"ESD"
"1","(-3100,2700)","0","protection","I4";
;
VALUE"ESD-3.3V"
CDS_LIB"protection"
$LOCATION"?"
CDS_LMAN_SYM_OUTLINE"-50,50,50,-50";
"1"21;
"2"6;
%"ESD"
"1","(-3000,2700)","0","protection","I5";
;
VALUE"ESD-3.3V"
CDS_LIB"protection"
$LOCATION"?"
CDS_LMAN_SYM_OUTLINE"-50,50,50,-50";
"1"23;
"2"6;
%"ESD"
"1","(-2900,2700)","0","protection","I6";
;
VALUE"ESD-3.3V"
CDS_LIB"protection"
$LOCATION"?"
CDS_LMAN_SYM_OUTLINE"-50,50,50,-50";
"1"25;
"2"6;
%"R"
"1","(-4200,3150)","0","resistor","I7";
;
VALUE"100"
CODE"07090603"
CDS_LIB"resistor"
$LOCATION"?"
CDS_LMAN_SYM_OUTLINE"-100,25,100,-25";
"A"20;
"B"19;
%"R"
"1","(-4200,3350)","0","resistor","I8";
;
VALUE"100"
CODE"07090603"
CDS_LIB"resistor"
$LOCATION"?"
CDS_LMAN_SYM_OUTLINE"-100,25,100,-25";
"A"22;
"B"21;
%"R"
"1","(-4200,3450)","0","resistor","I9";
;
VALUE"100"
CODE"07090603"
CDS_LIB"resistor"
$LOCATION"?"
CDS_LMAN_SYM_OUTLINE"-100,25,100,-25";
"A"24;
"B"23;
END.
