FILE_TYPE = CONNECTIVITY;
{Allegro Design Entry HDL 16.6-p007 (v16-6-112F) 10/10/2012}
"PAGE_NUMBER" = 10;
0"NC";
1"GND_SIGNAL\g";
2"GND_SIGNAL\g";
3"GND_SIGNAL\g";
4"GND_SIGNAL\g";
5"GND_SIGNAL\g";
6"GND_SIGNAL\g";
7"S7_HDMI_DATA1_N";
8"S7_HDMI_CLK_N";
9"V_S7_5V0_IN";
10"V_S7_3V3_VCCO";
11"UN$10$AO3400$I32$1";
12"V_S7_3V3_VCCO";
13"UN$10$AO3400$I28$1";
14"S7_HDMI_SDA_Q";
15"V_S7_5V0_HDMI";
16"S7_HDMI_SDA";
17"S7_HDMI_SCL_Q";
18"V_S7_5V0_HDMI";
19"S7_HDMI_SCL";
20"V_S7_3V3_VCCO";
21"UN$10$DIODE$I26$A";
22"S7_HDMI_CEC";
23"S7_HDMI_CLK_R_N";
24"S7_HDMI_CLK_R_P";
25"S7_HDMI_CLK_P";
26"S7_HDMI_DATA2_R_N";
27"S7_HDMI_DATA2_N";
28"S7_HDMI_DATA2_R_P";
29"S7_HDMI_DATA2_P";
30"S7_HDMI_DATA1_R_N";
31"S7_HDMI_DATA1_N";
32"S7_HDMI_DATA1_R_P";
33"S7_HDMI_DATA1_P";
34"S7_HDMI_DATA0_R_N";
35"S7_HDMI_DATA0_N";
36"S7_HDMI_DATA0_R_P";
37"S7_HDMI_DATA0_P";
38"V_S7_3V3_VCCO";
39"S7_HDMI_DATA0_P";
40"S7_HDMI_DATA0_N";
41"V_S7_5V0_HDMI";
42"S7_HDMI_CEC";
43"S7_HDMI_HP";
44"S7_HDMI_DATA2_P";
45"S7_HDMI_DATA2_N";
46"S7_HDMI_DATA1_P";
47"S7_HDMI_DATA1_N";
48"S7_HDMI_DATA0_P";
49"S7_HDMI_DATA0_N";
50"S7_HDMI_CLK_P";
51"S7_HDMI_CLK_N";
52"S7_HDMI_SCL";
53"S7_HMDI_SDA";
54"V_S7_5V0_HDMI";
55"S7_HDMI_DATA0_P";
56"S7_HDMI_DATA0_N";
57"S7_HDMI_DATA1_P";
58"S7_HDMI_DATA1_N";
59"S7_HDMI_DATA1_P";
60"S7_HDMI_DATA2_P";
61"S7_HDMI_DATA2_N";
62"S7_HDMI_CLK_P";
63"S7_HDMI_CLK_N";
64"S7_HDMI_CLK_N";
65"S7_HDMI_CLK_P";
66"S7_HDMI_DATA2_N";
67"S7_HDMI_DATA2_P";
68"S7_HDMI_CEC";
69"S7_HDMI_HP";
70"S7_HDMI_SCL";
71"S7_HMDI_SDA";
72"S7_HMDI_SDA";
73"S7_HDMI_SCL";
74"S7_HDMI_HP";
75"S7_HDMI_CEC";
%"GND_SIGNAL"
"1","(-5300,1950)","0","standard","I1";
;
CDS_LIB"standard"
HDL_POWER"GND_SIGNAL"
BODY_TYPE"PLUMBING";
"GND"6;
%"R"
"1","(-5450,6600)","1","resistor","I10";
;
$LOCATION"?"
VALUE"49.9"
CDS_LMAN_SYM_OUTLINE"-100,25,100,-25"
CDS_LIB"resistor"
CODE"10071419";
"A"8;
"B"38;
%"R"
"1","(-5350,6600)","1","resistor","I11";
;
$LOCATION"?"
VALUE"49.9"
CDS_LMAN_SYM_OUTLINE"-100,25,100,-25"
CDS_LIB"resistor"
CODE"10071419";
"A"25;
"B"38;
%"R"
"1","(-5250,6600)","1","resistor","I12";
;
$LOCATION"?"
VALUE"49.9"
CDS_LMAN_SYM_OUTLINE"-100,25,100,-25"
CDS_LIB"resistor"
CODE"10071419";
"A"27;
"B"38;
%"R"
"1","(-5150,6600)","1","resistor","I13";
;
$LOCATION"?"
VALUE"49.9"
CDS_LMAN_SYM_OUTLINE"-100,25,100,-25"
CDS_LIB"resistor"
CODE"10071419";
"A"29;
"B"38;
%"R"
"1","(-4750,6600)","1","resistor","I14";
;
$LOCATION"?"
VALUE"49.9"
CDS_LMAN_SYM_OUTLINE"-100,25,100,-25"
CDS_LIB"resistor"
CODE"10071419";
"A"37;
"B"38;
%"R"
"1","(-4850,6600)","1","resistor","I15";
;
$LOCATION"?"
VALUE"49.9"
CDS_LMAN_SYM_OUTLINE"-100,25,100,-25"
CDS_LIB"resistor"
CODE"10071419";
"A"35;
"B"38;
%"R"
"1","(-4950,6600)","1","resistor","I16";
;
$LOCATION"?"
VALUE"49.9"
CDS_LMAN_SYM_OUTLINE"-100,25,100,-25"
CDS_LIB"resistor"
CODE"10071419";
"A"33;
"B"38;
%"R"
"1","(-5050,6600)","1","resistor","I17";
;
$LOCATION"?"
VALUE"49.9"
CDS_LMAN_SYM_OUTLINE"-100,25,100,-25"
CDS_LIB"resistor"
CODE"10071419";
"A"31;
"B"38;
%"R"
"1","(-4500,6300)","0","resistor","I18";
;
$LOCATION"?"
VALUE"10"
CDS_LMAN_SYM_OUTLINE"-100,25,100,-25"
CDS_LIB"resistor"
CODE"07090264";
"A"37;
"B"36;
%"R"
"1","(-4500,6200)","0","resistor","I19";
;
$LOCATION"?"
VALUE"10"
CDS_LMAN_SYM_OUTLINE"-100,25,100,-25"
CDS_LIB"resistor"
CODE"07090264";
"A"35;
"B"34;
%"GND_SIGNAL"
"1","(-4500,1950)","0","standard","I2";
;
CDS_LIB"standard"
HDL_POWER"GND_SIGNAL"
BODY_TYPE"PLUMBING";
"GND"5;
%"R"
"1","(-4500,5950)","0","resistor","I20";
;
$LOCATION"?"
VALUE"10"
CDS_LMAN_SYM_OUTLINE"-100,25,100,-25"
CDS_LIB"resistor"
CODE"07090264";
"A"31;
"B"30;
%"R"
"1","(-4500,6050)","0","resistor","I21";
;
$LOCATION"?"
VALUE"10"
CDS_LMAN_SYM_OUTLINE"-100,25,100,-25"
CDS_LIB"resistor"
CODE"07090264";
"A"33;
"B"32;
%"R"
"1","(-4500,5700)","0","resistor","I22";
;
$LOCATION"?"
VALUE"10"
CDS_LMAN_SYM_OUTLINE"-100,25,100,-25"
CDS_LIB"resistor"
CODE"07090264";
"A"27;
"B"26;
%"R"
"1","(-4500,5800)","0","resistor","I23";
;
$LOCATION"?"
VALUE"10"
CDS_LMAN_SYM_OUTLINE"-100,25,100,-25"
CDS_LIB"resistor"
CODE"07090264";
"A"29;
"B"28;
%"R"
"1","(-4500,5550)","0","resistor","I24";
;
$LOCATION"?"
VALUE"10"
CDS_LMAN_SYM_OUTLINE"-100,25,100,-25"
CDS_LIB"resistor"
CODE"07090264";
"A"25;
"B"24;
%"R"
"1","(-4500,5450)","0","resistor","I25";
;
$LOCATION"?"
VALUE"10"
CDS_LMAN_SYM_OUTLINE"-100,25,100,-25"
CDS_LIB"resistor"
CODE"07090264";
"A"8;
"B"23;
%"DIODE"
"1","(-1450,6000)","1","diode","I26";
;
$LOCATION"?"
VALUE"1N4148"
CODE"95010058"
CDS_LIB"diode"
CDS_LMAN_SYM_OUTLINE"-50,50,50,-50";
"K"22;
"A"21;
%"R"
"1","(-1450,6500)","1","resistor","I27";
;
$LOCATION"?"
VALUE"27.4K"
CDS_LMAN_SYM_OUTLINE"-100,25,100,-25"
CDS_LIB"resistor"
CODE"07090320";
"A"21;
"B"20;
%"AO3400"
"1","(-1750,3750)","3","transistor","I28";
;
CDS_LIB"transistor"
CDS_LMAN_SYM_OUTLINE"-125,125,125,-125";
"3"19;
"2"17;
"1"13;
%"R"
"1","(-1500,4250)","1","resistor","I29";
;
$LOCATION"?"
VALUE"1.8K-1%"
CDS_LMAN_SYM_OUTLINE"-100,25,100,-25"
CDS_LIB"resistor"
CODE"97090132";
"A"17;
"B"12;
%"HDMI-A"
"1","(-4950,3500)","0","connector","I3";
;
CDS_LIB"connector"
CDS_LMAN_SYM_OUTLINE"-125,500,325,-1150";
"23"6;
"22"6;
"21"6;
"20"6;
"19"43;
"18"54;
"17"5;
"16"53;
"15"52;
"14"0;
"13"42;
"12"51;
"11"6;
"10"50;
"9"49;
"8"6;
"7"48;
"6"47;
"5"6;
"4"46;
"3"45;
"2"6;
"1"44;
%"R"
"1","(-1750,4250)","1","resistor","I30";
;
$LOCATION"?"
VALUE"10K"
CDS_LMAN_SYM_OUTLINE"-100,25,100,-25"
CDS_LIB"resistor"
CODE"07090247";
"A"13;
"B"12;
%"R"
"1","(-2050,4200)","1","resistor","I31";
;
$LOCATION"?"
VALUE"1.8K-1%"
CDS_LMAN_SYM_OUTLINE"-100,25,100,-25"
CDS_LIB"resistor"
CODE"97090132";
"A"19;
"B"18;
%"AO3400"
"1","(-1750,2250)","3","transistor","I32";
;
CDS_LIB"transistor"
CDS_LMAN_SYM_OUTLINE"-125,125,125,-125";
"3"16;
"2"14;
"1"11;
%"R"
"1","(-1500,2750)","1","resistor","I33";
;
$LOCATION"?"
VALUE"1.8K-1%"
CDS_LMAN_SYM_OUTLINE"-100,25,100,-25"
CDS_LIB"resistor"
CODE"97090132";
"A"14;
"B"10;
%"R"
"1","(-1750,2750)","1","resistor","I34";
;
$LOCATION"?"
VALUE"10K"
CDS_LMAN_SYM_OUTLINE"-100,25,100,-25"
CDS_LIB"resistor"
CODE"07090247";
"A"11;
"B"10;
%"R"
"1","(-2050,2700)","1","resistor","I35";
;
$LOCATION"?"
VALUE"1.8K-1%"
CDS_LMAN_SYM_OUTLINE"-100,25,100,-25"
CDS_LIB"resistor"
CODE"97090132";
"A"16;
"B"15;
%"DIODE"
"1","(-5000,4800)","0","diode","I36";
;
$LOCATION"?"
VALUE"MBRS120T3"
CODE"15010058"
CDS_LIB"diode"
CDS_LMAN_SYM_OUTLINE"-50,50,50,-50";
"K"41;
"A"9;
%"C"
"1","(-4700,4600)","2","capcitor","I37";
;
VALUE"10UF"
$LOCATION"?"
CODE"08070898"
CDS_LIB"capcitor"
CDS_LMAN_SYM_OUTLINE"-50,0,50,-50";
"1"9;
"2"4;
%"GND_SIGNAL"
"1","(-4750,4300)","0","standard","I38";
;
CDS_LIB"standard"
BODY_TYPE"PLUMBING"
HDL_POWER"GND_SIGNAL";
"GND"4;
%"GND_SIGNAL"
"1","(-8700,2550)","0","standard","I4";
;
CDS_LIB"standard"
HDL_POWER"GND_SIGNAL"
BODY_TYPE"PLUMBING";
"GND"3;
%"RCLAMP0524P"
"1","(-8650,3050)","0","protection","I5";
;
CDS_LMAN_SYM_OUTLINE"-125,275,200,-250"
CDS_LIB"protection";
"10"75;
"9"74;
"8"3;
"7"73;
"6"72;
"5"71;
"4"70;
"3"3;
"2"69;
"1"68;
%"GND_SIGNAL"
"1","(-8700,3800)","0","standard","I6";
;
CDS_LIB"standard"
HDL_POWER"GND_SIGNAL"
BODY_TYPE"PLUMBING";
"GND"2;
%"GND_SIGNAL"
"1","(-8700,5050)","0","standard","I7";
;
CDS_LIB"standard"
BODY_TYPE"PLUMBING"
HDL_POWER"GND_SIGNAL";
"GND"1;
%"RCLAMP0524P"
"1","(-8650,5550)","0","protection","I8";
;
CDS_LMAN_SYM_OUTLINE"-125,275,200,-250"
CDS_LIB"protection";
"10"39;
"9"40;
"8"1;
"7"59;
"6"7;
"5"58;
"4"57;
"3"1;
"2"56;
"1"55;
%"RCLAMP0524P"
"1","(-8650,4300)","0","protection","I9";
;
CDS_LMAN_SYM_OUTLINE"-125,275,200,-250"
CDS_LIB"protection";
"10"67;
"9"66;
"8"2;
"7"65;
"6"64;
"5"63;
"4"62;
"3"2;
"2"61;
"1"60;
END.
