FILE_TYPE = CONNECTIVITY;
{Allegro Design Entry HDL 16.6-p007 (v16-6-112F) 10/10/2012}
"PAGE_NUMBER" = 39;
0"NC";
1"GND_SIGNAL\g";
2"GND_SIGNAL\g";
3"GND_SIGNAL\g";
4"GND_SIGNAL\g";
5"GND_SIGNAL\g";
6"GND_SIGNAL\g";
7"A7_HDMI2_DATA1_P";
8"A7_HDMI2_DATA0_P";
9"V_A7_5V0_IN";
10"V_A7_5V0_HDMI2";
11"V_A7_3V3_VCCO";
12"UN$39$DIODE$I35$A";
13"A7_HDMI2_CEC";
14"UN$39$AO3400$I30$1";
15"A7_HDMI2_SDA_Q";
16"A7_HDMI2_SDA";
17"UN$39$AO3400$I32$1";
18"A7_HDMI2_SCL_Q";
19"A7_HDMI2_SCL";
20"A7_HDMI2_DATA2_P";
21"A7_HDMI2_DATA2_N";
22"A7_HDMI2_DATA1_P";
23"A7_HDMI2_DATA1_N";
24"A7_HDMI2_DATA0_N";
25"A7_HDMI2_CLK_P";
26"A7_HDMI2_CLK_N";
27"A7_HDMI2_CEC";
28"A7_HDMI2_SCL";
29"A7_HDMI2_SDA";
30"V_A7_5V0_HDMI2";
31"A7_HDMI2_HP";
32"A7_HDMI2_DATA0_P";
33"A7_HDMI2_DATA0_N";
34"A7_HDMI2_DATA1_P";
35"A7_HDMI2_DATA1_N";
36"A7_HDMI2_DATA1_N";
37"A7_HDMI2_DATA0_N";
38"A7_HDMI2_DATA0_P";
39"A7_HDMI2_DATA2_P";
40"A7_HDMI2_DATA2_N";
41"A7_HDMI2_CLK_P";
42"A7_HDMI2_CLK_N";
43"A7_HDMI2_CLK_N";
44"A7_HDMI2_CLK_P";
45"A7_HDMI2_DATA2_N";
46"A7_HDMI2_DATA2_P";
47"A7_HDMI2_CEC";
48"A7_HDMI2_HP";
49"A7_HDMI2_SCL";
50"A7_HDMI2_SDA";
51"A7_HDMI2_SDA";
52"A7_HDMI2_SCL";
53"A7_HDMI2_HP";
54"A7_HDMI2_CEC";
55"V_A7_3V3_VCCO";
56"A7_HDMI2_CLK_N";
57"A7_HDMI2_CLK_P";
58"A7_HDMI2_DATA2_N";
59"A7_HDMI2_DATA2_P";
60"A7_HDMI2_DATA1_N";
61"A7_HDMI2_DATA1_P";
62"A7_HDMI2_DATA0_N";
63"A7_HDMI2_DATA0_P";
64"A7_HDMI2_CLK_R_N";
65"A7_HDMI2_CLK_R_P";
66"A7_HDMI2_DATA2_R_N";
67"A7_HDMI2_DATA2_R_P";
68"A7_HDMI2_DATA1_R_N";
69"A7_HDMI2_DATA1_R_P";
70"A7_HDMI2_DATA0_R_N";
71"A7_HDMI2_DATA0_R_P";
72"V_A7_3V3_VCCO";
73"V_A7_3V3_VCCO";
74"V_A7_5V0_HDMI2";
75"V_A7_5V0_HDMI2";
%"RCLAMP0524P"
"1","(-8650,3050)","0","protection","I1";
;
CDS_LIB"protection"
CDS_LMAN_SYM_OUTLINE"-125,275,200,-250";
"10"54;
"9"53;
"8"5;
"7"52;
"6"51;
"5"50;
"4"49;
"3"5;
"2"48;
"1"47;
%"DIODE"
"1","(-5000,4800)","0","diode","I10";
;
VALUE"MBRS120T3"
$LOCATION"?"
CODE"15010058"
CDS_LIB"diode"
CDS_LMAN_SYM_OUTLINE"-50,50,50,-50";
"K"10;
"A"9;
%"GND_SIGNAL"
"1","(-4750,4300)","0","standard","I11";
;
HDL_POWER"GND_SIGNAL"
BODY_TYPE"PLUMBING"
CDS_LIB"standard";
"GND"6;
%"C"
"1","(-4700,4600)","2","capcitor","I12";
;
$LOCATION"?"
VALUE"10UF"
CDS_LMAN_SYM_OUTLINE"-50,0,50,-50"
CDS_LIB"capcitor"
CODE"08070898";
"1"9;
"2"6;
%"R"
"1","(-4500,5450)","0","resistor","I13";
;
VALUE"10"
$LOCATION"?"
CODE"07090459"
CDS_LIB"resistor"
CDS_LMAN_SYM_OUTLINE"-100,25,100,-25";
"A"56;
"B"64;
%"R"
"1","(-4500,5550)","0","resistor","I14";
;
VALUE"10"
$LOCATION"?"
CODE"07090459"
CDS_LIB"resistor"
CDS_LMAN_SYM_OUTLINE"-100,25,100,-25";
"A"57;
"B"65;
%"R"
"1","(-4500,5700)","0","resistor","I15";
;
VALUE"10"
$LOCATION"?"
CODE"07090459"
CDS_LIB"resistor"
CDS_LMAN_SYM_OUTLINE"-100,25,100,-25";
"A"58;
"B"66;
%"R"
"1","(-4500,5800)","0","resistor","I16";
;
VALUE"10"
$LOCATION"?"
CODE"07090459"
CDS_LIB"resistor"
CDS_LMAN_SYM_OUTLINE"-100,25,100,-25";
"A"59;
"B"67;
%"R"
"1","(-4500,6050)","0","resistor","I17";
;
VALUE"10"
$LOCATION"?"
CODE"07090459"
CDS_LIB"resistor"
CDS_LMAN_SYM_OUTLINE"-100,25,100,-25";
"A"61;
"B"69;
%"R"
"1","(-4500,5950)","0","resistor","I18";
;
VALUE"10"
$LOCATION"?"
CODE"07090459"
CDS_LIB"resistor"
CDS_LMAN_SYM_OUTLINE"-100,25,100,-25";
"A"60;
"B"68;
%"R"
"1","(-5350,6600)","1","resistor","I19";
;
VALUE"49.9"
$LOCATION"?"
CODE"07090198"
CDS_LIB"resistor"
CDS_LMAN_SYM_OUTLINE"-100,25,100,-25";
"A"57;
"B"55;
%"GND_SIGNAL"
"1","(-8700,2550)","0","standard","I2";
;
BODY_TYPE"PLUMBING"
HDL_POWER"GND_SIGNAL"
CDS_LIB"standard";
"GND"5;
%"R"
"1","(-5450,6600)","1","resistor","I20";
;
VALUE"49.9"
$LOCATION"?"
CODE"07090198"
CDS_LIB"resistor"
CDS_LMAN_SYM_OUTLINE"-100,25,100,-25";
"A"56;
"B"55;
%"R"
"1","(-5150,6600)","1","resistor","I21";
;
VALUE"49.9"
$LOCATION"?"
CODE"07090198"
CDS_LIB"resistor"
CDS_LMAN_SYM_OUTLINE"-100,25,100,-25";
"A"59;
"B"55;
%"R"
"1","(-5250,6600)","1","resistor","I22";
;
VALUE"49.9"
$LOCATION"?"
CODE"07090198"
CDS_LIB"resistor"
CDS_LMAN_SYM_OUTLINE"-100,25,100,-25";
"A"58;
"B"55;
%"R"
"1","(-5050,6600)","1","resistor","I23";
;
VALUE"49.9"
$LOCATION"?"
CODE"07090198"
CDS_LIB"resistor"
CDS_LMAN_SYM_OUTLINE"-100,25,100,-25";
"A"60;
"B"55;
%"R"
"1","(-4950,6600)","1","resistor","I24";
;
VALUE"49.9"
$LOCATION"?"
CODE"07090198"
CDS_LIB"resistor"
CDS_LMAN_SYM_OUTLINE"-100,25,100,-25";
"A"61;
"B"55;
%"R"
"1","(-4850,6600)","1","resistor","I25";
;
VALUE"49.9"
$LOCATION"?"
CODE"07090198"
CDS_LIB"resistor"
CDS_LMAN_SYM_OUTLINE"-100,25,100,-25";
"A"62;
"B"55;
%"R"
"1","(-4500,6200)","0","resistor","I26";
;
VALUE"10"
$LOCATION"?"
CODE"07090459"
CDS_LIB"resistor"
CDS_LMAN_SYM_OUTLINE"-100,25,100,-25";
"A"62;
"B"70;
%"R"
"1","(-4500,6300)","0","resistor","I27";
;
VALUE"10"
$LOCATION"?"
CODE"07090459"
CDS_LIB"resistor"
CDS_LMAN_SYM_OUTLINE"-100,25,100,-25";
"A"63;
"B"71;
%"R"
"1","(-4750,6600)","1","resistor","I28";
;
VALUE"49.9"
$LOCATION"?"
CODE"07090198"
CDS_LIB"resistor"
CDS_LMAN_SYM_OUTLINE"-100,25,100,-25";
"A"63;
"B"55;
%"R"
"1","(-2050,4200)","1","resistor","I29";
;
VALUE"1.8K-1%"
$LOCATION"?"
CODE"97090132"
CDS_LIB"resistor"
CDS_LMAN_SYM_OUTLINE"-100,25,100,-25";
"A"19;
"B"75;
%"GND_SIGNAL"
"1","(-8700,3800)","0","standard","I3";
;
BODY_TYPE"PLUMBING"
HDL_POWER"GND_SIGNAL"
CDS_LIB"standard";
"GND"4;
%"AO3400"
"1","(-1750,2250)","3","transistor","I30";
;
CDS_LIB"transistor"
CDS_LMAN_SYM_OUTLINE"-125,125,125,-125";
"3"16;
"2"15;
"1"14;
%"R"
"1","(-1500,2750)","1","resistor","I31";
;
VALUE"1.8K-1%"
$LOCATION"?"
CODE"97090132"
CDS_LIB"resistor"
CDS_LMAN_SYM_OUTLINE"-100,25,100,-25";
"A"15;
"B"73;
%"AO3400"
"1","(-1750,3750)","3","transistor","I32";
;
CDS_LIB"transistor"
CDS_LMAN_SYM_OUTLINE"-125,125,125,-125";
"3"19;
"2"18;
"1"17;
%"R"
"1","(-1750,4250)","1","resistor","I33";
;
VALUE"10K"
$LOCATION"?"
CODE"07090247"
CDS_LIB"resistor"
CDS_LMAN_SYM_OUTLINE"-100,25,100,-25";
"A"17;
"B"11;
%"R"
"1","(-1500,4250)","1","resistor","I34";
;
VALUE"1.8K-1%"
$LOCATION"?"
CODE"97090132"
CDS_LIB"resistor"
CDS_LMAN_SYM_OUTLINE"-100,25,100,-25";
"A"18;
"B"11;
%"DIODE"
"1","(-1450,6000)","1","diode","I35";
;
VALUE"1N4148"
$LOCATION"?"
CODE"95010058"
CDS_LIB"diode"
CDS_LMAN_SYM_OUTLINE"-50,50,50,-50";
"K"13;
"A"12;
%"R"
"1","(-1450,6500)","1","resistor","I36";
;
VALUE"27.4K"
$LOCATION"?"
CODE"07090320"
CDS_LIB"resistor"
CDS_LMAN_SYM_OUTLINE"-100,25,100,-25";
"A"12;
"B"72;
%"R"
"1","(-1750,2750)","1","resistor","I37";
;
VALUE"10K"
$LOCATION"?"
CODE"07090247"
CDS_LIB"resistor"
CDS_LMAN_SYM_OUTLINE"-100,25,100,-25";
"A"14;
"B"73;
%"R"
"1","(-2050,2700)","1","resistor","I38";
;
VALUE"1.8K-1%"
$LOCATION"?"
CODE"97090132"
CDS_LIB"resistor"
CDS_LMAN_SYM_OUTLINE"-100,25,100,-25";
"A"16;
"B"74;
%"RCLAMP0524P"
"1","(-8650,4300)","0","protection","I4";
;
CDS_LIB"protection"
CDS_LMAN_SYM_OUTLINE"-125,275,200,-250";
"10"46;
"9"45;
"8"4;
"7"44;
"6"43;
"5"42;
"4"41;
"3"4;
"2"40;
"1"39;
%"GND_SIGNAL"
"1","(-8700,5050)","0","standard","I5";
;
HDL_POWER"GND_SIGNAL"
BODY_TYPE"PLUMBING"
CDS_LIB"standard";
"GND"3;
%"RCLAMP0524P"
"1","(-8650,5550)","0","protection","I6";
;
CDS_LIB"protection"
CDS_LMAN_SYM_OUTLINE"-125,275,200,-250";
"10"38;
"9"37;
"8"3;
"7"7;
"6"36;
"5"35;
"4"34;
"3"3;
"2"33;
"1"32;
%"GND_SIGNAL"
"1","(-5300,1950)","0","standard","I7";
;
BODY_TYPE"PLUMBING"
HDL_POWER"GND_SIGNAL"
CDS_LIB"standard";
"GND"2;
%"GND_SIGNAL"
"1","(-4500,1950)","0","standard","I8";
;
BODY_TYPE"PLUMBING"
HDL_POWER"GND_SIGNAL"
CDS_LIB"standard";
"GND"1;
%"HDMI-A"
"1","(-4950,3500)","0","connector","I9";
;
CDS_LIB"connector"
CDS_LMAN_SYM_OUTLINE"-125,500,325,-1150";
"23"2;
"22"2;
"21"2;
"20"2;
"19"31;
"18"30;
"17"1;
"16"29;
"15"28;
"14"0;
"13"27;
"12"26;
"11"2;
"10"25;
"9"24;
"8"2;
"7"8;
"6"23;
"5"2;
"4"22;
"3"21;
"2"2;
"1"20;
END.
