FILE_TYPE = CONNECTIVITY;
{Allegro Design Entry HDL 16.6-p007 (v16-6-112F) 10/10/2012}
"PAGE_NUMBER" = 33;
0"NC";
1"A7_7612_XTAL_N";
2"GND_SIGNAL\g";
3"A7_7612_XTAL_P";
4"V_A7_1V8_7612_DVDD";
5"GND_SIGNAL\g";
6"GND_SIGNAL\g";
7"V_A7_1V8_7612_CVDD";
8"GND_SIGNAL\g";
9"V_A7_3V3_7612_DVDDIO";
10"GND_SIGNAL\g";
11"V_A7_3V3_7612_TVDD";
12"GND_SIGNAL\g";
13"V_A7_1V8_7612_PVDD";
14"GND_SIGNAL\g";
15"A7_7612_AP5";
16"A7_7612_AP4";
17"A7_7612_AP3";
18"A7_7612_AP2";
19"A7_7612_AP1";
20"A7_7612_AP0";
21"A7_7612_MCLK";
22"A7_7612_CS_N";
23"V_A7_3V3_7612_DVDDIO";
24"A7_7612_SDA";
25"A7_7612_SCL";
26"V_A7_1V8_7612_CVDD";
27"V_A7_1V8_7612_DVDD";
28"V_A7_3V3_7612_DVDDIO";
29"V_A7_1V8_7612_PVDD";
30"V_A7_3V3_7612_TVDD";
31"A7_7612_AP0";
32"A7_7612_AP1";
33"A7_7612_AP2";
34"A7_7612_AP3";
35"A7_7612_AP4";
36"A7_7612_AP5";
37"A7_7612_CS_N";
38"A7_7612_RESET_N";
39"A7_7612_A_SCL";
40"A7_7612_A_SDA";
41"A7_7612_B_SCL";
42"A7_7612_B_SDA";
43"A7_7612_A_DATA0_P";
44"A7_7612_A_DATA1_P";
45"A7_7612_A_DATA2_P";
46"A7_7612_A_DATA0_N";
47"A7_7612_A_DATA1_N";
48"A7_7612_A_DATA2_N";
49"A7_7612_A_CLK_N";
50"A7_7612_A_CLK_P";
51"A7_7612_B_DATA0_P";
52"A7_7612_B_DATA1_P";
53"A7_7612_B_DATA2_P";
54"A7_7612_B_DATA0_N";
55"A7_7612_B_DATA1_N";
56"A7_7612_B_DATA2_N";
57"A7_7612_B_CLK_N";
58"A7_7612_B_CLK_P";
59"A7_7612_A_HP";
60"A7_7612_B_HP";
61"A7_7612_INT1";
62"A7_7612_MCLK";
63"V_A7_7612_A_5V0";
64"V_A7_7612_B_5V0";
65"A7_7612_SCL";
66"A7_7612_INT2";
67"A7_7612_SDA";
68"A7_7612_XTAL_N";
69"A7_7612_XTAL_P";
70"A7_7612_DE";
71"V_A7_3V3";
72"V_A7_3V3";
73"V_A7_1V8";
74"V_A7_1V8";
75"V_A7_1V8";
%"C"
"1","(-8750,3000)","0","capcitor","I10";
;
VALUE"0.1U"
CODE"08070262"
CDS_LIB"capcitor"
$LOCATION"?"
CDS_LMAN_SYM_OUTLINE"-50,0,50,-50";
"1"13;
"2"12;
%"C"
"1","(-8600,3000)","0","capcitor","I11";
;
VALUE"0.01U"
CODE"08070247"
CDS_LIB"capcitor"
$LOCATION"?"
CDS_LMAN_SYM_OUTLINE"-50,0,50,-50";
"1"13;
"2"12;
%"R"
"1","(-9150,4350)","0","resistor","I12";
;
VALUE"0"
CODE"07090522"
CDS_LIB"resistor"
$LOCATION"?"
CDS_LMAN_SYM_OUTLINE"-100,25,100,-25";
"A"17;
"B"14;
%"R"
"1","(-9150,4250)","0","resistor","I13";
;
VALUE"0"
CODE"07090522"
CDS_LIB"resistor"
$LOCATION"?"
CDS_LMAN_SYM_OUTLINE"-100,25,100,-25";
"A"16;
"B"14;
%"R"
"1","(-9150,4150)","0","resistor","I14";
;
VALUE"0"
CODE"07090522"
CDS_LIB"resistor"
$LOCATION"?"
CDS_LMAN_SYM_OUTLINE"-100,25,100,-25";
"A"15;
"B"14;
%"R"
"1","(-9150,4550)","0","resistor","I15";
;
VALUE"0"
CODE"07090522"
CDS_LIB"resistor"
$LOCATION"?"
CDS_LMAN_SYM_OUTLINE"-100,25,100,-25";
"A"19;
"B"14;
%"R"
"1","(-9150,4450)","0","resistor","I16";
;
VALUE"0"
CODE"07090522"
CDS_LIB"resistor"
$LOCATION"?"
CDS_LMAN_SYM_OUTLINE"-100,25,100,-25";
"A"18;
"B"14;
%"R"
"1","(-9150,4750)","0","resistor","I17";
;
VALUE"0"
CODE"07090522"
CDS_LIB"resistor"
$LOCATION"?"
CDS_LMAN_SYM_OUTLINE"-100,25,100,-25";
"A"21;
"B"14;
%"R"
"1","(-9150,4650)","0","resistor","I18";
;
VALUE"0"
CODE"07090522"
CDS_LIB"resistor"
$LOCATION"?"
CDS_LMAN_SYM_OUTLINE"-100,25,100,-25";
"A"20;
"B"14;
%"R"
"1","(-9150,5000)","0","resistor","I19";
;
VALUE"47K"
CODE"07090253"
CDS_LIB"resistor"
$LOCATION"?"
CDS_LMAN_SYM_OUTLINE"-100,25,100,-25";
"A"22;
"B"14;
%"GND_SIGNAL"
"1","(-8800,1500)","0","standard","I2";
;
CDS_LIB"standard"
HDL_POWER"GND_SIGNAL"
BODY_TYPE"PLUMBING";
"GND"6;
%"GND_SIGNAL"
"1","(-8550,4100)","1","standard","I20";
;
CDS_LIB"standard"
HDL_POWER"GND_SIGNAL"
BODY_TYPE"PLUMBING";
"GND"14;
%"C"
"1","(-8050,1900)","0","capcitor","I21";
;
VALUE"0.01U"
CODE"08070247"
CDS_LIB"capcitor"
$LOCATION"?"
CDS_LMAN_SYM_OUTLINE"-50,0,50,-50";
"1"7;
"2"6;
%"C"
"1","(-7900,1900)","0","capcitor","I22";
;
VALUE"0.01U"
CODE"08070247"
CDS_LIB"capcitor"
$LOCATION"?"
CDS_LMAN_SYM_OUTLINE"-50,0,50,-50";
"1"7;
"2"6;
%"C"
"1","(-7750,1900)","0","capcitor","I23";
;
VALUE"0.01U"
CODE"08070247"
CDS_LIB"capcitor"
$LOCATION"?"
CDS_LMAN_SYM_OUTLINE"-50,0,50,-50";
"1"7;
"2"6;
%"C"
"1","(-5300,1850)","0","capcitor","I24";
;
VALUE"0.1U"
CODE"08070262"
CDS_LIB"capcitor"
$LOCATION"?"
CDS_LMAN_SYM_OUTLINE"-50,0,50,-50";
"1"9;
"2"8;
%"C"
"1","(-5150,1850)","0","capcitor","I25";
;
VALUE"0.1U"
CODE"08070262"
CDS_LIB"capcitor"
$LOCATION"?"
CDS_LMAN_SYM_OUTLINE"-50,0,50,-50";
"1"9;
"2"8;
%"C"
"1","(-5000,1850)","0","capcitor","I26";
;
VALUE"0.1U"
CODE"08070262"
CDS_LIB"capcitor"
$LOCATION"?"
CDS_LMAN_SYM_OUTLINE"-50,0,50,-50";
"1"9;
"2"8;
%"C"
"1","(-4850,1850)","0","capcitor","I27";
;
VALUE"0.1U"
CODE"08070262"
CDS_LIB"capcitor"
$LOCATION"?"
CDS_LMAN_SYM_OUTLINE"-50,0,50,-50";
"1"9;
"2"8;
%"C"
"1","(-4350,1850)","0","capcitor","I28";
;
VALUE"0.01U"
CODE"08070247"
CDS_LIB"capcitor"
$LOCATION"?"
CDS_LMAN_SYM_OUTLINE"-50,0,50,-50";
"1"9;
"2"8;
%"C"
"1","(-4200,1850)","0","capcitor","I29";
;
VALUE"0.01U"
CODE"08070247"
CDS_LIB"capcitor"
$LOCATION"?"
CDS_LMAN_SYM_OUTLINE"-50,0,50,-50";
"1"9;
"2"8;
%"C"
"1","(-8750,1900)","0","capcitor","I3";
;
VALUE"1U"
CODE"98070403"
CDS_LIB"capcitor"
$LOCATION"?"
CDS_LMAN_SYM_OUTLINE"-50,0,50,-50";
"1"7;
"2"6;
%"LB"
"1","(-5700,2100)","0","inductor","I30";
;
VALUE"100MOHM"
CODE"10070008"
CDS_LIB"inductor"
$LOCATION"?"
CDS_LMAN_SYM_OUTLINE"-125,50,125,0";
"B"9;
"A"72;
%"GND_SIGNAL"
"1","(-5350,2550)","0","standard","I31";
;
CDS_LIB"standard"
HDL_POWER"GND_SIGNAL"
BODY_TYPE"PLUMBING";
"GND"10;
%"C"
"1","(-5300,3000)","0","capcitor","I32";
;
VALUE"0.1U"
CODE"08070262"
CDS_LIB"capcitor"
$LOCATION"?"
CDS_LMAN_SYM_OUTLINE"-50,0,50,-50";
"1"11;
"2"10;
%"C"
"1","(-5150,3000)","0","capcitor","I33";
;
VALUE"0.1U"
CODE"08070262"
CDS_LIB"capcitor"
$LOCATION"?"
CDS_LMAN_SYM_OUTLINE"-50,0,50,-50";
"1"11;
"2"10;
%"LB"
"1","(-5700,3200)","0","inductor","I34";
;
VALUE"100MOHM"
CODE"10070008"
CDS_LIB"inductor"
$LOCATION"?"
CDS_LMAN_SYM_OUTLINE"-125,50,125,0";
"B"11;
"A"71;
%"C"
"1","(-5000,3000)","0","capcitor","I35";
;
VALUE"0.1U"
CODE"08070262"
CDS_LIB"capcitor"
$LOCATION"?"
CDS_LMAN_SYM_OUTLINE"-50,0,50,-50";
"1"11;
"2"10;
%"C"
"1","(-4850,3000)","0","capcitor","I36";
;
VALUE"0.1U"
CODE"08070262"
CDS_LIB"capcitor"
$LOCATION"?"
CDS_LMAN_SYM_OUTLINE"-50,0,50,-50";
"1"11;
"2"10;
%"C"
"1","(-4700,3000)","0","capcitor","I37";
;
VALUE"0.1U"
CODE"08070262"
CDS_LIB"capcitor"
$LOCATION"?"
CDS_LMAN_SYM_OUTLINE"-50,0,50,-50";
"1"11;
"2"10;
%"C"
"1","(-4550,3000)","0","capcitor","I38";
;
VALUE"0.1U"
CODE"08070262"
CDS_LIB"capcitor"
$LOCATION"?"
CDS_LMAN_SYM_OUTLINE"-50,0,50,-50";
"1"11;
"2"10;
%"C"
"1","(-4350,3000)","0","capcitor","I39";
;
VALUE"0.01U"
CODE"08070247"
CDS_LIB"capcitor"
$LOCATION"?"
CDS_LMAN_SYM_OUTLINE"-50,0,50,-50";
"1"11;
"2"10;
%"C"
"1","(-8550,1900)","0","capcitor","I4";
;
VALUE"0.1U"
CODE"08070262"
CDS_LIB"capcitor"
$LOCATION"?"
CDS_LMAN_SYM_OUTLINE"-50,0,50,-50";
"1"7;
"2"6;
%"C"
"1","(-4200,3000)","0","capcitor","I40";
;
VALUE"0.01U"
CODE"08070247"
CDS_LIB"capcitor"
$LOCATION"?"
CDS_LMAN_SYM_OUTLINE"-50,0,50,-50";
"1"11;
"2"10;
%"C"
"1","(-4050,3000)","0","capcitor","I41";
;
VALUE"0.01U"
CODE"08070247"
CDS_LIB"capcitor"
$LOCATION"?"
CDS_LMAN_SYM_OUTLINE"-50,0,50,-50";
"1"11;
"2"10;
%"ADV7612BSWZ"
"1","(-3950,5600)","0","ic","I42";
;
PACK_TYPE""
VALUE""
CDS_LIB"ic"
$LOCATION"?"
CDS_LMAN_SYM_OUTLINE"-1400,1800,1400,-1700";
"DE"70;
"XTALP"69;
"XTALN"68;
"SDA"67;
"SCLK/INT2"66;
"SCL"65;
"RXB_5V"64;
"RXA_5V"63;
"MCLK/INT2"62;
"INT1"61;
"HPA_B"60;
"HPA_A/INT2"59;
"RXB_C+"58;
"RXB_C-"57;
"RXB_2-"56;
"RXB_1-"55;
"RXB_0-"54;
"RXB_2+"53;
"RXB_1+"52;
"RXB_0+"51;
"RXA_C+"50;
"RXA_C-"49;
"RXA_2-"48;
"RXA_1-"47;
"RXA_0-"46;
"RXA_2+"45;
"RXA_1+"44;
"RXA_0+"43;
"DDCB_SDA"42;
"DDCB_SCL"41;
"DDCA_SDA"40;
"DDCA_SCL"39;
"RESET"38;
"CS"37;
"AP5"36;
"AP4"35;
"AP3"34;
"AP2"33;
"AP1/I2S_TDM"32;
"AP0"31;
"TVDD_6"30;
"TVDD_5"30;
"TVDD_4"30;
"TVDD_3"30;
"TVDD_2"30;
"TVDD"30;
"PVDD"29;
"DVDD_4"27;
"DVDD_3"27;
"DVDD"27;
"DVDDIO_4"28;
"DVDDIO_3"28;
"DVDDIO_2"28;
"DVDDIO"28;
"CVDD_3"26;
"CVDD_2"26;
"DVDD_2"27;
"CVDD"26;
%"GND_SIGNAL"
"1","(-3250,1400)","7","standard","I43";
;
CDS_LIB"standard"
HDL_POWER"GND_SIGNAL"
BODY_TYPE"PLUMBING";
"GND"2;
%"C"
"1","(-2750,1450)","1","capcitor","I44";
;
VALUE"47PF"
CODE"98070500"
CDS_LIB"capcitor"
$LOCATION"?"
CDS_LMAN_SYM_OUTLINE"-50,0,50,-50";
"1"2;
"2"1;
%"CRYSTAL"
"1","(-2450,1650)","1","oscillator","I45";
;
VALUE"28.636MHZ"
CODE"12020113"
CDS_LIB"oscillator"
$LOCATION"?"
CDS_LMAN_SYM_OUTLINE"50,100,225,-100";
"A1"1;
"A2"3;
%"R"
"1","(-2100,1750)","1","resistor","I46";
;
VALUE"392K"
CODE"07090584"
CDS_LIB"resistor"
$LOCATION"?"
CDS_LMAN_SYM_OUTLINE"-100,25,100,-25";
"A"1;
"B"3;
%"C"
"1","(-3900,3000)","0","capcitor","I47";
;
VALUE"0.01U"
CODE"08070247"
CDS_LIB"capcitor"
$LOCATION"?"
CDS_LMAN_SYM_OUTLINE"-50,0,50,-50";
"1"11;
"2"10;
%"C"
"1","(-3750,3000)","0","capcitor","I48";
;
VALUE"0.01U"
CODE"08070247"
CDS_LIB"capcitor"
$LOCATION"?"
CDS_LMAN_SYM_OUTLINE"-50,0,50,-50";
"1"11;
"2"10;
%"C"
"1","(-3600,3000)","0","capcitor","I49";
;
VALUE"0.01U"
CODE"08070247"
CDS_LIB"capcitor"
$LOCATION"?"
CDS_LMAN_SYM_OUTLINE"-50,0,50,-50";
"1"11;
"2"10;
%"C"
"1","(-8400,1900)","0","capcitor","I5";
;
VALUE"0.1U"
CODE"08070262"
CDS_LIB"capcitor"
$LOCATION"?"
CDS_LMAN_SYM_OUTLINE"-50,0,50,-50";
"1"7;
"2"6;
%"C"
"1","(-2750,2100)","1","capcitor","I50";
;
VALUE"47PF"
CODE"98070500"
CDS_LIB"capcitor"
$LOCATION"?"
CDS_LMAN_SYM_OUTLINE"-50,0,50,-50";
"1"2;
"2"3;
%"C"
"1","(-4500,1850)","0","capcitor","I51";
;
VALUE"0.01U"
CODE"08070247"
CDS_LIB"capcitor"
$LOCATION"?"
CDS_LMAN_SYM_OUTLINE"-50,0,50,-50";
"1"9;
"2"8;
%"C"
"1","(-4650,1850)","0","capcitor","I52";
;
VALUE"0.01U"
CODE"08070247"
CDS_LIB"capcitor"
$LOCATION"?"
CDS_LMAN_SYM_OUTLINE"-50,0,50,-50";
"1"9;
"2"8;
%"GND_SIGNAL"
"1","(-5350,1450)","0","standard","I53";
;
CDS_LIB"standard"
BODY_TYPE"PLUMBING"
HDL_POWER"GND_SIGNAL";
"GND"8;
%"R"
"1","(-8750,6650)","1","resistor","I54";
;
VALUE"4.7K"
CODE"07090246"
CDS_LIB"resistor"
$LOCATION"?"
CDS_LMAN_SYM_OUTLINE"-100,25,100,-25";
"A"24;
"B"23;
%"R"
"1","(-8950,6650)","1","resistor","I55";
;
VALUE"4.7K"
CODE"07090246"
CDS_LIB"resistor"
$LOCATION"?"
CDS_LMAN_SYM_OUTLINE"-100,25,100,-25";
"A"25;
"B"23;
%"LB"
"1","(-9100,950)","0","inductor","I56";
;
VALUE"100MOHM"
CODE"10070008"
CDS_LIB"inductor"
$LOCATION"?"
CDS_LMAN_SYM_OUTLINE"-125,50,125,0";
"B"4;
"A"73;
%"GND_SIGNAL"
"1","(-8800,350)","0","standard","I57";
;
HDL_POWER"GND_SIGNAL"
BODY_TYPE"PLUMBING"
CDS_LIB"standard";
"GND"5;
%"C"
"1","(-8750,750)","0","capcitor","I58";
;
VALUE"0.1U"
CODE"08070262"
CDS_LIB"capcitor"
$LOCATION"?"
CDS_LMAN_SYM_OUTLINE"-50,0,50,-50";
"1"4;
"2"5;
%"C"
"1","(-8600,750)","0","capcitor","I59";
;
VALUE"0.1U"
$LOCATION"?"
CODE"08070262"
CDS_LMAN_SYM_OUTLINE"-50,0,50,-50"
CDS_LIB"capcitor";
"1"4;
"2"5;
%"C"
"1","(-8250,1900)","0","capcitor","I6";
;
VALUE"0.1U"
CODE"08070262"
CDS_LIB"capcitor"
$LOCATION"?"
CDS_LMAN_SYM_OUTLINE"-50,0,50,-50";
"1"7;
"2"6;
%"C"
"1","(-7950,750)","0","capcitor","I60";
;
VALUE"0.01U"
CODE"08070247"
CDS_LIB"capcitor"
$LOCATION"?"
CDS_LMAN_SYM_OUTLINE"-50,0,50,-50";
"1"4;
"2"5;
%"C"
"1","(-8100,750)","0","capcitor","I61";
;
VALUE"0.01U"
CODE"08070247"
CDS_LIB"capcitor"
$LOCATION"?"
CDS_LMAN_SYM_OUTLINE"-50,0,50,-50";
"1"4;
"2"5;
%"C"
"1","(-8250,750)","0","capcitor","I62";
;
VALUE"0.01U"
CODE"08070247"
CDS_LIB"capcitor"
$LOCATION"?"
CDS_LMAN_SYM_OUTLINE"-50,0,50,-50";
"1"4;
"2"5;
%"C"
"1","(-8450,750)","0","capcitor","I63";
;
VALUE"0.1U"
$LOCATION"?"
CODE"08070262"
CDS_LMAN_SYM_OUTLINE"-50,0,50,-50"
CDS_LIB"capcitor";
"1"4;
"2"5;
%"LB"
"1","(-9100,2100)","0","inductor","I7";
;
VALUE"100MOHM"
CODE"10070008"
CDS_LIB"inductor"
$LOCATION"?"
CDS_LMAN_SYM_OUTLINE"-125,50,125,0";
"B"7;
"A"74;
%"LB"
"1","(-9100,3200)","0","inductor","I8";
;
VALUE"100MOHM"
CODE"10070008"
CDS_LIB"inductor"
$LOCATION"?"
CDS_LMAN_SYM_OUTLINE"-125,50,125,0";
"B"13;
"A"75;
%"GND_SIGNAL"
"1","(-8800,2550)","0","standard","I9";
;
CDS_LIB"standard"
HDL_POWER"GND_SIGNAL"
BODY_TYPE"PLUMBING";
"GND"12;
END.
