FILE_TYPE = CONNECTIVITY;
{Allegro Design Entry HDL 16.6-p007 (v16-6-112F) 10/10/2012}
"PAGE_NUMBER" = 82;
0"NC";
1"GND_SIGNAL\g";
2"GND_SIGNAL\g";
3"GND_SIGNAL\g";
4"GND_SIGNAL\g";
5"GND_SIGNAL\g";
6"GND_SIGNAL\g";
7"GND_SIGNAL\g";
8"GND_SIGNAL\g";
9"GND_SIGNAL\g";
10"V_Z7_S6_3V3_VCCO";
11"V_Z7_S6_3V3_VCCO";
12"V_Z7_S6_3V3_VCCO";
13"Z7_S6_CONFIG_DONE";
14"V_Z7_S6_3V3_VCCO";
15"Z7_S6_CONFIG_PROGRAM_B";
16"V_Z7_S6_3V3_VCCO";
17"Z7_S6_SUSPEND";
18"Z7_S6_M1";
19"Z7_S6_M0";
20"UN$82$M25P40$I103$W";
21"UN$82$M25P40$I103$HOLD";
22"V_Z7_S6_3V3_VCCO";
23"Z7_S6_SPI_CCLK";
24"V_Z7_S6_3V3_VCCO";
25"Z7_S6_SPI_CS_N";
26"UN$82$HEAD2X7$I96$A";
27"V_Z7_S6_3V3_VCCO";
28"UN$82$HEAD2X7$I96$A$1";
29"V_Z7_S6_3V3_VCCO";
30"Z7_S6_CONFIG_INIT_B";
31"V_Z7_S6_3V3_VCCO";
32"V_Z7_S6_3V3_VCCO";
33"Z7_S6_SW1";
34"Z7_S6_SW2";
35"Z7_S6_SW3";
36"UN$82$LEDS$I67$B";
37"Z7_S6_CONFIG_DONE";
38"UN$82$LEDS$I76$B";
39"Z7_S6_LED1";
40"UN$82$LEDS$I74$B";
41"Z7_S6_LED0";
42"Z7_S6_SPI_DIN_R";
43"Z7_S6_SPI_MOSI_R";
44"Z7_S6_SPI_CCLK_R";
45"Z7_S6_SPI_CS_N_R";
46"Z7_S6_SPI_MOSI";
47"Z7_S6_SPI_CCLK";
48"Z7_S6_SPI_DIN";
49"Z7_S6_SPI_CS_N";
50"Z7_S6_SPI_DIN";
51"Z7_S6_SPI_MOSI";
52"Z7_S6_SPI_CCLK";
53"Z7_S6_SPI_CS_N";
54"Z7_S6_JTAG_TDI_R";
55"Z7_S6_JTAG_TCK_R";
56"Z7_S6_JTAG_TDO_R";
57"Z7_S6_JTAG_TMS_R";
58"Z7_S6_JTAG_TCK";
59"Z7_S6_JTAG_TDO";
60"Z7_S6_JTAG_TDI";
61"Z7_S6_JTAG_TMS";
62"Z7_S6_JTAG_TDO_R";
63"Z7_S6_JTAG_TDI_R";
64"Z7_S6_JTAG_TCK_R";
65"Z7_S6_JTAG_TMS_R";
66"V_Z7_S6_3V3_VCCO";
67"Z7_S6_JTAG_TDO";
68"V_Z7_S6_3V3_VCCO";
69"Z7_S6_M1";
70"Z7_S6_SPI_CCLK";
71"Z7_S6_M0";
72"Z7_S6_SPI_DIN";
73"Z7_S6_SPI_MOSI";
74"Z7_S6_LED0";
75"CLK_Z7_S6_25M";
76"Z7_S6_LED1";
77"Z7_S6_SW1";
78"Z7_S6_SW2";
79"Z7_S6_SW3";
80"Z7_S6_CONFIG_INIT_B";
81"Z7_S6_SPI_CS_N";
82"Z7_S6_CONFIG_PROGRAM_B";
83"Z7_S6_CONFIG_DONE";
84"Z7_S6_SUSPEND";
85"Z7_S6_JTAG_TCK";
86"Z7_S6_JTAG_TDI";
87"Z7_S6_JTAG_TMS";
88"UN$82$C$I106$1";
%"R"
"1","(-9000,3250)","0","resistor","I100";
;
$LOCATION"?"
VALUE"0"
CDS_LMAN_SYM_OUTLINE"-100,25,100,-25"
CDS_LIB"resistor"
CODE"07090522";
"A"26;
"B"8;
%"GND_SIGNAL"
"1","(-9800,2950)","2","standard","I102";
;
BODY_TYPE"PLUMBING"
HDL_POWER"GND_SIGNAL"
CDS_LIB"standard";
"GND"8;
%"M25P40"
"1","(-4700,2000)","0","ic","I103";
;
$LOCATION"?"
VALUE"M25P16"
CDS_LMAN_SYM_OUTLINE"-150,200,150,-200"
CDS_LIB"ic";
"VSS"88;
"VCC"22;
"HOLD*"21;
"W*"20;
"S*"45;
"Q"42;
"D"43;
"C"44;
%"R"
"1","(-4400,2400)","1","resistor","I104";
;
$LOCATION"?"
VALUE"4.7K"
CDS_LMAN_SYM_OUTLINE"-100,25,100,-25"
CDS_LIB"resistor"
CODE"07090246";
"A"20;
"B"31;
%"R"
"1","(-4300,2400)","1","resistor","I105";
;
$LOCATION"?"
VALUE"4.7K"
CDS_LMAN_SYM_OUTLINE"-100,25,100,-25"
CDS_LIB"resistor"
CODE"07090246";
"A"21;
"B"31;
%"C"
"1","(-4300,1850)","0","capcitor","I106";
;
VALUE"0.1U"
$LOCATION"?"
CODE"08070262"
CDS_LMAN_SYM_OUTLINE"-50,0,50,-50"
CDS_LIB"capcitor";
"1"88;
"2"9;
%"GND_SIGNAL"
"1","(-4250,1450)","2","standard","I107";
;
CDS_LIB"standard"
HDL_POWER"GND_SIGNAL"
BODY_TYPE"PLUMBING";
"GND"9;
%"RN"
"2","(-6050,2000)","0","resistor","I108";
;
$LOCATION"?"
VALUE"22X4"
HAS_FIXED_SIZE"4B"
CDS_LMAN_SYM_OUTLINE"-25,150,175,-100"
CDS_LIB"resistor"
CODE"97080127";
"A<0>"49;
"A<1>"48;
"A<3>"47;
"A<2>"46;
"B<0>"45;
"B<3>"44;
"B<2>"43;
"B<1>"42;
%"R"
"1","(-8900,2100)","0","resistor","I109";
;
$LOCATION"?"
VALUE"100"
CDS_LMAN_SYM_OUTLINE"-100,25,100,-25"
CDS_LIB"resistor"
CODE"07090603";
"A"24;
"B"23;
%"HEAD2X3"
"1","(-9150,4800)","0","connector","I11";
;
$LOCATION"?"
VALUE"HEAD2X3"
CDS_LMAN_SYM_OUTLINE"-125,125,125,-125"
CDS_LIB"connector";
"A1"4;
"B3"35;
"B2"34;
"B1"33;
"A3"4;
"A2"4;
%"R"
"1","(-8900,2000)","0","resistor","I110";
;
$LOCATION"?"
VALUE"100"
CDS_LMAN_SYM_OUTLINE"-100,25,100,-25"
CDS_LIB"resistor"
CODE"07090603";
"A"7;
"B"23;
%"GND_SIGNAL"
"1","(-9150,1900)","2","standard","I111";
;
CDS_LIB"standard"
HDL_POWER"GND_SIGNAL"
BODY_TYPE"PLUMBING";
"GND"7;
%"R"
"1","(-8900,2350)","2","resistor","I112";
;
$LOCATION"?"
VALUE"4.7K"
CDS_LMAN_SYM_OUTLINE"-100,25,100,-25"
CDS_LIB"resistor"
CODE"07090246";
"A"25;
"B"32;
%"R"
"1","(-2150,5050)","1","resistor","I113";
;
$LOCATION"?"
VALUE"4.7K"
CDS_LMAN_SYM_OUTLINE"-100,25,100,-25"
CDS_LIB"resistor"
CODE"07090246";
"A"19;
"B"16;
%"R"
"1","(-2000,5050)","1","resistor","I114";
;
$LOCATION"?"
VALUE"4.7K"
CDS_LMAN_SYM_OUTLINE"-100,25,100,-25"
CDS_LIB"resistor"
CODE"07090246";
"A"18;
"B"16;
%"R"
"1","(-1850,5050)","1","resistor","I115";
;
$LOCATION"?"
VALUE"4.7K"
CDS_LMAN_SYM_OUTLINE"-100,25,100,-25"
CDS_LIB"resistor"
CODE"07090246";
"A"17;
"B"16;
%"R"
"1","(-2150,4350)","1","resistor","I116";
;
$LOCATION"?"
VALUE"1K"
CDS_LMAN_SYM_OUTLINE"-100,25,100,-25"
CDS_LIB"resistor"
CODE"07090277";
"A"6;
"B"19;
%"R"
"1","(-2000,4350)","1","resistor","I117";
;
$LOCATION"?"
VALUE"1K"
CDS_LMAN_SYM_OUTLINE"-100,25,100,-25"
CDS_LIB"resistor"
CODE"07090277";
"A"6;
"B"18;
%"R"
"1","(-1850,4350)","1","resistor","I118";
;
$LOCATION"?"
VALUE"1K"
CDS_LMAN_SYM_OUTLINE"-100,25,100,-25"
CDS_LIB"resistor"
CODE"07090277";
"A"6;
"B"17;
%"GND_SIGNAL"
"1","(-2100,3800)","2","standard","I119";
;
BODY_TYPE"PLUMBING"
HDL_POWER"GND_SIGNAL"
CDS_LIB"standard";
"GND"6;
%"R"
"1","(-2250,2150)","1","resistor","I120";
;
$LOCATION"?"
VALUE"4.7K"
CDS_LMAN_SYM_OUTLINE"-100,25,100,-25"
CDS_LIB"resistor"
CODE"07090246";
"A"30;
"B"29;
%"R"
"1","(-2400,2150)","1","resistor","I121";
;
$LOCATION"?"
VALUE"330"
CDS_LMAN_SYM_OUTLINE"-100,25,100,-25"
CDS_LIB"resistor"
CODE"07090387";
"A"37;
"B"29;
%"RN"
"2","(-9050,1050)","0","resistor","I122";
;
$LOCATION"?"
VALUE"22X4"
HAS_FIXED_SIZE"4B"
CDS_LMAN_SYM_OUTLINE"-25,150,175,-100"
CDS_LIB"resistor"
CODE"97080127";
"A<0>"57;
"A<1>"56;
"A<3>"55;
"A<2>"54;
"B<0>"53;
"B<3>"52;
"B<2>"51;
"B<1>"50;
%"R"
"1","(-8900,6200)","0","resistor","I42";
;
$LOCATION"?"
VALUE"130"
CDS_LMAN_SYM_OUTLINE"-100,25,100,-25"
CDS_LIB"resistor"
CODE"07090673";
"A"5;
"B"36;
%"IOPORT"
"1","(-3550,4750)","0","standard","I47";
;
CDS_LIB"standard"
OFFPAGE"TRUE";
"A"
VHDL_PORT"INOUT"
HDL_PORT"INOUT"87;
%"IOPORT"
"1","(-3550,4700)","0","standard","I48";
;
CDS_LIB"standard"
OFFPAGE"TRUE";
"A"
VHDL_PORT"INOUT"
HDL_PORT"INOUT"67;
%"IOPORT"
"1","(-3550,4800)","0","standard","I53";
;
CDS_LIB"standard"
OFFPAGE"TRUE";
"A"
VHDL_PORT"INOUT"
HDL_PORT"INOUT"86;
%"IOPORT"
"1","(-3550,4850)","0","standard","I54";
;
CDS_LIB"standard"
OFFPAGE"TRUE";
"A"
VHDL_PORT"INOUT"
HDL_PORT"INOUT"85;
%"LED_S"
"1","(-8350,6200)","0","diode","I67";
;
$LOCATION"?"
VALUE"HSMG-C170-B"
CODE"15020063"
CDS_LIB"diode"
CDS_LMAN_SYM_OUTLINE"-150,50,50,-75";
"A"13;
"B"36;
%"XC6SLX16CSG324"
"3","(-4975,6500)","0","ic","I73";
;
VALUE1"XC6SLX16CSG324"
$LOCATION"?"
VALUE"XC6SLX16CSG324"
CDS_LIB"ic"
CDS_LMAN_SYM_OUTLINE"-600,125,600,-2000";
"TDO"67;
"TMS"87;
"TDI"86;
"TCK"85;
"VCCO6_2"66;
"VCCO5_2"66;
"VCCO4_2"66;
"VCCO3_2"66;
"VCCO2_2"66;
"VCCO1_2"66;
"SUSPEND"84;
"CMPCS_B_2"0;
"DONE_2"83;
"PROGRAM_B_2"82;
"IO_L65N_CSO_B_2"81;
"IO_L65P_INIT_B_2"80;
"IO_L64N_D9_2"0;
"IO_L64P_D8_2"0;
"IO_L63N_2"0;
"IO_L63P_2"0;
"IO_L62N_D6_2"0;
"IO_L62P_D5_2"0;
"IO_L49N_D4_2"0;
"IO_L49P_D3_2"0;
"IO_L48N_RDWR_B_VREF_2"0;
"IO_L48P_D7_2"0;
"IO_L47N_2"0;
"IO_L47P_2"0;
"IO_L46N_2"0;
"IO_L46P_2"79;
"IO_L45N_2"0;
"IO_L45P_2"78;
"IO_L44N_2"0;
"IO_L44P_2"77;
"IO_L43N_2"76;
"IO_L43P_2"0;
"IO_L41N_VREF_2"0;
"IO_L41P_2"0;
"IO_L40N_2"0;
"IO_L40P_2"0;
"IO_L32N_GCLK28_2"75;
"IO_L32P_GCLK29_2"0;
"IO_L31N_GCLK30_D15_2"0;
"IO_L31P_GCLK31_D14_2"74;
"IO_L30N_GCLK0_USERCCLK_2"0;
"IO_L30P_GCLK1_D13_2"0;
"IO_L29N_GCLK2_2"0;
"IO_L29P_GCLK3_2"0;
"IO_L23N_2"0;
"IO_L23P_2"0;
"IO_L22N_2"0;
"IO_L22P_2"0;
"IO_L20N_2"0;
"IO_L20P_2"0;
"IO_L19N_2"0;
"IO_L19P_2"0;
"IO_L16N_VREF_2"0;
"IO_L16P_2"0;
"IO_L15N_2"0;
"IO_L15P_2"0;
"IO_L14N_D12_2"0;
"IO_L14P_D11_2"0;
"IO_L13N_D10_2"0;
"IO_L13P_M1_2"69;
"IO_L12N_D2_MISO3_2"0;
"IO_L12P_D1_MISO2_2"0;
"IO_L5N_2"0;
"IO_L5P_2"0;
"IO_L3N_MOSI_CSI_B_MISO0_2"73;
"IO_L3P_D0_DIN_MISO_MISO1_2"72;
"IO_L2N_CMPMOSI_2"0;
"IO_L2P_CMPCLK_2"0;
"IO_L1N_M0_CMPMISO_2"71;
"IO_L1P_CCLK_2"70;
%"LED_S"
"1","(-8350,6700)","0","diode","I74";
;
VALUE"HSMG-C170-B"
$LOCATION"?"
CODE"15020063"
CDS_LIB"diode"
CDS_LMAN_SYM_OUTLINE"-150,50,50,-75";
"A"11;
"B"40;
%"R"
"1","(-8950,6700)","0","resistor","I75";
;
$LOCATION"?"
VALUE"330"
CDS_LMAN_SYM_OUTLINE"-100,25,100,-25"
CDS_LIB"resistor"
CODE"07090387";
"A"41;
"B"40;
%"LED_S"
"1","(-8350,6450)","0","diode","I76";
;
VALUE"HSMG-C170-B"
$LOCATION"?"
CODE"15020063"
CDS_LIB"diode"
CDS_LMAN_SYM_OUTLINE"-150,50,50,-75";
"A"12;
"B"38;
%"R"
"1","(-8950,6450)","0","resistor","I77";
;
$LOCATION"?"
VALUE"330"
CDS_LMAN_SYM_OUTLINE"-100,25,100,-25"
CDS_LIB"resistor"
CODE"07090387";
"A"39;
"B"38;
%"GND_SIGNAL"
"1","(-9400,6150)","7","standard","I78";
;
CDS_LIB"standard"
BODY_TYPE"PLUMBING"
HDL_POWER"GND_SIGNAL";
"GND"5;
%"GND_SIGNAL"
"1","(-9950,4700)","7","standard","I79";
;
BODY_TYPE"PLUMBING"
HDL_POWER"GND_SIGNAL"
CDS_LIB"standard";
"GND"4;
%"R"
"1","(-8800,5175)","1","resistor","I80";
;
$LOCATION"?"
VALUE"4.7K"
CDS_LMAN_SYM_OUTLINE"-100,25,100,-25"
CDS_LIB"resistor"
CODE"07090246";
"A"33;
"B"10;
%"R"
"1","(-8750,5175)","1","resistor","I81";
;
$LOCATION"?"
VALUE"4.7K"
CDS_LMAN_SYM_OUTLINE"-100,25,100,-25"
CDS_LIB"resistor"
CODE"07090246";
"A"34;
"B"10;
%"R"
"1","(-8700,5175)","1","resistor","I82";
;
$LOCATION"?"
VALUE"4.7K"
CDS_LMAN_SYM_OUTLINE"-100,25,100,-25"
CDS_LIB"resistor"
CODE"07090246";
"A"35;
"B"10;
%"GND_SIGNAL"
"1","(-5300,3400)","0","standard","I83";
;
BODY_TYPE"PLUMBING"
HDL_POWER"GND_SIGNAL"
CDS_LIB"standard";
"GND"3;
%"C"
"1","(-5250,3800)","0","capcitor","I84";
;
$LOCATION"?"
VALUE"0.1U"
CDS_LIB"capcitor"
CDS_LMAN_SYM_OUTLINE"-50,0,50,-50"
CODE"08070262";
"1"68;
"2"3;
%"C"
"1","(-5100,3800)","0","capcitor","I85";
;
$LOCATION"?"
VALUE"0.1U"
CODE"08070262"
CDS_LMAN_SYM_OUTLINE"-50,0,50,-50"
CDS_LIB"capcitor";
"1"68;
"2"3;
%"C"
"1","(-4800,3800)","0","capcitor","I86";
;
$LOCATION"?"
VALUE"0.1U"
CODE"08070262"
CDS_LMAN_SYM_OUTLINE"-50,0,50,-50"
CDS_LIB"capcitor";
"1"68;
"2"3;
%"C"
"1","(-4650,3800)","0","capcitor","I87";
;
VALUE"0.1U"
$LOCATION"?"
CODE"08070262"
CDS_LMAN_SYM_OUTLINE"-50,0,50,-50"
CDS_LIB"capcitor";
"1"68;
"2"3;
%"C"
"1","(-4500,3800)","0","capcitor","I88";
;
$LOCATION"?"
VALUE"0.1U"
CODE"08070262"
CDS_LMAN_SYM_OUTLINE"-50,0,50,-50"
CDS_LIB"capcitor";
"1"68;
"2"3;
%"C"
"1","(-4950,3800)","0","capcitor","I89";
;
$LOCATION"?"
VALUE"0.1U"
CODE"08070262"
CDS_LMAN_SYM_OUTLINE"-50,0,50,-50"
CDS_LIB"capcitor";
"1"68;
"2"3;
%"HEAD1X2_S"
"1","(-2200,6550)","0","connector","I90";
;
$LOCATION"?"
VALUE"HEAD1X2"
CDS_LMAN_SYM_OUTLINE"-50,100,0,-50"
CDS_LIB"connector"
CODE"14050028";
"P1"15;
"P2"2;
%"C"
"1","(-1950,6400)","0","capcitor","I92";
;
VALUE"0.1U"
$LOCATION"?"
CODE"08070262"
CDS_LIB"capcitor"
CDS_LMAN_SYM_OUTLINE"-50,0,50,-50";
"1"15;
"2"2;
%"R"
"1","(-1950,6900)","1","resistor","I93";
;
$LOCATION"?"
VALUE"10K"
CDS_LMAN_SYM_OUTLINE"-100,25,100,-25"
CDS_LIB"resistor"
CODE"07090247";
"A"15;
"B"14;
%"GND_SIGNAL"
"1","(-2000,6050)","0","standard","I94";
;
BODY_TYPE"PLUMBING"
HDL_POWER"GND_SIGNAL"
CDS_LIB"standard";
"GND"2;
%"GND_SIGNAL"
"1","(-7400,3700)","1","standard","I95";
;
CDS_LIB"standard"
BODY_TYPE"PLUMBING"
HDL_POWER"GND_SIGNAL";
"GND"1;
%"HEAD2X7"
"1","(-9500,3400)","0","connector","I96";
;
$LOCATION"?"
VALUE"HEAD2X7"
CDS_LMAN_SYM_OUTLINE"-250,250,150,-250"
CDS_LIB"connector"
CODE"14050021";
"A<12>"8;
"A<10>"8;
"A<8>"8;
"A<6>"8;
"A<4>"8;
"A<2>"8;
"A<0>"8;
"A<13>"26;
"A<11>"0;
"A<9>"63;
"A<7>"62;
"A<5>"64;
"A<3>"65;
"A<1>"28;
%"R"
"1","(-9000,3750)","0","resistor","I97";
;
$LOCATION"?"
VALUE"0"
CDS_LMAN_SYM_OUTLINE"-100,25,100,-25"
CDS_LIB"resistor"
CODE"07090522";
"A"28;
"B"27;
%"C"
"1","(-7750,3750)","1","capcitor","I98";
;
VALUE"0.1U"
$LOCATION"?"
CODE"08070262"
CDS_LMAN_SYM_OUTLINE"-50,0,50,-50"
CDS_LIB"capcitor";
"1"27;
"2"1;
%"RN"
"2","(-8350,3400)","0","resistor","I99";
;
$LOCATION"?"
VALUE"22X4"
HAS_FIXED_SIZE"4B"
CDS_LMAN_SYM_OUTLINE"-25,150,175,-100"
CDS_LIB"resistor"
CODE"97080127";
"A<0>"65;
"A<1>"64;
"A<3>"63;
"A<2>"62;
"B<0>"61;
"B<3>"60;
"B<2>"59;
"B<1>"58;
END.
