FILE_TYPE = CONNECTIVITY;
{Allegro Design Entry HDL 16.6-p007 (v16-6-112F) 10/10/2012}
"PAGE_NUMBER" = 42;
0"NC";
1"A7_SFP2_TX_FAULT";
2"V_A7_3V3_SFP2_VCCT";
3"A7_SFP2_RS1";
4"GND_SIGNAL\g";
5"A7_SFP2_RS0";
6"GND_SIGNAL\g";
7"V_A7_3V3_SFP2_VCCT";
8"A7_SFP2_TX_FAULT";
9"A7_SFP2_TX_DISABLE";
10"A7_SFP2_MOD_ABS";
11"V_A7_3V3_SFP2_VCCR";
12"A7_SFP2_RX_LOS";
13"A7_SFP2_SDA";
14"A7_SFP2_SCL";
15"V_A7_3V3_SFP2_VCCR";
16"A7_SFP2_RS1";
17"GND_SIGNAL\g";
18"V_A7_3V3_SFP2_VCCT";
19"GND_SIGNAL\g";
20"V_A7_3V3_SFP2_VCCR";
21"V_A7_3V3";
22"V_A7_3V3";
23"GND_SIGNAL\g";
24"GND_SIGNAL\g";
25"A7_SFP2_TX_DISABLE";
26"A7_SFP2_SDA";
27"A7_SFP2_SCL";
28"A7_SFP2_MOD_ABS";
29"A7_SFP2_RS0";
30"A7_SFP2_RX_LOS";
31"A7_SFP2_SIN_N";
32"A7_SFP2_SIN_P";
33"V_A7_3V3_SFP2_VCCR";
34"V_A7_3V3_SFP2_VCCT";
35"A7_SFP2_SOUT_P";
36"A7_SFP2_SOUT_N";
%"R"
"1","(-8100,2000)","1","resistor","I1";
;
VALUE"4.7K"
CODE"07090246"
CDS_LIB"resistor"
$LOCATION"?"
CDS_LMAN_SYM_OUTLINE"-100,25,100,-25";
"A"14;
"B"11;
%"R"
"1","(-5950,3850)","1","resistor","I10";
;
VALUE"0"
CODE"07090522"
CDS_LIB"resistor"
$LOCATION"?"
CDS_LMAN_SYM_OUTLINE"-100,25,100,-25";
"A"4;
"B"3;
%"R"
"1","(-7950,4400)","1","resistor","I11";
;
VALUE"4.7K"
CODE"07090246"
CDS_LIB"resistor"
$LOCATION"?"
CDS_LMAN_SYM_OUTLINE"-100,25,100,-25";
"A"5;
"B"15;
%"SFP_CONN"
"1","(-7050,6150)","0","connector","I12";
;
CDS_LIB"connector"
CDS_LMAN_SYM_OUTLINE"-125,500,250,-775";
"20"24;
"19"36;
"18"35;
"17"24;
"16"34;
"15"33;
"14"24;
"13"32;
"12"31;
"11"24;
"10"24;
"9"16;
"8"30;
"7"29;
"6"28;
"5"27;
"4"26;
"3"25;
"2"1;
"1"24;
%"GND_SIGNAL"
"1","(-6700,5300)","0","standard","I13";
;
CDS_LIB"standard"
BODY_TYPE"PLUMBING"
HDL_POWER"GND_SIGNAL";
"GND"24;
%"R"
"1","(-5950,4400)","1","resistor","I14";
;
VALUE"4.7K"
CODE"07090246"
CDS_LIB"resistor"
$LOCATION"?"
CDS_LMAN_SYM_OUTLINE"-100,25,100,-25";
"A"3;
"B"2;
%"LB"
"1","(-2800,3750)","0","inductor","I15";
;
VALUE"100MOHM"
CODE"10070008"
CDS_LIB"inductor"
$LOCATION"?"
CDS_LMAN_SYM_OUTLINE"-125,50,125,0";
"B"18;
"A"21;
%"GND_SIGNAL"
"1","(-2550,3200)","0","standard","I16";
;
CDS_LIB"standard"
HDL_POWER"GND_SIGNAL"
BODY_TYPE"PLUMBING";
"GND"17;
%"C"
"1","(-2500,3550)","0","capcitor","I17";
;
VALUE"10UF"
CODE"08070898"
CDS_LIB"capcitor"
$LOCATION"?"
CDS_LMAN_SYM_OUTLINE"-50,0,50,-50";
"1"18;
"2"17;
%"C"
"1","(-2250,3550)","0","capcitor","I18";
;
VALUE"0.1U"
CODE"08070262"
CDS_LIB"capcitor"
$LOCATION"?"
CDS_LMAN_SYM_OUTLINE"-50,0,50,-50";
"1"18;
"2"17;
%"GND_SIGNAL"
"1","(-2550,4100)","0","standard","I19";
;
CDS_LIB"standard"
BODY_TYPE"PLUMBING"
HDL_POWER"GND_SIGNAL";
"GND"19;
%"R"
"1","(-7900,2000)","1","resistor","I2";
;
VALUE"4.7K"
CODE"07090246"
CDS_LIB"resistor"
$LOCATION"?"
CDS_LMAN_SYM_OUTLINE"-100,25,100,-25";
"A"13;
"B"11;
%"LB"
"1","(-2800,4650)","0","inductor","I20";
;
VALUE"100MOHM"
CODE"10070008"
CDS_LIB"inductor"
$LOCATION"?"
CDS_LMAN_SYM_OUTLINE"-125,50,125,0";
"B"20;
"A"22;
%"C"
"1","(-2500,4450)","0","capcitor","I21";
;
VALUE"10UF"
CODE"08070898"
CDS_LIB"capcitor"
$LOCATION"?"
CDS_LMAN_SYM_OUTLINE"-50,0,50,-50";
"1"20;
"2"19;
%"C"
"1","(-2250,4450)","0","capcitor","I22";
;
VALUE"0.1U"
CODE"08070262"
CDS_LIB"capcitor"
$LOCATION"?"
CDS_LMAN_SYM_OUTLINE"-50,0,50,-50";
"1"20;
"2"19;
%"GND_SIGNAL"
"1","(-2900,5450)","0","standard","I23";
;
CDS_LIB"standard"
HDL_POWER"GND_SIGNAL"
BODY_TYPE"PLUMBING";
"GND"23;
%"SFP_CAGE"
"1","(-2600,6150)","0","connector","I24";
;
CDS_LIB"connector"
CDS_LMAN_SYM_OUTLINE"-125,500,125,-550";
"20"23;
"19"23;
"18"23;
"17"23;
"16"23;
"15"23;
"14"23;
"13"23;
"12"23;
"11"23;
"10"23;
"9"23;
"8"23;
"7"23;
"6"23;
"5"23;
"4"23;
"3"23;
"2"23;
"1"23;
%"R"
"1","(-7700,2000)","1","resistor","I3";
;
VALUE"4.7K"
CODE"07090246"
CDS_LIB"resistor"
$LOCATION"?"
CDS_LMAN_SYM_OUTLINE"-100,25,100,-25";
"A"12;
"B"11;
%"GND_SIGNAL"
"1","(-8000,3500)","0","standard","I4";
;
CDS_LIB"standard"
BODY_TYPE"PLUMBING"
HDL_POWER"GND_SIGNAL";
"GND"6;
%"R"
"1","(-7950,3850)","1","resistor","I5";
;
VALUE"0"
CODE"07090522"
CDS_LIB"resistor"
$LOCATION"?"
CDS_LMAN_SYM_OUTLINE"-100,25,100,-25";
"A"6;
"B"5;
%"R"
"1","(-5950,2000)","1","resistor","I6";
;
VALUE"4.7K"
CODE"07090246"
CDS_LIB"resistor"
$LOCATION"?"
CDS_LMAN_SYM_OUTLINE"-100,25,100,-25";
"A"10;
"B"7;
%"R"
"1","(-5750,2000)","1","resistor","I7";
;
VALUE"4.7K"
CODE"07090246"
CDS_LIB"resistor"
$LOCATION"?"
CDS_LMAN_SYM_OUTLINE"-100,25,100,-25";
"A"9;
"B"7;
%"R"
"1","(-5550,2000)","1","resistor","I8";
;
VALUE"4.7K"
CODE"07090246"
CDS_LIB"resistor"
$LOCATION"?"
CDS_LMAN_SYM_OUTLINE"-100,25,100,-25";
"A"8;
"B"7;
%"GND_SIGNAL"
"1","(-6000,3500)","0","standard","I9";
;
CDS_LIB"standard"
BODY_TYPE"PLUMBING"
HDL_POWER"GND_SIGNAL";
"GND"4;
END.
