FILE_TYPE = CONNECTIVITY;
{Allegro Design Entry HDL 16.6-p007 (v16-6-112F) 10/10/2012}
"PAGE_NUMBER" = 92;
0"NC";
1"Z7_PL_DDR_A8";
2"GND_SIGNAL\g";
3"Z7_PL_DDR_VREF";
4"V_Z7_PL_1V35_DDR";
5"Z7_PL_DDR_BA2";
6"Z7_PL_DDR_BA1";
7"Z7_PL_DDR_BA0";
8"Z7_PL_DDR_CS_N";
9"Z7_PL_DDR_RAS_N";
10"Z7_PL_DDR_DQS0_P";
11"Z7_PL_DDR_DQS0_N";
12"Z7_PL_DDR_CAS_N";
13"Z7_PL_DDR_WE_N";
14"Z7_PL_DDR_DM0";
15"Z7_PL_DDR_DM1";
16"Z7_PL_DDR_A15";
17"Z7_PL_DDR_VREF";
18"Z7_PL_DDR_A14";
19"Z7_PL_DDR_A13";
20"Z7_PL_DDR_A12";
21"Z7_PL_DDR_A11";
22"Z7_PL_DDR_DQS1_P";
23"Z7_PL_DDR_DQS1_N";
24"Z7_PL_DDR_A10";
25"Z7_PL_DDR_A9";
26"Z7_PL_DDR_A7";
27"Z7_PL_DDR_CLK_P";
28"Z7_PL_DDR_CLK_N";
29"Z7_PL_DDR_A6";
30"Z7_PL_DDR_A5";
31"Z7_PL_DDR_A4";
32"Z7_PL_DDR_A3";
33"Z7_PL_DDR_A2";
34"Z7_PL_DDR_A1";
35"Z7_PL_DDR_A0";
36"Z7_PL_DDR_DQ0";
37"Z7_PL_DDR_DQ1";
38"Z7_PL_DDR_DQ2";
39"Z7_PL_DDR_DQ3";
40"Z7_PL_DDR_DQ4";
41"Z7_PL_DDR_DQ5";
42"Z7_PL_DDR_ODT";
43"Z7_PL_DDR_DQ6";
44"Z7_PL_DDR_DQ7";
45"Z7_PL_DDR_DQ8";
46"Z7_PL_DDR_DQ9";
47"Z7_PL_DDR_DQ10";
48"Z7_PL_DDR_DQ11";
49"Z7_PL_DDR_DQ12";
50"Z7_PL_DDR_DQ13";
51"Z7_PL_DDR_DQ14";
52"Z7_PL_DDR_DQ15";
53"Z7_PL_DDR_CKE";
%"XC7Z015_1CLG485C"
"3","(-6450,4300)","0","ic","I1";
;
VALUE"XC7Z015_1CLG485C"
CDS_LIB"ic"
CDS_LMAN_SYM_OUTLINE"-125,1250,1175,-100";
"R8"53;
"R7"52;
"P7"51;
"R4"50;
"R5"49;
"M3"48;
"M4"47;
"N3"46;
"N4"45;
"P5"44;
"P6"43;
"N5"42;
"N6"41;
"P2"40;
"P3"39;
"R2"38;
"R3"37;
"P1"36;
"N1"35;
"M1"34;
"M2"33;
"U1"32;
"U2"31;
"T1"30;
"T2"29;
"L4"28;
"L5"27;
"K3"26;
"K4"1;
"L1"25;
"L2"24;
"K2"23;
"J3"22;
"J1"21;
"J2"20;
"K5"19;
"J5"18;
"M7"17;
"M8"16;
"P8"15;
"N8"14;
"M6"13;
"L6"12;
"L7"11;
"K7"10;
"J6"9;
"J7"8;
"K8"7;
"J8"6;
"H8"5;
%"C"
"1","(-6400,2400)","2","capcitor","I2";
;
VALUE"1U"
CODE"98070403"
CDS_LIB"capcitor"
$LOCATION"?"
CDS_LMAN_SYM_OUTLINE"-50,0,50,-50";
"1"3;
"2"2;
%"C"
"1","(-6200,2400)","0","capcitor","I3";
;
VALUE"0.01U"
CODE"08070247"
CDS_LIB"capcitor"
$LOCATION"?"
CDS_LMAN_SYM_OUTLINE"-50,0,50,-50";
"1"3;
"2"2;
%"C"
"1","(-6200,3000)","0","capcitor","I4";
;
VALUE"0.01U"
CODE"08070247"
CDS_LIB"capcitor"
$LOCATION"?"
CDS_LMAN_SYM_OUTLINE"-50,0,50,-50";
"1"4;
"2"3;
%"GND_SIGNAL"
"1","(-6000,1950)","0","standard","I5";
;
CDS_LIB"standard"
HDL_POWER"GND_SIGNAL"
BODY_TYPE"PLUMBING";
"GND"2;
%"R"
"1","(-5950,2950)","1","resistor","I6";
;
VALUE"10K-1%"
CODE"97090157"
CDS_LIB"resistor"
$LOCATION"?"
CDS_LMAN_SYM_OUTLINE"-100,25,100,-25";
"A"3;
"B"4;
%"R"
"1","(-5950,2350)","1","resistor","I7";
;
VALUE"10K-1%"
CODE"97090157"
CDS_LIB"resistor"
$LOCATION"?"
CDS_LMAN_SYM_OUTLINE"-100,25,100,-25";
"A"2;
"B"3;
END.
