FILE_TYPE = CONNECTIVITY;
{Allegro Design Entry HDL 16.6-p007 (v16-6-112F) 10/10/2012}
"PAGE_NUMBER" = 74;
0"NC";
1"GND_SIGNAL\g";
2"GND_SIGNAL\g";
3"GND_SIGNAL\g";
4"GND_SIGNAL\g";
5"GND_SIGNAL\g";
6"GND_SIGNAL\g";
7"GND_SIGNAL\g";
8"GND_SIGNAL\g";
9"GND_SIGNAL\g";
10"GND_SIGNAL\g";
11"GND_SIGNAL\g";
12"GND_SIGNAL\g";
13"GND_SIGNAL\g";
14"GND_SIGNAL\g";
15"GND_SIGNAL\g";
16"GND_SIGNAL\g";
17"GND_SIGNAL\g";
18"GND_SIGNAL\g";
19"GND_SIGNAL\g";
20"GND_SIGNAL\g";
21"GND_SIGNAL\g";
22"GND_SIGNAL\g";
23"GND_SIGNAL\g";
24"V_Z7_3V3_USBHUB_DVDD";
25"Z7_USBHUB_XTAL1";
26"Z7_USBHUB_XTAL2";
27"V_Z7_3V3_USBHUB_DVDD";
28"V_Z7_5V0_USBHUB3";
29"V_Z7_5V0_USBHUB_VBUS2";
30"V_Z7_5V0_USBHUB2";
31"V_Z7_3V3_USBHUB_DVDD";
32"V_Z7_3V3_USBHUB_AVDD";
33"V_Z7_5V0_USBHUB_VBUS4";
34"V_Z7_5V0_USBHUB_VBUS3";
35"V_Z7_5V0_USBHUB_VBUS1";
36"V_Z7_5V0_USBHUB_VBUS2";
37"Z7_USBHUB_RREF";
38"Z7_USBHUB_PGANG";
39"V_Z7_5V0_USBHUB3";
40"V_Z7_5V0_USBHUB2";
41"V_Z7_5V0_USBHUB1";
42"V_Z7_3V3_USBHUB_LDOOUT";
43"V_Z7_3V3";
44"V_Z7_5V0_IN";
45"V_Z7_5V0_IN";
46"V_Z7_3V3";
47"V_Z7_3V3_USBHUB_LDOOUT";
48"V_Z7_3V3_USBHUB_LDOOUT";
49"Z7_USBHUB_PAMBER1";
50"V_Z7_5V0_USBHUB_VBUS1";
51"UN$74$LEDS$I78$A";
52"UN$74$LEDS$I76$A";
53"UN$74$LEDS$I73$A";
54"UN$74$LEDS$I71$A";
55"Z7_USBHUB_PAMBER2";
56"Z7_USBHUB_DATA4_P";
57"Z7_USBHUB_DATA4_N";
58"V_Z7_5V0_USBHUB_VBUS4";
59"Z7_USBHUB_DATA3_P";
60"Z7_USBHUB_DATA3_N";
61"V_Z7_5V0_USBHUB_VBUS3";
62"V_Z7_5V0_IN";
63"Z7_USBHUB_PWREN4_R_N";
64"Z7_USBHUB_DATA2_P";
65"Z7_USBHUB_DATA2_N";
66"Z7_USBHUB_DATA1_P";
67"Z7_USBHUB_DATA1_N";
68"Z7_USBHUB_TEST";
69"Z7_USBHUB_PSELF";
70"Z7_USBHUB_PAMBER4";
71"Z7_USBHUB_PAMBER3";
72"Z7_USBHUB_RESET_N";
73"Z7_USBHUB_PGREEN4";
74"Z7_USBHUB_PGREEN3";
75"Z7_USBHUB_PGREEN2";
76"Z7_USBHUB_PGREEN1";
77"V_Z7_5V0_USBHUB_VBUS4";
78"Z7_USBHUB_PWREN4_N";
79"Z7_USBHUB_OVCUR4_N";
80"Z7_USBHUB_OVCUR4_R_N";
81"Z7_USBHUB_PWREN3_N";
82"Z7_USBHUB_PWREN3_R_N";
83"Z7_USBHUB_OVCUR3_N";
84"Z7_USBHUB_OVCUR3_R_N";
85"Z7_USBHUB_PWREN2_N";
86"Z7_USBHUB_PWREN2_R_N";
87"Z7_USBHUB_OVCUR2_N";
88"Z7_USBHUB_OVCUR2_R_N";
89"Z7_USBHUB_PWREN1_N";
90"Z7_USBHUB_PWREN1_R_N";
91"Z7_USBHUB_OVCUR1_N";
92"Z7_USBHUB_OVCUR1_R_N";
93"Z7_USBHUB_PGREEN1";
94"Z7_USBHUB_DATA2_P";
95"Z7_USBHUB_PGREEN2";
96"Z7_USBHUB_DATA3_P";
97"Z7_USBHUB_DATA3_N";
98"Z7_USBHUB_PAMBER3";
99"Z7_USBHUB_PGREEN3";
100"V_Z7_5V0_USBHUB_VBUS2";
101"V_Z7_5V0_USBHUB_VBUS3";
102"V_Z7_5V0_USBHUB_VBUS1";
103"Z7_USBHUB_PGREEN4";
104"Z7_USBHUB_DATA4_P";
105"V_Z7_3V3_USBHUB_AVDD";
106"Z7_USBHUB_XTAL1";
107"Z7_USBHUB_XTAL2";
108"Z7_USBHUB_RESET_N";
109"Z7_USBHUB_PSELF";
110"Z7_USBHUB_PGANG";
111"Z7_USBHUB_RREF";
112"Z7_USBHUB_TEST";
113"Z7_USBPHY_DATA_P";
114"Z7_USBPHY_DATA_N";
115"V_Z7_3V3_USBHUB_LDOOUT";
116"V_Z7_5V0_USBHUB1";
117"V_Z7_3V3_USBHUB_DVDD";
118"Z7_USBHUB_DATA1_P";
119"Z7_USBHUB_DATA1_N";
120"Z7_USBHUB_PAMBER1";
121"Z7_USBHUB_DATA2_N";
122"Z7_USBHUB_PAMBER2";
123"Z7_USBHUB_DATA4_N";
124"Z7_USBHUB_PAMBER4";
%"GL850G"
"1","(-8600,7400)","0","ic","I1";
;
VALUE"GL850G"
CDS_LIB"ic"
$LOCATION"?"
CDS_LMAN_SYM_OUTLINE"-250,125,250,-1525";
"PWREN4#"63;
"PGREEN4"103;
"PAMBER4"124;
"OVCUR4#"80;
"DM4"123;
"PWREN3#"82;
"PGREEN3"99;
"PAMBER3"98;
"OVCUR3#"84;
"DP4"104;
"DM3"97;
"DP3"96;
"PWREN2#"86;
"PGREEN2"95;
"PAMBER2"122;
"OVCUR2#"88;
"DM2"121;
"DP2"94;
"PWREN1#"90;
"PGREEN1"93;
"PAMBER1"120;
"OVCUR1#"92;
"DM1"119;
"DP1"118;
"AGND4"12;
"AGND3"12;
"AGND2"12;
"AGND1"12;
"AVDD5"105;
"AVDD4"105;
"AVDD3"105;
"AVDD2"105;
"AVDD1"105;
"DVDD4/SEL48"117;
"DVDD3/SEL27"117;
"DVDD2"117;
"DVDD1"117;
"V5"116;
"V33"115;
"DM0"114;
"DP0"113;
"TEST"112;
"RREF"111;
"PGANG"110;
"PSELF"109;
"RESET#"108;
"X2"107;
"X1"106;
%"CP"
"1","(-9350,4900)","0","capcitor","I10";
;
VALUE"220U-10V"
CODE"08020083"
CDS_LIB"capcitor"
$LOCATION"?"
CDS_LMAN_SYM_OUTLINE"-50,0,50,-50";
"2"13;
"1"43;
%"R"
"1","(-2000,2750)","1","resistor","I100";
;
VALUE"15K"
CODE"97090129"
CDS_LIB"resistor"
$LOCATION"?"
CDS_LMAN_SYM_OUTLINE"-100,25,100,-25";
"A"20;
"B"60;
%"GND_SIGNAL"
"1","(-2050,2350)","0","standard","I101";
;
HDL_POWER"GND_SIGNAL"
BODY_TYPE"PLUMBING"
CDS_LIB"standard";
"GND"20;
%"CP"
"1","(-1700,1850)","0","capcitor","I102";
;
VALUE"100U-10V"
CODE"08020091"
CDS_LIB"capcitor"
$LOCATION"?"
CDS_LMAN_SYM_OUTLINE"-50,0,50,-50";
"2"19;
"1"33;
%"GND_SIGNAL"
"1","(-1750,1500)","0","standard","I103";
;
HDL_POWER"GND_SIGNAL"
BODY_TYPE"PLUMBING"
CDS_LIB"standard";
"GND"19;
%"C"
"1","(-2800,1850)","0","capcitor","I104";
;
VALUE"0.1U"
CODE"08070262"
CDS_LIB"capcitor"
$LOCATION"?"
CDS_LMAN_SYM_OUTLINE"-50,0,50,-50";
"1"34;
"2"18;
%"CP"
"1","(-3000,1850)","0","capcitor","I105";
;
VALUE"100U-10V"
CODE"08020091"
CDS_LIB"capcitor"
$LOCATION"?"
CDS_LMAN_SYM_OUTLINE"-50,0,50,-50";
"2"18;
"1"34;
%"GND_SIGNAL"
"1","(-3050,1500)","0","standard","I106";
;
HDL_POWER"GND_SIGNAL"
BODY_TYPE"PLUMBING"
CDS_LIB"standard";
"GND"18;
%"C"
"1","(-8750,3700)","0","capcitor","I11";
;
VALUE"0.1U"
CODE"08070262"
CDS_LIB"capcitor"
$LOCATION"?"
CDS_LMAN_SYM_OUTLINE"-50,0,50,-50";
"1"31;
"2"17;
%"C"
"1","(-8600,3700)","0","capcitor","I12";
;
VALUE"0.1U"
CODE"08070262"
CDS_LIB"capcitor"
$LOCATION"?"
CDS_LMAN_SYM_OUTLINE"-50,0,50,-50";
"1"31;
"2"17;
%"GND_SIGNAL"
"1","(-8800,3300)","0","standard","I13";
;
HDL_POWER"GND_SIGNAL"
BODY_TYPE"PLUMBING"
CDS_LIB"standard";
"GND"17;
%"C"
"1","(-8450,3700)","0","capcitor","I14";
;
VALUE"0.1U"
CODE"08070262"
CDS_LIB"capcitor"
$LOCATION"?"
CDS_LMAN_SYM_OUTLINE"-50,0,50,-50";
"1"31;
"2"17;
%"C"
"1","(-8300,3700)","0","capcitor","I15";
;
VALUE"0.1U"
CODE"08070262"
CDS_LIB"capcitor"
$LOCATION"?"
CDS_LMAN_SYM_OUTLINE"-50,0,50,-50";
"1"31;
"2"17;
%"LB"
"1","(-9050,3900)","0","inductor","I16";
;
VALUE"100MOHM"
CODE"10070008"
CDS_LIB"inductor"
$LOCATION"?"
CDS_LMAN_SYM_OUTLINE"-125,50,125,0";
"B"31;
"A"46;
%"CP"
"1","(-10250,2750)","0","capcitor","I17";
;
VALUE"22U-10V"
CODE"08020082"
CDS_LIB"capcitor"
$LOCATION"?"
CDS_LMAN_SYM_OUTLINE"-50,0,50,-50";
"2"16;
"1"42;
%"C"
"1","(-10100,2750)","0","capcitor","I18";
;
VALUE"0.1U"
CODE"08070262"
CDS_LIB"capcitor"
$LOCATION"?"
CDS_LMAN_SYM_OUTLINE"-50,0,50,-50";
"1"42;
"2"16;
%"GND_SIGNAL"
"1","(-10300,2400)","0","standard","I19";
;
CDS_LIB"standard"
HDL_POWER"GND_SIGNAL"
BODY_TYPE"PLUMBING";
"GND"16;
%"C"
"1","(-8750,4900)","0","capcitor","I2";
;
VALUE"0.1U"
CODE"08070262"
CDS_LIB"capcitor"
$LOCATION"?"
CDS_LMAN_SYM_OUTLINE"-50,0,50,-50";
"1"32;
"2"13;
%"LB"
"1","(-9050,4100)","0","inductor","I20";
;
VALUE"100MOHM"
CODE"10070008"
CDS_LIB"inductor"
$LOCATION"?"
CDS_LMAN_SYM_OUTLINE"-125,50,125,0";
"B"31;
"A"47;
%"LB"
"1","(-9050,5350)","0","inductor","I21";
;
VALUE"100MOHM"
CODE"10070008"
CDS_LIB"inductor"
$LOCATION"?"
CDS_LMAN_SYM_OUTLINE"-125,50,125,0";
"B"32;
"A"48;
%"C"
"1","(-7800,2750)","0","capcitor","I22";
;
VALUE"0.1U"
CODE"08070262"
CDS_LIB"capcitor"
$LOCATION"?"
CDS_LMAN_SYM_OUTLINE"-50,0,50,-50";
"1"41;
"2"15;
%"LB"
"1","(-8300,2950)","0","inductor","I23";
;
VALUE"100MOHM"
CODE"10070008"
CDS_LIB"inductor"
$LOCATION"?"
CDS_LMAN_SYM_OUTLINE"-125,50,125,0";
"B"41;
"A"45;
%"CP"
"1","(-7950,2750)","0","capcitor","I24";
;
VALUE"22U-10V"
CODE"08020082"
CDS_LIB"capcitor"
$LOCATION"?"
CDS_LMAN_SYM_OUTLINE"-50,0,50,-50";
"2"15;
"1"41;
%"GND_SIGNAL"
"1","(-8000,2400)","0","standard","I25";
;
CDS_LIB"standard"
HDL_POWER"GND_SIGNAL"
BODY_TYPE"PLUMBING";
"GND"15;
%"CRYSTAL"
"1","(-5550,1350)","1","oscillator","I26";
;
VALUE"12.288MHZ"
CODE"92020120"
CDS_LIB"oscillator"
$LOCATION"?"
CDS_LMAN_SYM_OUTLINE"50,100,225,-100";
"A1"26;
"A2"25;
%"R"
"1","(-5200,1500)","1","resistor","I27";
;
VALUE"1M"
CODE"97090121"
CDS_LIB"resistor"
$LOCATION"?"
CDS_LMAN_SYM_OUTLINE"-100,25,100,-25";
"A"26;
"B"25;
%"GND_SIGNAL"
"1","(-4700,1450)","1","standard","I28";
;
CDS_LIB"standard"
BODY_TYPE"PLUMBING"
HDL_POWER"GND_SIGNAL";
"GND"14;
%"C"
"1","(-5050,1750)","1","capcitor","I29";
;
VALUE"22PF"
CODE"98070510"
CDS_LIB"capcitor"
$LOCATION"?"
CDS_LMAN_SYM_OUTLINE"-50,0,50,-50";
"1"25;
"2"14;
%"LB"
"1","(-9050,5100)","0","inductor","I3";
;
VALUE"100MOHM"
CODE"10070008"
CDS_LIB"inductor"
$LOCATION"?"
CDS_LMAN_SYM_OUTLINE"-125,50,125,0";
"B"32;
"A"43;
%"C"
"1","(-5050,1250)","1","capcitor","I30";
;
VALUE"22PF"
CODE"98070510"
CDS_LIB"capcitor"
$LOCATION"?"
CDS_LMAN_SYM_OUTLINE"-50,0,50,-50";
"1"26;
"2"14;
%"R"
"1","(-5600,3700)","0","resistor","I31";
;
VALUE"4.7K"
CODE"07090246"
CDS_LIB"resistor"
$LOCATION"?"
CDS_LMAN_SYM_OUTLINE"-100,25,100,-25";
"A"72;
"B"24;
%"R"
"1","(-5600,3350)","0","resistor","I32";
;
VALUE"1K"
CODE"07090277"
CDS_LIB"resistor"
$LOCATION"?"
CDS_LMAN_SYM_OUTLINE"-100,25,100,-25";
"A"69;
"B"23;
%"R"
"1","(-5600,3450)","0","resistor","I33";
;
VALUE"4.7K"
CODE"07090246"
CDS_LIB"resistor"
$LOCATION"?"
CDS_LMAN_SYM_OUTLINE"-100,25,100,-25";
"A"69;
"B"24;
%"R"
"1","(-5600,3150)","0","resistor","I34";
;
VALUE"4.7K"
CODE"07090246"
CDS_LIB"resistor"
$LOCATION"?"
CDS_LMAN_SYM_OUTLINE"-100,25,100,-25";
"A"68;
"B"24;
%"R"
"1","(-5600,3050)","0","resistor","I35";
;
VALUE"1K"
CODE"07090277"
CDS_LIB"resistor"
$LOCATION"?"
CDS_LMAN_SYM_OUTLINE"-100,25,100,-25";
"A"68;
"B"23;
%"GND_SIGNAL"
"1","(-5150,2350)","0","standard","I36";
;
HDL_POWER"GND_SIGNAL"
BODY_TYPE"PLUMBING"
CDS_LIB"standard";
"GND"23;
%"R"
"1","(-5600,2850)","0","resistor","I37";
;
VALUE"100K"
CODE"97090114"
CDS_LIB"resistor"
$LOCATION"?"
CDS_LMAN_SYM_OUTLINE"-100,25,100,-25";
"A"38;
"B"24;
%"R"
"1","(-5600,2750)","0","resistor","I38";
;
VALUE"100K"
CODE"97090114"
CDS_LIB"resistor"
$LOCATION"?"
CDS_LMAN_SYM_OUTLINE"-100,25,100,-25";
"A"38;
"B"23;
%"R"
"1","(-5600,2550)","0","resistor","I39";
;
VALUE"680"
CODE"07090483"
CDS_LIB"resistor"
$LOCATION"?"
CDS_LMAN_SYM_OUTLINE"-100,25,100,-25";
"A"37;
"B"23;
%"GND_SIGNAL"
"1","(-9400,4500)","0","standard","I4";
;
CDS_LIB"standard"
HDL_POWER"GND_SIGNAL"
BODY_TYPE"PLUMBING";
"GND"13;
%"R"
"1","(-6800,6800)","0","resistor","I40";
;
VALUE"0"
CODE"07090522"
CDS_LIB"resistor"
$LOCATION"?"
CDS_LMAN_SYM_OUTLINE"-100,25,100,-25";
"A"86;
"B"85;
%"R"
"1","(-6800,7300)","0","resistor","I41";
;
VALUE"0"
CODE"07090522"
CDS_LIB"resistor"
$LOCATION"?"
CDS_LMAN_SYM_OUTLINE"-100,25,100,-25";
"A"92;
"B"91;
%"R"
"1","(-6800,7150)","0","resistor","I42";
;
VALUE"0"
CODE"07090522"
CDS_LIB"resistor"
$LOCATION"?"
CDS_LMAN_SYM_OUTLINE"-100,25,100,-25";
"A"90;
"B"89;
%"R"
"1","(-6800,6950)","0","resistor","I43";
;
VALUE"0"
CODE"07090522"
CDS_LIB"resistor"
$LOCATION"?"
CDS_LMAN_SYM_OUTLINE"-100,25,100,-25";
"A"88;
"B"87;
%"R"
"1","(-6800,6600)","0","resistor","I44";
;
VALUE"0"
CODE"07090522"
CDS_LIB"resistor"
$LOCATION"?"
CDS_LMAN_SYM_OUTLINE"-100,25,100,-25";
"A"84;
"B"83;
%"R"
"1","(-6800,6450)","0","resistor","I45";
;
VALUE"0"
CODE"07090522"
CDS_LIB"resistor"
$LOCATION"?"
CDS_LMAN_SYM_OUTLINE"-100,25,100,-25";
"A"82;
"B"81;
%"R"
"1","(-6800,6250)","0","resistor","I46";
;
VALUE"0"
CODE"07090522"
CDS_LIB"resistor"
$LOCATION"?"
CDS_LMAN_SYM_OUTLINE"-100,25,100,-25";
"A"80;
"B"79;
%"R"
"1","(-6800,6100)","0","resistor","I47";
;
VALUE"0"
CODE"07090522"
CDS_LIB"resistor"
$LOCATION"?"
CDS_LMAN_SYM_OUTLINE"-100,25,100,-25";
"A"63;
"B"78;
%"LM3526"
"1","(-5200,7100)","0","power","I48";
;
CDS_LIB"power"
$LOCATION"?"
CDS_LMAN_SYM_OUTLINE"-200,200,200,-150";
"FLAGA"91;
"ENA* \B"89;
"OUTA"102;
"IN"30;
"GND"21;
"OUTB"29;
"ENB* \B"85;
"FLAGB"87;
%"LM3526"
"1","(-5150,6300)","0","power","I49";
;
CDS_LIB"power"
$LOCATION"?"
CDS_LMAN_SYM_OUTLINE"-200,200,200,-150";
"FLAGA"83;
"ENA* \B"81;
"OUTA"101;
"IN"28;
"GND"8;
"OUTB"77;
"ENB* \B"78;
"FLAGB"79;
%"GND_SIGNAL"
"1","(-9000,5750)","0","standard","I5";
;
BODY_TYPE"PLUMBING"
HDL_POWER"GND_SIGNAL"
CDS_LIB"standard";
"GND"12;
%"GND_SIGNAL"
"1","(-5050,4050)","0","standard","I50";
;
HDL_POWER"GND_SIGNAL"
BODY_TYPE"PLUMBING"
CDS_LIB"standard";
"GND"11;
%"R"
"1","(-5500,5200)","0","resistor","I51";
;
VALUE"1K"
CODE"07090277"
CDS_LIB"resistor"
$LOCATION"?"
CDS_LMAN_SYM_OUTLINE"-100,25,100,-25";
"A"49;
"B"11;
%"R"
"1","(-5500,5300)","0","resistor","I52";
;
VALUE"4.7K"
CODE"07090246"
CDS_LIB"resistor"
$LOCATION"?"
CDS_LMAN_SYM_OUTLINE"-100,25,100,-25";
"A"49;
"B"27;
%"R"
"1","(-5500,4900)","0","resistor","I53";
;
VALUE"1K"
CODE"07090277"
CDS_LIB"resistor"
$LOCATION"?"
CDS_LMAN_SYM_OUTLINE"-100,25,100,-25";
"A"55;
"B"11;
%"R"
"1","(-5500,5000)","0","resistor","I54";
;
VALUE"4.7K"
CODE"07090246"
CDS_LIB"resistor"
$LOCATION"?"
CDS_LMAN_SYM_OUTLINE"-100,25,100,-25";
"A"55;
"B"27;
%"R"
"1","(-5500,4400)","0","resistor","I55";
;
VALUE"4.7K"
CODE"07090246"
CDS_LIB"resistor"
$LOCATION"?"
CDS_LMAN_SYM_OUTLINE"-100,25,100,-25";
"A"70;
"B"27;
%"R"
"1","(-5500,4300)","0","resistor","I56";
;
VALUE"1K"
CODE"07090277"
CDS_LIB"resistor"
$LOCATION"?"
CDS_LMAN_SYM_OUTLINE"-100,25,100,-25";
"A"70;
"B"11;
%"R"
"1","(-5500,4700)","0","resistor","I57";
;
VALUE"4.7K"
CODE"07090246"
CDS_LIB"resistor"
$LOCATION"?"
CDS_LMAN_SYM_OUTLINE"-100,25,100,-25";
"A"71;
"B"27;
%"R"
"1","(-5500,4600)","0","resistor","I58";
;
VALUE"1K"
CODE"07090277"
CDS_LIB"resistor"
$LOCATION"?"
CDS_LMAN_SYM_OUTLINE"-100,25,100,-25";
"A"71;
"B"11;
%"LB"
"1","(-9450,1950)","0","inductor","I59";
;
VALUE"100MOHM"
CODE"10070008"
CDS_LIB"inductor"
$LOCATION"?"
CDS_LMAN_SYM_OUTLINE"-125,50,125,0";
"B"40;
"A"44;
%"C"
"1","(-8600,4900)","0","capcitor","I6";
;
VALUE"0.1U"
CODE"08070262"
CDS_LIB"capcitor"
$LOCATION"?"
CDS_LMAN_SYM_OUTLINE"-50,0,50,-50";
"1"32;
"2"13;
%"C"
"1","(-8950,1750)","0","capcitor","I61";
;
VALUE"0.1U"
CODE"08070262"
CDS_LIB"capcitor"
$LOCATION"?"
CDS_LMAN_SYM_OUTLINE"-50,0,50,-50";
"1"40;
"2"10;
%"GND_SIGNAL"
"1","(-9150,1400)","0","standard","I62";
;
HDL_POWER"GND_SIGNAL"
BODY_TYPE"PLUMBING"
CDS_LIB"standard";
"GND"10;
%"C"
"1","(-9100,1750)","0","capcitor","I63";
;
VALUE"10UF"
CODE"98070517"
CDS_LIB"capcitor"
$LOCATION"?"
CDS_LMAN_SYM_OUTLINE"-50,0,50,-50";
"1"40;
"2"10;
%"LB"
"1","(-9450,1100)","0","inductor","I64";
;
VALUE"100MOHM"
$LOCATION"?"
CODE"10070008"
CDS_LMAN_SYM_OUTLINE"-125,50,125,0"
CDS_LIB"inductor";
"B"39;
"A"62;
%"GND_SIGNAL"
"1","(-9150,550)","0","standard","I65";
;
BODY_TYPE"PLUMBING"
HDL_POWER"GND_SIGNAL"
CDS_LIB"standard";
"GND"9;
%"C"
"1","(-8950,900)","0","capcitor","I66";
;
VALUE"0.1U"
CODE"08070262"
CDS_LIB"capcitor"
$LOCATION"?"
CDS_LMAN_SYM_OUTLINE"-50,0,50,-50";
"1"39;
"2"9;
%"C"
"1","(-9100,900)","0","capcitor","I67";
;
VALUE"10UF"
CODE"98070517"
CDS_LIB"capcitor"
$LOCATION"?"
CDS_LMAN_SYM_OUTLINE"-50,0,50,-50";
"1"39;
"2"9;
%"GND_SIGNAL"
"1","(-4800,6850)","2","standard","I68";
;
CDS_LIB"standard"
HDL_POWER"GND_SIGNAL"
BODY_TYPE"PLUMBING";
"GND"21;
%"GND_SIGNAL"
"1","(-4800,6050)","2","standard","I69";
;
CDS_LIB"standard"
BODY_TYPE"PLUMBING"
HDL_POWER"GND_SIGNAL";
"GND"8;
%"C"
"1","(-8450,4900)","0","capcitor","I7";
;
VALUE"0.1U"
CODE"08070262"
CDS_LIB"capcitor"
$LOCATION"?"
CDS_LMAN_SYM_OUTLINE"-50,0,50,-50";
"1"32;
"2"13;
%"R"
"1","(-1850,7400)","0","resistor","I70";
;
VALUE"330"
CODE"07090387"
CDS_LIB"resistor"
$LOCATION"?"
CDS_LMAN_SYM_OUTLINE"-100,25,100,-25";
"A"76;
"B"54;
%"LED_S"
"1","(-1300,7400)","2","diode","I71";
;
VALUE"HSMG-C170-B"
CODE"15020063"
CDS_LIB"diode"
$LOCATION"?"
CDS_LMAN_SYM_OUTLINE"-150,50,50,-75";
"A"54;
"B"22;
%"GND_SIGNAL"
"1","(-750,7350)","1","standard","I72";
;
CDS_LIB"standard"
HDL_POWER"GND_SIGNAL"
BODY_TYPE"PLUMBING";
"GND"22;
%"LED_S"
"1","(-1300,7250)","2","diode","I73";
;
VALUE"HSMG-C170-B"
CODE"15020063"
CDS_LIB"diode"
$LOCATION"?"
CDS_LMAN_SYM_OUTLINE"-150,50,50,-75";
"A"53;
"B"22;
%"R"
"1","(-1850,7250)","0","resistor","I74";
;
VALUE"330"
CODE"07090387"
CDS_LIB"resistor"
$LOCATION"?"
CDS_LMAN_SYM_OUTLINE"-100,25,100,-25";
"A"75;
"B"53;
%"R"
"1","(-1850,7100)","0","resistor","I75";
;
VALUE"330"
CODE"07090387"
CDS_LIB"resistor"
$LOCATION"?"
CDS_LMAN_SYM_OUTLINE"-100,25,100,-25";
"A"74;
"B"52;
%"LED_S"
"1","(-1300,7100)","2","diode","I76";
;
VALUE"HSMG-C170-B"
CODE"15020063"
CDS_LIB"diode"
$LOCATION"?"
CDS_LMAN_SYM_OUTLINE"-150,50,50,-75";
"A"52;
"B"22;
%"R"
"1","(-1850,6950)","0","resistor","I77";
;
VALUE"330"
CODE"07090387"
CDS_LIB"resistor"
$LOCATION"?"
CDS_LMAN_SYM_OUTLINE"-100,25,100,-25";
"A"73;
"B"51;
%"LED_S"
"1","(-1300,6950)","2","diode","I78";
;
VALUE"HSMG-C170-B"
CODE"15020063"
CDS_LIB"diode"
$LOCATION"?"
CDS_LMAN_SYM_OUTLINE"-150,50,50,-75";
"A"51;
"B"22;
%"USB_DUL"
"1","(-1100,5650)","0","connector","I79";
;
VALUE"USB_DUL"
CDS_LIB"connector"
NEEDS_NO_SIZE"TRUE";
"VBUS <0>"50;
"GND <0>"7;
"D+ <0>"66;
"D- <0>"67;
"D+ <1>"64;
"D- <1>"65;
"VBUS <1>"100;
"GND <1>"6;
%"C"
"1","(-8300,4900)","0","capcitor","I8";
;
VALUE"0.1U"
CODE"08070262"
CDS_LIB"capcitor"
$LOCATION"?"
CDS_LMAN_SYM_OUTLINE"-50,0,50,-50";
"1"32;
"2"13;
%"GND_SIGNAL"
"1","(-1600,5700)","7","standard","I80";
;
CDS_LIB"standard"
BODY_TYPE"PLUMBING"
HDL_POWER"GND_SIGNAL";
"GND"7;
%"GND_SIGNAL"
"1","(-1600,5400)","7","standard","I81";
;
BODY_TYPE"PLUMBING"
HDL_POWER"GND_SIGNAL"
CDS_LIB"standard";
"GND"6;
%"CP"
"1","(-3000,4300)","0","capcitor","I82";
;
VALUE"100U-10V"
CODE"08020091"
CDS_LIB"capcitor"
$LOCATION"?"
CDS_LMAN_SYM_OUTLINE"-50,0,50,-50";
"2"5;
"1"35;
%"C"
"1","(-2800,4300)","0","capcitor","I83";
;
VALUE"0.1U"
CODE"08070262"
CDS_LIB"capcitor"
$LOCATION"?"
CDS_LMAN_SYM_OUTLINE"-50,0,50,-50";
"1"35;
"2"5;
%"GND_SIGNAL"
"1","(-3050,3950)","0","standard","I84";
;
CDS_LIB"standard"
HDL_POWER"GND_SIGNAL"
BODY_TYPE"PLUMBING";
"GND"5;
%"C"
"1","(-1500,4300)","0","capcitor","I85";
;
VALUE"0.1U"
CODE"08070262"
CDS_LIB"capcitor"
$LOCATION"?"
CDS_LMAN_SYM_OUTLINE"-50,0,50,-50";
"1"36;
"2"4;
%"GND_SIGNAL"
"1","(-1750,3950)","0","standard","I86";
;
HDL_POWER"GND_SIGNAL"
BODY_TYPE"PLUMBING"
CDS_LIB"standard";
"GND"4;
%"CP"
"1","(-1700,4300)","0","capcitor","I87";
;
VALUE"100U-10V"
CODE"08020091"
CDS_LIB"capcitor"
$LOCATION"?"
CDS_LMAN_SYM_OUTLINE"-50,0,50,-50";
"2"4;
"1"36;
%"R"
"1","(-1750,5200)","1","resistor","I88";
;
VALUE"15K"
CODE"97090129"
CDS_LIB"resistor"
$LOCATION"?"
CDS_LMAN_SYM_OUTLINE"-100,25,100,-25";
"A"3;
"B"64;
%"R"
"1","(-1800,5200)","1","resistor","I89";
;
VALUE"15K"
CODE"97090129"
CDS_LIB"resistor"
$LOCATION"?"
CDS_LMAN_SYM_OUTLINE"-100,25,100,-25";
"A"3;
"B"65;
%"C"
"1","(-8150,4900)","0","capcitor","I9";
;
VALUE"0.1U"
CODE"08070262"
CDS_LIB"capcitor"
$LOCATION"?"
CDS_LMAN_SYM_OUTLINE"-50,0,50,-50";
"1"32;
"2"13;
%"R"
"1","(-2000,5200)","1","resistor","I90";
;
VALUE"15K"
CODE"97090129"
CDS_LIB"resistor"
$LOCATION"?"
CDS_LMAN_SYM_OUTLINE"-100,25,100,-25";
"A"3;
"B"67;
%"R"
"1","(-1950,5200)","1","resistor","I91";
;
VALUE"15K"
CODE"97090129"
CDS_LIB"resistor"
$LOCATION"?"
CDS_LMAN_SYM_OUTLINE"-100,25,100,-25";
"A"3;
"B"66;
%"GND_SIGNAL"
"1","(-2050,4800)","0","standard","I92";
;
HDL_POWER"GND_SIGNAL"
BODY_TYPE"PLUMBING"
CDS_LIB"standard";
"GND"3;
%"USB_DUL"
"1","(-1100,3200)","0","connector","I93";
;
VALUE"USB_DUL"
CDS_LIB"connector"
NEEDS_NO_SIZE"TRUE";
"VBUS <0>"61;
"GND <0>"2;
"D+ <0>"59;
"D- <0>"60;
"D+ <1>"56;
"D- <1>"57;
"VBUS <1>"58;
"GND <1>"1;
%"C"
"1","(-1500,1850)","0","capcitor","I94";
;
VALUE"0.1U"
CODE"08070262"
CDS_LIB"capcitor"
$LOCATION"?"
CDS_LMAN_SYM_OUTLINE"-50,0,50,-50";
"1"33;
"2"19;
%"GND_SIGNAL"
"1","(-1600,3250)","7","standard","I95";
;
BODY_TYPE"PLUMBING"
HDL_POWER"GND_SIGNAL"
CDS_LIB"standard";
"GND"2;
%"GND_SIGNAL"
"1","(-1600,2950)","7","standard","I96";
;
BODY_TYPE"PLUMBING"
HDL_POWER"GND_SIGNAL"
CDS_LIB"standard";
"GND"1;
%"R"
"1","(-1750,2750)","1","resistor","I97";
;
VALUE"15K"
CODE"97090129"
CDS_LIB"resistor"
$LOCATION"?"
CDS_LMAN_SYM_OUTLINE"-100,25,100,-25";
"A"20;
"B"56;
%"R"
"1","(-1800,2750)","1","resistor","I98";
;
VALUE"15K"
CODE"97090129"
CDS_LIB"resistor"
$LOCATION"?"
CDS_LMAN_SYM_OUTLINE"-100,25,100,-25";
"A"20;
"B"57;
%"R"
"1","(-1950,2750)","1","resistor","I99";
;
VALUE"15K"
CODE"97090129"
CDS_LIB"resistor"
$LOCATION"?"
CDS_LMAN_SYM_OUTLINE"-100,25,100,-25";
"A"20;
"B"59;
END.
