FILE_TYPE = CONNECTIVITY;
{Allegro Design Entry HDL 16.6-p007 (v16-6-112F) 10/10/2012}
"PAGE_NUMBER" = 96;
0"NC";
1"Z7_PL_DDR_VREF";
2"GND_SIGNAL\g";
3"V_Z7_PS_1V35_DDR";
4"GND_SIGNAL\g";
5"Z7_PS_DDR_VRP";
6"V_Z7_PS_1V35_DDR";
7"Z7_PS_DDR_VRN";
8"GND_SIGNAL\g";
9"V_Z7_PS_1V8_VCCPLL";
10"Z7_PS_DDR_VREF";
11"Z7_PS_DDR_VREF";
12"Z7_PS_DDR_DQ31";
13"V_Z7_1V8_VCCPAUX";
14"Z7_PS_DDR_DQS3_N";
15"Z7_PS_DDR_DQ28";
16"V_Z7_PS_1V8_VCCPLL";
17"Z7_PS_DDR_DQ30";
18"Z7_PS_DDR_DQ29";
19"Z7_PS_DDR_A0";
20"Z7_PS_DDR_DQS3_P";
21"Z7_PS_DDR_DM3";
22"Z7_PS_DDR_DQ27";
23"Z7_PS_DDR_DQ26";
24"Z7_PS_DDR_DQ25";
25"Z7_PS_DDR_DQ24";
26"Z7_PS_DDR_DQ23";
27"Z7_PS_DDR_DQ22";
28"Z7_PS_DDR_DQ21";
29"Z7_PS_DDR_DQ20";
30"Z7_PS_DDR_DQS2_N";
31"Z7_PS_DDR_DQS2_P";
32"Z7_PS_DDR_DM2";
33"Z7_PS_DDR_DQ19";
34"Z7_PS_DDR_DQ18";
35"Z7_PS_DDR_DQ17";
36"Z7_PS_DDR_DQ16";
37"Z7_PS_DDR_RAS_N";
38"Z7_PS_DDR_CAS_N";
39"Z7_PS_DDR_WE_N";
40"Z7_PS_DDR_CKE";
41"Z7_PS_DDR_CS_N";
42"Z7_PS_DDR_ODT";
43"Z7_PS_DDR_BA0";
44"Z7_PS_DDR_BA1";
45"Z7_PS_DDR_BA2";
46"Z7_PS_DDR_A1";
47"Z7_PS_DDR_CLK_N";
48"Z7_PS_DDR_A2";
49"Z7_PS_DDR_RESET_N";
50"Z7_PS_DDR_DQ0";
51"Z7_PS_DDR_DQ1";
52"Z7_PS_DDR_DQ2";
53"Z7_PS_DDR_DQ3";
54"Z7_PS_DDR_DM0";
55"Z7_PS_DDR_DQS0_P";
56"Z7_PS_DDR_DQS0_N";
57"Z7_PS_DDR_DQ4";
58"Z7_PS_DDR_DQ5";
59"Z7_PS_DDR_DQ6";
60"Z7_PS_DDR_DQ7";
61"Z7_PS_DDR_DQ8";
62"Z7_PS_DDR_DQ9";
63"Z7_PS_DDR_DQ10";
64"Z7_PS_DDR_DQ11";
65"Z7_PS_DDR_DM1";
66"Z7_PS_DDR_DQS1_P";
67"Z7_PS_DDR_DQS1_N";
68"Z7_PS_DDR_DQ12";
69"Z7_PS_DDR_DQ13";
70"Z7_PS_DDR_DQ14";
71"Z7_PS_DDR_DQ15";
72"Z7_PS_DDR_A14";
73"Z7_PS_DDR_A13";
74"Z7_PS_DDR_A12";
75"Z7_PS_DDR_A11";
76"Z7_PS_DDR_A10";
77"Z7_PS_DDR_A9";
78"Z7_PS_DDR_A8";
79"Z7_PS_DDR_A7";
80"Z7_PS_DDR_A6";
81"Z7_PS_DDR_A5";
82"Z7_PS_DDR_A4";
83"Z7_PS_DDR_A3";
84"Z7_PS_DDR_VRN";
85"Z7_PS_DDR_VRP";
86"Z7_PS_DDR_CLK_P";
%"C"
"1","(-3250,1650)","0","capcitor","I10";
;
VALUE"0.01U"
CODE"08070247"
CDS_LIB"capcitor"
$LOCATION"?"
CDS_LMAN_SYM_OUTLINE"-50,0,50,-50";
"1"1;
"2"2;
%"C"
"1","(-3250,2250)","0","capcitor","I11";
;
VALUE"0.01U"
CODE"08070247"
CDS_LIB"capcitor"
$LOCATION"?"
CDS_LMAN_SYM_OUTLINE"-50,0,50,-50";
"1"3;
"2"1;
%"GND_SIGNAL"
"1","(-3050,1200)","0","standard","I12";
;
CDS_LIB"standard"
BODY_TYPE"PLUMBING"
HDL_POWER"GND_SIGNAL";
"GND"2;
%"R"
"1","(-3000,1600)","1","resistor","I13";
;
VALUE"10K-1%"
CODE"97090157"
CDS_LIB"resistor"
$LOCATION"?"
CDS_LMAN_SYM_OUTLINE"-100,25,100,-25";
"A"2;
"B"1;
%"R"
"1","(-3000,2200)","1","resistor","I14";
;
VALUE"10K-1%"
CODE"97090157"
CDS_LIB"resistor"
$LOCATION"?"
CDS_LMAN_SYM_OUTLINE"-100,25,100,-25";
"A"1;
"B"3;
%"XC7Z015_1CLG485C"
"7","(-5850,4500)","0","ic","I15";
;
CDS_LMAN_SYM_OUTLINE"-125,1900,1150,-100"
CDS_LIB"ic"
VALUE"XC7Z015_1CLG485C";
"P16"10;
"H16"11;
"G13"16;
"Y22"12;
"V20"17;
"W20"18;
"W22"15;
"W21"14;
"V21"20;
"AA21"21;
"U21"22;
"AA22"23;
"U22"24;
"Y20"25;
"R22"26;
"M21"27;
"T21"28;
"R20"29;
"P21"30;
"N21"31;
"P22"32;
"T22"33;
"N20"34;
"T20"35;
"M22"36;
"R18"37;
"P20"38;
"R19"39;
"T19"40;
"P17"41;
"P18"42;
"L16"43;
"L17"44;
"M17"45;
"M19"19;
"M18"46;
"K19"48;
"N18"47;
"N19"86;
"N16"85;
"M16"84;
"L19"83;
"K17"82;
"K18"81;
"J16"80;
"J17"79;
"J18"78;
"H18"77;
"J20"76;
"G18"75;
"H19"74;
"F19"73;
"G19"72;
"K20"71;
"J22"70;
"K22"69;
"L20"68;
"J21"67;
"H21"66;
"H20"65;
"L21"64;
"L22"63;
"G22"62;
"G21"61;
"F22"60;
"F21"59;
"E22"58;
"E20"57;
"D21"56;
"C21"55;
"B22"54;
"D20"53;
"B21"52;
"C20"51;
"D22"50;
"F20"49;
%"LB"
"1","(-5350,3900)","0","inductor","I2";
;
VALUE"120OHM"
CODE"90070011"
CDS_LIB"inductor"
$LOCATION"?"
CDS_LMAN_SYM_OUTLINE"-125,50,125,0";
"B"9;
"A"13;
%"C"
"1","(-4950,3700)","0","capcitor","I3";
;
VALUE"10UF"
CODE"08070898"
CDS_LIB"capcitor"
$LOCATION"?"
CDS_LMAN_SYM_OUTLINE"-50,0,50,-50";
"1"9;
"2"8;
%"C"
"1","(-4700,3700)","0","capcitor","I4";
;
VALUE"470NF"
CODE"08070401"
CDS_LIB"capcitor"
$LOCATION"?"
CDS_LMAN_SYM_OUTLINE"-50,0,50,-50";
"1"9;
"2"8;
%"GND_SIGNAL"
"1","(-5000,3300)","0","standard","I5";
;
HDL_POWER"GND_SIGNAL"
BODY_TYPE"PLUMBING"
CDS_LIB"standard";
"GND"8;
%"R"
"1","(-6400,2450)","0","resistor","I6";
;
VALUE"80-1%"
CODE""
CDS_LIB"resistor"
$LOCATION"?"
CDS_LMAN_SYM_OUTLINE"-100,25,100,-25";
"A"7;
"B"6;
%"R"
"1","(-6400,2300)","0","resistor","I7";
;
VALUE"80-1%"
CODE""
CDS_LIB"resistor"
$LOCATION"?"
CDS_LMAN_SYM_OUTLINE"-100,25,100,-25";
"A"5;
"B"4;
%"GND_SIGNAL"
"1","(-5800,2250)","1","standard","I8";
;
CDS_LIB"standard"
HDL_POWER"GND_SIGNAL"
BODY_TYPE"PLUMBING";
"GND"4;
%"C"
"1","(-3450,1650)","2","capcitor","I9";
;
VALUE"1U"
CODE"98070403"
CDS_LIB"capcitor"
$LOCATION"?"
CDS_LMAN_SYM_OUTLINE"-50,0,50,-50";
"1"1;
"2"2;
END.
