<?xml version="1.0" encoding="UTF-8"?>
<!--
 This error report was automatically generated
 by  on Tuesday, March 27, 2018 5:10:24 PM
-->
<report version="1">
  <platform>Win32</platform>
  <application>Concepthdl.exe</application>
  <version></version>
  <computer>HKGY170163</computer>
  <user>cpp8013</user>
  <timestamp>2130775328</timestamp>
  <error>
    <what>UNKNOWN_ERROR</what>
    <process>
      <name>conceptHDL.exe</name>
      <id>19296</id>
    </process>
    <module>C:\Windows\SysWOW64\ntdll.dll</module>
    <address>0023:777E4383</address>
    <function>
      <name>RtlUlonglongByteSwap</name>
      <offset>30323</offset>
    </function>
    <file></file>
    <line>
      <number></number>
      <offset></offset>
    </line>
  </error>
  <usermsg>Crash</usermsg>
  <syserror>
    <code></code>
    <description></description>
  </syserror>
  <registers>
    <eax>0x0295FB80</eax>
    <ebx>0x0295FC00</ebx>
    <ecx>0x00000000</ecx>
    <edx>0xC015000F</edx>
    <esi>0x02BE4E90</esi>
    <edi>0x02B507D0</edi>
    <esp>0x0295FB74</esp>
    <ebp>0x0295FBDC</ebp>
    <eip>0x777E4383</eip>
    <cs>0x0023</cs>
    <ds>0x002B</ds>
    <ss>0x002B</ss>
    <es>0x002B</es>
    <fs>0x0053</fs>
    <gs>0x002B</gs>
    <eflags>0x00000202</eflags>
  </registers>
  <cpus>
    <number>8</number>
    <architecture>Intel</architecture>
    <cpu>
      <id>Intel64 Family 6 Model 94 Stepping 3</id>
      <speed>3408</speed>
      <description>Intel(R) Core(TM) i7-6700 CPU @ 3.40GHz</description>
    </cpu>
    <cpu>
      <id>Intel64 Family 6 Model 94 Stepping 3</id>
      <speed>3408</speed>
      <description>Intel(R) Core(TM) i7-6700 CPU @ 3.40GHz</description>
    </cpu>
    <cpu>
      <id>Intel64 Family 6 Model 94 Stepping 3</id>
      <speed>3408</speed>
      <description>Intel(R) Core(TM) i7-6700 CPU @ 3.40GHz</description>
    </cpu>
    <cpu>
      <id>Intel64 Family 6 Model 94 Stepping 3</id>
      <speed>3408</speed>
      <description>Intel(R) Core(TM) i7-6700 CPU @ 3.40GHz</description>
    </cpu>
    <cpu>
      <id>Intel64 Family 6 Model 94 Stepping 3</id>
      <speed>3408</speed>
      <description>Intel(R) Core(TM) i7-6700 CPU @ 3.40GHz</description>
    </cpu>
    <cpu>
      <id>Intel64 Family 6 Model 94 Stepping 3</id>
      <speed>3408</speed>
      <description>Intel(R) Core(TM) i7-6700 CPU @ 3.40GHz</description>
    </cpu>
    <cpu>
      <id>Intel64 Family 6 Model 94 Stepping 3</id>
      <speed>3408</speed>
      <description>Intel(R) Core(TM) i7-6700 CPU @ 3.40GHz</description>
    </cpu>
    <cpu>
      <id>Intel64 Family 6 Model 94 Stepping 3</id>
      <speed>3408</speed>
      <description>Intel(R) Core(TM) i7-6700 CPU @ 3.40GHz</description>
    </cpu>
  </cpus>
  <os>
    <version>Unknown</version>
    <spack>Service Pack 1</spack>
    <build>7601</build>
  </os>
  <memory>
    <load>56</load>
    <totalphys>4294967295</totalphys>
    <availphys>3708379136</availphys>
    <totalpage>4294967295</totalpage>
    <availpage>4294967295</availpage>
  </memory>
  <threads>
    <thread>
      <id>19412</id>
      <status>interrupted</status>
      <stack>
        <frame>
          <module>C:\Windows\SysWOW64\ntdll.dll</module>
          <address>0023:777E4383</address>
          <function>
            <name>RtlUlonglongByteSwap</name>
            <offset>30323</offset>
          </function>
          <file></file>
          <line>
            <number></number>
            <offset></offset>
          </line>
        </frame>
        <frame>
          <module>C:\Windows\syswow64\USER32.dll</module>
          <address>0023:754D6D91</address>
          <function>
            <name>GetThreadDesktop</name>
            <offset>302</offset>
          </function>
          <file></file>
          <line>
            <number></number>
            <offset></offset>
          </line>
        </frame>
        <frame>
          <module>C:\Windows\syswow64\USER32.dll</module>
          <address>0023:754E0D3F</address>
          <function>
            <name>GetClientRect</name>
            <offset>197</offset>
          </function>
          <file></file>
          <line>
            <number></number>
            <offset></offset>
          </line>
        </frame>
        <frame>
          <module>C:\Windows\syswow64\USER32.dll</module>
          <address>0023:754E853A</address>
          <function>
            <name>CallWindowProcA</name>
            <offset>27</offset>
          </function>
          <file></file>
          <line>
            <number></number>
            <offset></offset>
          </line>
        </frame>
        <frame>
          <module>C:\Windows\WinSxS\x86_microsoft.vc80.mfc_1fc8b3b9a1e18e3b_8.0.50727.6195_none_cbf5e994470a1a8f\MFC80.DLL</module>
          <address>0023:61712021</address>
          <function>
            <name></name>
            <offset></offset>
          </function>
          <file></file>
          <line>
            <number></number>
            <offset></offset>
          </line>
        </frame>
        <frame>
          <module>C:\Windows\WinSxS\x86_microsoft.vc80.mfc_1fc8b3b9a1e18e3b_8.0.50727.6195_none_cbf5e994470a1a8f\MFC80.DLL</module>
          <address>0023:61712876</address>
          <function>
            <name></name>
            <offset></offset>
          </function>
          <file></file>
          <line>
            <number></number>
            <offset></offset>
          </line>
        </frame>
        <frame>
          <module>C:\Windows\WinSxS\x86_microsoft.vc80.mfc_1fc8b3b9a1e18e3b_8.0.50727.6195_none_cbf5e994470a1a8f\MFC80.DLL</module>
          <address>0023:617115F5</address>
          <function>
            <name></name>
            <offset></offset>
          </function>
          <file></file>
          <line>
            <number></number>
            <offset></offset>
          </line>
        </frame>
        <frame>
          <module>C:\Windows\WinSxS\x86_microsoft.vc80.mfc_1fc8b3b9a1e18e3b_8.0.50727.6195_none_cbf5e994470a1a8f\MFC80.DLL</module>
          <address>0023:6171180B</address>
          <function>
            <name></name>
            <offset></offset>
          </function>
          <file></file>
          <line>
            <number></number>
            <offset></offset>
          </line>
        </frame>
        <frame>
          <module>C:\Cadence\SPB_16.6\tools\fet\bin\CompBrowser.dll</module>
          <address>0023:0C737E7F</address>
          <function>
            <name>Cache::operator=</name>
            <offset>157375</offset>
          </function>
          <file></file>
          <line>
            <number></number>
            <offset></offset>
          </line>
        </frame>
        <frame>
          <module>C:\Windows\syswow64\USER32.dll</module>
          <address>0023:754D62FA</address>
          <function>
            <name>gapfnScSendMessage</name>
            <offset>818</offset>
          </function>
          <file></file>
          <line>
            <number></number>
            <offset></offset>
          </line>
        </frame>
        <frame>
          <module>C:\Windows\syswow64\USER32.dll</module>
          <address>0023:754D6D3A</address>
          <function>
            <name>GetThreadDesktop</name>
            <offset>215</offset>
          </function>
          <file></file>
          <line>
            <number></number>
            <offset></offset>
          </line>
        </frame>
        <frame>
          <module>C:\Windows\syswow64\USER32.dll</module>
          <address>0023:754D77C4</address>
          <function>
            <name>CharPrevW</name>
            <offset>312</offset>
          </function>
          <file></file>
          <line>
            <number></number>
            <offset></offset>
          </line>
        </frame>
        <frame>
          <module>C:\Windows\syswow64\USER32.dll</module>
          <address>0023:754D7BCA</address>
          <function>
            <name>DispatchMessageA</name>
            <offset>15</offset>
          </function>
          <file></file>
          <line>
            <number></number>
            <offset></offset>
          </line>
        </frame>
      </stack>
    </thread>
    <thread>
      <id>18424</id>
      <status>running</status>
      <stack>
        <frame>
          <module>C:\Windows\SysWOW64\ntdll.dll</module>
          <address>0023:7777F8E1</address>
          <function>
            <name>NtWaitForSingleObject</name>
            <offset>21</offset>
          </function>
          <file></file>
          <line>
            <number></number>
            <offset></offset>
          </line>
        </frame>
        <frame>
          <module>C:\Windows\syswow64\kernel32.dll</module>
          <address>0023:75301194</address>
          <function>
            <name>WaitForSingleObjectEx</name>
            <offset>67</offset>
          </function>
          <file></file>
          <line>
            <number></number>
            <offset></offset>
          </line>
        </frame>
        <frame>
          <module>C:\Windows\syswow64\kernel32.dll</module>
          <address>0023:75301148</address>
          <function>
            <name>WaitForSingleObject</name>
            <offset>18</offset>
          </function>
          <file></file>
          <line>
            <number></number>
            <offset></offset>
          </line>
        </frame>
        <frame>
          <module>C:\Cadence\SPB_16.6\tools\bin\CrashReportDll.dll</module>
          <address>0023:0EA917C1</address>
          <function>
            <name>Crash_Dump_PostErrHandler</name>
            <offset>257</offset>
          </function>
          <file></file>
          <line>
            <number></number>
            <offset></offset>
          </line>
        </frame>
        <frame>
          <module>C:\Cadence\SPB_16.6\tools\bin\CrashReportDll.dll</module>
          <address>0023:0EA91A3B</address>
          <function>
            <name>BT_SehFilter</name>
            <offset>11</offset>
          </function>
          <file></file>
          <line>
            <number></number>
            <offset></offset>
          </line>
        </frame>
        <frame>
          <module>C:\Windows\SysWOW64\ntdll.dll</module>
          <address>0023:777D5B57</address>
          <function>
            <name>RtlKnownExceptionFilter</name>
            <offset>183</offset>
          </function>
          <file></file>
          <line>
            <number></number>
            <offset></offset>
          </line>
        </frame>
        <frame>
          <module>C:\Windows\SysWOW64\ntdll.dll</module>
          <address>0023:777998C5</address>
          <function>
            <name>RtlInitializeExceptionChain</name>
            <offset>54</offset>
          </function>
          <file></file>
          <line>
            <number></number>
            <offset></offset>
          </line>
        </frame>
      </stack>
    </thread>
    <thread>
      <id>17028</id>
      <status>running</status>
      <stack>
        <frame>
          <module>C:\Windows\SysWOW64\ntdll.dll</module>
          <address>0023:7777F8E1</address>
          <function>
            <name>NtWaitForSingleObject</name>
            <offset>21</offset>
          </function>
          <file></file>
          <line>
            <number></number>
            <offset></offset>
          </line>
        </frame>
        <frame>
          <module>C:\Windows\syswow64\kernel32.dll</module>
          <address>0023:75301194</address>
          <function>
            <name>WaitForSingleObjectEx</name>
            <offset>67</offset>
          </function>
          <file></file>
          <line>
            <number></number>
            <offset></offset>
          </line>
        </frame>
        <frame>
          <module>C:\Windows\syswow64\kernel32.dll</module>
          <address>0023:75301148</address>
          <function>
            <name>WaitForSingleObject</name>
            <offset>18</offset>
          </function>
          <file></file>
          <line>
            <number></number>
            <offset></offset>
          </line>
        </frame>
        <frame>
          <module>C:\Windows\SysWOW64\tmumh\20019\TmMon\1.6.0.1163\tmmon.dll</module>
          <address>0023:739CC4FA</address>
          <function>
            <name></name>
            <offset></offset>
          </function>
          <file></file>
          <line>
            <number></number>
            <offset></offset>
          </line>
        </frame>
        <frame>
          <module>C:\Windows\SysWOW64\tmumh\20019\TmMon\1.6.0.1163\tmmon.dll</module>
          <address>0023:73A26101</address>
          <function>
            <name>StartHook</name>
            <offset>350065</offset>
          </function>
          <file></file>
          <line>
            <number></number>
            <offset></offset>
          </line>
        </frame>
        <frame>
          <module>C:\Windows\SysWOW64\tmumh\20019\TmMon\1.6.0.1163\tmmon.dll</module>
          <address>0023:73A26229</address>
          <function>
            <name>StartHook</name>
            <offset>350361</offset>
          </function>
          <file></file>
          <line>
            <number></number>
            <offset></offset>
          </line>
        </frame>
        <frame>
          <module>C:\Windows\syswow64\kernel32.dll</module>
          <address>0023:7530336A</address>
          <function>
            <name>BaseThreadInitThunk</name>
            <offset>18</offset>
          </function>
          <file></file>
          <line>
            <number></number>
            <offset></offset>
          </line>
        </frame>
        <frame>
          <module>C:\Windows\SysWOW64\ntdll.dll</module>
          <address>0023:777998F2</address>
          <function>
            <name>RtlInitializeExceptionChain</name>
            <offset>99</offset>
          </function>
          <file></file>
          <line>
            <number></number>
            <offset></offset>
          </line>
        </frame>
        <frame>
          <module>C:\Windows\SysWOW64\ntdll.dll</module>
          <address>0023:777998C5</address>
          <function>
            <name>RtlInitializeExceptionChain</name>
            <offset>54</offset>
          </function>
          <file></file>
          <line>
            <number></number>
            <offset></offset>
          </line>
        </frame>
      </stack>
    </thread>
    <thread>
      <id>17632</id>
      <status>running</status>
      <stack>
        <frame>
          <module>C:\Windows\SysWOW64\ntdll.dll</module>
          <address>0023:7778016D</address>
          <function>
            <name>NtWaitForMultipleObjects</name>
            <offset>21</offset>
          </function>
          <file></file>
          <line>
            <number></number>
            <offset></offset>
          </line>
        </frame>
        <frame>
          <module>C:\Windows\syswow64\kernel32.dll</module>
          <address>0023:753019FC</address>
          <function>
            <name>WaitForMultipleObjectsEx</name>
            <offset>142</offset>
          </function>
          <file></file>
          <line>
            <number></number>
            <offset></offset>
          </line>
        </frame>
        <frame>
          <module>C:\Windows\syswow64\kernel32.dll</module>
          <address>0023:753041D8</address>
          <function>
            <name>WaitForMultipleObjects</name>
            <offset>24</offset>
          </function>
          <file></file>
          <line>
            <number></number>
            <offset></offset>
          </line>
        </frame>
        <frame>
          <module>C:\Windows\SysWOW64\tmumh\20019\AddOn\6.80.0.1007\TmUmEvt.dll</module>
          <address>0023:73AF7041</address>
          <function>
            <name>TmmonDestoryAddonObject</name>
            <offset>8129</offset>
          </function>
          <file></file>
          <line>
            <number></number>
            <offset></offset>
          </line>
        </frame>
        <frame>
          <module>C:\Windows\syswow64\kernel32.dll</module>
          <address>0023:7530336A</address>
          <function>
            <name>BaseThreadInitThunk</name>
            <offset>18</offset>
          </function>
          <file></file>
          <line>
            <number></number>
            <offset></offset>
          </line>
        </frame>
        <frame>
          <module>C:\Windows\SysWOW64\ntdll.dll</module>
          <address>0023:777998F2</address>
          <function>
            <name>RtlInitializeExceptionChain</name>
            <offset>99</offset>
          </function>
          <file></file>
          <line>
            <number></number>
            <offset></offset>
          </line>
        </frame>
        <frame>
          <module>C:\Windows\SysWOW64\ntdll.dll</module>
          <address>0023:777998C5</address>
          <function>
            <name>RtlInitializeExceptionChain</name>
            <offset>54</offset>
          </function>
          <file></file>
          <line>
            <number></number>
            <offset></offset>
          </line>
        </frame>
      </stack>
    </thread>
    <thread>
      <id>15496</id>
      <status>running</status>
      <stack>
        <frame>
          <module>C:\Windows\SysWOW64\ntdll.dll</module>
          <address>0023:7778016D</address>
          <function>
            <name>NtWaitForMultipleObjects</name>
            <offset>21</offset>
          </function>
          <file></file>
          <line>
            <number></number>
            <offset></offset>
          </line>
        </frame>
        <frame>
          <module>C:\Windows\syswow64\kernel32.dll</module>
          <address>0023:7530336A</address>
          <function>
            <name>BaseThreadInitThunk</name>
            <offset>18</offset>
          </function>
          <file></file>
          <line>
            <number></number>
            <offset></offset>
          </line>
        </frame>
        <frame>
          <module>C:\Windows\SysWOW64\ntdll.dll</module>
          <address>0023:777998F2</address>
          <function>
            <name>RtlInitializeExceptionChain</name>
            <offset>99</offset>
          </function>
          <file></file>
          <line>
            <number></number>
            <offset></offset>
          </line>
        </frame>
        <frame>
          <module>C:\Windows\SysWOW64\ntdll.dll</module>
          <address>0023:777998C5</address>
          <function>
            <name>RtlInitializeExceptionChain</name>
            <offset>54</offset>
          </function>
          <file></file>
          <line>
            <number></number>
            <offset></offset>
          </line>
        </frame>
      </stack>
    </thread>
    <thread>
      <id>18804</id>
      <status>running</status>
      <stack>
        <frame>
          <module>C:\Windows\SysWOW64\ntdll.dll</module>
          <address>0023:7777F969</address>
          <function>
            <name>ZwRemoveIoCompletion</name>
            <offset>21</offset>
          </function>
          <file></file>
          <line>
            <number></number>
            <offset></offset>
          </line>
        </frame>
        <frame>
          <module>C:\Windows\syswow64\kernel32.dll</module>
          <address>0023:7530336A</address>
          <function>
            <name>BaseThreadInitThunk</name>
            <offset>18</offset>
          </function>
          <file></file>
          <line>
            <number></number>
            <offset></offset>
          </line>
        </frame>
        <frame>
          <module>C:\Windows\SysWOW64\ntdll.dll</module>
          <address>0023:777998F2</address>
          <function>
            <name>RtlInitializeExceptionChain</name>
            <offset>99</offset>
          </function>
          <file></file>
          <line>
            <number></number>
            <offset></offset>
          </line>
        </frame>
        <frame>
          <module>C:\Windows\SysWOW64\ntdll.dll</module>
          <address>0023:777998C5</address>
          <function>
            <name>RtlInitializeExceptionChain</name>
            <offset>54</offset>
          </function>
          <file></file>
          <line>
            <number></number>
            <offset></offset>
          </line>
        </frame>
      </stack>
    </thread>
    <thread>
      <id>18208</id>
      <status>running</status>
      <stack>
        <frame>
          <module>C:\Windows\SysWOW64\ntdll.dll</module>
          <address>0023:77781F56</address>
          <function>
            <name>NtWaitForWorkViaWorkerFactory</name>
            <offset>18</offset>
          </function>
          <file></file>
          <line>
            <number></number>
            <offset></offset>
          </line>
        </frame>
        <frame>
          <module>C:\Windows\syswow64\kernel32.dll</module>
          <address>0023:7530336A</address>
          <function>
            <name>BaseThreadInitThunk</name>
            <offset>18</offset>
          </function>
          <file></file>
          <line>
            <number></number>
            <offset></offset>
          </line>
        </frame>
        <frame>
          <module>C:\Windows\SysWOW64\ntdll.dll</module>
          <address>0023:777998F2</address>
          <function>
            <name>RtlInitializeExceptionChain</name>
            <offset>99</offset>
          </function>
          <file></file>
          <line>
            <number></number>
            <offset></offset>
          </line>
        </frame>
        <frame>
          <module>C:\Windows\SysWOW64\ntdll.dll</module>
          <address>0023:777998C5</address>
          <function>
            <name>RtlInitializeExceptionChain</name>
            <offset>54</offset>
          </function>
          <file></file>
          <line>
            <number></number>
            <offset></offset>
          </line>
        </frame>
      </stack>
    </thread>
    <thread>
      <id>17480</id>
      <status>running</status>
      <stack>
        <frame>
          <module>C:\Windows\SysWOW64\ntdll.dll</module>
          <address>0023:7777F8E1</address>
          <function>
            <name>NtWaitForSingleObject</name>
            <offset>21</offset>
          </function>
          <file></file>
          <line>
            <number></number>
            <offset></offset>
          </line>
        </frame>
        <frame>
          <module>C:\Windows\syswow64\kernel32.dll</module>
          <address>0023:75301194</address>
          <function>
            <name>WaitForSingleObjectEx</name>
            <offset>67</offset>
          </function>
          <file></file>
          <line>
            <number></number>
            <offset></offset>
          </line>
        </frame>
        <frame>
          <module>C:\Windows\syswow64\kernel32.dll</module>
          <address>0023:75301148</address>
          <function>
            <name>WaitForSingleObject</name>
            <offset>18</offset>
          </function>
          <file></file>
          <line>
            <number></number>
            <offset></offset>
          </line>
        </frame>
        <frame>
          <module>C:\Cadence\SPB_16.6\tools\bin\cmpropertyserver.dll</module>
          <address>0023:105B871D</address>
          <function>
            <name>IECSetProcessor::createECSet</name>
            <offset>5867565</offset>
          </function>
          <file></file>
          <line>
            <number></number>
            <offset></offset>
          </line>
        </frame>
        <frame>
          <module>C:\Windows\syswow64\kernel32.dll</module>
          <address>0023:7530336A</address>
          <function>
            <name>BaseThreadInitThunk</name>
            <offset>18</offset>
          </function>
          <file></file>
          <line>
            <number></number>
            <offset></offset>
          </line>
        </frame>
        <frame>
          <module>C:\Windows\SysWOW64\ntdll.dll</module>
          <address>0023:777998F2</address>
          <function>
            <name>RtlInitializeExceptionChain</name>
            <offset>99</offset>
          </function>
          <file></file>
          <line>
            <number></number>
            <offset></offset>
          </line>
        </frame>
        <frame>
          <module>C:\Windows\SysWOW64\ntdll.dll</module>
          <address>0023:777998C5</address>
          <function>
            <name>RtlInitializeExceptionChain</name>
            <offset>54</offset>
          </function>
          <file></file>
          <line>
            <number></number>
            <offset></offset>
          </line>
        </frame>
      </stack>
    </thread>
    <thread>
      <id>17036</id>
      <status>running</status>
      <stack>
        <frame>
          <module>C:\Windows\SysWOW64\ntdll.dll</module>
          <address>0023:7777F8E1</address>
          <function>
            <name>NtWaitForSingleObject</name>
            <offset>21</offset>
          </function>
          <file></file>
          <line>
            <number></number>
            <offset></offset>
          </line>
        </frame>
        <frame>
          <module>C:\Windows\syswow64\kernel32.dll</module>
          <address>0023:75301194</address>
          <function>
            <name>WaitForSingleObjectEx</name>
            <offset>67</offset>
          </function>
          <file></file>
          <line>
            <number></number>
            <offset></offset>
          </line>
        </frame>
        <frame>
          <module>C:\Windows\syswow64\kernel32.dll</module>
          <address>0023:75301148</address>
          <function>
            <name>WaitForSingleObject</name>
            <offset>18</offset>
          </function>
          <file></file>
          <line>
            <number></number>
            <offset></offset>
          </line>
        </frame>
        <frame>
          <module>C:\Windows\system32\WINSPOOL.DRV</module>
          <address>0023:73444714</address>
          <function>
            <name>StartDocDlgW</name>
            <offset>1448</offset>
          </function>
          <file></file>
          <line>
            <number></number>
            <offset></offset>
          </line>
        </frame>
        <frame>
          <module>C:\Windows\syswow64\kernel32.dll</module>
          <address>0023:7530336A</address>
          <function>
            <name>BaseThreadInitThunk</name>
            <offset>18</offset>
          </function>
          <file></file>
          <line>
            <number></number>
            <offset></offset>
          </line>
        </frame>
        <frame>
          <module>C:\Windows\SysWOW64\ntdll.dll</module>
          <address>0023:777998F2</address>
          <function>
            <name>RtlInitializeExceptionChain</name>
            <offset>99</offset>
          </function>
          <file></file>
          <line>
            <number></number>
            <offset></offset>
          </line>
        </frame>
        <frame>
          <module>C:\Windows\SysWOW64\ntdll.dll</module>
          <address>0023:777998C5</address>
          <function>
            <name>RtlInitializeExceptionChain</name>
            <offset>54</offset>
          </function>
          <file></file>
          <line>
            <number></number>
            <offset></offset>
          </line>
        </frame>
      </stack>
    </thread>
    <thread>
      <id>18544</id>
      <status>running</status>
      <stack>
        <frame>
          <module>C:\Windows\SysWOW64\ntdll.dll</module>
          <address>0023:77781F56</address>
          <function>
            <name>NtWaitForWorkViaWorkerFactory</name>
            <offset>18</offset>
          </function>
          <file></file>
          <line>
            <number></number>
            <offset></offset>
          </line>
        </frame>
        <frame>
          <module>C:\Windows\syswow64\kernel32.dll</module>
          <address>0023:7530336A</address>
          <function>
            <name>BaseThreadInitThunk</name>
            <offset>18</offset>
          </function>
          <file></file>
          <line>
            <number></number>
            <offset></offset>
          </line>
        </frame>
        <frame>
          <module>C:\Windows\SysWOW64\ntdll.dll</module>
          <address>0023:777998F2</address>
          <function>
            <name>RtlInitializeExceptionChain</name>
            <offset>99</offset>
          </function>
          <file></file>
          <line>
            <number></number>
            <offset></offset>
          </line>
        </frame>
        <frame>
          <module>C:\Windows\SysWOW64\ntdll.dll</module>
          <address>0023:777998C5</address>
          <function>
            <name>RtlInitializeExceptionChain</name>
            <offset>54</offset>
          </function>
          <file></file>
          <line>
            <number></number>
            <offset></offset>
          </line>
        </frame>
      </stack>
    </thread>
  </threads>
  <cmdline>conceptHDL.exe -proj "D:\GitHub\KVM\KVM_prototype\schemtic\sch\kvm_prototype.cpm" -product "Concept_HDL_expert" "PSpiceStudio" -mpssession cpp8013_ProjectMgr30929 -mpshost HKGY170163</cmdline>
  <curdir>D:\GitHub\KVM\KVM_prototype\schemtic\sch</curdir>
  <environment>
    <variable>
      <name></name>
      <value>::=::\</value>
    </variable>
    <variable>
      <name></name>
      <value>C:=C:\Cadence\SPB_16.6\share\cdssetup\lman</value>
    </variable>
    <variable>
      <name></name>
      <value>D:=D:\GitHub\KVM\KVM_prototype\schemtic\sch</value>
    </variable>
    <variable>
      <name>ACTEL_FOR_ALTIUM_OVERRIDE</name>
      <value> </value>
    </variable>
    <variable>
      <name>ADE_CS_LOADCON</name>
      <value>FALSE</value>
    </variable>
    <variable>
      <name>ALLUSERSPROFILE</name>
      <value>C:\ProgramData</value>
    </variable>
    <variable>
      <name>ALTERAOCLSDKROOT</name>
      <value>C:\altera\15.0\hld</value>
    </variable>
    <variable>
      <name>ALTERA_FOR_ALTIUM_OVERRIDE</name>
      <value> </value>
    </variable>
    <variable>
      <name>APPDATA</name>
      <value>C:\Users\cpp8013\AppData\Roaming</value>
    </variable>
    <variable>
      <name>CDSROOT</name>
      <value>C:\Cadence\SPB_16.6</value>
    </variable>
    <variable>
      <name>CDS_ARCH</name>
      <value>WIN32</value>
    </variable>
    <variable>
      <name>CDS_CONCEPT_HDL</name>
      <value>on</value>
    </variable>
    <variable>
      <name>CDS_HPF_THIN_WEIGHT</name>
      <value></value>
    </variable>
    <variable>
      <name>CDS_HPF_WIDE_WEIGHT</name>
      <value></value>
    </variable>
    <variable>
      <name>CDS_LIC_FILE</name>
      <value>5280@localhost</value>
    </variable>
    <variable>
      <name>CDS_LIC_ONLY</name>
      <value>1</value>
    </variable>
    <variable>
      <name>CDS_MPS_HOST</name>
      <value>HKGY170163</value>
    </variable>
    <variable>
      <name>CDS_MPS_SESSION</name>
      <value>cpp8013_ProjectMgr30929</value>
    </variable>
    <variable>
      <name>CDS_PSPOCC_MODE</name>
      <value>TRUE</value>
    </variable>
    <variable>
      <name>CDS_SIS_SESSION_ID</name>
      <value>19296</value>
    </variable>
    <variable>
      <name>CHDL_LIB_INST_DIR</name>
      <value>C:\Cadence\SPB_16.6</value>
    </variable>
    <variable>
      <name>CLASSPATH</name>
      <value>C:\Cadence\SPB_16.6\share\java\lman.jar;</value>
    </variable>
    <variable>
      <name>CM_TDD_MERGE</name>
      <value>TRUE</value>
    </variable>
    <variable>
      <name>CommonProgramFiles</name>
      <value>C:\Program Files (x86)\Common Files</value>
    </variable>
    <variable>
      <name>CommonProgramFiles(x86)</name>
      <value>C:\Program Files (x86)\Common Files</value>
    </variable>
    <variable>
      <name>CommonProgramW6432</name>
      <value>C:\Program Files\Common Files</value>
    </variable>
    <variable>
      <name>COMPUTERNAME</name>
      <value>HKGY170163</value>
    </variable>
    <variable>
      <name>ComSpec</name>
      <value>C:\Windows\system32\cmd.exe</value>
    </variable>
    <variable>
      <name>CONCEPT_INST_DIR</name>
      <value>C:\Cadence\SPB_16.6</value>
    </variable>
    <variable>
      <name>FP_NO_HOST_CHECK</name>
      <value>NO</value>
    </variable>
    <variable>
      <name>GNUPLOT_LIB</name>
      <value>C:\Program Files\gnuplot\demo;C:\Program Files\gnuplot\demo\games;C:\Program Files\gnuplot\share</value>
    </variable>
    <variable>
      <name>HOME</name>
      <value>C:\Cadence\SPB_Data</value>
    </variable>
    <variable>
      <name>HOMEDRIVE</name>
      <value>C:</value>
    </variable>
    <variable>
      <name>HOMEPATH</name>
      <value>\Users\cpp8013</value>
    </variable>
    <variable>
      <name>LOCALAPPDATA</name>
      <value>C:\Users\cpp8013\AppData\Local</value>
    </variable>
    <variable>
      <name>LOGONSERVER</name>
      <value>\\YJY-DC</value>
    </variable>
    <variable>
      <name>MGLS_LICENSE_FILE</name>
      <value>C:\modeltech64_10.1c\win64\LICENSE.TXT</value>
    </variable>
    <variable>
      <name>NUMBER_OF_PROCESSORS</name>
      <value>8</value>
    </variable>
    <variable>
      <name>OA_PLUGIN_PATH</name>
      <value>C:\Cadence\SPB_16.6\Share\oaPlugIns</value>
    </variable>
    <variable>
      <name>OS</name>
      <value>Windows_NT</value>
    </variable>
    <variable>
      <name>Path</name>
      <value>C:\Cadence\SPB_16.6/tools/java/bin;C:\Cadence\SPB_16.6/tools/java/bin/client;C:\Cadence\SPB_16.6/tools/jre/bin;C:\Cadence\SPB_16.6/tools/jre/bin/client;C:\Ruby24-x64\bin;C:\Windows\system32;C:\Windows;C:\Windows\System32\Wbem;C:\Windows\System32\WindowsPowerShell\v1.0\;C:\Program Files (x86)\NVIDIA Corporation\PhysX\Common;C:\Cadence\SPB_16.6\openaccess\bin\win32\opt;C:\Cadence\SPB_16.6\tools\capture;C:\Cadence\SPB_16.6\tools\pspice;C:\Cadence\SPB_16.6\tools\specctra\bin;C:\Cadence\SPB_16.6\tools\fet\bin;C:\Cadence\SPB_16.6\tools\libutil\bin;C:\Cadence\SPB_16.6\tools\bin;C:\Cadence\SPB_16.6\tools\pcb\bin;C:\Users\cpp8013\AppData\Local\GitHubDesktop\bin;C:\modeltech64_10.1c\win64;</value>
    </variable>
    <variable>
      <name>PATHEXT</name>
      <value>.COM;.EXE;.BAT;.CMD;.VBS;.VBE;.JS;.JSE;.WSF;.WSH;.MSC;.RB;.RBW</value>
    </variable>
    <variable>
      <name>PROCESSOR_ARCHITECTURE</name>
      <value>x86</value>
    </variable>
    <variable>
      <name>PROCESSOR_ARCHITEW6432</name>
      <value>AMD64</value>
    </variable>
    <variable>
      <name>PROCESSOR_IDENTIFIER</name>
      <value>Intel64 Family 6 Model 94 Stepping 3, GenuineIntel</value>
    </variable>
    <variable>
      <name>PROCESSOR_LEVEL</name>
      <value>6</value>
    </variable>
    <variable>
      <name>PROCESSOR_REVISION</name>
      <value>5e03</value>
    </variable>
    <variable>
      <name>ProgramData</name>
      <value>C:\ProgramData</value>
    </variable>
    <variable>
      <name>ProgramFiles</name>
      <value>C:\Program Files (x86)</value>
    </variable>
    <variable>
      <name>ProgramFiles(x86)</name>
      <value>C:\Program Files (x86)</value>
    </variable>
    <variable>
      <name>ProgramW6432</name>
      <value>C:\Program Files</value>
    </variable>
    <variable>
      <name>PSModulePath</name>
      <value>C:\Windows\system32\WindowsPowerShell\v1.0\Modules\</value>
    </variable>
    <variable>
      <name>PUBLIC</name>
      <value>C:\Users\Public</value>
    </variable>
    <variable>
      <name>QSYS_ROOTDIR</name>
      <value>C:\altera\15.0\quartus\sopc_builder\bin</value>
    </variable>
    <variable>
      <name>QUARTUS_ROOTDIR</name>
      <value>C:\altera\15.0\quartus</value>
    </variable>
    <variable>
      <name>SESSIONNAME</name>
      <value>Console</value>
    </variable>
    <variable>
      <name>SOPC_KIT_NIOS2</name>
      <value>C:\altera\15.0\nios2eds</value>
    </variable>
    <variable>
      <name>SystemDrive</name>
      <value>C:</value>
    </variable>
    <variable>
      <name>SystemRoot</name>
      <value>C:\Windows</value>
    </variable>
    <variable>
      <name>TEMP</name>
      <value>C:\Users\cpp8013\AppData\Local\Temp</value>
    </variable>
    <variable>
      <name>TMP</name>
      <value>C:\Users\cpp8013\AppData\Local\Temp</value>
    </variable>
    <variable>
      <name>USERDNSDOMAIN</name>
      <value>HIKYJY.COM.CN</value>
    </variable>
    <variable>
      <name>USERDOMAIN</name>
      <value>HIKYJY</value>
    </variable>
    <variable>
      <name>USERNAME</name>
      <value>cpp8013</value>
    </variable>
    <variable>
      <name>USERPROFILE</name>
      <value>C:\Users\cpp8013</value>
    </variable>
    <variable>
      <name>VBOX_MSI_INSTALL_PATH</name>
      <value>C:\Program Files\Oracle\VirtualBox\</value>
    </variable>
    <variable>
      <name>windir</name>
      <value>C:\Windows</value>
    </variable>
    <variable>
      <name>windows_tracing_flags</name>
      <value>3</value>
    </variable>
    <variable>
      <name>windows_tracing_logfile</name>
      <value>C:\BVTBin\Tests\installpackage\csilogfile.log</value>
    </variable>
    <variable>
      <name>XML4C2INTLDIR</name>
      <value>C:\Cadence\SPB_16.6//share/cdssetup/lman/intlfiles/locales</value>
    </variable>
  </environment>
</report>